datetime,date,time(MST),DecDay,Day,Precip_mm,Geonor1,Geonor2,Geonor3,TPRECP_Max
2022-10-01 00:30:00,2022-10-01,00:30:00,274.021,274.0,0.0,0.0,0.0,0.0,-56.94
2022-10-01 01:00:00,2022-10-01,01:00:00,274.042,274.0,0.0,0.0,0.0,0.0,-56.93
2022-10-01 01:30:00,2022-10-01,01:30:00,274.062,274.0,0.0,0.0,0.0,0.0,-56.94
2022-10-01 02:00:00,2022-10-01,02:00:00,274.083,274.0,0.0,0.0,0.0,0.0,-56.94
2022-10-01 02:30:00,2022-10-01,02:30:00,274.104,274.0,0.0,0.0,0.0,0.0,-56.93
2022-10-01 03:00:00,2022-10-01,03:00:00,274.125,274.0,0.0,0.0,0.0,0.0,-56.94
2022-10-01 03:30:00,2022-10-01,03:30:00,274.146,274.0,0.0,0.0,0.0,0.0,-56.94
2022-10-01 04:00:00,2022-10-01,04:00:00,274.167,274.0,0.0,0.0,0.0,0.0,-56.94
2022-10-01 04:30:00,2022-10-01,04:30:00,274.188,274.0,0.0,0.0,0.0,0.0,-56.94
2022-10-01 05:00:00,2022-10-01,05:00:00,274.208,274.0,0.0,0.0,0.0,0.0,-56.93
2022-10-01 05:30:00,2022-10-01,05:30:00,274.229,274.0,0.0,0.0,0.0,0.0,-56.94
2022-10-01 06:00:00,2022-10-01,06:00:00,274.25,274.0,0.0,0.0,0.0,0.0,-56.94
2022-10-01 06:30:00,2022-10-01,06:30:00,274.271,274.0,0.0,0.0,0.0,0.0,-56.94
2022-10-01 07:00:00,2022-10-01,07:00:00,274.292,274.0,0.0,0.0,0.0,0.0,-56.94
2022-10-01 07:30:00,2022-10-01,07:30:00,274.312,274.0,0.0,0.0,0.0,0.0,-56.94
2022-10-01 08:00:00,2022-10-01,08:00:00,274.333,274.0,0.0,0.0,0.0,0.0,-56.94
2022-10-01 08:30:00,2022-10-01,08:30:00,274.354,274.0,0.0,0.0,0.0,0.0,-56.94
2022-10-01 09:00:00,2022-10-01,09:00:00,274.375,274.0,0.0,0.0,0.0,0.0,-56.94
2022-10-01 09:30:00,2022-10-01,09:30:00,274.396,274.0,0.0,0.0,0.0,0.0,-56.94
2022-10-01 10:00:00,2022-10-01,10:00:00,274.417,274.0,0.0,0.0,0.0,0.0,-56.94
2022-10-01 10:30:00,2022-10-01,10:30:00,274.438,274.0,0.0,0.0,0.0,0.0,-56.94
2022-10-01 11:00:00,2022-10-01,11:00:00,274.458,274.0,0.0,0.0,0.0,0.0,-56.94
2022-10-01 11:30:00,2022-10-01,11:30:00,274.479,274.0,0.96,0.72,1.06,1.08,-56.94
2022-10-01 12:00:00,2022-10-01,12:00:00,274.5,274.0,0.0,0.0,0.0,0.0,-56.93
2022-10-01 12:30:00,2022-10-01,12:30:00,274.521,274.0,0.0,0.0,0.0,0.0,-56.94
2022-10-01 13:00:00,2022-10-01,13:00:00,274.542,274.0,0.0,0.0,0.0,0.0,-56.94
2022-10-01 13:30:00,2022-10-01,13:30:00,274.562,274.0,0.0,0.0,0.0,0.0,-56.94
2022-10-01 14:00:00,2022-10-01,14:00:00,274.583,274.0,0.0,0.0,0.0,0.0,-56.94
2022-10-01 14:30:00,2022-10-01,14:30:00,274.604,274.0,0.0,0.0,0.0,0.0,-56.94
2022-10-01 15:00:00,2022-10-01,15:00:00,274.625,274.0,0.0,0.0,0.0,0.0,-56.94
2022-10-01 15:30:00,2022-10-01,15:30:00,274.646,274.0,0.0,0.0,0.0,0.0,-56.94
2022-10-01 16:00:00,2022-10-01,16:00:00,274.667,274.0,0.0,0.0,0.0,0.0,-56.94
2022-10-01 16:30:00,2022-10-01,16:30:00,274.688,274.0,0.0,0.0,0.0,0.0,-56.94
2022-10-01 17:00:00,2022-10-01,17:00:00,274.708,274.0,0.0,0.0,0.0,0.0,-56.94
2022-10-01 17:30:00,2022-10-01,17:30:00,274.729,274.0,0.0,0.0,0.0,0.0,-56.94
2022-10-01 18:00:00,2022-10-01,18:00:00,274.75,274.0,0.0,0.0,0.0,0.0,-56.93
2022-10-01 18:30:00,2022-10-01,18:30:00,274.771,274.0,0.0,0.0,0.0,0.0,-56.94
2022-10-01 19:00:00,2022-10-01,19:00:00,274.792,274.0,0.0,0.0,0.0,0.0,-56.94
2022-10-01 19:30:00,2022-10-01,19:30:00,274.812,274.0,0.0,0.0,0.0,0.0,-56.94
2022-10-01 20:00:00,2022-10-01,20:00:00,274.833,274.0,0.0,0.0,0.0,0.0,-56.94
2022-10-01 20:30:00,2022-10-01,20:30:00,274.854,274.0,0.0,0.0,0.0,0.0,-56.94
2022-10-01 21:00:00,2022-10-01,21:00:00,274.875,274.0,0.0,0.0,0.0,0.0,-56.94
2022-10-01 21:30:00,2022-10-01,21:30:00,274.896,274.0,0.0,0.0,0.0,0.0,-56.93
2022-10-01 22:00:00,2022-10-01,22:00:00,274.917,274.0,0.0,0.0,0.0,0.0,-56.94
2022-10-01 22:30:00,2022-10-01,22:30:00,274.938,274.0,0.0,0.0,0.0,0.0,-56.94
2022-10-01 23:00:00,2022-10-01,23:00:00,274.958,274.0,0.0,0.0,0.0,0.0,-56.94
2022-10-01 23:30:00,2022-10-01,23:30:00,274.979,274.0,0.0,0.0,0.0,0.0,-56.94
2022-10-02 00:00:00,2022-10-02,00:00:00,275.0,275.0,0.0,0.0,0.0,0.0,-56.94
2022-10-02 00:30:00,2022-10-02,00:30:00,275.021,275.0,0.0,0.0,0.0,0.0,-56.94
2022-10-02 01:00:00,2022-10-02,01:00:00,275.042,275.0,0.0,0.0,0.0,0.0,-56.94
2022-10-02 01:30:00,2022-10-02,01:30:00,275.062,275.0,0.0,0.0,0.0,0.0,-56.93
2022-10-02 02:00:00,2022-10-02,02:00:00,275.083,275.0,0.0,0.0,0.0,0.0,-56.93
2022-10-02 02:30:00,2022-10-02,02:30:00,275.104,275.0,0.0,0.0,0.0,0.0,-56.94
2022-10-02 03:00:00,2022-10-02,03:00:00,275.125,275.0,3.35,3.38,3.3,3.38,-56.94
2022-10-02 03:30:00,2022-10-02,03:30:00,275.146,275.0,0.56,0.56,0.54,0.56,-56.94
2022-10-02 04:00:00,2022-10-02,04:00:00,275.167,275.0,0.0,0.0,0.0,0.0,-56.94
2022-10-02 04:30:00,2022-10-02,04:30:00,275.188,275.0,0.0,0.0,0.0,0.0,-56.94
2022-10-02 05:00:00,2022-10-02,05:00:00,275.208,275.0,0.0,0.0,0.0,0.0,-56.94
2022-10-02 05:30:00,2022-10-02,05:30:00,275.229,275.0,0.3,0.3,0.3,0.3,-56.94
2022-10-02 06:00:00,2022-10-02,06:00:00,275.25,275.0,0.0,0.0,0.0,0.0,-56.94
2022-10-02 06:30:00,2022-10-02,06:30:00,275.271,275.0,0.0,0.0,0.0,0.0,-56.94
2022-10-02 07:00:00,2022-10-02,07:00:00,275.292,275.0,0.0,0.0,0.0,0.0,-56.93
2022-10-02 07:30:00,2022-10-02,07:30:00,275.312,275.0,0.0,0.0,0.0,0.0,-56.94
2022-10-02 08:00:00,2022-10-02,08:00:00,275.333,275.0,0.0,0.0,0.0,0.0,-56.94
2022-10-02 08:30:00,2022-10-02,08:30:00,275.354,275.0,0.74,0.75,0.72,0.75,-56.93
2022-10-02 09:00:00,2022-10-02,09:00:00,275.375,275.0,0.0,0.0,0.0,0.0,-56.94
2022-10-02 09:30:00,2022-10-02,09:30:00,275.396,275.0,0.0,0.0,0.0,0.0,-56.94
2022-10-02 10:00:00,2022-10-02,10:00:00,275.417,275.0,0.51,0.53,0.47,0.53,-56.94
2022-10-02 10:30:00,2022-10-02,10:30:00,275.438,275.0,0.83,0.84,0.81,0.84,-56.94
2022-10-02 11:00:00,2022-10-02,11:00:00,275.458,275.0,0.43,0.43,0.43,0.43,-56.94
2022-10-02 11:30:00,2022-10-02,11:30:00,275.479,275.0,0.0,0.0,0.0,0.0,-56.94
2022-10-02 12:00:00,2022-10-02,12:00:00,275.5,275.0,0.0,0.0,0.0,0.0,-56.94
2022-10-02 12:30:00,2022-10-02,12:30:00,275.521,275.0,0.0,0.0,0.0,0.0,-56.94
2022-10-02 13:00:00,2022-10-02,13:00:00,275.542,275.0,0.0,0.0,0.0,0.0,-56.94
2022-10-02 13:30:00,2022-10-02,13:30:00,275.562,275.0,0.0,0.0,0.0,0.0,-56.94
2022-10-02 14:00:00,2022-10-02,14:00:00,275.583,275.0,0.0,0.0,0.0,0.0,-56.94
2022-10-02 14:30:00,2022-10-02,14:30:00,275.604,275.0,0.0,0.0,0.0,0.0,-56.94
2022-10-02 15:00:00,2022-10-02,15:00:00,275.625,275.0,0.0,0.0,0.0,0.0,-56.94
2022-10-02 15:30:00,2022-10-02,15:30:00,275.646,275.0,0.0,0.0,0.0,0.0,-56.94
2022-10-02 16:00:00,2022-10-02,16:00:00,275.667,275.0,0.0,0.0,0.0,0.0,-56.94
2022-10-02 16:30:00,2022-10-02,16:30:00,275.688,275.0,0.0,0.0,0.0,0.0,-56.94
2022-10-02 17:00:00,2022-10-02,17:00:00,275.708,275.0,0.0,0.0,0.0,0.0,-56.94
2022-10-02 17:30:00,2022-10-02,17:30:00,275.729,275.0,0.0,0.0,0.0,0.0,-56.94
2022-10-02 18:00:00,2022-10-02,18:00:00,275.75,275.0,0.0,0.0,0.0,0.0,-56.94
2022-10-02 18:30:00,2022-10-02,18:30:00,275.771,275.0,0.0,0.0,0.0,0.0,-56.94
2022-10-02 19:00:00,2022-10-02,19:00:00,275.792,275.0,0.0,0.0,0.0,0.0,-56.94
2022-10-02 19:30:00,2022-10-02,19:30:00,275.812,275.0,0.0,0.0,0.0,0.0,-56.94
2022-10-02 20:00:00,2022-10-02,20:00:00,275.833,275.0,0.0,0.0,0.0,0.0,-56.94
2022-10-02 20:30:00,2022-10-02,20:30:00,275.854,275.0,0.6,0.62,0.58,0.62,-56.94
2022-10-02 21:00:00,2022-10-02,21:00:00,275.875,275.0,1.37,1.41,1.29,1.41,-56.93
2022-10-02 21:30:00,2022-10-02,21:30:00,275.896,275.0,0.57,0.58,0.56,0.58,-56.93
2022-10-02 22:00:00,2022-10-02,22:00:00,275.917,275.0,0.0,0.0,0.0,0.0,-56.93
2022-10-02 22:30:00,2022-10-02,22:30:00,275.938,275.0,0.0,0.0,0.0,0.0,-56.93
2022-10-02 23:00:00,2022-10-02,23:00:00,275.958,275.0,0.0,0.0,0.0,0.0,-56.94
2022-10-02 23:30:00,2022-10-02,23:30:00,275.979,275.0,0.0,0.0,0.0,0.0,-56.94
2022-10-03 00:00:00,2022-10-03,00:00:00,276.0,276.0,0.0,0.0,0.0,0.0,-56.94
2022-10-03 00:30:00,2022-10-03,00:30:00,276.021,276.0,0.0,0.0,0.0,0.0,-56.94
2022-10-03 01:00:00,2022-10-03,01:00:00,276.042,276.0,0.0,0.0,0.0,0.0,-56.94
2022-10-03 01:30:00,2022-10-03,01:30:00,276.062,276.0,0.0,0.0,0.0,0.0,-56.93
2022-10-03 02:00:00,2022-10-03,02:00:00,276.083,276.0,0.0,0.0,0.0,0.0,-56.94
2022-10-03 02:30:00,2022-10-03,02:30:00,276.104,276.0,0.0,0.0,0.0,0.0,-56.94
2022-10-03 03:00:00,2022-10-03,03:00:00,276.125,276.0,0.0,0.0,0.0,0.0,-56.93
2022-10-03 03:30:00,2022-10-03,03:30:00,276.146,276.0,0.0,0.0,0.0,0.0,-56.93
2022-10-03 04:00:00,2022-10-03,04:00:00,276.167,276.0,0.0,0.0,0.0,0.0,-56.94
2022-10-03 04:30:00,2022-10-03,04:30:00,276.188,276.0,0.0,0.0,0.0,0.0,-56.94
2022-10-03 05:00:00,2022-10-03,05:00:00,276.208,276.0,0.0,0.0,0.0,0.0,-56.93
2022-10-03 05:30:00,2022-10-03,05:30:00,276.229,276.0,0.0,0.0,0.0,0.0,-56.94
2022-10-03 06:00:00,2022-10-03,06:00:00,276.25,276.0,0.0,0.0,0.0,0.0,-56.93
2022-10-03 06:30:00,2022-10-03,06:30:00,276.271,276.0,0.0,0.0,0.0,0.0,-56.94
2022-10-03 07:00:00,2022-10-03,07:00:00,276.292,276.0,0.0,0.0,0.0,0.0,-56.94
2022-10-03 07:30:00,2022-10-03,07:30:00,276.312,276.0,0.0,0.0,0.0,0.0,-56.94
2022-10-03 08:00:00,2022-10-03,08:00:00,276.333,276.0,0.0,0.0,0.0,0.0,-56.94
2022-10-03 08:30:00,2022-10-03,08:30:00,276.354,276.0,0.0,0.0,0.0,0.0,-56.94
2022-10-03 09:00:00,2022-10-03,09:00:00,276.375,276.0,0.0,0.0,0.0,0.0,-56.94
2022-10-03 09:30:00,2022-10-03,09:30:00,276.396,276.0,0.0,0.0,0.0,0.0,-56.94
2022-10-03 10:00:00,2022-10-03,10:00:00,276.417,276.0,0.0,0.0,0.0,0.0,-56.94
2022-10-03 10:30:00,2022-10-03,10:30:00,276.438,276.0,0.0,0.0,0.0,0.0,-56.94
2022-10-03 11:00:00,2022-10-03,11:00:00,276.458,276.0,0.0,0.0,0.0,0.0,-56.94
2022-10-03 11:30:00,2022-10-03,11:30:00,276.479,276.0,0.0,0.0,0.0,0.0,-56.94
2022-10-03 12:00:00,2022-10-03,12:00:00,276.5,276.0,0.0,0.0,0.0,0.0,-56.94
2022-10-03 12:30:00,2022-10-03,12:30:00,276.521,276.0,0.0,0.0,0.0,0.0,-56.94
2022-10-03 13:00:00,2022-10-03,13:00:00,276.542,276.0,0.0,0.0,0.0,0.0,-56.94
2022-10-03 13:30:00,2022-10-03,13:30:00,276.562,276.0,0.09,0.0,0.26,0.0,-56.93
2022-10-03 14:00:00,2022-10-03,14:00:00,276.583,276.0,0.07,0.21,0.0,0.0,-56.94
2022-10-03 14:30:00,2022-10-03,14:30:00,276.604,276.0,0.0,0.0,0.0,0.0,-56.94
2022-10-03 15:00:00,2022-10-03,15:00:00,276.625,276.0,0.0,0.0,0.0,0.0,-56.94
2022-10-03 15:30:00,2022-10-03,15:30:00,276.646,276.0,0.0,0.0,0.0,0.0,-56.94
2022-10-03 16:00:00,2022-10-03,16:00:00,276.667,276.0,0.0,0.0,0.0,0.0,-56.94
2022-10-03 16:30:00,2022-10-03,16:30:00,276.688,276.0,0.0,0.0,0.0,0.0,-56.93
2022-10-03 17:00:00,2022-10-03,17:00:00,276.708,276.0,0.0,0.0,0.0,0.0,-56.94
2022-10-03 17:30:00,2022-10-03,17:30:00,276.729,276.0,0.0,0.0,0.0,0.0,-56.94
2022-10-03 18:00:00,2022-10-03,18:00:00,276.75,276.0,0.0,0.0,0.0,0.0,-56.94
2022-10-03 18:30:00,2022-10-03,18:30:00,276.771,276.0,0.0,0.0,0.0,0.0,-56.94
2022-10-03 19:00:00,2022-10-03,19:00:00,276.792,276.0,0.0,0.0,0.0,0.0,-56.94
2022-10-03 19:30:00,2022-10-03,19:30:00,276.812,276.0,0.0,0.0,0.0,0.0,-56.94
2022-10-03 20:00:00,2022-10-03,20:00:00,276.833,276.0,0.0,0.0,0.0,0.0,-56.94
2022-10-03 20:30:00,2022-10-03,20:30:00,276.854,276.0,0.0,0.0,0.0,0.0,-56.93
2022-10-03 21:00:00,2022-10-03,21:00:00,276.875,276.0,0.0,0.0,0.0,0.0,-56.94
2022-10-03 21:30:00,2022-10-03,21:30:00,276.896,276.0,0.0,0.0,0.0,0.0,-56.94
2022-10-03 22:00:00,2022-10-03,22:00:00,276.917,276.0,0.0,0.0,0.0,0.0,-56.94
2022-10-03 22:30:00,2022-10-03,22:30:00,276.938,276.0,0.0,0.0,0.0,0.0,-56.94
2022-10-03 23:00:00,2022-10-03,23:00:00,276.958,276.0,0.0,0.0,0.0,0.0,-56.94
2022-10-03 23:30:00,2022-10-03,23:30:00,276.979,276.0,0.0,0.0,0.0,0.0,-56.94
2022-10-04 00:00:00,2022-10-04,00:00:00,277.0,277.0,0.0,0.0,0.0,0.0,-56.94
2022-10-04 00:30:00,2022-10-04,00:30:00,277.021,277.0,0.0,0.0,0.0,0.0,-56.94
2022-10-04 01:00:00,2022-10-04,01:00:00,277.042,277.0,0.0,0.0,0.0,0.0,-56.94
2022-10-04 01:30:00,2022-10-04,01:30:00,277.062,277.0,0.0,0.0,0.0,0.0,-56.94
2022-10-04 02:00:00,2022-10-04,02:00:00,277.083,277.0,0.0,0.0,0.0,0.0,-56.94
2022-10-04 02:30:00,2022-10-04,02:30:00,277.104,277.0,0.0,0.0,0.0,0.0,-56.94
2022-10-04 03:00:00,2022-10-04,03:00:00,277.125,277.0,0.0,0.0,0.0,0.0,-56.94
2022-10-04 03:30:00,2022-10-04,03:30:00,277.146,277.0,0.0,0.0,0.0,0.0,-56.94
2022-10-04 04:00:00,2022-10-04,04:00:00,277.167,277.0,0.0,0.0,0.0,0.0,-56.94
2022-10-04 04:30:00,2022-10-04,04:30:00,277.188,277.0,0.0,0.0,0.0,0.0,-56.93
2022-10-04 05:00:00,2022-10-04,05:00:00,277.208,277.0,0.0,0.0,0.0,0.0,-56.94
2022-10-04 05:30:00,2022-10-04,05:30:00,277.229,277.0,0.0,0.0,0.0,0.0,-56.93
2022-10-04 06:00:00,2022-10-04,06:00:00,277.25,277.0,0.0,0.0,0.0,0.0,-56.94
2022-10-04 06:30:00,2022-10-04,06:30:00,277.271,277.0,0.0,0.0,0.0,0.0,-56.94
2022-10-04 07:00:00,2022-10-04,07:00:00,277.292,277.0,0.0,0.0,0.0,0.0,-56.94
2022-10-04 07:30:00,2022-10-04,07:30:00,277.312,277.0,0.0,0.0,0.0,0.0,-56.94
2022-10-04 08:00:00,2022-10-04,08:00:00,277.333,277.0,0.0,0.0,0.0,0.0,-56.94
2022-10-04 08:30:00,2022-10-04,08:30:00,277.354,277.0,0.0,0.0,0.0,0.0,-56.94
2022-10-04 09:00:00,2022-10-04,09:00:00,277.375,277.0,0.0,0.0,0.0,0.0,-56.93
2022-10-04 09:30:00,2022-10-04,09:30:00,277.396,277.0,0.0,0.0,0.0,0.0,-56.94
2022-10-04 10:00:00,2022-10-04,10:00:00,277.417,277.0,0.0,0.0,0.0,0.0,-56.94
2022-10-04 10:30:00,2022-10-04,10:30:00,277.438,277.0,0.0,0.0,0.0,0.0,-56.94
2022-10-04 11:00:00,2022-10-04,11:00:00,277.458,277.0,0.0,0.0,0.0,0.0,-56.94
2022-10-04 11:30:00,2022-10-04,11:30:00,277.479,277.0,0.0,0.0,0.0,0.0,-56.94
2022-10-04 12:00:00,2022-10-04,12:00:00,277.5,277.0,0.0,0.0,0.0,0.0,-56.93
2022-10-04 12:30:00,2022-10-04,12:30:00,277.521,277.0,0.0,0.0,0.0,0.0,-56.94
2022-10-04 13:00:00,2022-10-04,13:00:00,277.542,277.0,0.0,0.0,0.0,0.0,-56.94
2022-10-04 13:30:00,2022-10-04,13:30:00,277.562,277.0,0.0,0.0,0.0,0.0,-56.94
2022-10-04 14:00:00,2022-10-04,14:00:00,277.583,277.0,0.0,0.0,0.0,0.0,-56.94
2022-10-04 14:30:00,2022-10-04,14:30:00,277.604,277.0,0.0,0.0,0.0,0.0,-56.94
2022-10-04 15:00:00,2022-10-04,15:00:00,277.625,277.0,0.0,0.0,0.0,0.0,-56.94
2022-10-04 15:30:00,2022-10-04,15:30:00,277.646,277.0,0.0,0.0,0.0,0.0,-56.93
2022-10-04 16:00:00,2022-10-04,16:00:00,277.667,277.0,0.0,0.0,0.0,0.0,-56.94
2022-10-04 16:30:00,2022-10-04,16:30:00,277.688,277.0,0.0,0.0,0.0,0.0,-56.94
2022-10-04 17:00:00,2022-10-04,17:00:00,277.708,277.0,0.0,0.0,0.0,0.0,-56.94
2022-10-04 17:30:00,2022-10-04,17:30:00,277.729,277.0,0.0,0.0,0.0,0.0,-56.94
2022-10-04 18:00:00,2022-10-04,18:00:00,277.75,277.0,0.0,0.0,0.0,0.0,-56.94
2022-10-04 18:30:00,2022-10-04,18:30:00,277.771,277.0,0.0,0.0,0.0,0.0,-56.94
2022-10-04 19:00:00,2022-10-04,19:00:00,277.792,277.0,0.0,0.0,0.0,0.0,-56.94
2022-10-04 19:30:00,2022-10-04,19:30:00,277.812,277.0,0.0,0.0,0.0,0.0,-56.94
2022-10-04 20:00:00,2022-10-04,20:00:00,277.833,277.0,0.0,0.0,0.0,0.0,-56.94
2022-10-04 20:30:00,2022-10-04,20:30:00,277.854,277.0,0.0,0.0,0.0,0.0,-56.94
2022-10-04 21:00:00,2022-10-04,21:00:00,277.875,277.0,0.0,0.0,0.0,0.0,-56.94
2022-10-04 21:30:00,2022-10-04,21:30:00,277.896,277.0,0.0,0.0,0.0,0.0,-56.94
2022-10-04 22:00:00,2022-10-04,22:00:00,277.917,277.0,0.0,0.0,0.0,0.0,-56.94
2022-10-04 22:30:00,2022-10-04,22:30:00,277.938,277.0,0.0,0.0,0.0,0.0,-56.93
2022-10-04 23:00:00,2022-10-04,23:00:00,277.958,277.0,0.0,0.0,0.0,0.0,-56.94
2022-10-04 23:30:00,2022-10-04,23:30:00,277.979,277.0,0.0,0.0,0.0,0.0,-56.94
2022-10-05 00:00:00,2022-10-05,00:00:00,278.0,278.0,0.0,0.0,0.0,0.0,-56.94
2022-10-05 00:30:00,2022-10-05,00:30:00,278.021,278.0,0.0,0.0,0.0,0.0,-56.93
2022-10-05 01:00:00,2022-10-05,01:00:00,278.042,278.0,0.0,0.0,0.0,0.0,-56.94
2022-10-05 01:30:00,2022-10-05,01:30:00,278.062,278.0,0.0,0.0,0.0,0.0,-56.94
2022-10-05 02:00:00,2022-10-05,02:00:00,278.083,278.0,0.0,0.0,0.0,0.0,-56.94
2022-10-05 02:30:00,2022-10-05,02:30:00,278.104,278.0,0.0,0.0,0.0,0.0,-56.94
2022-10-05 03:00:00,2022-10-05,03:00:00,278.125,278.0,0.0,0.0,0.0,0.0,-56.94
2022-10-05 03:30:00,2022-10-05,03:30:00,278.146,278.0,0.0,0.0,0.0,0.0,-56.94
2022-10-05 04:00:00,2022-10-05,04:00:00,278.167,278.0,0.0,0.0,0.0,0.0,-56.94
2022-10-05 04:30:00,2022-10-05,04:30:00,278.188,278.0,0.0,0.0,0.0,0.0,-56.94
2022-10-05 05:00:00,2022-10-05,05:00:00,278.208,278.0,0.0,0.0,0.0,0.0,-56.94
2022-10-05 05:30:00,2022-10-05,05:30:00,278.229,278.0,0.0,0.0,0.0,0.0,-56.94
2022-10-05 06:00:00,2022-10-05,06:00:00,278.25,278.0,0.0,0.0,0.0,0.0,-56.93
2022-10-05 06:30:00,2022-10-05,06:30:00,278.271,278.0,0.0,0.0,0.0,0.0,-56.94
2022-10-05 07:00:00,2022-10-05,07:00:00,278.292,278.0,0.0,0.0,0.0,0.0,-56.94
2022-10-05 07:30:00,2022-10-05,07:30:00,278.312,278.0,0.0,0.0,0.0,0.0,-56.94
2022-10-05 08:00:00,2022-10-05,08:00:00,278.333,278.0,0.0,0.0,0.0,0.0,-56.94
2022-10-05 08:30:00,2022-10-05,08:30:00,278.354,278.0,0.0,0.0,0.0,0.0,-56.94
2022-10-05 09:00:00,2022-10-05,09:00:00,278.375,278.0,0.0,0.0,0.0,0.0,-56.94
2022-10-05 09:30:00,2022-10-05,09:30:00,278.396,278.0,0.0,0.0,0.0,0.0,-56.94
2022-10-05 10:00:00,2022-10-05,10:00:00,278.417,278.0,0.0,0.0,0.0,0.0,-56.93
2022-10-05 10:30:00,2022-10-05,10:30:00,278.438,278.0,0.0,0.0,0.0,0.0,-56.94
2022-10-05 11:00:00,2022-10-05,11:00:00,278.458,278.0,0.0,0.0,0.0,0.0,-56.94
2022-10-05 11:30:00,2022-10-05,11:30:00,278.479,278.0,0.0,0.0,0.0,0.0,-56.94
2022-10-05 12:00:00,2022-10-05,12:00:00,278.5,278.0,0.0,0.0,0.0,0.0,-56.93
2022-10-05 12:30:00,2022-10-05,12:30:00,278.521,278.0,0.0,0.0,0.0,0.0,-56.94
2022-10-05 13:00:00,2022-10-05,13:00:00,278.542,278.0,0.0,0.0,0.0,0.0,-56.94
2022-10-05 13:30:00,2022-10-05,13:30:00,278.562,278.0,0.0,0.0,0.0,0.0,-56.94
2022-10-05 14:00:00,2022-10-05,14:00:00,278.583,278.0,0.0,0.0,0.0,0.0,-56.94
2022-10-05 14:30:00,2022-10-05,14:30:00,278.604,278.0,0.0,0.0,0.0,0.0,-56.94
2022-10-05 15:00:00,2022-10-05,15:00:00,278.625,278.0,0.0,0.0,0.0,0.0,-56.94
2022-10-05 15:30:00,2022-10-05,15:30:00,278.646,278.0,0.0,0.0,0.0,0.0,-56.94
2022-10-05 16:00:00,2022-10-05,16:00:00,278.667,278.0,0.0,0.0,0.0,0.0,-56.94
2022-10-05 16:30:00,2022-10-05,16:30:00,278.688,278.0,0.0,0.0,0.0,0.0,-56.93
2022-10-05 17:00:00,2022-10-05,17:00:00,278.708,278.0,0.0,0.0,0.0,0.0,-56.94
2022-10-05 17:30:00,2022-10-05,17:30:00,278.729,278.0,0.0,0.0,0.0,0.0,-56.94
2022-10-05 18:00:00,2022-10-05,18:00:00,278.75,278.0,0.0,0.0,0.0,0.0,-56.93
2022-10-05 18:30:00,2022-10-05,18:30:00,278.771,278.0,0.0,0.0,0.0,0.0,-56.94
2022-10-05 19:00:00,2022-10-05,19:00:00,278.792,278.0,0.0,0.0,0.0,0.0,-56.94
2022-10-05 19:30:00,2022-10-05,19:30:00,278.812,278.0,0.0,0.0,0.0,0.0,-56.94
2022-10-05 20:00:00,2022-10-05,20:00:00,278.833,278.0,0.0,0.0,0.0,0.0,-56.94
2022-10-05 20:30:00,2022-10-05,20:30:00,278.854,278.0,0.0,0.0,0.0,0.0,-56.94
2022-10-05 21:00:00,2022-10-05,21:00:00,278.875,278.0,0.0,0.0,0.0,0.0,-56.94
2022-10-05 21:30:00,2022-10-05,21:30:00,278.896,278.0,0.0,0.0,0.0,0.0,-56.93
2022-10-05 22:00:00,2022-10-05,22:00:00,278.917,278.0,0.0,0.0,0.0,0.0,-56.94
2022-10-05 22:30:00,2022-10-05,22:30:00,278.938,278.0,0.0,0.0,0.0,0.0,-56.94
2022-10-05 23:00:00,2022-10-05,23:00:00,278.958,278.0,0.0,0.0,0.0,0.0,-56.94
2022-10-05 23:30:00,2022-10-05,23:30:00,278.979,278.0,0.0,0.0,0.0,0.0,-56.94
2022-10-06 00:00:00,2022-10-06,00:00:00,279.0,279.0,0.0,0.0,0.0,0.0,-56.94
2022-10-06 00:30:00,2022-10-06,00:30:00,279.021,279.0,0.0,0.0,0.0,0.0,-56.94
2022-10-06 01:00:00,2022-10-06,01:00:00,279.042,279.0,0.0,0.0,0.0,0.0,-56.94
2022-10-06 01:30:00,2022-10-06,01:30:00,279.062,279.0,0.0,0.0,0.0,0.0,-56.94
2022-10-06 02:00:00,2022-10-06,02:00:00,279.083,279.0,0.0,0.0,0.0,0.0,-56.94
2022-10-06 02:30:00,2022-10-06,02:30:00,279.104,279.0,0.0,0.0,0.0,0.0,-56.94
2022-10-06 03:00:00,2022-10-06,03:00:00,279.125,279.0,0.0,0.0,0.0,0.0,-56.94
2022-10-06 03:30:00,2022-10-06,03:30:00,279.146,279.0,0.0,0.0,0.0,0.0,-56.93
2022-10-06 04:00:00,2022-10-06,04:00:00,279.167,279.0,0.0,0.0,0.0,0.0,-56.94
2022-10-06 04:30:00,2022-10-06,04:30:00,279.188,279.0,0.0,0.0,0.0,0.0,-56.94
2022-10-06 05:00:00,2022-10-06,05:00:00,279.208,279.0,0.0,0.0,0.0,0.0,-56.94
2022-10-06 05:30:00,2022-10-06,05:30:00,279.229,279.0,0.0,0.0,0.0,0.0,-56.94
2022-10-06 06:00:00,2022-10-06,06:00:00,279.25,279.0,0.0,0.0,0.0,0.0,-56.93
2022-10-06 06:30:00,2022-10-06,06:30:00,279.271,279.0,0.0,0.0,0.0,0.0,-56.93
2022-10-06 07:00:00,2022-10-06,07:00:00,279.292,279.0,0.0,0.0,0.0,0.0,-56.94
2022-10-06 07:30:00,2022-10-06,07:30:00,279.312,279.0,0.0,0.0,0.0,0.0,-56.94
2022-10-06 08:00:00,2022-10-06,08:00:00,279.333,279.0,0.0,0.0,0.0,0.0,-56.93
2022-10-06 08:30:00,2022-10-06,08:30:00,279.354,279.0,0.0,0.0,0.0,0.0,-56.94
2022-10-06 09:00:00,2022-10-06,09:00:00,279.375,279.0,0.0,0.0,0.0,0.0,-56.94
2022-10-06 09:30:00,2022-10-06,09:30:00,279.396,279.0,0.0,0.0,0.0,0.0,-56.94
2022-10-06 10:00:00,2022-10-06,10:00:00,279.417,279.0,0.0,0.0,0.0,0.0,17.88
2022-10-06 10:30:00,2022-10-06,10:30:00,279.438,279.0,0.0,0.0,0.0,0.0,19.28
2022-10-06 11:00:00,2022-10-06,11:00:00,279.458,279.0,0.0,0.0,0.0,0.0,20.34
2022-10-06 11:30:00,2022-10-06,11:30:00,279.479,279.0,0.0,0.0,0.0,0.0,20.91
2022-10-06 12:00:00,2022-10-06,12:00:00,279.5,279.0,0.0,0.0,0.0,0.0,20.76
2022-10-06 12:30:00,2022-10-06,12:30:00,279.521,279.0,0.0,0.0,0.0,0.0,15.24
2022-10-06 13:00:00,2022-10-06,13:00:00,279.542,279.0,0.0,0.0,0.0,0.0,13.18
2022-10-06 13:30:00,2022-10-06,13:30:00,279.562,279.0,0.0,0.0,0.0,0.0,15.73
2022-10-06 14:00:00,2022-10-06,14:00:00,279.583,279.0,0.0,0.0,0.0,0.0,22.21
2022-10-06 14:30:00,2022-10-06,14:30:00,279.604,279.0,0.0,0.0,0.0,0.0,13.13
2022-10-06 15:00:00,2022-10-06,15:00:00,279.625,279.0,0.0,0.0,0.0,0.0,17.68
2022-10-06 15:30:00,2022-10-06,15:30:00,279.646,279.0,0.0,0.0,0.0,0.0,13.09
2022-10-06 16:00:00,2022-10-06,16:00:00,279.667,279.0,0.0,0.0,0.0,0.0,10.53
2022-10-06 16:30:00,2022-10-06,16:30:00,279.688,279.0,0.0,0.0,0.0,0.0,8.82
2022-10-06 17:00:00,2022-10-06,17:00:00,279.708,279.0,0.0,0.0,0.0,0.0,7.21
2022-10-06 17:30:00,2022-10-06,17:30:00,279.729,279.0,0.0,0.0,0.0,0.0,4.89
2022-10-06 18:00:00,2022-10-06,18:00:00,279.75,279.0,0.0,0.0,0.0,0.0,2.95
2022-10-06 18:30:00,2022-10-06,18:30:00,279.771,279.0,0.0,0.0,0.0,0.0,1.71
2022-10-06 19:00:00,2022-10-06,19:00:00,279.792,279.0,0.0,0.0,0.0,0.0,1.32
2022-10-06 19:30:00,2022-10-06,19:30:00,279.812,279.0,0.0,0.0,0.0,0.0,0.64
2022-10-06 20:00:00,2022-10-06,20:00:00,279.833,279.0,0.0,0.0,0.0,0.0,-0.48
2022-10-06 20:30:00,2022-10-06,20:30:00,279.854,279.0,0.0,0.0,0.0,0.0,-0.39
2022-10-06 21:00:00,2022-10-06,21:00:00,279.875,279.0,0.0,0.0,0.0,0.0,-0.64
2022-10-06 21:30:00,2022-10-06,21:30:00,279.896,279.0,0.0,0.0,0.0,0.0,-0.98
2022-10-06 22:00:00,2022-10-06,22:00:00,279.917,279.0,0.0,0.0,0.0,0.0,-1.38
2022-10-06 22:30:00,2022-10-06,22:30:00,279.938,279.0,0.0,0.0,0.0,0.0,-1.95
2022-10-06 23:00:00,2022-10-06,23:00:00,279.958,279.0,0.0,0.0,0.0,0.0,-1.55
2022-10-06 23:30:00,2022-10-06,23:30:00,279.979,279.0,0.0,0.0,0.0,0.0,-0.36
2022-10-07 00:00:00,2022-10-07,00:00:00,280.0,280.0,0.0,0.0,0.0,0.0,-0.26
2022-10-07 00:30:00,2022-10-07,00:30:00,280.021,280.0,0.0,0.0,0.0,0.0,-0.99
2022-10-07 01:00:00,2022-10-07,01:00:00,280.042,280.0,0.0,0.0,0.0,0.0,-0.89
2022-10-07 01:30:00,2022-10-07,01:30:00,280.062,280.0,0.0,0.0,0.0,0.0,-1.66
2022-10-07 02:00:00,2022-10-07,02:00:00,280.083,280.0,0.0,0.0,0.0,0.0,-1.87
2022-10-07 02:30:00,2022-10-07,02:30:00,280.104,280.0,0.0,0.0,0.0,0.0,-2.92
2022-10-07 03:00:00,2022-10-07,03:00:00,280.125,280.0,0.0,0.0,0.0,0.0,-3.15
2022-10-07 03:30:00,2022-10-07,03:30:00,280.146,280.0,0.0,0.0,0.0,0.0,-2.68
2022-10-07 04:00:00,2022-10-07,04:00:00,280.167,280.0,0.0,0.0,0.0,0.0,-2.64
2022-10-07 04:30:00,2022-10-07,04:30:00,280.188,280.0,0.0,0.0,0.0,0.0,-3.38
2022-10-07 05:00:00,2022-10-07,05:00:00,280.208,280.0,0.0,0.0,0.0,0.0,-3.65
2022-10-07 05:30:00,2022-10-07,05:30:00,280.229,280.0,0.0,0.0,0.0,0.0,-3.47
2022-10-07 06:00:00,2022-10-07,06:00:00,280.25,280.0,0.0,0.0,0.0,0.0,-3.66
2022-10-07 06:30:00,2022-10-07,06:30:00,280.271,280.0,0.0,0.0,0.0,0.0,-2.58
2022-10-07 07:00:00,2022-10-07,07:00:00,280.292,280.0,0.0,0.0,0.0,0.0,1.0
2022-10-07 07:30:00,2022-10-07,07:30:00,280.312,280.0,0.0,0.0,0.0,0.0,5.33
2022-10-07 08:00:00,2022-10-07,08:00:00,280.333,280.0,0.0,0.0,0.0,0.0,9.63
2022-10-07 08:30:00,2022-10-07,08:30:00,280.354,280.0,0.0,0.0,0.0,0.0,13.05
2022-10-07 09:00:00,2022-10-07,09:00:00,280.375,280.0,0.0,0.0,0.0,0.0,16.09
2022-10-07 09:30:00,2022-10-07,09:30:00,280.396,280.0,0.0,0.0,0.0,0.0,18.76
2022-10-07 10:00:00,2022-10-07,10:00:00,280.417,280.0,0.0,0.0,0.0,0.0,19.5
2022-10-07 10:30:00,2022-10-07,10:30:00,280.438,280.0,0.14,0.43,0.0,0.0,13.56
2022-10-07 11:00:00,2022-10-07,11:00:00,280.458,280.0,0.0,0.0,0.0,0.0,20.43
2022-10-07 11:30:00,2022-10-07,11:30:00,280.479,280.0,0.0,0.0,0.0,0.0,12.08
2022-10-07 12:00:00,2022-10-07,12:00:00,280.5,280.0,0.0,0.0,0.0,0.0,20.31
2022-10-07 12:30:00,2022-10-07,12:30:00,280.521,280.0,0.0,0.0,0.0,0.0,17.51
2022-10-07 13:00:00,2022-10-07,13:00:00,280.542,280.0,0.0,0.0,0.0,0.0,19.09
2022-10-07 13:30:00,2022-10-07,13:30:00,280.562,280.0,0.0,0.0,0.0,0.0,19.66
2022-10-07 14:00:00,2022-10-07,14:00:00,280.583,280.0,0.0,0.0,0.0,0.0,18.84
2022-10-07 14:30:00,2022-10-07,14:30:00,280.604,280.0,0.0,0.0,0.0,0.0,17.37
2022-10-07 15:00:00,2022-10-07,15:00:00,280.625,280.0,0.0,0.0,0.0,0.0,14.93
2022-10-07 15:30:00,2022-10-07,15:30:00,280.646,280.0,0.0,0.0,0.0,0.0,14.65
2022-10-07 16:00:00,2022-10-07,16:00:00,280.667,280.0,0.0,0.0,0.0,0.0,11.56
2022-10-07 16:30:00,2022-10-07,16:30:00,280.688,280.0,0.0,0.0,0.0,0.0,8.5
2022-10-07 17:00:00,2022-10-07,17:00:00,280.708,280.0,0.0,0.0,0.0,0.0,7.8
2022-10-07 17:30:00,2022-10-07,17:30:00,280.729,280.0,0.0,0.0,0.0,0.0,6.95
2022-10-07 18:00:00,2022-10-07,18:00:00,280.75,280.0,0.0,0.0,0.0,0.0,4.96
2022-10-07 18:30:00,2022-10-07,18:30:00,280.771,280.0,0.0,0.0,0.0,0.0,2.94
2022-10-07 19:00:00,2022-10-07,19:00:00,280.792,280.0,0.0,0.0,0.0,0.0,1.82
2022-10-07 19:30:00,2022-10-07,19:30:00,280.812,280.0,0.0,0.0,0.0,0.0,0.61
2022-10-07 20:00:00,2022-10-07,20:00:00,280.833,280.0,0.0,0.0,0.0,0.0,-0.33
2022-10-07 20:30:00,2022-10-07,20:30:00,280.854,280.0,0.0,0.0,0.0,0.0,-0.51
2022-10-07 21:00:00,2022-10-07,21:00:00,280.875,280.0,0.0,0.0,0.0,0.0,-1.24
2022-10-07 21:30:00,2022-10-07,21:30:00,280.896,280.0,0.0,0.0,0.0,0.0,-1.16
2022-10-07 22:00:00,2022-10-07,22:00:00,280.917,280.0,0.0,0.0,0.0,0.0,-2.92
2022-10-07 22:30:00,2022-10-07,22:30:00,280.938,280.0,0.0,0.0,0.0,0.0,-3.56
2022-10-07 23:00:00,2022-10-07,23:00:00,280.958,280.0,0.0,0.0,0.0,0.0,-4.08
2022-10-07 23:30:00,2022-10-07,23:30:00,280.979,280.0,0.0,0.0,0.0,0.0,-4.28
2022-10-08 00:00:00,2022-10-08,00:00:00,281.0,281.0,0.0,0.0,0.0,0.0,-4.33
2022-10-08 00:30:00,2022-10-08,00:30:00,281.021,281.0,0.0,0.0,0.0,0.0,-3.22
2022-10-08 01:00:00,2022-10-08,01:00:00,281.042,281.0,0.0,0.0,0.0,0.0,-4.93
2022-10-08 01:30:00,2022-10-08,01:30:00,281.062,281.0,0.0,0.0,0.0,0.0,-5.14
2022-10-08 02:00:00,2022-10-08,02:00:00,281.083,281.0,0.0,0.0,0.0,0.0,-5.6
2022-10-08 02:30:00,2022-10-08,02:30:00,281.104,281.0,0.0,0.0,0.0,0.0,-5.83
2022-10-08 03:00:00,2022-10-08,03:00:00,281.125,281.0,0.0,0.0,0.0,0.0,-5.78
2022-10-08 03:30:00,2022-10-08,03:30:00,281.146,281.0,0.0,0.0,0.0,0.0,-5.88
2022-10-08 04:00:00,2022-10-08,04:00:00,281.167,281.0,0.0,0.0,0.0,0.0,-6.19
2022-10-08 04:30:00,2022-10-08,04:30:00,281.188,281.0,0.0,0.0,0.0,0.0,-6.47
2022-10-08 05:00:00,2022-10-08,05:00:00,281.208,281.0,0.0,0.0,0.0,0.0,-6.66
2022-10-08 05:30:00,2022-10-08,05:30:00,281.229,281.0,0.0,0.0,0.0,0.0,-6.64
2022-10-08 06:00:00,2022-10-08,06:00:00,281.25,281.0,0.0,0.0,0.0,0.0,-6.81
2022-10-08 06:30:00,2022-10-08,06:30:00,281.271,281.0,0.0,0.0,0.0,0.0,-4.75
2022-10-08 07:00:00,2022-10-08,07:00:00,281.292,281.0,0.0,0.0,0.0,0.0,-2.24
2022-10-08 07:30:00,2022-10-08,07:30:00,281.312,281.0,0.0,0.0,0.0,0.0,0.94
2022-10-08 08:00:00,2022-10-08,08:00:00,281.333,281.0,0.0,0.0,0.0,0.0,5.57
2022-10-08 08:30:00,2022-10-08,08:30:00,281.354,281.0,0.0,0.0,0.0,0.0,8.95
2022-10-08 09:00:00,2022-10-08,09:00:00,281.375,281.0,0.0,0.0,0.0,0.0,12.51
2022-10-08 09:30:00,2022-10-08,09:30:00,281.396,281.0,0.0,0.0,0.0,0.0,15.62
2022-10-08 10:00:00,2022-10-08,10:00:00,281.417,281.0,0.0,0.0,0.0,0.0,18.02
2022-10-08 10:30:00,2022-10-08,10:30:00,281.438,281.0,0.0,0.0,0.0,0.0,14.76
2022-10-08 11:00:00,2022-10-08,11:00:00,281.458,281.0,0.0,0.0,0.0,0.0,13.1
2022-10-08 11:30:00,2022-10-08,11:30:00,281.479,281.0,0.0,0.0,0.0,0.0,19.67
2022-10-08 12:00:00,2022-10-08,12:00:00,281.5,281.0,0.0,0.0,0.0,0.0,18.29
2022-10-08 12:30:00,2022-10-08,12:30:00,281.521,281.0,0.0,0.0,0.0,0.0,20.84
2022-10-08 13:00:00,2022-10-08,13:00:00,281.542,281.0,0.0,0.0,0.0,0.0,15.32
2022-10-08 13:30:00,2022-10-08,13:30:00,281.562,281.0,0.0,0.0,0.0,0.0,12.05
2022-10-08 14:00:00,2022-10-08,14:00:00,281.583,281.0,0.0,0.0,0.0,0.0,11.17
2022-10-08 14:30:00,2022-10-08,14:30:00,281.604,281.0,0.0,0.0,0.0,0.0,11.14
2022-10-08 15:00:00,2022-10-08,15:00:00,281.625,281.0,0.0,0.0,0.0,0.0,12.8
2022-10-08 15:30:00,2022-10-08,15:30:00,281.646,281.0,0.0,0.0,0.0,0.0,13.97
2022-10-08 16:00:00,2022-10-08,16:00:00,281.667,281.0,0.0,0.0,0.0,0.0,9.53
2022-10-08 16:30:00,2022-10-08,16:30:00,281.688,281.0,0.0,0.0,0.0,0.0,5.88
2022-10-08 17:00:00,2022-10-08,17:00:00,281.708,281.0,0.0,0.0,0.0,0.0,5.92
2022-10-08 17:30:00,2022-10-08,17:30:00,281.729,281.0,0.0,0.0,0.0,0.0,4.21
2022-10-08 18:00:00,2022-10-08,18:00:00,281.75,281.0,0.0,0.0,0.0,0.0,3.61
2022-10-08 18:30:00,2022-10-08,18:30:00,281.771,281.0,0.0,0.0,0.0,0.0,2.26
2022-10-08 19:00:00,2022-10-08,19:00:00,281.792,281.0,0.0,0.0,0.0,0.0,1.15
2022-10-08 19:30:00,2022-10-08,19:30:00,281.812,281.0,0.0,0.0,0.0,0.0,-0.13
2022-10-08 20:00:00,2022-10-08,20:00:00,281.833,281.0,0.0,0.0,0.0,0.0,0.09
2022-10-08 20:30:00,2022-10-08,20:30:00,281.854,281.0,0.0,0.0,0.0,0.0,-0.45
2022-10-08 21:00:00,2022-10-08,21:00:00,281.875,281.0,0.0,0.0,0.0,0.0,-1.47
2022-10-08 21:30:00,2022-10-08,21:30:00,281.896,281.0,0.0,0.0,0.0,0.0,-2.56
2022-10-08 22:00:00,2022-10-08,22:00:00,281.917,281.0,0.0,0.0,0.0,0.0,-2.76
2022-10-08 22:30:00,2022-10-08,22:30:00,281.938,281.0,0.0,0.0,0.0,0.0,-3.08
2022-10-08 23:00:00,2022-10-08,23:00:00,281.958,281.0,0.0,0.0,0.0,0.0,-3.58
2022-10-08 23:30:00,2022-10-08,23:30:00,281.979,281.0,0.0,0.0,0.0,0.0,-4.19
2022-10-09 00:00:00,2022-10-09,00:00:00,282.0,282.0,0.0,0.0,0.0,0.0,-4.32
2022-10-09 00:30:00,2022-10-09,00:30:00,282.021,282.0,0.0,0.0,0.0,0.0,-3.77
2022-10-09 01:00:00,2022-10-09,01:00:00,282.042,282.0,0.0,0.0,0.0,0.0,-5.0
2022-10-09 01:30:00,2022-10-09,01:30:00,282.062,282.0,0.0,0.0,0.0,0.0,-5.41
2022-10-09 02:00:00,2022-10-09,02:00:00,282.083,282.0,0.0,0.0,0.0,0.0,-5.45
2022-10-09 02:30:00,2022-10-09,02:30:00,282.104,282.0,0.0,0.0,0.0,0.0,-5.48
2022-10-09 03:00:00,2022-10-09,03:00:00,282.125,282.0,0.0,0.0,0.0,0.0,-5.49
2022-10-09 03:30:00,2022-10-09,03:30:00,282.146,282.0,0.0,0.0,0.0,0.0,-5.2
2022-10-09 04:00:00,2022-10-09,04:00:00,282.167,282.0,0.0,0.0,0.0,0.0,-5.39
2022-10-09 04:30:00,2022-10-09,04:30:00,282.188,282.0,0.0,0.0,0.0,0.0,-6.19
2022-10-09 05:00:00,2022-10-09,05:00:00,282.208,282.0,0.0,0.0,0.0,0.0,-6.28
2022-10-09 05:30:00,2022-10-09,05:30:00,282.229,282.0,0.0,0.0,0.0,0.0,-6.05
2022-10-09 06:00:00,2022-10-09,06:00:00,282.25,282.0,0.0,0.0,0.0,0.0,-5.93
2022-10-09 06:30:00,2022-10-09,06:30:00,282.271,282.0,0.0,0.0,0.0,0.0,-4.71
2022-10-09 07:00:00,2022-10-09,07:00:00,282.292,282.0,0.0,0.0,0.0,0.0,-2.17
2022-10-09 07:30:00,2022-10-09,07:30:00,282.312,282.0,0.0,0.0,0.0,0.0,0.83
2022-10-09 08:00:00,2022-10-09,08:00:00,282.333,282.0,0.0,0.0,0.0,0.0,5.91
2022-10-09 08:30:00,2022-10-09,08:30:00,282.354,282.0,0.0,0.0,0.0,0.0,9.68
2022-10-09 09:00:00,2022-10-09,09:00:00,282.375,282.0,0.0,0.0,0.0,0.0,12.21
2022-10-09 09:30:00,2022-10-09,09:30:00,282.396,282.0,0.0,0.0,0.0,0.0,14.88
2022-10-09 10:00:00,2022-10-09,10:00:00,282.417,282.0,0.0,0.0,0.0,0.0,17.5
2022-10-09 10:30:00,2022-10-09,10:30:00,282.438,282.0,0.0,0.0,0.0,0.0,16.47
2022-10-09 11:00:00,2022-10-09,11:00:00,282.458,282.0,0.0,0.0,0.0,0.0,19.14
2022-10-09 11:30:00,2022-10-09,11:30:00,282.479,282.0,0.0,0.0,0.0,0.0,14.18
2022-10-09 12:00:00,2022-10-09,12:00:00,282.5,282.0,0.0,0.0,0.0,0.0,12.63
2022-10-09 12:30:00,2022-10-09,12:30:00,282.521,282.0,0.0,0.0,0.0,0.0,19.84
2022-10-09 13:00:00,2022-10-09,13:00:00,282.542,282.0,0.0,0.0,0.0,0.0,13.88
2022-10-09 13:30:00,2022-10-09,13:30:00,282.562,282.0,0.0,0.0,0.0,0.0,15.96
2022-10-09 14:00:00,2022-10-09,14:00:00,282.583,282.0,0.0,0.0,0.0,0.0,17.14
2022-10-09 14:30:00,2022-10-09,14:30:00,282.604,282.0,0.0,0.0,0.0,0.0,11.72
2022-10-09 15:00:00,2022-10-09,15:00:00,282.625,282.0,0.0,0.0,0.0,0.0,11.38
2022-10-09 15:30:00,2022-10-09,15:30:00,282.646,282.0,0.0,0.0,0.0,0.0,12.25
2022-10-09 16:00:00,2022-10-09,16:00:00,282.667,282.0,0.0,0.0,0.0,0.0,8.3
2022-10-09 16:30:00,2022-10-09,16:30:00,282.688,282.0,0.0,0.0,0.0,0.0,5.19
2022-10-09 17:00:00,2022-10-09,17:00:00,282.708,282.0,0.0,0.0,0.0,0.0,3.14
2022-10-09 17:30:00,2022-10-09,17:30:00,282.729,282.0,0.0,0.0,0.0,0.0,1.13
2022-10-09 18:00:00,2022-10-09,18:00:00,282.75,282.0,0.0,0.0,0.0,0.0,-0.23
2022-10-09 18:30:00,2022-10-09,18:30:00,282.771,282.0,0.0,0.0,0.0,0.0,-0.95
2022-10-09 19:00:00,2022-10-09,19:00:00,282.792,282.0,0.0,0.0,0.0,0.0,-1.94
2022-10-09 19:30:00,2022-10-09,19:30:00,282.812,282.0,0.0,0.0,0.0,0.0,-2.3
2022-10-09 20:00:00,2022-10-09,20:00:00,282.833,282.0,0.0,0.0,0.0,0.0,-2.59
2022-10-09 20:30:00,2022-10-09,20:30:00,282.854,282.0,0.0,0.0,0.0,0.0,-2.98
2022-10-09 21:00:00,2022-10-09,21:00:00,282.875,282.0,0.0,0.0,0.0,0.0,-3.7
2022-10-09 21:30:00,2022-10-09,21:30:00,282.896,282.0,0.0,0.0,0.0,0.0,-3.31
2022-10-09 22:00:00,2022-10-09,22:00:00,282.917,282.0,0.0,0.0,0.0,0.0,-3.98
2022-10-09 22:30:00,2022-10-09,22:30:00,282.938,282.0,0.0,0.0,0.0,0.0,-4.08
2022-10-09 23:00:00,2022-10-09,23:00:00,282.958,282.0,0.0,0.0,0.0,0.0,-4.7
2022-10-09 23:30:00,2022-10-09,23:30:00,282.979,282.0,0.0,0.0,0.0,0.0,-4.66
2022-10-10 00:00:00,2022-10-10,00:00:00,283.0,283.0,0.0,0.0,0.0,0.0,-4.67
2022-10-10 00:30:00,2022-10-10,00:30:00,283.021,283.0,0.0,0.0,0.0,0.0,-5.04
2022-10-10 01:00:00,2022-10-10,01:00:00,283.042,283.0,0.0,0.0,0.0,0.0,-5.33
2022-10-10 01:30:00,2022-10-10,01:30:00,283.062,283.0,0.0,0.0,0.0,0.0,-5.62
2022-10-10 02:00:00,2022-10-10,02:00:00,283.083,283.0,0.0,0.0,0.0,0.0,-5.67
2022-10-10 02:30:00,2022-10-10,02:30:00,283.104,283.0,0.0,0.0,0.0,0.0,-5.78
2022-10-10 03:00:00,2022-10-10,03:00:00,283.125,283.0,0.0,0.0,0.0,0.0,-5.97
2022-10-10 03:30:00,2022-10-10,03:30:00,283.146,283.0,0.0,0.0,0.0,0.0,-6.03
2022-10-10 04:00:00,2022-10-10,04:00:00,283.167,283.0,0.0,0.0,0.0,0.0,-6.26
2022-10-10 04:30:00,2022-10-10,04:30:00,283.188,283.0,0.0,0.0,0.0,0.0,-6.39
2022-10-10 05:00:00,2022-10-10,05:00:00,283.208,283.0,0.0,0.0,0.0,0.0,-6.49
2022-10-10 05:30:00,2022-10-10,05:30:00,283.229,283.0,0.0,0.0,0.0,0.0,-6.72
2022-10-10 06:00:00,2022-10-10,06:00:00,283.25,283.0,0.0,0.0,0.0,0.0,-6.92
2022-10-10 06:30:00,2022-10-10,06:30:00,283.271,283.0,0.0,0.0,0.0,0.0,-5.24
2022-10-10 07:00:00,2022-10-10,07:00:00,283.292,283.0,0.0,0.0,0.0,0.0,-2.72
2022-10-10 07:30:00,2022-10-10,07:30:00,283.312,283.0,0.0,0.0,0.0,0.0,-0.11
2022-10-10 08:00:00,2022-10-10,08:00:00,283.333,283.0,0.0,0.0,0.0,0.0,4.8
2022-10-10 08:30:00,2022-10-10,08:30:00,283.354,283.0,0.0,0.0,0.0,0.0,8.84
2022-10-10 09:00:00,2022-10-10,09:00:00,283.375,283.0,0.0,0.0,0.0,0.0,12.54
2022-10-10 09:30:00,2022-10-10,09:30:00,283.396,283.0,0.0,0.0,0.0,0.0,15.81
2022-10-10 10:00:00,2022-10-10,10:00:00,283.417,283.0,0.0,0.0,0.0,0.0,16.56
2022-10-10 10:30:00,2022-10-10,10:30:00,283.438,283.0,0.0,0.0,0.0,0.0,16.23
2022-10-10 11:00:00,2022-10-10,11:00:00,283.458,283.0,0.0,0.0,0.0,0.0,14.37
2022-10-10 11:30:00,2022-10-10,11:30:00,283.479,283.0,0.0,0.0,0.0,0.0,17.55
2022-10-10 12:00:00,2022-10-10,12:00:00,283.5,283.0,0.0,0.0,0.0,0.0,16.25
2022-10-10 12:30:00,2022-10-10,12:30:00,283.521,283.0,0.0,0.0,0.0,0.0,18.24
2022-10-10 13:00:00,2022-10-10,13:00:00,283.542,283.0,0.0,0.0,0.0,0.0,17.86
2022-10-10 13:30:00,2022-10-10,13:30:00,283.562,283.0,0.0,0.0,0.0,0.0,14.11
2022-10-10 14:00:00,2022-10-10,14:00:00,283.583,283.0,0.0,0.0,0.0,0.0,10.96
2022-10-10 14:30:00,2022-10-10,14:30:00,283.604,283.0,0.0,0.0,0.0,0.0,12.55
2022-10-10 15:00:00,2022-10-10,15:00:00,283.625,283.0,0.0,0.0,0.0,0.0,13.52
2022-10-10 15:30:00,2022-10-10,15:30:00,283.646,283.0,0.0,0.0,0.0,0.0,13.57
2022-10-10 16:00:00,2022-10-10,16:00:00,283.667,283.0,0.0,0.0,0.0,0.0,8.21
2022-10-10 16:30:00,2022-10-10,16:30:00,283.688,283.0,0.0,0.0,0.0,0.0,6.74
2022-10-10 17:00:00,2022-10-10,17:00:00,283.708,283.0,0.0,0.0,0.0,0.0,6.11
2022-10-10 17:30:00,2022-10-10,17:30:00,283.729,283.0,0.0,0.0,0.0,0.0,3.66
2022-10-10 18:00:00,2022-10-10,18:00:00,283.75,283.0,0.0,0.0,0.0,0.0,1.98
2022-10-10 18:30:00,2022-10-10,18:30:00,283.771,283.0,0.0,0.0,0.0,0.0,0.65
2022-10-10 19:00:00,2022-10-10,19:00:00,283.792,283.0,0.0,0.0,0.0,0.0,0.95
2022-10-10 19:30:00,2022-10-10,19:30:00,283.812,283.0,0.0,0.0,0.0,0.0,0.1
2022-10-10 20:00:00,2022-10-10,20:00:00,283.833,283.0,0.0,0.0,0.0,0.0,-1.81
2022-10-10 20:30:00,2022-10-10,20:30:00,283.854,283.0,0.0,0.0,0.0,0.0,-2.31
2022-10-10 21:00:00,2022-10-10,21:00:00,283.875,283.0,0.0,0.0,0.0,0.0,-3.0
2022-10-10 21:30:00,2022-10-10,21:30:00,283.896,283.0,0.0,0.0,0.0,0.0,-3.17
2022-10-10 22:00:00,2022-10-10,22:00:00,283.917,283.0,0.0,0.0,0.0,0.0,-3.0
2022-10-10 22:30:00,2022-10-10,22:30:00,283.938,283.0,0.0,0.0,0.0,0.0,-2.84
2022-10-10 23:00:00,2022-10-10,23:00:00,283.958,283.0,0.0,0.0,0.0,0.0,-4.06
2022-10-10 23:30:00,2022-10-10,23:30:00,283.979,283.0,0.0,0.0,0.0,0.0,-2.88
2022-10-11 00:00:00,2022-10-11,00:00:00,284.0,284.0,0.0,0.0,0.0,0.0,-3.65
2022-10-11 00:30:00,2022-10-11,00:30:00,284.021,284.0,0.0,0.0,0.0,0.0,-4.75
2022-10-11 01:00:00,2022-10-11,01:00:00,284.042,284.0,0.0,0.0,0.0,0.0,-5.03
2022-10-11 01:30:00,2022-10-11,01:30:00,284.062,284.0,0.0,0.0,0.0,0.0,-5.19
2022-10-11 02:00:00,2022-10-11,02:00:00,284.083,284.0,0.0,0.0,0.0,0.0,-4.96
2022-10-11 02:30:00,2022-10-11,02:30:00,284.104,284.0,0.0,0.0,0.0,0.0,-3.98
2022-10-11 03:00:00,2022-10-11,03:00:00,284.125,284.0,0.0,0.0,0.0,0.0,-5.3
2022-10-11 03:30:00,2022-10-11,03:30:00,284.146,284.0,0.0,0.0,0.0,0.0,-5.51
2022-10-11 04:00:00,2022-10-11,04:00:00,284.167,284.0,0.0,0.0,0.0,0.0,-5.79
2022-10-11 04:30:00,2022-10-11,04:30:00,284.188,284.0,0.0,0.0,0.0,0.0,-5.68
2022-10-11 05:00:00,2022-10-11,05:00:00,284.208,284.0,0.0,0.0,0.0,0.0,-5.47
2022-10-11 05:30:00,2022-10-11,05:30:00,284.229,284.0,0.0,0.0,0.0,0.0,-5.72
2022-10-11 06:00:00,2022-10-11,06:00:00,284.25,284.0,0.0,0.0,0.0,0.0,-5.83
2022-10-11 06:30:00,2022-10-11,06:30:00,284.271,284.0,0.0,0.0,0.0,0.0,-4.69
2022-10-11 07:00:00,2022-10-11,07:00:00,284.292,284.0,0.0,0.0,0.0,0.0,-1.94
2022-10-11 07:30:00,2022-10-11,07:30:00,284.312,284.0,0.0,0.0,0.0,0.0,0.73
2022-10-11 08:00:00,2022-10-11,08:00:00,284.333,284.0,0.0,0.0,0.0,0.0,4.84
2022-10-11 08:30:00,2022-10-11,08:30:00,284.354,284.0,0.0,0.0,0.0,0.0,8.56
2022-10-11 09:00:00,2022-10-11,09:00:00,284.375,284.0,0.0,0.0,0.0,0.0,10.22
2022-10-11 09:30:00,2022-10-11,09:30:00,284.396,284.0,0.0,0.0,0.0,0.0,13.86
2022-10-11 10:00:00,2022-10-11,10:00:00,284.417,284.0,0.0,0.0,0.0,0.0,15.14
2022-10-11 10:30:00,2022-10-11,10:30:00,284.438,284.0,0.0,0.0,0.0,0.0,13.58
2022-10-11 11:00:00,2022-10-11,11:00:00,284.458,284.0,0.0,0.0,0.0,0.0,14.52
2022-10-11 11:30:00,2022-10-11,11:30:00,284.479,284.0,0.0,0.0,0.0,0.0,16.45
2022-10-11 12:00:00,2022-10-11,12:00:00,284.5,284.0,0.0,0.0,0.0,0.0,14.26
2022-10-11 12:30:00,2022-10-11,12:30:00,284.521,284.0,0.0,0.0,0.0,0.0,13.47
2022-10-11 13:00:00,2022-10-11,13:00:00,284.542,284.0,0.0,0.0,0.0,0.0,15.88
2022-10-11 13:30:00,2022-10-11,13:30:00,284.562,284.0,0.0,0.0,0.0,0.0,16.35
2022-10-11 14:00:00,2022-10-11,14:00:00,284.583,284.0,0.0,0.0,0.0,0.0,10.75
2022-10-11 14:30:00,2022-10-11,14:30:00,284.604,284.0,0.0,0.0,0.0,0.0,10.53
2022-10-11 15:00:00,2022-10-11,15:00:00,284.625,284.0,0.0,0.0,0.0,0.0,10.26
2022-10-11 15:30:00,2022-10-11,15:30:00,284.646,284.0,0.0,0.0,0.0,0.0,9.21
2022-10-11 16:00:00,2022-10-11,16:00:00,284.667,284.0,0.0,0.0,0.0,0.0,9.04
2022-10-11 16:30:00,2022-10-11,16:30:00,284.688,284.0,0.0,0.0,0.0,0.0,8.37
2022-10-11 17:00:00,2022-10-11,17:00:00,284.708,284.0,0.0,0.0,0.0,0.0,7.15
2022-10-11 17:30:00,2022-10-11,17:30:00,284.729,284.0,0.0,0.0,0.0,0.0,7.12
2022-10-11 18:00:00,2022-10-11,18:00:00,284.75,284.0,0.0,0.0,0.0,0.0,6.65
2022-10-11 18:30:00,2022-10-11,18:30:00,284.771,284.0,0.0,0.0,0.0,0.0,6.11
2022-10-11 19:00:00,2022-10-11,19:00:00,284.792,284.0,0.0,0.0,0.0,0.0,6.08
2022-10-11 19:30:00,2022-10-11,19:30:00,284.812,284.0,0.0,0.0,0.0,0.0,6.08
2022-10-11 20:00:00,2022-10-11,20:00:00,284.833,284.0,0.0,0.0,0.0,0.0,4.77
2022-10-11 20:30:00,2022-10-11,20:30:00,284.854,284.0,0.0,0.0,0.0,0.0,3.88
2022-10-11 21:00:00,2022-10-11,21:00:00,284.875,284.0,0.0,0.0,0.0,0.0,3.27
2022-10-11 21:30:00,2022-10-11,21:30:00,284.896,284.0,0.0,0.0,0.0,0.0,2.99
2022-10-11 22:00:00,2022-10-11,22:00:00,284.917,284.0,0.0,0.0,0.0,0.0,2.38
2022-10-11 22:30:00,2022-10-11,22:30:00,284.938,284.0,0.0,0.0,0.0,0.0,1.66
2022-10-11 23:00:00,2022-10-11,23:00:00,284.958,284.0,0.0,0.0,0.0,0.0,2.15
2022-10-11 23:30:00,2022-10-11,23:30:00,284.979,284.0,0.0,0.0,0.0,0.0,1.29
2022-10-12 00:00:00,2022-10-12,00:00:00,285.0,285.0,0.0,0.0,0.0,0.0,0.94
2022-10-12 00:30:00,2022-10-12,00:30:00,285.021,285.0,0.0,0.0,0.0,0.0,-0.23
2022-10-12 01:00:00,2022-10-12,01:00:00,285.042,285.0,0.0,0.0,0.0,0.0,-1.16
2022-10-12 01:30:00,2022-10-12,01:30:00,285.062,285.0,0.0,0.0,0.0,0.0,-3.11
2022-10-12 02:00:00,2022-10-12,02:00:00,285.083,285.0,0.0,0.0,0.0,0.0,-4.19
2022-10-12 02:30:00,2022-10-12,02:30:00,285.104,285.0,0.0,0.0,0.0,0.0,-4.72
2022-10-12 03:00:00,2022-10-12,03:00:00,285.125,285.0,0.0,0.0,0.0,0.0,-4.59
2022-10-12 03:30:00,2022-10-12,03:30:00,285.146,285.0,0.0,0.0,0.0,0.0,-4.46
2022-10-12 04:00:00,2022-10-12,04:00:00,285.167,285.0,0.0,0.0,0.0,0.0,-4.08
2022-10-12 04:30:00,2022-10-12,04:30:00,285.188,285.0,0.0,0.0,0.0,0.0,-4.65
2022-10-12 05:00:00,2022-10-12,05:00:00,285.208,285.0,0.0,0.0,0.0,0.0,-6.4
2022-10-12 05:30:00,2022-10-12,05:30:00,285.229,285.0,0.0,0.0,0.0,0.0,-7.08
2022-10-12 06:00:00,2022-10-12,06:00:00,285.25,285.0,0.0,0.0,0.0,0.0,-7.0
2022-10-12 06:30:00,2022-10-12,06:30:00,285.271,285.0,0.0,0.0,0.0,0.0,-5.99
2022-10-12 07:00:00,2022-10-12,07:00:00,285.292,285.0,0.0,0.0,0.0,0.0,-2.69
2022-10-12 07:30:00,2022-10-12,07:30:00,285.312,285.0,0.0,0.0,0.0,0.0,1.81
2022-10-12 08:00:00,2022-10-12,08:00:00,285.333,285.0,0.0,0.0,0.0,0.0,6.27
2022-10-12 08:30:00,2022-10-12,08:30:00,285.354,285.0,0.0,0.0,0.0,0.0,9.18
2022-10-12 09:00:00,2022-10-12,09:00:00,285.375,285.0,0.0,0.0,0.0,0.0,11.93
2022-10-12 09:30:00,2022-10-12,09:30:00,285.396,285.0,0.0,0.0,0.0,0.0,14.15
2022-10-12 10:00:00,2022-10-12,10:00:00,285.417,285.0,0.0,0.0,0.0,0.0,16.03
2022-10-12 10:30:00,2022-10-12,10:30:00,285.438,285.0,0.0,0.0,0.0,0.0,17.62
2022-10-12 11:00:00,2022-10-12,11:00:00,285.458,285.0,0.0,0.0,0.0,0.0,16.95
2022-10-12 11:30:00,2022-10-12,11:30:00,285.479,285.0,0.0,0.0,0.0,0.0,16.87
2022-10-12 12:00:00,2022-10-12,12:00:00,285.5,285.0,0.0,0.0,0.0,0.0,17.1
2022-10-12 12:30:00,2022-10-12,12:30:00,285.521,285.0,0.0,0.0,0.0,0.0,17.17
2022-10-12 13:00:00,2022-10-12,13:00:00,285.542,285.0,0.0,0.0,0.0,0.0,17.36
2022-10-12 13:30:00,2022-10-12,13:30:00,285.562,285.0,0.0,0.0,0.0,0.0,17.15
2022-10-12 14:00:00,2022-10-12,14:00:00,285.583,285.0,0.0,0.0,0.0,0.0,16.62
2022-10-12 14:30:00,2022-10-12,14:30:00,285.604,285.0,0.0,0.0,0.0,0.0,16.14
2022-10-12 15:00:00,2022-10-12,15:00:00,285.625,285.0,0.0,0.0,0.0,0.0,15.07
2022-10-12 15:30:00,2022-10-12,15:30:00,285.646,285.0,0.0,0.0,0.0,0.0,13.64
2022-10-12 16:00:00,2022-10-12,16:00:00,285.667,285.0,0.0,0.0,0.0,0.0,8.94
2022-10-12 16:30:00,2022-10-12,16:30:00,285.688,285.0,0.0,0.0,0.0,0.0,7.9
2022-10-12 17:00:00,2022-10-12,17:00:00,285.708,285.0,0.0,0.0,0.0,0.0,7.06
2022-10-12 17:30:00,2022-10-12,17:30:00,285.729,285.0,0.0,0.0,0.0,0.0,6.18
2022-10-12 18:00:00,2022-10-12,18:00:00,285.75,285.0,0.0,0.0,0.0,0.0,3.65
2022-10-12 18:30:00,2022-10-12,18:30:00,285.771,285.0,0.0,0.0,0.0,0.0,1.83
2022-10-12 19:00:00,2022-10-12,19:00:00,285.792,285.0,0.0,0.0,0.0,0.0,0.18
2022-10-12 19:30:00,2022-10-12,19:30:00,285.812,285.0,0.0,0.0,0.0,0.0,-0.52
2022-10-12 20:00:00,2022-10-12,20:00:00,285.833,285.0,0.0,0.0,0.0,0.0,-0.48
2022-10-12 20:30:00,2022-10-12,20:30:00,285.854,285.0,0.0,0.0,0.0,0.0,-2.09
2022-10-12 21:00:00,2022-10-12,21:00:00,285.875,285.0,0.0,0.0,0.0,0.0,-2.94
2022-10-12 21:30:00,2022-10-12,21:30:00,285.896,285.0,0.0,0.0,0.0,0.0,-3.51
2022-10-12 22:00:00,2022-10-12,22:00:00,285.917,285.0,0.0,0.0,0.0,0.0,-4.31
2022-10-12 22:30:00,2022-10-12,22:30:00,285.938,285.0,0.0,0.0,0.0,0.0,-4.33
2022-10-12 23:00:00,2022-10-12,23:00:00,285.958,285.0,0.0,0.0,0.0,0.0,-4.33
2022-10-12 23:30:00,2022-10-12,23:30:00,285.979,285.0,0.0,0.0,0.0,0.0,-4.31
2022-10-13 00:00:00,2022-10-13,00:00:00,286.0,286.0,0.0,0.0,0.0,0.0,-4.41
2022-10-13 00:30:00,2022-10-13,00:30:00,286.021,286.0,0.0,0.0,0.0,0.0,-5.32
2022-10-13 01:00:00,2022-10-13,01:00:00,286.042,286.0,0.0,0.0,0.0,0.0,-5.51
2022-10-13 01:30:00,2022-10-13,01:30:00,286.062,286.0,0.0,0.0,0.0,0.0,-5.71
2022-10-13 02:00:00,2022-10-13,02:00:00,286.083,286.0,0.0,0.0,0.0,0.0,-5.86
2022-10-13 02:30:00,2022-10-13,02:30:00,286.104,286.0,0.0,0.0,0.0,0.0,-5.97
2022-10-13 03:00:00,2022-10-13,03:00:00,286.125,286.0,0.0,0.0,0.0,0.0,-6.11
2022-10-13 03:30:00,2022-10-13,03:30:00,286.146,286.0,0.0,0.0,0.0,0.0,-6.29
2022-10-13 04:00:00,2022-10-13,04:00:00,286.167,286.0,0.0,0.0,0.0,0.0,-6.46
2022-10-13 04:30:00,2022-10-13,04:30:00,286.188,286.0,0.0,0.0,0.0,0.0,-6.3
2022-10-13 05:00:00,2022-10-13,05:00:00,286.208,286.0,0.0,0.0,0.0,0.0,-6.54
2022-10-13 05:30:00,2022-10-13,05:30:00,286.229,286.0,0.0,0.0,0.0,0.0,-6.75
2022-10-13 06:00:00,2022-10-13,06:00:00,286.25,286.0,0.0,0.0,0.0,0.0,-6.98
2022-10-13 06:30:00,2022-10-13,06:30:00,286.271,286.0,0.0,0.0,0.0,0.0,-5.91
2022-10-13 07:00:00,2022-10-13,07:00:00,286.292,286.0,0.0,0.0,0.0,0.0,-2.71
2022-10-13 07:30:00,2022-10-13,07:30:00,286.312,286.0,0.0,0.0,0.0,0.0,1.75
2022-10-13 08:00:00,2022-10-13,08:00:00,286.333,286.0,0.0,0.0,0.0,0.0,5.88
2022-10-13 08:30:00,2022-10-13,08:30:00,286.354,286.0,0.0,0.0,0.0,0.0,9.24
2022-10-13 09:00:00,2022-10-13,09:00:00,286.375,286.0,0.0,0.0,0.0,0.0,12.2
2022-10-13 09:30:00,2022-10-13,09:30:00,286.396,286.0,0.0,0.0,0.0,0.0,15.21
2022-10-13 10:00:00,2022-10-13,10:00:00,286.417,286.0,0.0,0.0,0.0,0.0,16.54
2022-10-13 10:30:00,2022-10-13,10:30:00,286.438,286.0,0.0,0.0,0.0,0.0,17.36
2022-10-13 11:00:00,2022-10-13,11:00:00,286.458,286.0,0.0,0.0,0.0,0.0,18.25
2022-10-13 11:30:00,2022-10-13,11:30:00,286.479,286.0,0.0,0.0,0.0,0.0,18.18
2022-10-13 12:00:00,2022-10-13,12:00:00,286.5,286.0,0.0,0.0,0.0,0.0,18.42
2022-10-13 12:30:00,2022-10-13,12:30:00,286.521,286.0,0.0,0.0,0.0,0.0,17.98
2022-10-13 13:00:00,2022-10-13,13:00:00,286.542,286.0,0.0,0.0,0.0,0.0,17.68
2022-10-13 13:30:00,2022-10-13,13:30:00,286.562,286.0,0.0,0.0,0.0,0.0,17.73
2022-10-13 14:00:00,2022-10-13,14:00:00,286.583,286.0,0.0,0.0,0.0,0.0,17.34
2022-10-13 14:30:00,2022-10-13,14:30:00,286.604,286.0,0.0,0.0,0.0,0.0,15.24
2022-10-13 15:00:00,2022-10-13,15:00:00,286.625,286.0,0.0,0.0,0.0,0.0,15.2
2022-10-13 15:30:00,2022-10-13,15:30:00,286.646,286.0,0.0,0.0,0.0,0.0,14.01
2022-10-13 16:00:00,2022-10-13,16:00:00,286.667,286.0,0.0,0.0,0.0,0.0,8.68
2022-10-13 16:30:00,2022-10-13,16:30:00,286.688,286.0,0.0,0.0,0.0,0.0,6.73
2022-10-13 17:00:00,2022-10-13,17:00:00,286.708,286.0,0.0,0.0,0.0,0.0,5.3
2022-10-13 17:30:00,2022-10-13,17:30:00,286.729,286.0,0.0,0.0,0.0,0.0,4.6
2022-10-13 18:00:00,2022-10-13,18:00:00,286.75,286.0,0.0,0.0,0.0,0.0,3.4
2022-10-13 18:30:00,2022-10-13,18:30:00,286.771,286.0,0.0,0.0,0.0,0.0,2.77
2022-10-13 19:00:00,2022-10-13,19:00:00,286.792,286.0,0.0,0.0,0.0,0.0,0.81
2022-10-13 19:30:00,2022-10-13,19:30:00,286.812,286.0,0.0,0.0,0.0,0.0,0.9
2022-10-13 20:00:00,2022-10-13,20:00:00,286.833,286.0,0.0,0.0,0.0,0.0,0.81
2022-10-13 20:30:00,2022-10-13,20:30:00,286.854,286.0,0.0,0.0,0.0,0.0,-1.62
2022-10-13 21:00:00,2022-10-13,21:00:00,286.875,286.0,0.0,0.0,0.0,0.0,-2.98
2022-10-13 21:30:00,2022-10-13,21:30:00,286.896,286.0,0.0,0.0,0.0,0.0,-3.59
2022-10-13 22:00:00,2022-10-13,22:00:00,286.917,286.0,0.0,0.0,0.0,0.0,-4.36
2022-10-13 22:30:00,2022-10-13,22:30:00,286.938,286.0,0.0,0.0,0.0,0.0,-5.46
2022-10-13 23:00:00,2022-10-13,23:00:00,286.958,286.0,0.0,0.0,0.0,0.0,-5.13
2022-10-13 23:30:00,2022-10-13,23:30:00,286.979,286.0,0.0,0.0,0.0,0.0,-5.03
2022-10-14 00:00:00,2022-10-14,00:00:00,287.0,287.0,0.0,0.0,0.0,0.0,-5.23
2022-10-14 00:30:00,2022-10-14,00:30:00,287.021,287.0,0.0,0.0,0.0,0.0,-5.84
2022-10-14 01:00:00,2022-10-14,01:00:00,287.042,287.0,0.0,0.0,0.0,0.0,-6.21
2022-10-14 01:30:00,2022-10-14,01:30:00,287.062,287.0,0.0,0.0,0.0,0.0,-6.84
2022-10-14 02:00:00,2022-10-14,02:00:00,287.083,287.0,0.0,0.0,0.0,0.0,-7.05
2022-10-14 02:30:00,2022-10-14,02:30:00,287.104,287.0,0.0,0.0,0.0,0.0,-7.53
2022-10-14 03:00:00,2022-10-14,03:00:00,287.125,287.0,0.0,0.0,0.0,0.0,-7.25
2022-10-14 03:30:00,2022-10-14,03:30:00,287.146,287.0,0.0,0.0,0.0,0.0,-7.66
2022-10-14 04:00:00,2022-10-14,04:00:00,287.167,287.0,0.0,0.0,0.0,0.0,-7.91
2022-10-14 04:30:00,2022-10-14,04:30:00,287.188,287.0,0.0,0.0,0.0,0.0,-8.3
2022-10-14 05:00:00,2022-10-14,05:00:00,287.208,287.0,0.0,0.0,0.0,0.0,-8.54
2022-10-14 05:30:00,2022-10-14,05:30:00,287.229,287.0,0.0,0.0,0.0,0.0,-8.8
2022-10-14 06:00:00,2022-10-14,06:00:00,287.25,287.0,0.0,0.0,0.0,0.0,-8.65
2022-10-14 06:30:00,2022-10-14,06:30:00,287.271,287.0,0.0,0.0,0.0,0.0,-7.57
2022-10-14 07:00:00,2022-10-14,07:00:00,287.292,287.0,0.0,0.0,0.0,0.0,-4.54
2022-10-14 07:30:00,2022-10-14,07:30:00,287.312,287.0,0.0,0.0,0.0,0.0,-0.41
2022-10-14 08:00:00,2022-10-14,08:00:00,287.333,287.0,0.0,0.0,0.0,0.0,4.17
2022-10-14 08:30:00,2022-10-14,08:30:00,287.354,287.0,0.0,0.0,0.0,0.0,7.36
2022-10-14 09:00:00,2022-10-14,09:00:00,287.375,287.0,0.0,0.0,0.0,0.0,10.77
2022-10-14 09:30:00,2022-10-14,09:30:00,287.396,287.0,0.0,0.0,0.0,0.0,13.3
2022-10-14 10:00:00,2022-10-14,10:00:00,287.417,287.0,0.0,0.0,0.0,0.0,15.24
2022-10-14 10:30:00,2022-10-14,10:30:00,287.438,287.0,0.0,0.0,0.0,0.0,17.15
2022-10-14 11:00:00,2022-10-14,11:00:00,287.458,287.0,0.0,0.0,0.0,0.0,18.13
2022-10-14 11:30:00,2022-10-14,11:30:00,287.479,287.0,0.0,0.0,0.0,0.0,18.54
2022-10-14 12:00:00,2022-10-14,12:00:00,287.5,287.0,0.0,0.0,0.0,0.0,18.42
2022-10-14 12:30:00,2022-10-14,12:30:00,287.521,287.0,0.0,0.0,0.0,0.0,18.59
2022-10-14 13:00:00,2022-10-14,13:00:00,287.542,287.0,0.0,0.0,0.0,0.0,18.98
2022-10-14 13:30:00,2022-10-14,13:30:00,287.562,287.0,0.0,0.0,0.0,0.0,18.87
2022-10-14 14:00:00,2022-10-14,14:00:00,287.583,287.0,0.0,0.0,0.0,0.0,18.14
2022-10-14 14:30:00,2022-10-14,14:30:00,287.604,287.0,0.0,0.0,0.0,0.0,17.19
2022-10-14 15:00:00,2022-10-14,15:00:00,287.625,287.0,0.0,0.0,0.0,0.0,15.46
2022-10-14 15:30:00,2022-10-14,15:30:00,287.646,287.0,0.0,0.0,0.0,0.0,13.97
2022-10-14 16:00:00,2022-10-14,16:00:00,287.667,287.0,0.0,0.0,0.0,0.0,8.93
2022-10-14 16:30:00,2022-10-14,16:30:00,287.688,287.0,0.0,0.0,0.0,0.0,7.39
2022-10-14 17:00:00,2022-10-14,17:00:00,287.708,287.0,0.0,0.0,0.0,0.0,4.87
2022-10-14 17:30:00,2022-10-14,17:30:00,287.729,287.0,0.0,0.0,0.0,0.0,1.98
2022-10-14 18:00:00,2022-10-14,18:00:00,287.75,287.0,0.0,0.0,0.0,0.0,1.4
2022-10-14 18:30:00,2022-10-14,18:30:00,287.771,287.0,0.0,0.0,0.0,0.0,0.67
2022-10-14 19:00:00,2022-10-14,19:00:00,287.792,287.0,0.0,0.0,0.0,0.0,-0.06
2022-10-14 19:30:00,2022-10-14,19:30:00,287.812,287.0,0.0,0.0,0.0,0.0,-1.35
2022-10-14 20:00:00,2022-10-14,20:00:00,287.833,287.0,0.0,0.0,0.0,0.0,-1.59
2022-10-14 20:30:00,2022-10-14,20:30:00,287.854,287.0,0.0,0.0,0.0,0.0,-2.08
2022-10-14 21:00:00,2022-10-14,21:00:00,287.875,287.0,0.0,0.0,0.0,0.0,-3.08
2022-10-14 21:30:00,2022-10-14,21:30:00,287.896,287.0,0.0,0.0,0.0,0.0,-3.77
2022-10-14 22:00:00,2022-10-14,22:00:00,287.917,287.0,0.0,0.0,0.0,0.0,-4.29
2022-10-14 22:30:00,2022-10-14,22:30:00,287.938,287.0,0.0,0.0,0.0,0.0,-4.87
2022-10-14 23:00:00,2022-10-14,23:00:00,287.958,287.0,0.0,0.0,0.0,0.0,-5.14
2022-10-14 23:30:00,2022-10-14,23:30:00,287.979,287.0,0.0,0.0,0.0,0.0,-5.46
2022-10-15 00:00:00,2022-10-15,00:00:00,288.0,288.0,0.0,0.0,0.0,0.0,-3.64
2022-10-15 00:30:00,2022-10-15,00:30:00,288.021,288.0,0.0,0.0,0.0,0.0,-6.7
2022-10-15 01:00:00,2022-10-15,01:00:00,288.042,288.0,0.0,0.0,0.0,0.0,-6.85
2022-10-15 01:30:00,2022-10-15,01:30:00,288.062,288.0,0.0,0.0,0.0,0.0,-7.18
2022-10-15 02:00:00,2022-10-15,02:00:00,288.083,288.0,0.0,0.0,0.0,0.0,-7.42
2022-10-15 02:30:00,2022-10-15,02:30:00,288.104,288.0,0.0,0.0,0.0,0.0,-7.73
2022-10-15 03:00:00,2022-10-15,03:00:00,288.125,288.0,0.0,0.0,0.0,0.0,-7.9
2022-10-15 03:30:00,2022-10-15,03:30:00,288.146,288.0,0.0,0.0,0.0,0.0,-7.5
2022-10-15 04:00:00,2022-10-15,04:00:00,288.167,288.0,0.0,0.0,0.0,0.0,-8.23
2022-10-15 04:30:00,2022-10-15,04:30:00,288.188,288.0,0.0,0.0,0.0,0.0,-8.0
2022-10-15 05:00:00,2022-10-15,05:00:00,288.208,288.0,0.0,0.0,0.0,0.0,-8.25
2022-10-15 05:30:00,2022-10-15,05:30:00,288.229,288.0,0.0,0.0,0.0,0.0,-8.73
2022-10-15 06:00:00,2022-10-15,06:00:00,288.25,288.0,0.0,0.0,0.0,0.0,-9.03
2022-10-15 06:30:00,2022-10-15,06:30:00,288.271,288.0,0.0,0.0,0.0,0.0,-7.77
2022-10-15 07:00:00,2022-10-15,07:00:00,288.292,288.0,0.0,0.0,0.0,0.0,-4.28
2022-10-15 07:30:00,2022-10-15,07:30:00,288.312,288.0,0.0,0.0,0.0,0.0,-0.12
2022-10-15 08:00:00,2022-10-15,08:00:00,288.333,288.0,0.0,0.0,0.0,0.0,5.58
2022-10-15 08:30:00,2022-10-15,08:30:00,288.354,288.0,0.0,0.0,0.0,0.0,8.7
2022-10-15 09:00:00,2022-10-15,09:00:00,288.375,288.0,0.0,0.0,0.0,0.0,11.15
2022-10-15 09:30:00,2022-10-15,09:30:00,288.396,288.0,0.0,0.0,0.0,0.0,14.26
2022-10-15 10:00:00,2022-10-15,10:00:00,288.417,288.0,0.0,0.0,0.0,0.0,16.05
2022-10-15 10:30:00,2022-10-15,10:30:00,288.438,288.0,0.0,0.0,0.0,0.0,17.8
2022-10-15 11:00:00,2022-10-15,11:00:00,288.458,288.0,0.0,0.0,0.0,0.0,19.42
2022-10-15 11:30:00,2022-10-15,11:30:00,288.479,288.0,0.0,0.0,0.0,0.0,20.08
2022-10-15 12:00:00,2022-10-15,12:00:00,288.5,288.0,0.0,0.0,0.0,0.0,20.74
2022-10-15 12:30:00,2022-10-15,12:30:00,288.521,288.0,0.0,0.0,0.0,0.0,19.52
2022-10-15 13:00:00,2022-10-15,13:00:00,288.542,288.0,0.0,0.0,0.0,0.0,20.23
2022-10-15 13:30:00,2022-10-15,13:30:00,288.562,288.0,0.0,0.0,0.0,0.0,19.56
2022-10-15 14:00:00,2022-10-15,14:00:00,288.583,288.0,0.0,0.0,0.0,0.0,18.86
2022-10-15 14:30:00,2022-10-15,14:30:00,288.604,288.0,0.0,0.0,0.0,0.0,17.61
2022-10-15 15:00:00,2022-10-15,15:00:00,288.625,288.0,0.0,0.0,0.0,0.0,16.55
2022-10-15 15:30:00,2022-10-15,15:30:00,288.646,288.0,0.0,0.0,0.0,0.0,15.02
2022-10-15 16:00:00,2022-10-15,16:00:00,288.667,288.0,0.0,0.0,0.0,0.0,8.45
2022-10-15 16:30:00,2022-10-15,16:30:00,288.688,288.0,0.0,0.0,0.0,0.0,6.92
2022-10-15 17:00:00,2022-10-15,17:00:00,288.708,288.0,0.0,0.0,0.0,0.0,6.34
2022-10-15 17:30:00,2022-10-15,17:30:00,288.729,288.0,0.0,0.0,0.0,0.0,4.47
2022-10-15 18:00:00,2022-10-15,18:00:00,288.75,288.0,0.0,0.0,0.0,0.0,1.91
2022-10-15 18:30:00,2022-10-15,18:30:00,288.771,288.0,0.0,0.0,0.0,0.0,1.2
2022-10-15 19:00:00,2022-10-15,19:00:00,288.792,288.0,0.0,0.0,0.0,0.0,0.61
2022-10-15 19:30:00,2022-10-15,19:30:00,288.812,288.0,0.0,0.0,0.0,0.0,0.2
2022-10-15 20:00:00,2022-10-15,20:00:00,288.833,288.0,0.0,0.0,0.0,0.0,-1.68
2022-10-15 20:30:00,2022-10-15,20:30:00,288.854,288.0,0.0,0.0,0.0,0.0,-2.2
2022-10-15 21:00:00,2022-10-15,21:00:00,288.875,288.0,0.0,0.0,0.0,0.0,-3.5
2022-10-15 21:30:00,2022-10-15,21:30:00,288.896,288.0,0.0,0.0,0.0,0.0,-4.25
2022-10-15 22:00:00,2022-10-15,22:00:00,288.917,288.0,0.0,0.0,0.0,0.0,-4.54
2022-10-15 22:30:00,2022-10-15,22:30:00,288.938,288.0,0.0,0.0,0.0,0.0,-3.72
2022-10-15 23:00:00,2022-10-15,23:00:00,288.958,288.0,0.0,0.0,0.0,0.0,-4.78
2022-10-15 23:30:00,2022-10-15,23:30:00,288.979,288.0,0.0,0.0,0.0,0.0,-3.52
2022-10-16 00:00:00,2022-10-16,00:00:00,289.0,289.0,0.0,0.0,0.0,0.0,-4.47
2022-10-16 00:30:00,2022-10-16,00:30:00,289.021,289.0,0.0,0.0,0.0,0.0,-4.57
2022-10-16 01:00:00,2022-10-16,01:00:00,289.042,289.0,0.0,0.0,0.0,0.0,-4.9
2022-10-16 01:30:00,2022-10-16,01:30:00,289.062,289.0,0.0,0.0,0.0,0.0,-5.22
2022-10-16 02:00:00,2022-10-16,02:00:00,289.083,289.0,0.0,0.0,0.0,0.0,-5.8
2022-10-16 02:30:00,2022-10-16,02:30:00,289.104,289.0,0.0,0.0,0.0,0.0,-6.43
2022-10-16 03:00:00,2022-10-16,03:00:00,289.125,289.0,0.0,0.0,0.0,0.0,-6.16
2022-10-16 03:30:00,2022-10-16,03:30:00,289.146,289.0,0.0,0.0,0.0,0.0,-5.38
2022-10-16 04:00:00,2022-10-16,04:00:00,289.167,289.0,0.0,0.0,0.0,0.0,-6.76
2022-10-16 04:30:00,2022-10-16,04:30:00,289.188,289.0,0.0,0.0,0.0,0.0,-6.58
2022-10-16 05:00:00,2022-10-16,05:00:00,289.208,289.0,0.0,0.0,0.0,0.0,-6.26
2022-10-16 05:30:00,2022-10-16,05:30:00,289.229,289.0,0.0,0.0,0.0,0.0,-6.44
2022-10-16 06:00:00,2022-10-16,06:00:00,289.25,289.0,0.0,0.0,0.0,0.0,-6.23
2022-10-16 06:30:00,2022-10-16,06:30:00,289.271,289.0,0.0,0.0,0.0,0.0,-5.63
2022-10-16 07:00:00,2022-10-16,07:00:00,289.292,289.0,0.0,0.0,0.0,0.0,-4.08
2022-10-16 07:30:00,2022-10-16,07:30:00,289.312,289.0,0.0,0.0,0.0,0.0,-1.28
2022-10-16 08:00:00,2022-10-16,08:00:00,289.333,289.0,0.0,0.0,0.0,0.0,2.36
2022-10-16 08:30:00,2022-10-16,08:30:00,289.354,289.0,0.0,0.0,0.0,0.0,5.22
2022-10-16 09:00:00,2022-10-16,09:00:00,289.375,289.0,0.0,0.0,0.0,0.0,8.7
2022-10-16 09:30:00,2022-10-16,09:30:00,289.396,289.0,0.0,0.0,0.0,0.0,10.42
2022-10-16 10:00:00,2022-10-16,10:00:00,289.417,289.0,0.0,0.0,0.0,0.0,10.87
2022-10-16 10:30:00,2022-10-16,10:30:00,289.438,289.0,0.0,0.0,0.0,0.0,13.14
2022-10-16 11:00:00,2022-10-16,11:00:00,289.458,289.0,0.0,0.0,0.0,0.0,13.78
2022-10-16 11:30:00,2022-10-16,11:30:00,289.479,289.0,0.0,0.0,0.0,0.0,13.97
2022-10-16 12:00:00,2022-10-16,12:00:00,289.5,289.0,0.0,0.0,0.0,0.0,13.89
2022-10-16 12:30:00,2022-10-16,12:30:00,289.521,289.0,0.0,0.0,0.0,0.0,13.81
2022-10-16 13:00:00,2022-10-16,13:00:00,289.542,289.0,0.0,0.0,0.0,0.0,13.75
2022-10-16 13:30:00,2022-10-16,13:30:00,289.562,289.0,0.0,0.0,0.0,0.0,13.29
2022-10-16 14:00:00,2022-10-16,14:00:00,289.583,289.0,0.0,0.0,0.0,0.0,12.38
2022-10-16 14:30:00,2022-10-16,14:30:00,289.604,289.0,0.0,0.0,0.0,0.0,11.97
2022-10-16 15:00:00,2022-10-16,15:00:00,289.625,289.0,0.0,0.0,0.0,0.0,12.7
2022-10-16 15:30:00,2022-10-16,15:30:00,289.646,289.0,0.0,0.0,0.0,0.0,12.96
2022-10-16 16:00:00,2022-10-16,16:00:00,289.667,289.0,0.0,0.0,0.0,0.0,9.56
2022-10-16 16:30:00,2022-10-16,16:30:00,289.688,289.0,0.0,0.0,0.0,0.0,7.66
2022-10-16 17:00:00,2022-10-16,17:00:00,289.708,289.0,0.0,0.0,0.0,0.0,6.11
2022-10-16 17:30:00,2022-10-16,17:30:00,289.729,289.0,0.0,0.0,0.0,0.0,4.7
2022-10-16 18:00:00,2022-10-16,18:00:00,289.75,289.0,0.0,0.0,0.0,0.0,3.9
2022-10-16 18:30:00,2022-10-16,18:30:00,289.771,289.0,0.0,0.0,0.0,0.0,2.38
2022-10-16 19:00:00,2022-10-16,19:00:00,289.792,289.0,0.0,0.0,0.0,0.0,2.18
2022-10-16 19:30:00,2022-10-16,19:30:00,289.812,289.0,0.0,0.0,0.0,0.0,1.13
2022-10-16 20:00:00,2022-10-16,20:00:00,289.833,289.0,0.0,0.0,0.0,0.0,0.57
2022-10-16 20:30:00,2022-10-16,20:30:00,289.854,289.0,0.0,0.0,0.0,0.0,-1.96
2022-10-16 21:00:00,2022-10-16,21:00:00,289.875,289.0,0.0,0.0,0.0,0.0,-3.12
2022-10-16 21:30:00,2022-10-16,21:30:00,289.896,289.0,0.0,0.0,0.0,0.0,-3.84
2022-10-16 22:00:00,2022-10-16,22:00:00,289.917,289.0,0.0,0.0,0.0,0.0,-4.11
2022-10-16 22:30:00,2022-10-16,22:30:00,289.938,289.0,0.0,0.0,0.0,0.0,-4.33
2022-10-16 23:00:00,2022-10-16,23:00:00,289.958,289.0,0.0,0.0,0.0,0.0,-4.72
2022-10-16 23:30:00,2022-10-16,23:30:00,289.979,289.0,0.0,0.0,0.0,0.0,-3.68
2022-10-17 00:00:00,2022-10-17,00:00:00,290.0,290.0,0.0,0.0,0.0,0.0,-5.04
2022-10-17 00:30:00,2022-10-17,00:30:00,290.021,290.0,0.0,0.0,0.0,0.0,-6.23
2022-10-17 01:00:00,2022-10-17,01:00:00,290.042,290.0,0.0,0.0,0.0,0.0,-6.55
2022-10-17 01:30:00,2022-10-17,01:30:00,290.062,290.0,0.0,0.0,0.0,0.0,-6.75
2022-10-17 02:00:00,2022-10-17,02:00:00,290.083,290.0,0.0,0.0,0.0,0.0,-6.99
2022-10-17 02:30:00,2022-10-17,02:30:00,290.104,290.0,0.0,0.0,0.0,0.0,-7.11
2022-10-17 03:00:00,2022-10-17,03:00:00,290.125,290.0,0.0,0.0,0.0,0.0,-7.32
2022-10-17 03:30:00,2022-10-17,03:30:00,290.146,290.0,0.0,0.0,0.0,0.0,-7.56
2022-10-17 04:00:00,2022-10-17,04:00:00,290.167,290.0,0.0,0.0,0.0,0.0,-7.56
2022-10-17 04:30:00,2022-10-17,04:30:00,290.188,290.0,0.0,0.0,0.0,0.0,-7.82
2022-10-17 05:00:00,2022-10-17,05:00:00,290.208,290.0,0.0,0.0,0.0,0.0,-8.24
2022-10-17 05:30:00,2022-10-17,05:30:00,290.229,290.0,0.0,0.0,0.0,0.0,-8.26
2022-10-17 06:00:00,2022-10-17,06:00:00,290.25,290.0,0.0,0.0,0.0,0.0,-8.43
2022-10-17 06:30:00,2022-10-17,06:30:00,290.271,290.0,0.0,0.0,0.0,0.0,-7.49
2022-10-17 07:00:00,2022-10-17,07:00:00,290.292,290.0,0.0,0.0,0.0,0.0,-4.79
2022-10-17 07:30:00,2022-10-17,07:30:00,290.312,290.0,0.0,0.0,0.0,0.0,-1.06
2022-10-17 08:00:00,2022-10-17,08:00:00,290.333,290.0,0.0,0.0,0.0,0.0,2.56
2022-10-17 08:30:00,2022-10-17,08:30:00,290.354,290.0,0.0,0.0,0.0,0.0,6.89
2022-10-17 09:00:00,2022-10-17,09:00:00,290.375,290.0,0.0,0.0,0.0,0.0,10.13
2022-10-17 09:30:00,2022-10-17,09:30:00,290.396,290.0,0.0,0.0,0.0,0.0,12.63
2022-10-17 10:00:00,2022-10-17,10:00:00,290.417,290.0,0.0,0.0,0.0,0.0,14.48
2022-10-17 10:30:00,2022-10-17,10:30:00,290.438,290.0,0.0,0.0,0.0,0.0,16.27
2022-10-17 11:00:00,2022-10-17,11:00:00,290.458,290.0,0.0,0.0,0.0,0.0,17.93
2022-10-17 11:30:00,2022-10-17,11:30:00,290.479,290.0,0.0,0.0,0.0,0.0,19.0
2022-10-17 12:00:00,2022-10-17,12:00:00,290.5,290.0,0.0,0.0,0.0,0.0,19.58
2022-10-17 12:30:00,2022-10-17,12:30:00,290.521,290.0,0.0,0.0,0.0,0.0,18.26
2022-10-17 13:00:00,2022-10-17,13:00:00,290.542,290.0,0.0,0.0,0.0,0.0,14.13
2022-10-17 13:30:00,2022-10-17,13:30:00,290.562,290.0,0.0,0.0,0.0,0.0,18.39
2022-10-17 14:00:00,2022-10-17,14:00:00,290.583,290.0,0.0,0.0,0.0,0.0,15.93
2022-10-17 14:30:00,2022-10-17,14:30:00,290.604,290.0,0.0,0.0,0.0,0.0,14.18
2022-10-17 15:00:00,2022-10-17,15:00:00,290.625,290.0,0.0,0.0,0.0,0.0,15.09
2022-10-17 15:30:00,2022-10-17,15:30:00,290.646,290.0,0.0,0.0,0.0,0.0,14.59
2022-10-17 16:00:00,2022-10-17,16:00:00,290.667,290.0,0.0,0.0,0.0,0.0,11.24
2022-10-17 16:30:00,2022-10-17,16:30:00,290.688,290.0,0.0,0.0,0.0,0.0,9.65
2022-10-17 17:00:00,2022-10-17,17:00:00,290.708,290.0,0.0,0.0,0.0,0.0,7.49
2022-10-17 17:30:00,2022-10-17,17:30:00,290.729,290.0,0.0,0.0,0.0,0.0,5.92
2022-10-17 18:00:00,2022-10-17,18:00:00,290.75,290.0,0.0,0.0,0.0,0.0,6.11
2022-10-17 18:30:00,2022-10-17,18:30:00,290.771,290.0,0.0,0.0,0.0,0.0,6.2
2022-10-17 19:00:00,2022-10-17,19:00:00,290.792,290.0,0.0,0.0,0.0,0.0,6.35
2022-10-17 19:30:00,2022-10-17,19:30:00,290.812,290.0,0.0,0.0,0.0,0.0,4.49
2022-10-17 20:00:00,2022-10-17,20:00:00,290.833,290.0,0.0,0.0,0.0,0.0,3.34
2022-10-17 20:30:00,2022-10-17,20:30:00,290.854,290.0,0.0,0.0,0.0,0.0,1.27
2022-10-17 21:00:00,2022-10-17,21:00:00,290.875,290.0,0.0,0.0,0.0,0.0,-0.58
2022-10-17 21:30:00,2022-10-17,21:30:00,290.896,290.0,0.0,0.0,0.0,0.0,-1.39
2022-10-17 22:00:00,2022-10-17,22:00:00,290.917,290.0,0.0,0.0,0.0,0.0,-2.43
2022-10-17 22:30:00,2022-10-17,22:30:00,290.938,290.0,0.0,0.0,0.0,0.0,-3.31
2022-10-17 23:00:00,2022-10-17,23:00:00,290.958,290.0,0.0,0.0,0.0,0.0,-4.05
2022-10-17 23:30:00,2022-10-17,23:30:00,290.979,290.0,0.0,0.0,0.0,0.0,-4.57
2022-10-18 00:00:00,2022-10-18,00:00:00,291.0,291.0,0.0,0.0,0.0,0.0,-4.83
2022-10-18 00:30:00,2022-10-18,00:30:00,291.021,291.0,0.0,0.0,0.0,0.0,-5.34
2022-10-18 01:00:00,2022-10-18,01:00:00,291.042,291.0,0.0,0.0,0.0,0.0,-5.54
2022-10-18 01:30:00,2022-10-18,01:30:00,291.062,291.0,0.0,0.0,0.0,0.0,-6.19
2022-10-18 02:00:00,2022-10-18,02:00:00,291.083,291.0,0.0,0.0,0.0,0.0,-6.24
2022-10-18 02:30:00,2022-10-18,02:30:00,291.104,291.0,0.0,0.0,0.0,0.0,-6.74
2022-10-18 03:00:00,2022-10-18,03:00:00,291.125,291.0,0.0,0.0,0.0,0.0,-7.3
2022-10-18 03:30:00,2022-10-18,03:30:00,291.146,291.0,0.0,0.0,0.0,0.0,-7.28
2022-10-18 04:00:00,2022-10-18,04:00:00,291.167,291.0,0.0,0.0,0.0,0.0,-7.6
2022-10-18 04:30:00,2022-10-18,04:30:00,291.188,291.0,0.0,0.0,0.0,0.0,-7.86
2022-10-18 05:00:00,2022-10-18,05:00:00,291.208,291.0,0.0,0.0,0.0,0.0,-7.94
2022-10-18 05:30:00,2022-10-18,05:30:00,291.229,291.0,0.0,0.0,0.0,0.0,-8.21
2022-10-18 06:00:00,2022-10-18,06:00:00,291.25,291.0,0.0,0.0,0.0,0.0,-8.2
2022-10-18 06:30:00,2022-10-18,06:30:00,291.271,291.0,0.0,0.0,0.0,0.0,-7.51
2022-10-18 07:00:00,2022-10-18,07:00:00,291.292,291.0,0.0,0.0,0.0,0.0,-4.75
2022-10-18 07:30:00,2022-10-18,07:30:00,291.312,291.0,0.0,0.0,0.0,0.0,-0.55
2022-10-18 08:00:00,2022-10-18,08:00:00,291.333,291.0,0.0,0.0,0.0,0.0,4.25
2022-10-18 08:30:00,2022-10-18,08:30:00,291.354,291.0,0.0,0.0,0.0,0.0,7.81
2022-10-18 09:00:00,2022-10-18,09:00:00,291.375,291.0,0.0,0.0,0.0,0.0,10.7
2022-10-18 09:30:00,2022-10-18,09:30:00,291.396,291.0,0.0,0.0,0.0,0.0,13.53
2022-10-18 10:00:00,2022-10-18,10:00:00,291.417,291.0,0.0,0.0,0.0,0.0,16.03
2022-10-18 10:30:00,2022-10-18,10:30:00,291.438,291.0,0.0,0.0,0.0,0.0,18.21
2022-10-18 11:00:00,2022-10-18,11:00:00,291.458,291.0,0.0,0.0,0.0,0.0,18.51
2022-10-18 11:30:00,2022-10-18,11:30:00,291.479,291.0,0.0,0.0,0.0,0.0,19.4
2022-10-18 12:00:00,2022-10-18,12:00:00,291.5,291.0,0.0,0.0,0.0,0.0,20.38
2022-10-18 12:30:00,2022-10-18,12:30:00,291.521,291.0,0.0,0.0,0.0,0.0,20.46
2022-10-18 13:00:00,2022-10-18,13:00:00,291.542,291.0,0.0,0.0,0.0,0.0,20.75
2022-10-18 13:30:00,2022-10-18,13:30:00,291.562,291.0,0.0,0.0,0.0,0.0,20.34
2022-10-18 14:00:00,2022-10-18,14:00:00,291.583,291.0,0.0,0.0,0.0,0.0,19.59
2022-10-18 14:30:00,2022-10-18,14:30:00,291.604,291.0,0.0,0.0,0.0,0.0,18.07
2022-10-18 15:00:00,2022-10-18,15:00:00,291.625,291.0,0.0,0.0,0.0,0.0,16.68
2022-10-18 15:30:00,2022-10-18,15:30:00,291.646,291.0,0.0,0.0,0.0,0.0,12.86
2022-10-18 16:00:00,2022-10-18,16:00:00,291.667,291.0,0.0,0.0,0.0,0.0,8.87
2022-10-18 16:30:00,2022-10-18,16:30:00,291.688,291.0,0.0,0.0,0.0,0.0,7.19
2022-10-18 17:00:00,2022-10-18,17:00:00,291.708,291.0,0.0,0.0,0.0,0.0,6.21
2022-10-18 17:30:00,2022-10-18,17:30:00,291.729,291.0,0.0,0.0,0.0,0.0,5.63
2022-10-18 18:00:00,2022-10-18,18:00:00,291.75,291.0,0.0,0.0,0.0,0.0,4.91
2022-10-18 18:30:00,2022-10-18,18:30:00,291.771,291.0,0.0,0.0,0.0,0.0,2.96
2022-10-18 19:00:00,2022-10-18,19:00:00,291.792,291.0,0.0,0.0,0.0,0.0,1.61
2022-10-18 19:30:00,2022-10-18,19:30:00,291.812,291.0,0.0,0.0,0.0,0.0,1.08
2022-10-18 20:00:00,2022-10-18,20:00:00,291.833,291.0,0.0,0.0,0.0,0.0,0.09
2022-10-18 20:30:00,2022-10-18,20:30:00,291.854,291.0,0.0,0.0,0.0,0.0,-1.02
2022-10-18 21:00:00,2022-10-18,21:00:00,291.875,291.0,0.0,0.0,0.0,0.0,-0.98
2022-10-18 21:30:00,2022-10-18,21:30:00,291.896,291.0,0.0,0.0,0.0,0.0,-2.12
2022-10-18 22:00:00,2022-10-18,22:00:00,291.917,291.0,0.0,0.0,0.0,0.0,-2.55
2022-10-18 22:30:00,2022-10-18,22:30:00,291.938,291.0,0.0,0.0,0.0,0.0,-3.1
2022-10-18 23:00:00,2022-10-18,23:00:00,291.958,291.0,0.0,0.0,0.0,0.0,-4.07
2022-10-18 23:30:00,2022-10-18,23:30:00,291.979,291.0,0.0,0.0,0.0,0.0,-4.99
2022-10-19 00:00:00,2022-10-19,00:00:00,292.0,292.0,0.0,0.0,0.0,0.0,-5.03
2022-10-19 00:30:00,2022-10-19,00:30:00,292.021,292.0,0.0,0.0,0.0,0.0,-5.93
2022-10-19 01:00:00,2022-10-19,01:00:00,292.042,292.0,0.0,0.0,0.0,0.0,-6.2
2022-10-19 01:30:00,2022-10-19,01:30:00,292.062,292.0,0.0,0.0,0.0,0.0,-6.43
2022-10-19 02:00:00,2022-10-19,02:00:00,292.083,292.0,0.0,0.0,0.0,0.0,-7.06
2022-10-19 02:30:00,2022-10-19,02:30:00,292.104,292.0,0.0,0.0,0.0,0.0,-7.14
2022-10-19 03:00:00,2022-10-19,03:00:00,292.125,292.0,0.0,0.0,0.0,0.0,-7.52
2022-10-19 03:30:00,2022-10-19,03:30:00,292.146,292.0,0.0,0.0,0.0,0.0,-7.75
2022-10-19 04:00:00,2022-10-19,04:00:00,292.167,292.0,0.0,0.0,0.0,0.0,-8.11
2022-10-19 04:30:00,2022-10-19,04:30:00,292.188,292.0,0.0,0.0,0.0,0.0,-8.27
2022-10-19 05:00:00,2022-10-19,05:00:00,292.208,292.0,0.0,0.0,0.0,0.0,-8.18
2022-10-19 05:30:00,2022-10-19,05:30:00,292.229,292.0,0.0,0.0,0.0,0.0,-8.73
2022-10-19 06:00:00,2022-10-19,06:00:00,292.25,292.0,0.0,0.0,0.0,0.0,-8.91
2022-10-19 06:30:00,2022-10-19,06:30:00,292.271,292.0,0.0,0.0,0.0,0.0,-7.83
2022-10-19 07:00:00,2022-10-19,07:00:00,292.292,292.0,0.0,0.0,0.0,0.0,-4.86
2022-10-19 07:30:00,2022-10-19,07:30:00,292.312,292.0,0.0,0.0,0.0,0.0,-0.57
2022-10-19 08:00:00,2022-10-19,08:00:00,292.333,292.0,0.0,0.0,0.0,0.0,4.02
2022-10-19 08:30:00,2022-10-19,08:30:00,292.354,292.0,0.0,0.0,0.0,0.0,7.81
2022-10-19 09:00:00,2022-10-19,09:00:00,292.375,292.0,0.0,0.0,0.0,0.0,11.1
2022-10-19 09:30:00,2022-10-19,09:30:00,292.396,292.0,0.0,0.0,0.0,0.0,13.74
2022-10-19 10:00:00,2022-10-19,10:00:00,292.417,292.0,0.0,0.0,0.0,0.0,16.19
2022-10-19 10:30:00,2022-10-19,10:30:00,292.438,292.0,0.0,0.0,0.0,0.0,17.88
2022-10-19 11:00:00,2022-10-19,11:00:00,292.458,292.0,0.0,0.0,0.0,0.0,19.63
2022-10-19 11:30:00,2022-10-19,11:30:00,292.479,292.0,0.0,0.0,0.0,0.0,21.42
2022-10-19 12:00:00,2022-10-19,12:00:00,292.5,292.0,0.0,0.0,0.0,0.0,22.7
2022-10-19 12:30:00,2022-10-19,12:30:00,292.521,292.0,0.0,0.0,0.0,0.0,22.43
2022-10-19 13:00:00,2022-10-19,13:00:00,292.542,292.0,0.0,0.0,0.0,0.0,21.89
2022-10-19 13:30:00,2022-10-19,13:30:00,292.562,292.0,0.0,0.0,0.0,0.0,20.83
2022-10-19 14:00:00,2022-10-19,14:00:00,292.583,292.0,0.0,0.0,0.0,0.0,18.78
2022-10-19 14:30:00,2022-10-19,14:30:00,292.604,292.0,0.0,0.0,0.0,0.0,18.13
2022-10-19 15:00:00,2022-10-19,15:00:00,292.625,292.0,0.0,0.0,0.0,0.0,16.85
2022-10-19 15:30:00,2022-10-19,15:30:00,292.646,292.0,0.0,0.0,0.0,0.0,12.61
2022-10-19 16:00:00,2022-10-19,16:00:00,292.667,292.0,0.0,0.0,0.0,0.0,8.9
2022-10-19 16:30:00,2022-10-19,16:30:00,292.688,292.0,0.0,0.0,0.0,0.0,7.42
2022-10-19 17:00:00,2022-10-19,17:00:00,292.708,292.0,0.0,0.0,0.0,0.0,5.87
2022-10-19 17:30:00,2022-10-19,17:30:00,292.729,292.0,0.0,0.0,0.0,0.0,4.24
2022-10-19 18:00:00,2022-10-19,18:00:00,292.75,292.0,0.0,0.0,0.0,0.0,2.52
2022-10-19 18:30:00,2022-10-19,18:30:00,292.771,292.0,0.0,0.0,0.0,0.0,1.85
2022-10-19 19:00:00,2022-10-19,19:00:00,292.792,292.0,0.0,0.0,0.0,0.0,0.72
2022-10-19 19:30:00,2022-10-19,19:30:00,292.812,292.0,0.0,0.0,0.0,0.0,1.59
2022-10-19 20:00:00,2022-10-19,20:00:00,292.833,292.0,0.0,0.0,0.0,0.0,1.76
2022-10-19 20:30:00,2022-10-19,20:30:00,292.854,292.0,0.0,0.0,0.0,0.0,0.23
2022-10-19 21:00:00,2022-10-19,21:00:00,292.875,292.0,0.0,0.0,0.0,0.0,-1.75
2022-10-19 21:30:00,2022-10-19,21:30:00,292.896,292.0,0.0,0.0,0.0,0.0,-2.76
2022-10-19 22:00:00,2022-10-19,22:00:00,292.917,292.0,0.0,0.0,0.0,0.0,-1.98
2022-10-19 22:30:00,2022-10-19,22:30:00,292.938,292.0,0.0,0.0,0.0,0.0,-1.97
2022-10-19 23:00:00,2022-10-19,23:00:00,292.958,292.0,0.0,0.0,0.0,0.0,-2.81
2022-10-19 23:30:00,2022-10-19,23:30:00,292.979,292.0,0.0,0.0,0.0,0.0,-2.64
2022-10-20 00:00:00,2022-10-20,00:00:00,293.0,293.0,0.0,0.0,0.0,0.0,-2.55
2022-10-20 00:30:00,2022-10-20,00:30:00,293.021,293.0,0.0,0.0,0.0,0.0,-4.02
2022-10-20 01:00:00,2022-10-20,01:00:00,293.042,293.0,0.0,0.0,0.0,0.0,-4.8
2022-10-20 01:30:00,2022-10-20,01:30:00,293.062,293.0,0.0,0.0,0.0,0.0,-5.42
2022-10-20 02:00:00,2022-10-20,02:00:00,293.083,293.0,0.0,0.0,0.0,0.0,-5.89
2022-10-20 02:30:00,2022-10-20,02:30:00,293.104,293.0,0.0,0.0,0.0,0.0,-5.87
2022-10-20 03:00:00,2022-10-20,03:00:00,293.125,293.0,0.0,0.0,0.0,0.0,-6.27
2022-10-20 03:30:00,2022-10-20,03:30:00,293.146,293.0,0.0,0.0,0.0,0.0,-6.64
2022-10-20 04:00:00,2022-10-20,04:00:00,293.167,293.0,0.0,0.0,0.0,0.0,-6.89
2022-10-20 04:30:00,2022-10-20,04:30:00,293.188,293.0,0.0,0.0,0.0,0.0,-7.32
2022-10-20 05:00:00,2022-10-20,05:00:00,293.208,293.0,0.0,0.0,0.0,0.0,-7.61
2022-10-20 05:30:00,2022-10-20,05:30:00,293.229,293.0,0.0,0.0,0.0,0.0,-8.21
2022-10-20 06:00:00,2022-10-20,06:00:00,293.25,293.0,0.0,0.0,0.0,0.0,-8.22
2022-10-20 06:30:00,2022-10-20,06:30:00,293.271,293.0,0.0,0.0,0.0,0.0,-7.81
2022-10-20 07:00:00,2022-10-20,07:00:00,293.292,293.0,0.0,0.0,0.0,0.0,-4.65
2022-10-20 07:30:00,2022-10-20,07:30:00,293.312,293.0,0.0,0.0,0.0,0.0,-0.58
2022-10-20 08:00:00,2022-10-20,08:00:00,293.333,293.0,0.0,0.0,0.0,0.0,4.59
2022-10-20 08:30:00,2022-10-20,08:30:00,293.354,293.0,0.0,0.0,0.0,0.0,8.5
2022-10-20 09:00:00,2022-10-20,09:00:00,293.375,293.0,0.0,0.0,0.0,0.0,11.62
2022-10-20 09:30:00,2022-10-20,09:30:00,293.396,293.0,0.0,0.0,0.0,0.0,13.77
2022-10-20 10:00:00,2022-10-20,10:00:00,293.417,293.0,0.0,0.0,0.0,0.0,15.98
2022-10-20 10:30:00,2022-10-20,10:30:00,293.438,293.0,0.0,0.0,0.0,0.0,18.01
2022-10-20 11:00:00,2022-10-20,11:00:00,293.458,293.0,0.0,0.0,0.0,0.0,19.07
2022-10-20 11:30:00,2022-10-20,11:30:00,293.479,293.0,0.0,0.0,0.0,0.0,20.32
2022-10-20 12:00:00,2022-10-20,12:00:00,293.5,293.0,0.0,0.0,0.0,0.0,21.2
2022-10-20 12:30:00,2022-10-20,12:30:00,293.521,293.0,0.0,0.0,0.0,0.0,22.1
2022-10-20 13:00:00,2022-10-20,13:00:00,293.542,293.0,0.0,0.0,0.0,0.0,20.45
2022-10-20 13:30:00,2022-10-20,13:30:00,293.562,293.0,0.0,0.0,0.0,0.0,19.59
2022-10-20 14:00:00,2022-10-20,14:00:00,293.583,293.0,0.0,0.0,0.0,0.0,18.37
2022-10-20 14:30:00,2022-10-20,14:30:00,293.604,293.0,0.0,0.0,0.0,0.0,15.92
2022-10-20 15:00:00,2022-10-20,15:00:00,293.625,293.0,0.0,0.0,0.0,0.0,14.54
2022-10-20 15:30:00,2022-10-20,15:30:00,293.646,293.0,0.0,0.0,0.0,0.0,11.01
2022-10-20 16:00:00,2022-10-20,16:00:00,293.667,293.0,0.0,0.0,0.0,0.0,9.46
2022-10-20 16:30:00,2022-10-20,16:30:00,293.688,293.0,0.0,0.0,0.0,0.0,8.67
2022-10-20 17:00:00,2022-10-20,17:00:00,293.708,293.0,0.0,0.0,0.0,0.0,7.51
2022-10-20 17:30:00,2022-10-20,17:30:00,293.729,293.0,0.0,0.0,0.0,0.0,4.26
2022-10-20 18:00:00,2022-10-20,18:00:00,293.75,293.0,0.0,0.0,0.0,0.0,2.9
2022-10-20 18:30:00,2022-10-20,18:30:00,293.771,293.0,0.0,0.0,0.0,0.0,1.15
2022-10-20 19:00:00,2022-10-20,19:00:00,293.792,293.0,0.0,0.0,0.0,0.0,-0.34
2022-10-20 19:30:00,2022-10-20,19:30:00,293.812,293.0,0.0,0.0,0.0,0.0,-1.33
2022-10-20 20:00:00,2022-10-20,20:00:00,293.833,293.0,0.0,0.0,0.0,0.0,-2.13
2022-10-20 20:30:00,2022-10-20,20:30:00,293.854,293.0,0.0,0.0,0.0,0.0,-1.69
2022-10-20 21:00:00,2022-10-20,21:00:00,293.875,293.0,0.0,0.0,0.0,0.0,-1.75
2022-10-20 21:30:00,2022-10-20,21:30:00,293.896,293.0,0.0,0.0,0.0,0.0,-2.74
2022-10-20 22:00:00,2022-10-20,22:00:00,293.917,293.0,0.0,0.0,0.0,0.0,-4.11
2022-10-20 22:30:00,2022-10-20,22:30:00,293.938,293.0,0.0,0.0,0.0,0.0,-3.04
2022-10-20 23:00:00,2022-10-20,23:00:00,293.958,293.0,0.0,0.0,0.0,0.0,-3.9
2022-10-20 23:30:00,2022-10-20,23:30:00,293.979,293.0,0.0,0.0,0.0,0.0,-4.72
2022-10-21 00:00:00,2022-10-21,00:00:00,294.0,294.0,0.0,0.0,0.0,0.0,-4.67
2022-10-21 00:30:00,2022-10-21,00:30:00,294.021,294.0,0.0,0.0,0.0,0.0,-4.78
2022-10-21 01:00:00,2022-10-21,01:00:00,294.042,294.0,0.0,0.0,0.0,0.0,-4.58
2022-10-21 01:30:00,2022-10-21,01:30:00,294.062,294.0,0.0,0.0,0.0,0.0,-4.62
2022-10-21 02:00:00,2022-10-21,02:00:00,294.083,294.0,0.0,0.0,0.0,0.0,-4.75
2022-10-21 02:30:00,2022-10-21,02:30:00,294.104,294.0,0.0,0.0,0.0,0.0,-5.32
2022-10-21 03:00:00,2022-10-21,03:00:00,294.125,294.0,0.0,0.0,0.0,0.0,-5.72
2022-10-21 03:30:00,2022-10-21,03:30:00,294.146,294.0,0.0,0.0,0.0,0.0,-6.38
2022-10-21 04:00:00,2022-10-21,04:00:00,294.167,294.0,0.0,0.0,0.0,0.0,-6.73
2022-10-21 04:30:00,2022-10-21,04:30:00,294.188,294.0,0.0,0.0,0.0,0.0,-6.92
2022-10-21 05:00:00,2022-10-21,05:00:00,294.208,294.0,0.0,0.0,0.0,0.0,-7.14
2022-10-21 05:30:00,2022-10-21,05:30:00,294.229,294.0,0.0,0.0,0.0,0.0,-7.39
2022-10-21 06:00:00,2022-10-21,06:00:00,294.25,294.0,0.0,0.0,0.0,0.0,-7.61
2022-10-21 06:30:00,2022-10-21,06:30:00,294.271,294.0,0.0,0.0,0.0,0.0,-7.31
2022-10-21 07:00:00,2022-10-21,07:00:00,294.292,294.0,0.0,0.0,0.0,0.0,-4.48
2022-10-21 07:30:00,2022-10-21,07:30:00,294.312,294.0,0.0,0.0,0.0,0.0,-0.59
2022-10-21 08:00:00,2022-10-21,08:00:00,294.333,294.0,0.0,0.0,0.0,0.0,4.0
2022-10-21 08:30:00,2022-10-21,08:30:00,294.354,294.0,0.0,0.0,0.0,0.0,7.63
2022-10-21 09:00:00,2022-10-21,09:00:00,294.375,294.0,0.0,0.0,0.0,0.0,10.62
2022-10-21 09:30:00,2022-10-21,09:30:00,294.396,294.0,0.0,0.0,0.0,0.0,12.76
2022-10-21 10:00:00,2022-10-21,10:00:00,294.417,294.0,0.0,0.0,0.0,0.0,13.65
2022-10-21 10:30:00,2022-10-21,10:30:00,294.438,294.0,0.0,0.0,0.0,0.0,14.57
2022-10-21 11:00:00,2022-10-21,11:00:00,294.458,294.0,0.0,0.0,0.0,0.0,15.81
2022-10-21 11:30:00,2022-10-21,11:30:00,294.479,294.0,0.0,0.0,0.0,0.0,16.51
2022-10-21 12:00:00,2022-10-21,12:00:00,294.5,294.0,0.0,0.0,0.0,0.0,16.65
2022-10-21 12:30:00,2022-10-21,12:30:00,294.521,294.0,0.0,0.0,0.0,0.0,15.66
2022-10-21 13:00:00,2022-10-21,13:00:00,294.542,294.0,0.0,0.0,0.0,0.0,16.48
2022-10-21 13:30:00,2022-10-21,13:30:00,294.562,294.0,0.0,0.0,0.0,0.0,15.91
2022-10-21 14:00:00,2022-10-21,14:00:00,294.583,294.0,0.0,0.0,0.0,0.0,14.74
2022-10-21 14:30:00,2022-10-21,14:30:00,294.604,294.0,0.0,0.0,0.0,0.0,13.56
2022-10-21 15:00:00,2022-10-21,15:00:00,294.625,294.0,0.0,0.0,0.0,0.0,12.77
2022-10-21 15:30:00,2022-10-21,15:30:00,294.646,294.0,0.0,0.0,0.0,0.0,8.22
2022-10-21 16:00:00,2022-10-21,16:00:00,294.667,294.0,0.0,0.0,0.0,0.0,5.75
2022-10-21 16:30:00,2022-10-21,16:30:00,294.688,294.0,0.0,0.0,0.0,0.0,5.61
2022-10-21 17:00:00,2022-10-21,17:00:00,294.708,294.0,0.0,0.0,0.0,0.0,4.07
2022-10-21 17:30:00,2022-10-21,17:30:00,294.729,294.0,0.0,0.0,0.0,0.0,2.99
2022-10-21 18:00:00,2022-10-21,18:00:00,294.75,294.0,0.0,0.0,0.0,0.0,1.59
2022-10-21 18:30:00,2022-10-21,18:30:00,294.771,294.0,0.0,0.0,0.0,0.0,0.09
2022-10-21 19:00:00,2022-10-21,19:00:00,294.792,294.0,0.0,0.0,0.0,0.0,-0.22
2022-10-21 19:30:00,2022-10-21,19:30:00,294.812,294.0,0.0,0.0,0.0,0.0,1.24
2022-10-21 20:00:00,2022-10-21,20:00:00,294.833,294.0,0.0,0.0,0.0,0.0,3.47
2022-10-21 20:30:00,2022-10-21,20:30:00,294.854,294.0,0.0,0.0,0.0,0.0,3.0
2022-10-21 21:00:00,2022-10-21,21:00:00,294.875,294.0,0.0,0.0,0.0,0.0,2.96
2022-10-21 21:30:00,2022-10-21,21:30:00,294.896,294.0,0.0,0.0,0.0,0.0,2.73
2022-10-21 22:00:00,2022-10-21,22:00:00,294.917,294.0,0.0,0.0,0.0,0.0,2.28
2022-10-21 22:30:00,2022-10-21,22:30:00,294.938,294.0,0.0,0.0,0.0,0.0,2.02
2022-10-21 23:00:00,2022-10-21,23:00:00,294.958,294.0,0.0,0.0,0.0,0.0,0.61
2022-10-21 23:30:00,2022-10-21,23:30:00,294.979,294.0,0.0,0.0,0.0,0.0,-0.72
2022-10-22 00:00:00,2022-10-22,00:00:00,295.0,295.0,0.0,0.0,0.0,0.0,-1.46
2022-10-22 00:30:00,2022-10-22,00:30:00,295.021,295.0,0.0,0.0,0.0,0.0,-4.28
2022-10-22 01:00:00,2022-10-22,01:00:00,295.042,295.0,0.0,0.0,0.0,0.0,-4.82
2022-10-22 01:30:00,2022-10-22,01:30:00,295.062,295.0,0.0,0.0,0.0,0.0,-5.17
2022-10-22 02:00:00,2022-10-22,02:00:00,295.083,295.0,0.0,0.0,0.0,0.0,-4.68
2022-10-22 02:30:00,2022-10-22,02:30:00,295.104,295.0,0.0,0.0,0.0,0.0,-4.63
2022-10-22 03:00:00,2022-10-22,03:00:00,295.125,295.0,0.0,0.0,0.0,0.0,-4.8
2022-10-22 03:30:00,2022-10-22,03:30:00,295.146,295.0,0.0,0.0,0.0,0.0,-4.41
2022-10-22 04:00:00,2022-10-22,04:00:00,295.167,295.0,0.0,0.0,0.0,0.0,-3.42
2022-10-22 04:30:00,2022-10-22,04:30:00,295.188,295.0,0.0,0.0,0.0,0.0,-2.01
2022-10-22 05:00:00,2022-10-22,05:00:00,295.208,295.0,0.0,0.0,0.0,0.0,-1.32
2022-10-22 05:30:00,2022-10-22,05:30:00,295.229,295.0,0.0,0.0,0.0,0.0,-2.55
2022-10-22 06:00:00,2022-10-22,06:00:00,295.25,295.0,0.0,0.0,0.0,0.0,-1.59
2022-10-22 06:30:00,2022-10-22,06:30:00,295.271,295.0,0.0,0.0,0.0,0.0,-0.75
2022-10-22 07:00:00,2022-10-22,07:00:00,295.292,295.0,0.0,0.0,0.0,0.0,1.28
2022-10-22 07:30:00,2022-10-22,07:30:00,295.312,295.0,0.0,0.0,0.0,0.0,4.32
2022-10-22 08:00:00,2022-10-22,08:00:00,295.333,295.0,0.0,0.0,0.0,0.0,6.98
2022-10-22 08:30:00,2022-10-22,08:30:00,295.354,295.0,0.0,0.0,0.0,0.0,8.31
2022-10-22 09:00:00,2022-10-22,09:00:00,295.375,295.0,0.0,0.0,0.0,0.0,10.3
2022-10-22 09:30:00,2022-10-22,09:30:00,295.396,295.0,0.0,0.0,0.0,0.0,12.22
2022-10-22 10:00:00,2022-10-22,10:00:00,295.417,295.0,0.0,0.0,0.0,0.0,13.48
2022-10-22 10:30:00,2022-10-22,10:30:00,295.438,295.0,0.0,0.0,0.0,0.0,14.17
2022-10-22 11:00:00,2022-10-22,11:00:00,295.458,295.0,0.0,0.0,0.0,0.0,15.22
2022-10-22 11:30:00,2022-10-22,11:30:00,295.479,295.0,0.0,0.0,0.0,0.0,16.13
2022-10-22 12:00:00,2022-10-22,12:00:00,295.5,295.0,0.0,0.0,0.0,0.0,16.91
2022-10-22 12:30:00,2022-10-22,12:30:00,295.521,295.0,0.0,0.0,0.0,0.0,16.1
2022-10-22 13:00:00,2022-10-22,13:00:00,295.542,295.0,0.0,0.0,0.0,0.0,15.38
2022-10-22 13:30:00,2022-10-22,13:30:00,295.562,295.0,0.0,0.0,0.0,0.0,15.43
2022-10-22 14:00:00,2022-10-22,14:00:00,295.583,295.0,0.0,0.0,0.0,0.0,16.08
2022-10-22 14:30:00,2022-10-22,14:30:00,295.604,295.0,0.0,0.0,0.0,0.0,15.11
2022-10-22 15:00:00,2022-10-22,15:00:00,295.625,295.0,0.0,0.0,0.0,0.0,12.78
2022-10-22 15:30:00,2022-10-22,15:30:00,295.646,295.0,0.0,0.0,0.0,0.0,8.67
2022-10-22 16:00:00,2022-10-22,16:00:00,295.667,295.0,0.0,0.0,0.0,0.0,7.22
2022-10-22 16:30:00,2022-10-22,16:30:00,295.688,295.0,0.0,0.0,0.0,0.0,6.61
2022-10-22 17:00:00,2022-10-22,17:00:00,295.708,295.0,0.0,0.0,0.0,0.0,6.33
2022-10-22 17:30:00,2022-10-22,17:30:00,295.729,295.0,0.0,0.0,0.0,0.0,5.54
2022-10-22 18:00:00,2022-10-22,18:00:00,295.75,295.0,0.0,0.0,0.0,0.0,5.32
2022-10-22 18:30:00,2022-10-22,18:30:00,295.771,295.0,0.0,0.0,0.0,0.0,5.1
2022-10-22 19:00:00,2022-10-22,19:00:00,295.792,295.0,0.0,0.0,0.0,0.0,5.75
2022-10-22 19:30:00,2022-10-22,19:30:00,295.812,295.0,0.0,0.0,0.0,0.0,5.77
2022-10-22 20:00:00,2022-10-22,20:00:00,295.833,295.0,0.0,0.0,0.0,0.0,5.39
2022-10-22 20:30:00,2022-10-22,20:30:00,295.854,295.0,0.0,0.0,0.0,0.0,6.56
2022-10-22 21:00:00,2022-10-22,21:00:00,295.875,295.0,0.0,0.0,0.0,0.0,5.41
2022-10-22 21:30:00,2022-10-22,21:30:00,295.896,295.0,0.0,0.0,0.0,0.0,5.15
2022-10-22 22:00:00,2022-10-22,22:00:00,295.917,295.0,0.0,0.0,0.0,0.0,4.81
2022-10-22 22:30:00,2022-10-22,22:30:00,295.938,295.0,0.0,0.0,0.0,0.0,4.04
2022-10-22 23:00:00,2022-10-22,23:00:00,295.958,295.0,0.0,0.0,0.0,0.0,4.12
2022-10-22 23:30:00,2022-10-22,23:30:00,295.979,295.0,0.0,0.0,0.0,0.0,4.4
2022-10-23 00:00:00,2022-10-23,00:00:00,296.0,296.0,0.0,0.0,0.0,0.0,4.44
2022-10-23 00:30:00,2022-10-23,00:30:00,296.021,296.0,0.0,0.0,0.0,0.0,3.74
2022-10-23 01:00:00,2022-10-23,01:00:00,296.042,296.0,0.0,0.0,0.0,0.0,3.41
2022-10-23 01:30:00,2022-10-23,01:30:00,296.062,296.0,0.0,0.0,0.0,0.0,3.81
2022-10-23 02:00:00,2022-10-23,02:00:00,296.083,296.0,0.0,0.0,0.0,0.0,4.26
2022-10-23 02:30:00,2022-10-23,02:30:00,296.104,296.0,0.0,0.0,0.0,0.0,2.14
2022-10-23 03:00:00,2022-10-23,03:00:00,296.125,296.0,1.74,1.8,1.73,1.69,-0.45
2022-10-23 03:30:00,2022-10-23,03:30:00,296.146,296.0,1.2,1.24,1.2,1.17,-0.5
2022-10-23 04:00:00,2022-10-23,04:00:00,296.167,296.0,1.06,1.09,1.05,1.02,-0.5
2022-10-23 04:30:00,2022-10-23,04:30:00,296.188,296.0,1.85,1.91,1.84,1.78,-0.52
2022-10-23 05:00:00,2022-10-23,05:00:00,296.208,296.0,2.01,2.08,2.0,1.95,-0.52
2022-10-23 05:30:00,2022-10-23,05:30:00,296.229,296.0,1.35,1.39,1.35,1.3,-0.52
2022-10-23 06:00:00,2022-10-23,06:00:00,296.25,296.0,0.42,0.43,0.42,0.4,-0.51
2022-10-23 06:30:00,2022-10-23,06:30:00,296.271,296.0,0.34,0.35,0.35,0.33,-0.51
2022-10-23 07:00:00,2022-10-23,07:00:00,296.292,296.0,0.0,0.0,0.0,0.0,-0.52
2022-10-23 07:30:00,2022-10-23,07:30:00,296.312,296.0,0.15,0.24,0.0,0.22,-0.53
2022-10-23 08:00:00,2022-10-23,08:00:00,296.333,296.0,0.8,0.81,0.83,0.76,-0.34
2022-10-23 08:30:00,2022-10-23,08:30:00,296.354,296.0,0.61,0.64,0.6,0.6,-0.37
2022-10-23 09:00:00,2022-10-23,09:00:00,296.375,296.0,0.74,0.76,0.75,0.71,0.25
2022-10-23 09:30:00,2022-10-23,09:30:00,296.396,296.0,0.33,0.34,0.32,0.32,0.34
2022-10-23 10:00:00,2022-10-23,10:00:00,296.417,296.0,0.0,0.0,0.0,0.0,2.04
2022-10-23 10:30:00,2022-10-23,10:30:00,296.438,296.0,0.57,0.6,0.55,0.57,3.25
2022-10-23 11:00:00,2022-10-23,11:00:00,296.458,296.0,0.23,0.24,0.23,0.23,0.76
2022-10-23 11:30:00,2022-10-23,11:30:00,296.479,296.0,0.0,0.0,0.0,0.0,1.25
2022-10-23 12:00:00,2022-10-23,12:00:00,296.5,296.0,0.0,0.0,0.0,0.0,0.96
2022-10-23 12:30:00,2022-10-23,12:30:00,296.521,296.0,0.0,0.0,0.0,0.0,4.88
2022-10-23 13:00:00,2022-10-23,13:00:00,296.542,296.0,0.0,0.0,0.0,0.0,5.2
2022-10-23 13:30:00,2022-10-23,13:30:00,296.562,296.0,0.0,0.0,0.0,0.0,1.98
2022-10-23 14:00:00,2022-10-23,14:00:00,296.583,296.0,0.0,0.0,0.0,0.0,0.83
2022-10-23 14:30:00,2022-10-23,14:30:00,296.604,296.0,0.0,0.0,0.0,0.0,-1.13
2022-10-23 15:00:00,2022-10-23,15:00:00,296.625,296.0,0.39,0.41,0.38,0.38,-3.08
2022-10-23 15:30:00,2022-10-23,15:30:00,296.646,296.0,0.15,0.24,0.0,0.22,-3.36
2022-10-23 16:00:00,2022-10-23,16:00:00,296.667,296.0,0.0,0.0,0.0,0.0,-4.76
2022-10-23 16:30:00,2022-10-23,16:30:00,296.688,296.0,0.0,0.0,0.0,0.0,-5.52
2022-10-23 17:00:00,2022-10-23,17:00:00,296.708,296.0,0.78,0.81,0.76,0.76,-5.28
2022-10-23 17:30:00,2022-10-23,17:30:00,296.729,296.0,0.44,0.46,0.41,0.43,-6.07
2022-10-23 18:00:00,2022-10-23,18:00:00,296.75,296.0,0.0,0.0,0.0,0.0,-6.27
2022-10-23 18:30:00,2022-10-23,18:30:00,296.771,296.0,0.0,0.0,0.0,0.0,-7.44
2022-10-23 19:00:00,2022-10-23,19:00:00,296.792,296.0,0.0,0.0,0.0,0.0,-8.44
2022-10-23 19:30:00,2022-10-23,19:30:00,296.812,296.0,0.0,0.0,0.0,0.0,-8.42
2022-10-23 20:00:00,2022-10-23,20:00:00,296.833,296.0,0.0,0.0,0.0,0.0,-9.02
2022-10-23 20:30:00,2022-10-23,20:30:00,296.854,296.0,0.0,0.0,0.0,0.0,-9.44
2022-10-23 21:00:00,2022-10-23,21:00:00,296.875,296.0,0.0,0.0,0.0,0.0,-9.8
2022-10-23 21:30:00,2022-10-23,21:30:00,296.896,296.0,0.0,0.0,0.0,0.0,-10.54
2022-10-23 22:00:00,2022-10-23,22:00:00,296.917,296.0,0.0,0.0,0.0,0.0,-10.46
2022-10-23 22:30:00,2022-10-23,22:30:00,296.938,296.0,0.0,0.0,0.0,0.0,-10.25
2022-10-23 23:00:00,2022-10-23,23:00:00,296.958,296.0,0.0,0.0,0.0,0.0,-10.01
2022-10-23 23:30:00,2022-10-23,23:30:00,296.979,296.0,0.0,0.0,0.0,0.0,-9.6
2022-10-24 00:00:00,2022-10-24,00:00:00,297.0,297.0,0.0,0.0,0.0,0.0,-9.56
2022-10-24 00:30:00,2022-10-24,00:30:00,297.021,297.0,0.0,0.0,0.0,0.0,-10.8
2022-10-24 01:00:00,2022-10-24,01:00:00,297.042,297.0,0.0,0.0,0.0,0.0,-11.36
2022-10-24 01:30:00,2022-10-24,01:30:00,297.062,297.0,0.0,0.0,0.0,0.0,-10.8
2022-10-24 02:00:00,2022-10-24,02:00:00,297.083,297.0,0.0,0.0,0.0,0.0,-10.53
2022-10-24 02:30:00,2022-10-24,02:30:00,297.104,297.0,0.0,0.0,0.0,0.0,-11.41
2022-10-24 03:00:00,2022-10-24,03:00:00,297.125,297.0,0.0,0.0,0.0,0.0,-12.22
2022-10-24 03:30:00,2022-10-24,03:30:00,297.146,297.0,0.0,0.0,0.0,0.0,-11.46
2022-10-24 04:00:00,2022-10-24,04:00:00,297.167,297.0,0.0,0.0,0.0,0.0,-12.62
2022-10-24 04:30:00,2022-10-24,04:30:00,297.188,297.0,0.0,0.0,0.0,0.0,-12.81
2022-10-24 05:00:00,2022-10-24,05:00:00,297.208,297.0,0.0,0.0,0.0,0.0,-12.26
2022-10-24 05:30:00,2022-10-24,05:30:00,297.229,297.0,0.0,0.0,0.0,0.0,-13.17
2022-10-24 06:00:00,2022-10-24,06:00:00,297.25,297.0,0.0,0.0,0.0,0.0,-13.48
2022-10-24 06:30:00,2022-10-24,06:30:00,297.271,297.0,0.0,0.0,0.0,0.0,-11.3
2022-10-24 07:00:00,2022-10-24,07:00:00,297.292,297.0,0.0,0.0,0.0,0.0,-10.32
2022-10-24 07:30:00,2022-10-24,07:30:00,297.312,297.0,0.0,0.0,0.0,0.0,-8.06
2022-10-24 08:00:00,2022-10-24,08:00:00,297.333,297.0,0.0,0.0,0.0,0.0,-5.44
2022-10-24 08:30:00,2022-10-24,08:30:00,297.354,297.0,0.0,0.0,0.0,0.0,-3.39
2022-10-24 09:00:00,2022-10-24,09:00:00,297.375,297.0,0.0,0.0,0.0,0.0,-2.43
2022-10-24 09:30:00,2022-10-24,09:30:00,297.396,297.0,0.0,0.0,0.0,0.0,-0.96
2022-10-24 10:00:00,2022-10-24,10:00:00,297.417,297.0,0.0,0.0,0.0,0.0,-0.49
2022-10-24 10:30:00,2022-10-24,10:30:00,297.438,297.0,0.0,0.0,0.0,0.0,0.24
2022-10-24 11:00:00,2022-10-24,11:00:00,297.458,297.0,0.0,0.0,0.0,0.0,0.03
2022-10-24 11:30:00,2022-10-24,11:30:00,297.479,297.0,0.0,0.0,0.0,0.0,0.7
2022-10-24 12:00:00,2022-10-24,12:00:00,297.5,297.0,0.0,0.0,0.0,0.0,1.29
2022-10-24 12:30:00,2022-10-24,12:30:00,297.521,297.0,0.0,0.0,0.0,0.0,-2.04
2022-10-24 13:00:00,2022-10-24,13:00:00,297.542,297.0,0.0,0.0,0.0,0.0,-2.82
2022-10-24 13:30:00,2022-10-24,13:30:00,297.562,297.0,0.0,0.0,0.0,0.0,-3.22
2022-10-24 14:00:00,2022-10-24,14:00:00,297.583,297.0,0.0,0.0,0.0,0.0,-3.55
2022-10-24 14:30:00,2022-10-24,14:30:00,297.604,297.0,0.0,0.0,0.0,0.0,-2.61
2022-10-24 15:00:00,2022-10-24,15:00:00,297.625,297.0,0.0,0.0,0.0,0.0,-2.75
2022-10-24 15:30:00,2022-10-24,15:30:00,297.646,297.0,0.0,0.0,0.0,0.0,-5.77
2022-10-24 16:00:00,2022-10-24,16:00:00,297.667,297.0,0.0,0.0,0.0,0.0,-6.77
2022-10-24 16:30:00,2022-10-24,16:30:00,297.688,297.0,0.0,0.0,0.0,0.0,-8.15
2022-10-24 17:00:00,2022-10-24,17:00:00,297.708,297.0,0.0,0.0,0.0,0.0,-8.27
2022-10-24 17:30:00,2022-10-24,17:30:00,297.729,297.0,0.0,0.0,0.0,0.0,-9.72
2022-10-24 18:00:00,2022-10-24,18:00:00,297.75,297.0,0.0,0.0,0.0,0.0,-10.81
2022-10-24 18:30:00,2022-10-24,18:30:00,297.771,297.0,0.0,0.0,0.0,0.0,-10.7
2022-10-24 19:00:00,2022-10-24,19:00:00,297.792,297.0,0.0,0.0,0.0,0.0,-10.6
2022-10-24 19:30:00,2022-10-24,19:30:00,297.812,297.0,0.0,0.0,0.0,0.0,-11.07
2022-10-24 20:00:00,2022-10-24,20:00:00,297.833,297.0,0.0,0.0,0.0,0.0,-10.25
2022-10-24 20:30:00,2022-10-24,20:30:00,297.854,297.0,0.0,0.0,0.0,0.0,-10.06
2022-10-24 21:00:00,2022-10-24,21:00:00,297.875,297.0,0.0,0.0,0.0,0.0,-11.06
2022-10-24 21:30:00,2022-10-24,21:30:00,297.896,297.0,0.0,0.0,0.0,0.0,-14.0
2022-10-24 22:00:00,2022-10-24,22:00:00,297.917,297.0,0.0,0.0,0.0,0.0,-14.76
2022-10-24 22:30:00,2022-10-24,22:30:00,297.938,297.0,0.0,0.0,0.0,0.0,-15.38
2022-10-24 23:00:00,2022-10-24,23:00:00,297.958,297.0,0.0,0.0,0.0,0.0,-15.62
2022-10-24 23:30:00,2022-10-24,23:30:00,297.979,297.0,0.0,0.0,0.0,0.0,-15.76
2022-10-25 00:00:00,2022-10-25,00:00:00,298.0,298.0,0.0,0.0,0.0,0.0,-15.7
2022-10-25 00:30:00,2022-10-25,00:30:00,298.021,298.0,0.0,0.0,0.0,0.0,-15.31
2022-10-25 01:00:00,2022-10-25,01:00:00,298.042,298.0,0.0,0.0,0.0,0.0,-16.01
2022-10-25 01:30:00,2022-10-25,01:30:00,298.062,298.0,0.0,0.0,0.0,0.0,-15.44
2022-10-25 02:00:00,2022-10-25,02:00:00,298.083,298.0,0.0,0.0,0.0,0.0,-15.24
2022-10-25 02:30:00,2022-10-25,02:30:00,298.104,298.0,0.0,0.0,0.0,0.0,-15.99
2022-10-25 03:00:00,2022-10-25,03:00:00,298.125,298.0,0.0,0.0,0.0,0.0,-16.45
2022-10-25 03:30:00,2022-10-25,03:30:00,298.146,298.0,0.0,0.0,0.0,0.0,-16.0
2022-10-25 04:00:00,2022-10-25,04:00:00,298.167,298.0,0.0,0.0,0.0,0.0,-16.48
2022-10-25 04:30:00,2022-10-25,04:30:00,298.188,298.0,0.0,0.0,0.0,0.0,-16.87
2022-10-25 05:00:00,2022-10-25,05:00:00,298.208,298.0,0.0,0.0,0.0,0.0,-16.27
2022-10-25 05:30:00,2022-10-25,05:30:00,298.229,298.0,0.0,0.0,0.0,0.0,-16.39
2022-10-25 06:00:00,2022-10-25,06:00:00,298.25,298.0,0.0,0.0,0.0,0.0,-17.12
2022-10-25 06:30:00,2022-10-25,06:30:00,298.271,298.0,0.0,0.0,0.0,0.0,-16.81
2022-10-25 07:00:00,2022-10-25,07:00:00,298.292,298.0,0.0,0.0,0.0,0.0,-14.23
2022-10-25 07:30:00,2022-10-25,07:30:00,298.312,298.0,0.0,0.0,0.0,0.0,-10.2
2022-10-25 08:00:00,2022-10-25,08:00:00,298.333,298.0,0.0,0.0,0.0,0.0,-6.33
2022-10-25 08:30:00,2022-10-25,08:30:00,298.354,298.0,0.0,0.0,0.0,0.0,-3.68
2022-10-25 09:00:00,2022-10-25,09:00:00,298.375,298.0,0.0,0.0,0.0,0.0,-0.41
2022-10-25 09:30:00,2022-10-25,09:30:00,298.396,298.0,0.0,0.0,0.0,0.0,1.15
2022-10-25 10:00:00,2022-10-25,10:00:00,298.417,298.0,0.0,0.0,0.0,0.0,3.64
2022-10-25 10:30:00,2022-10-25,10:30:00,298.438,298.0,0.15,0.0,0.45,0.0,1.95
2022-10-25 11:00:00,2022-10-25,11:00:00,298.458,298.0,0.0,0.0,0.0,0.0,2.88
2022-10-25 11:30:00,2022-10-25,11:30:00,298.479,298.0,0.0,0.0,0.0,0.0,3.88
2022-10-25 12:00:00,2022-10-25,12:00:00,298.5,298.0,0.0,0.0,0.0,0.0,3.5
2022-10-25 12:30:00,2022-10-25,12:30:00,298.521,298.0,0.0,0.0,0.0,0.0,3.92
2022-10-25 13:00:00,2022-10-25,13:00:00,298.542,298.0,0.0,0.0,0.0,0.0,4.01
2022-10-25 13:30:00,2022-10-25,13:30:00,298.562,298.0,0.0,0.0,0.0,0.0,3.4
2022-10-25 14:00:00,2022-10-25,14:00:00,298.583,298.0,0.0,0.0,0.0,0.0,3.58
2022-10-25 14:30:00,2022-10-25,14:30:00,298.604,298.0,0.0,0.0,0.0,0.0,2.54
2022-10-25 15:00:00,2022-10-25,15:00:00,298.625,298.0,0.0,0.0,0.0,0.0,2.51
2022-10-25 15:30:00,2022-10-25,15:30:00,298.646,298.0,0.0,0.0,0.0,0.0,1.2
2022-10-25 16:00:00,2022-10-25,16:00:00,298.667,298.0,0.0,0.0,0.0,0.0,0.65
2022-10-25 16:30:00,2022-10-25,16:30:00,298.688,298.0,0.0,0.0,0.0,0.0,-0.27
2022-10-25 17:00:00,2022-10-25,17:00:00,298.708,298.0,0.0,0.0,0.0,0.0,-1.32
2022-10-25 17:30:00,2022-10-25,17:30:00,298.729,298.0,0.0,0.0,0.0,0.0,-1.77
2022-10-25 18:00:00,2022-10-25,18:00:00,298.75,298.0,0.0,0.0,0.0,0.0,-1.94
2022-10-25 18:30:00,2022-10-25,18:30:00,298.771,298.0,0.0,0.0,0.0,0.0,-2.09
2022-10-25 19:00:00,2022-10-25,19:00:00,298.792,298.0,0.0,0.0,0.0,0.0,-2.37
2022-10-25 19:30:00,2022-10-25,19:30:00,298.812,298.0,0.0,0.0,0.0,0.0,-2.31
2022-10-25 20:00:00,2022-10-25,20:00:00,298.833,298.0,0.0,0.0,0.0,0.0,-3.01
2022-10-25 20:30:00,2022-10-25,20:30:00,298.854,298.0,0.0,0.0,0.0,0.0,-3.4
2022-10-25 21:00:00,2022-10-25,21:00:00,298.875,298.0,0.0,0.0,0.0,0.0,-4.64
2022-10-25 21:30:00,2022-10-25,21:30:00,298.896,298.0,0.0,0.0,0.0,0.0,-4.18
2022-10-25 22:00:00,2022-10-25,22:00:00,298.917,298.0,0.0,0.0,0.0,0.0,-3.53
2022-10-25 22:30:00,2022-10-25,22:30:00,298.938,298.0,0.0,0.0,0.0,0.0,-3.21
2022-10-25 23:00:00,2022-10-25,23:00:00,298.958,298.0,0.0,0.0,0.0,0.0,-3.06
2022-10-25 23:30:00,2022-10-25,23:30:00,298.979,298.0,0.21,0.21,0.21,0.22,-2.87
2022-10-26 00:00:00,2022-10-26,00:00:00,299.0,299.0,0.22,0.22,0.22,0.22,-2.89
2022-10-26 00:30:00,2022-10-26,00:30:00,299.021,299.0,0.0,0.0,0.0,0.0,-3.85
2022-10-26 01:00:00,2022-10-26,01:00:00,299.042,299.0,0.0,0.0,0.0,0.0,-3.54
2022-10-26 01:30:00,2022-10-26,01:30:00,299.062,299.0,0.0,0.0,0.0,0.0,-3.47
2022-10-26 02:00:00,2022-10-26,02:00:00,299.083,299.0,0.0,0.0,0.0,0.0,-3.49
2022-10-26 02:30:00,2022-10-26,02:30:00,299.104,299.0,0.0,0.0,0.0,0.0,-3.47
2022-10-26 03:00:00,2022-10-26,03:00:00,299.125,299.0,0.23,0.25,0.23,0.22,-3.29
2022-10-26 03:30:00,2022-10-26,03:30:00,299.146,299.0,0.45,0.47,0.46,0.42,-3.26
2022-10-26 04:00:00,2022-10-26,04:00:00,299.167,299.0,0.37,0.39,0.38,0.35,-3.31
2022-10-26 04:30:00,2022-10-26,04:30:00,299.188,299.0,0.41,0.43,0.42,0.38,-3.22
2022-10-26 05:00:00,2022-10-26,05:00:00,299.208,299.0,0.47,0.49,0.48,0.43,-3.13
2022-10-26 05:30:00,2022-10-26,05:30:00,299.229,299.0,0.49,0.51,0.51,0.45,-3.06
2022-10-26 06:00:00,2022-10-26,06:00:00,299.25,299.0,0.42,0.44,0.42,0.39,-3.04
2022-10-26 06:30:00,2022-10-26,06:30:00,299.271,299.0,1.26,1.33,1.28,1.17,-2.89
2022-10-26 07:00:00,2022-10-26,07:00:00,299.292,299.0,1.35,1.41,1.38,1.25,-2.72
2022-10-26 07:30:00,2022-10-26,07:30:00,299.312,299.0,0.96,1.01,0.98,0.89,-2.41
2022-10-26 08:00:00,2022-10-26,08:00:00,299.333,299.0,0.91,0.96,0.93,0.84,-2.24
2022-10-26 08:30:00,2022-10-26,08:30:00,299.354,299.0,1.06,1.11,1.09,0.98,-1.45
2022-10-26 09:00:00,2022-10-26,09:00:00,299.375,299.0,0.68,0.72,0.69,0.63,-0.94
2022-10-26 09:30:00,2022-10-26,09:30:00,299.396,299.0,0.66,0.7,0.68,0.61,-0.62
2022-10-26 10:00:00,2022-10-26,10:00:00,299.417,299.0,0.53,0.56,0.54,0.49,-0.51
2022-10-26 10:30:00,2022-10-26,10:30:00,299.438,299.0,0.0,0.0,0.0,0.0,-0.29
2022-10-26 11:00:00,2022-10-26,11:00:00,299.458,299.0,0.0,0.0,0.0,0.0,-0.03
2022-10-26 11:30:00,2022-10-26,11:30:00,299.479,299.0,0.0,0.0,0.0,0.0,0.79
2022-10-26 12:00:00,2022-10-26,12:00:00,299.5,299.0,0.0,0.0,0.0,0.0,1.64
2022-10-26 12:30:00,2022-10-26,12:30:00,299.521,299.0,0.0,0.0,0.0,0.0,3.91
2022-10-26 13:00:00,2022-10-26,13:00:00,299.542,299.0,0.0,0.0,0.0,0.0,3.87
2022-10-26 13:30:00,2022-10-26,13:30:00,299.562,299.0,0.0,0.0,0.0,0.0,3.59
2022-10-26 14:00:00,2022-10-26,14:00:00,299.583,299.0,0.0,0.0,0.0,0.0,3.93
2022-10-26 14:30:00,2022-10-26,14:30:00,299.604,299.0,0.0,0.0,0.0,0.0,3.09
2022-10-26 15:00:00,2022-10-26,15:00:00,299.625,299.0,0.0,0.0,0.0,0.0,1.92
2022-10-26 15:30:00,2022-10-26,15:30:00,299.646,299.0,0.0,0.0,0.0,0.0,0.41
2022-10-26 16:00:00,2022-10-26,16:00:00,299.667,299.0,0.42,0.44,0.43,0.39,-0.59
2022-10-26 16:30:00,2022-10-26,16:30:00,299.688,299.0,0.0,0.0,0.0,0.0,-1.29
2022-10-26 17:00:00,2022-10-26,17:00:00,299.708,299.0,0.0,0.0,0.0,0.0,-3.38
2022-10-26 17:30:00,2022-10-26,17:30:00,299.729,299.0,0.0,0.0,0.0,0.0,-3.38
2022-10-26 18:00:00,2022-10-26,18:00:00,299.75,299.0,0.83,0.87,0.86,0.77,-2.69
2022-10-26 18:30:00,2022-10-26,18:30:00,299.771,299.0,0.0,0.0,0.0,0.0,-4.43
2022-10-26 19:00:00,2022-10-26,19:00:00,299.792,299.0,0.27,0.29,0.28,0.25,-3.42
2022-10-26 19:30:00,2022-10-26,19:30:00,299.812,299.0,0.0,0.0,0.0,0.0,-4.8
2022-10-26 20:00:00,2022-10-26,20:00:00,299.833,299.0,0.0,0.0,0.0,0.0,-4.14
2022-10-26 20:30:00,2022-10-26,20:30:00,299.854,299.0,0.0,0.0,0.0,0.0,-4.2
2022-10-26 21:00:00,2022-10-26,21:00:00,299.875,299.0,0.0,0.0,0.0,0.0,-4.09
2022-10-26 21:30:00,2022-10-26,21:30:00,299.896,299.0,0.0,0.0,0.0,0.0,-4.0
2022-10-26 22:00:00,2022-10-26,22:00:00,299.917,299.0,0.0,0.0,0.0,0.0,-3.61
2022-10-26 22:30:00,2022-10-26,22:30:00,299.938,299.0,0.0,0.0,0.0,0.0,-3.14
2022-10-26 23:00:00,2022-10-26,23:00:00,299.958,299.0,0.0,0.0,0.0,0.0,-3.61
2022-10-26 23:30:00,2022-10-26,23:30:00,299.979,299.0,0.0,0.0,0.0,0.0,-3.96
2022-10-27 00:00:00,2022-10-27,00:00:00,300.0,300.0,0.0,0.0,0.0,0.0,-3.9
2022-10-27 00:30:00,2022-10-27,00:30:00,300.021,300.0,0.31,0.33,0.32,0.3,-4.08
2022-10-27 01:00:00,2022-10-27,01:00:00,300.042,300.0,0.0,0.0,0.0,0.0,-4.37
2022-10-27 01:30:00,2022-10-27,01:30:00,300.062,300.0,0.0,0.0,0.0,0.0,-4.63
2022-10-27 02:00:00,2022-10-27,02:00:00,300.083,300.0,0.0,0.0,0.0,0.0,-4.84
2022-10-27 02:30:00,2022-10-27,02:30:00,300.104,300.0,0.0,0.0,0.0,0.0,-4.57
2022-10-27 03:00:00,2022-10-27,03:00:00,300.125,300.0,0.94,0.98,0.95,0.89,-4.38
2022-10-27 03:30:00,2022-10-27,03:30:00,300.146,300.0,0.43,0.45,0.44,0.4,-4.48
2022-10-27 04:00:00,2022-10-27,04:00:00,300.167,300.0,1.32,1.38,1.33,1.24,-5.98
2022-10-27 04:30:00,2022-10-27,04:30:00,300.188,300.0,0.42,0.44,0.41,0.4,-6.53
2022-10-27 05:00:00,2022-10-27,05:00:00,300.208,300.0,0.0,0.0,0.0,0.0,-6.94
2022-10-27 05:30:00,2022-10-27,05:30:00,300.229,300.0,0.0,0.0,0.0,0.0,-7.56
2022-10-27 06:00:00,2022-10-27,06:00:00,300.25,300.0,0.0,0.0,0.0,0.0,-7.04
2022-10-27 06:30:00,2022-10-27,06:30:00,300.271,300.0,0.0,0.0,0.0,0.0,-6.88
2022-10-27 07:00:00,2022-10-27,07:00:00,300.292,300.0,0.0,0.0,0.0,0.0,-6.69
2022-10-27 07:30:00,2022-10-27,07:30:00,300.312,300.0,0.0,0.0,0.0,0.0,-6.01
2022-10-27 08:00:00,2022-10-27,08:00:00,300.333,300.0,0.0,0.0,0.0,0.0,-3.95
2022-10-27 08:30:00,2022-10-27,08:30:00,300.354,300.0,0.0,0.0,0.0,0.0,-2.22
2022-10-27 09:00:00,2022-10-27,09:00:00,300.375,300.0,0.0,0.0,0.0,0.0,-2.7
2022-10-27 09:30:00,2022-10-27,09:30:00,300.396,300.0,0.0,0.0,0.0,0.0,-1.64
2022-10-27 10:00:00,2022-10-27,10:00:00,300.417,300.0,0.0,0.0,0.0,0.0,-0.26
2022-10-27 10:30:00,2022-10-27,10:30:00,300.438,300.0,0.0,0.0,0.0,0.0,0.12
2022-10-27 11:00:00,2022-10-27,11:00:00,300.458,300.0,0.0,0.0,0.0,0.0,0.88
2022-10-27 11:30:00,2022-10-27,11:30:00,300.479,300.0,0.0,0.0,0.0,0.0,0.23
2022-10-27 12:00:00,2022-10-27,12:00:00,300.5,300.0,0.0,0.0,0.0,0.0,3.55
2022-10-27 12:30:00,2022-10-27,12:30:00,300.521,300.0,0.0,0.0,0.0,0.0,4.11
2022-10-27 13:00:00,2022-10-27,13:00:00,300.542,300.0,0.0,0.0,0.0,0.0,4.33
2022-10-27 13:30:00,2022-10-27,13:30:00,300.562,300.0,0.0,0.0,0.0,0.0,4.24
2022-10-27 14:00:00,2022-10-27,14:00:00,300.583,300.0,0.0,0.0,0.0,0.0,3.65
2022-10-27 14:30:00,2022-10-27,14:30:00,300.604,300.0,0.0,0.0,0.0,0.0,2.9
2022-10-27 15:00:00,2022-10-27,15:00:00,300.625,300.0,0.0,0.0,0.0,0.0,0.54
2022-10-27 15:30:00,2022-10-27,15:30:00,300.646,300.0,0.0,0.0,0.0,0.0,-3.92
2022-10-27 16:00:00,2022-10-27,16:00:00,300.667,300.0,0.0,0.0,0.0,0.0,-4.79
2022-10-27 16:30:00,2022-10-27,16:30:00,300.688,300.0,0.0,0.0,0.0,0.0,-5.09
2022-10-27 17:00:00,2022-10-27,17:00:00,300.708,300.0,0.0,0.0,0.0,0.0,-5.96
2022-10-27 17:30:00,2022-10-27,17:30:00,300.729,300.0,0.0,0.0,0.0,0.0,-6.19
2022-10-27 18:00:00,2022-10-27,18:00:00,300.75,300.0,0.0,0.0,0.0,0.0,-7.85
2022-10-27 18:30:00,2022-10-27,18:30:00,300.771,300.0,0.0,0.0,0.0,0.0,-9.81
2022-10-27 19:00:00,2022-10-27,19:00:00,300.792,300.0,0.0,0.0,0.0,0.0,-11.51
2022-10-27 19:30:00,2022-10-27,19:30:00,300.812,300.0,0.0,0.0,0.0,0.0,-12.53
2022-10-27 20:00:00,2022-10-27,20:00:00,300.833,300.0,0.0,0.0,0.0,0.0,-12.26
2022-10-27 20:30:00,2022-10-27,20:30:00,300.854,300.0,0.0,0.0,0.0,0.0,-12.81
2022-10-27 21:00:00,2022-10-27,21:00:00,300.875,300.0,0.0,0.0,0.0,0.0,-13.77
2022-10-27 21:30:00,2022-10-27,21:30:00,300.896,300.0,0.0,0.0,0.0,0.0,-14.07
2022-10-27 22:00:00,2022-10-27,22:00:00,300.917,300.0,0.0,0.0,0.0,0.0,-14.38
2022-10-27 22:30:00,2022-10-27,22:30:00,300.938,300.0,0.0,0.0,0.0,0.0,-15.48
2022-10-27 23:00:00,2022-10-27,23:00:00,300.958,300.0,0.0,0.0,0.0,0.0,-16.09
2022-10-27 23:30:00,2022-10-27,23:30:00,300.979,300.0,0.0,0.0,0.0,0.0,-16.64
2022-10-28 00:00:00,2022-10-28,00:00:00,301.0,301.0,0.0,0.0,0.0,0.0,-16.6
2022-10-28 00:30:00,2022-10-28,00:30:00,301.021,301.0,0.0,0.0,0.0,0.0,-17.53
2022-10-28 01:00:00,2022-10-28,01:00:00,301.042,301.0,0.0,0.0,0.0,0.0,-17.79
2022-10-28 01:30:00,2022-10-28,01:30:00,301.062,301.0,0.0,0.0,0.0,0.0,-17.37
2022-10-28 02:00:00,2022-10-28,02:00:00,301.083,301.0,0.0,0.0,0.0,0.0,-17.72
2022-10-28 02:30:00,2022-10-28,02:30:00,301.104,301.0,0.0,0.0,0.0,0.0,-17.81
2022-10-28 03:00:00,2022-10-28,03:00:00,301.125,301.0,0.0,0.0,0.0,0.0,-18.32
2022-10-28 03:30:00,2022-10-28,03:30:00,301.146,301.0,0.0,0.0,0.0,0.0,-18.35
2022-10-28 04:00:00,2022-10-28,04:00:00,301.167,301.0,0.0,0.0,0.0,0.0,-18.88
2022-10-28 04:30:00,2022-10-28,04:30:00,301.188,301.0,0.0,0.0,0.0,0.0,-18.17
2022-10-28 05:00:00,2022-10-28,05:00:00,301.208,301.0,0.0,0.0,0.0,0.0,-18.33
2022-10-28 05:30:00,2022-10-28,05:30:00,301.229,301.0,0.0,0.0,0.0,0.0,-18.68
2022-10-28 06:00:00,2022-10-28,06:00:00,301.25,301.0,0.0,0.0,0.0,0.0,-18.92
2022-10-28 06:30:00,2022-10-28,06:30:00,301.271,301.0,0.0,0.0,0.0,0.0,-19.24
2022-10-28 07:00:00,2022-10-28,07:00:00,301.292,301.0,0.0,0.0,0.0,0.0,-16.7
2022-10-28 07:30:00,2022-10-28,07:30:00,301.312,301.0,0.0,0.0,0.0,0.0,-13.06
2022-10-28 08:00:00,2022-10-28,08:00:00,301.333,301.0,0.0,0.0,0.0,0.0,-8.74
2022-10-28 08:30:00,2022-10-28,08:30:00,301.354,301.0,0.0,0.0,0.0,0.0,-5.18
2022-10-28 09:00:00,2022-10-28,09:00:00,301.375,301.0,0.0,0.0,0.0,0.0,-2.37
2022-10-28 09:30:00,2022-10-28,09:30:00,301.396,301.0,0.0,0.0,0.0,0.0,-0.89
2022-10-28 10:00:00,2022-10-28,10:00:00,301.417,301.0,0.0,0.0,0.0,0.0,2.6
2022-10-28 10:30:00,2022-10-28,10:30:00,301.438,301.0,0.0,0.0,0.0,0.0,5.81
2022-10-28 11:00:00,2022-10-28,11:00:00,301.458,301.0,0.0,0.0,0.0,0.0,8.39
2022-10-28 11:30:00,2022-10-28,11:30:00,301.479,301.0,0.0,0.0,0.0,0.0,9.59
2022-10-28 12:00:00,2022-10-28,12:00:00,301.5,301.0,0.0,0.0,0.0,0.0,11.4
2022-10-28 12:30:00,2022-10-28,12:30:00,301.521,301.0,0.0,0.0,0.0,0.0,11.64
2022-10-28 13:00:00,2022-10-28,13:00:00,301.542,301.0,0.0,0.0,0.0,0.0,11.19
2022-10-28 13:30:00,2022-10-28,13:30:00,301.562,301.0,0.0,0.0,0.0,0.0,11.32
2022-10-28 14:00:00,2022-10-28,14:00:00,301.583,301.0,0.0,0.0,0.0,0.0,10.38
2022-10-28 14:30:00,2022-10-28,14:30:00,301.604,301.0,0.0,0.0,0.0,0.0,9.06
2022-10-28 15:00:00,2022-10-28,15:00:00,301.625,301.0,0.0,0.0,0.0,0.0,6.22
2022-10-28 15:30:00,2022-10-28,15:30:00,301.646,301.0,0.0,0.0,0.0,0.0,-2.08
2022-10-28 16:00:00,2022-10-28,16:00:00,301.667,301.0,0.0,0.0,0.0,0.0,-4.71
2022-10-28 16:30:00,2022-10-28,16:30:00,301.688,301.0,0.0,0.0,0.0,0.0,-4.73
2022-10-28 17:00:00,2022-10-28,17:00:00,301.708,301.0,0.0,0.0,0.0,0.0,-6.69
2022-10-28 17:30:00,2022-10-28,17:30:00,301.729,301.0,0.0,0.0,0.0,0.0,-6.69
2022-10-28 18:00:00,2022-10-28,18:00:00,301.75,301.0,0.0,0.0,0.0,0.0,-7.05
2022-10-28 18:30:00,2022-10-28,18:30:00,301.771,301.0,0.0,0.0,0.0,0.0,-7.61
2022-10-28 19:00:00,2022-10-28,19:00:00,301.792,301.0,0.0,0.0,0.0,0.0,-8.41
2022-10-28 19:30:00,2022-10-28,19:30:00,301.812,301.0,0.0,0.0,0.0,0.0,-9.56
2022-10-28 20:00:00,2022-10-28,20:00:00,301.833,301.0,0.0,0.0,0.0,0.0,-10.55
2022-10-28 20:30:00,2022-10-28,20:30:00,301.854,301.0,0.0,0.0,0.0,0.0,-11.12
2022-10-28 21:00:00,2022-10-28,21:00:00,301.875,301.0,0.0,0.0,0.0,0.0,-12.01
2022-10-28 21:30:00,2022-10-28,21:30:00,301.896,301.0,0.0,0.0,0.0,0.0,-12.29
2022-10-28 22:00:00,2022-10-28,22:00:00,301.917,301.0,0.0,0.0,0.0,0.0,-12.44
2022-10-28 22:30:00,2022-10-28,22:30:00,301.938,301.0,0.0,0.0,0.0,0.0,-13.26
2022-10-28 23:00:00,2022-10-28,23:00:00,301.958,301.0,0.0,0.0,0.0,0.0,-13.28
2022-10-28 23:30:00,2022-10-28,23:30:00,301.979,301.0,0.0,0.0,0.0,0.0,-13.8
2022-10-29 00:00:00,2022-10-29,00:00:00,302.0,302.0,0.0,0.0,0.0,0.0,-13.54
2022-10-29 00:30:00,2022-10-29,00:30:00,302.021,302.0,0.0,0.0,0.0,0.0,-14.0
2022-10-29 01:00:00,2022-10-29,01:00:00,302.042,302.0,0.0,0.0,0.0,0.0,-14.55
2022-10-29 01:30:00,2022-10-29,01:30:00,302.062,302.0,0.0,0.0,0.0,0.0,-14.9
2022-10-29 02:00:00,2022-10-29,02:00:00,302.083,302.0,0.0,0.0,0.0,0.0,-14.67
2022-10-29 02:30:00,2022-10-29,02:30:00,302.104,302.0,0.0,0.0,0.0,0.0,-15.11
2022-10-29 03:00:00,2022-10-29,03:00:00,302.125,302.0,0.0,0.0,0.0,0.0,-15.54
2022-10-29 03:30:00,2022-10-29,03:30:00,302.146,302.0,0.0,0.0,0.0,0.0,-15.79
2022-10-29 04:00:00,2022-10-29,04:00:00,302.167,302.0,0.0,0.0,0.0,0.0,-16.26
2022-10-29 04:30:00,2022-10-29,04:30:00,302.188,302.0,0.0,0.0,0.0,0.0,-16.27
2022-10-29 05:00:00,2022-10-29,05:00:00,302.208,302.0,0.0,0.0,0.0,0.0,-16.61
2022-10-29 05:30:00,2022-10-29,05:30:00,302.229,302.0,0.0,0.0,0.0,0.0,-16.39
2022-10-29 06:00:00,2022-10-29,06:00:00,302.25,302.0,0.0,0.0,0.0,0.0,-16.36
2022-10-29 06:30:00,2022-10-29,06:30:00,302.271,302.0,0.0,0.0,0.0,0.0,-16.62
2022-10-29 07:00:00,2022-10-29,07:00:00,302.292,302.0,0.0,0.0,0.0,0.0,-14.28
2022-10-29 07:30:00,2022-10-29,07:30:00,302.312,302.0,0.0,0.0,0.0,0.0,-11.38
2022-10-29 08:00:00,2022-10-29,08:00:00,302.333,302.0,0.0,0.0,0.0,0.0,-7.47
2022-10-29 08:30:00,2022-10-29,08:30:00,302.354,302.0,0.0,0.0,0.0,0.0,-3.59
2022-10-29 09:00:00,2022-10-29,09:00:00,302.375,302.0,0.0,0.0,0.0,0.0,-0.77
2022-10-29 09:30:00,2022-10-29,09:30:00,302.396,302.0,0.0,0.0,0.0,0.0,3.75
2022-10-29 10:00:00,2022-10-29,10:00:00,302.417,302.0,0.0,0.0,0.0,0.0,7.86
2022-10-29 10:30:00,2022-10-29,10:30:00,302.438,302.0,0.0,0.0,0.0,0.0,10.45
2022-10-29 11:00:00,2022-10-29,11:00:00,302.458,302.0,0.0,0.0,0.0,0.0,12.03
2022-10-29 11:30:00,2022-10-29,11:30:00,302.479,302.0,0.0,0.0,0.0,0.0,13.03
2022-10-29 12:00:00,2022-10-29,12:00:00,302.5,302.0,0.0,0.0,0.0,0.0,11.89
2022-10-29 12:30:00,2022-10-29,12:30:00,302.521,302.0,0.0,0.0,0.0,0.0,12.2
2022-10-29 13:00:00,2022-10-29,13:00:00,302.542,302.0,0.0,0.0,0.0,0.0,12.02
2022-10-29 13:30:00,2022-10-29,13:30:00,302.562,302.0,0.0,0.0,0.0,0.0,10.86
2022-10-29 14:00:00,2022-10-29,14:00:00,302.583,302.0,0.0,0.0,0.0,0.0,7.85
2022-10-29 14:30:00,2022-10-29,14:30:00,302.604,302.0,0.0,0.0,0.0,0.0,9.81
2022-10-29 15:00:00,2022-10-29,15:00:00,302.625,302.0,0.0,0.0,0.0,0.0,6.27
2022-10-29 15:30:00,2022-10-29,15:30:00,302.646,302.0,0.0,0.0,0.0,0.0,-0.12
2022-10-29 16:00:00,2022-10-29,16:00:00,302.667,302.0,0.0,0.0,0.0,0.0,-1.85
2022-10-29 16:30:00,2022-10-29,16:30:00,302.688,302.0,0.0,0.0,0.0,0.0,-3.25
2022-10-29 17:00:00,2022-10-29,17:00:00,302.708,302.0,0.0,0.0,0.0,0.0,-3.95
2022-10-29 17:30:00,2022-10-29,17:30:00,302.729,302.0,0.0,0.0,0.0,0.0,-5.38
2022-10-29 18:00:00,2022-10-29,18:00:00,302.75,302.0,0.0,0.0,0.0,0.0,-5.41
2022-10-29 18:30:00,2022-10-29,18:30:00,302.771,302.0,0.0,0.0,0.0,0.0,-6.16
2022-10-29 19:00:00,2022-10-29,19:00:00,302.792,302.0,0.0,0.0,0.0,0.0,-6.59
2022-10-29 19:30:00,2022-10-29,19:30:00,302.812,302.0,0.0,0.0,0.0,0.0,-8.18
2022-10-29 20:00:00,2022-10-29,20:00:00,302.833,302.0,0.0,0.0,0.0,0.0,-8.03
2022-10-29 20:30:00,2022-10-29,20:30:00,302.854,302.0,0.0,0.0,0.0,0.0,-8.19
2022-10-29 21:00:00,2022-10-29,21:00:00,302.875,302.0,0.0,0.0,0.0,0.0,-9.02
2022-10-29 21:30:00,2022-10-29,21:30:00,302.896,302.0,0.0,0.0,0.0,0.0,-9.43
2022-10-29 22:00:00,2022-10-29,22:00:00,302.917,302.0,0.0,0.0,0.0,0.0,-8.63
2022-10-29 22:30:00,2022-10-29,22:30:00,302.938,302.0,0.0,0.0,0.0,0.0,-8.78
2022-10-29 23:00:00,2022-10-29,23:00:00,302.958,302.0,0.0,0.0,0.0,0.0,-8.82
2022-10-29 23:30:00,2022-10-29,23:30:00,302.979,302.0,0.0,0.0,0.0,0.0,-9.0
2022-10-30 00:00:00,2022-10-30,00:00:00,303.0,303.0,0.0,0.0,0.0,0.0,-8.81
2022-10-30 00:30:00,2022-10-30,00:30:00,303.021,303.0,0.0,0.0,0.0,0.0,-9.33
2022-10-30 01:00:00,2022-10-30,01:00:00,303.042,303.0,0.0,0.0,0.0,0.0,-9.38
2022-10-30 01:30:00,2022-10-30,01:30:00,303.062,303.0,0.0,0.0,0.0,0.0,-8.94
2022-10-30 02:00:00,2022-10-30,02:00:00,303.083,303.0,0.0,0.0,0.0,0.0,-8.85
2022-10-30 02:30:00,2022-10-30,02:30:00,303.104,303.0,0.0,0.0,0.0,0.0,-8.23
2022-10-30 03:00:00,2022-10-30,03:00:00,303.125,303.0,0.0,0.0,0.0,0.0,-8.78
2022-10-30 03:30:00,2022-10-30,03:30:00,303.146,303.0,0.0,0.0,0.0,0.0,-10.01
2022-10-30 04:00:00,2022-10-30,04:00:00,303.167,303.0,0.0,0.0,0.0,0.0,-10.54
2022-10-30 04:30:00,2022-10-30,04:30:00,303.188,303.0,0.0,0.0,0.0,0.0,-11.95
2022-10-30 05:00:00,2022-10-30,05:00:00,303.208,303.0,0.0,0.0,0.0,0.0,-12.37
2022-10-30 05:30:00,2022-10-30,05:30:00,303.229,303.0,0.0,0.0,0.0,0.0,-12.88
2022-10-30 06:00:00,2022-10-30,06:00:00,303.25,303.0,0.0,0.0,0.0,0.0,-12.55
2022-10-30 06:30:00,2022-10-30,06:30:00,303.271,303.0,0.0,0.0,0.0,0.0,-12.15
2022-10-30 07:00:00,2022-10-30,07:00:00,303.292,303.0,0.0,0.0,0.0,0.0,-9.75
2022-10-30 07:30:00,2022-10-30,07:30:00,303.312,303.0,0.0,0.0,0.0,0.0,-8.29
2022-10-30 08:00:00,2022-10-30,08:00:00,303.333,303.0,0.0,0.0,0.0,0.0,-5.69
2022-10-30 08:30:00,2022-10-30,08:30:00,303.354,303.0,0.0,0.0,0.0,0.0,-0.58
2022-10-30 09:00:00,2022-10-30,09:00:00,303.375,303.0,0.0,0.0,0.0,0.0,3.61
2022-10-30 09:30:00,2022-10-30,09:30:00,303.396,303.0,0.0,0.0,0.0,0.0,6.6
2022-10-30 10:00:00,2022-10-30,10:00:00,303.417,303.0,0.0,0.0,0.0,0.0,9.55
2022-10-30 10:30:00,2022-10-30,10:30:00,303.438,303.0,0.0,0.0,0.0,0.0,12.45
2022-10-30 11:00:00,2022-10-30,11:00:00,303.458,303.0,0.0,0.0,0.0,0.0,11.94
2022-10-30 11:30:00,2022-10-30,11:30:00,303.479,303.0,0.0,0.0,0.0,0.0,13.05
2022-10-30 12:00:00,2022-10-30,12:00:00,303.5,303.0,0.0,0.0,0.0,0.0,11.43
2022-10-30 12:30:00,2022-10-30,12:30:00,303.521,303.0,0.0,0.0,0.0,0.0,13.79
2022-10-30 13:00:00,2022-10-30,13:00:00,303.542,303.0,0.0,0.0,0.0,0.0,12.13
2022-10-30 13:30:00,2022-10-30,13:30:00,303.562,303.0,0.0,0.0,0.0,0.0,10.19
2022-10-30 14:00:00,2022-10-30,14:00:00,303.583,303.0,0.0,0.0,0.0,0.0,8.84
2022-10-30 14:30:00,2022-10-30,14:30:00,303.604,303.0,0.0,0.0,0.0,0.0,8.09
2022-10-30 15:00:00,2022-10-30,15:00:00,303.625,303.0,0.0,0.0,0.0,0.0,5.12
2022-10-30 15:30:00,2022-10-30,15:30:00,303.646,303.0,0.0,0.0,0.0,0.0,1.02
2022-10-30 16:00:00,2022-10-30,16:00:00,303.667,303.0,0.0,0.0,0.0,0.0,-0.12
2022-10-30 16:30:00,2022-10-30,16:30:00,303.688,303.0,0.0,0.0,0.0,0.0,-1.18
2022-10-30 17:00:00,2022-10-30,17:00:00,303.708,303.0,0.0,0.0,0.0,0.0,-2.57
2022-10-30 17:30:00,2022-10-30,17:30:00,303.729,303.0,0.0,0.0,0.0,0.0,-2.59
2022-10-30 18:00:00,2022-10-30,18:00:00,303.75,303.0,0.0,0.0,0.0,0.0,-2.9
2022-10-30 18:30:00,2022-10-30,18:30:00,303.771,303.0,0.0,0.0,0.0,0.0,-3.61
2022-10-30 19:00:00,2022-10-30,19:00:00,303.792,303.0,0.0,0.0,0.0,0.0,-3.82
2022-10-30 19:30:00,2022-10-30,19:30:00,303.812,303.0,0.0,0.0,0.0,0.0,-5.42
2022-10-30 20:00:00,2022-10-30,20:00:00,303.833,303.0,0.0,0.0,0.0,0.0,-5.59
2022-10-30 20:30:00,2022-10-30,20:30:00,303.854,303.0,0.0,0.0,0.0,0.0,-5.71
2022-10-30 21:00:00,2022-10-30,21:00:00,303.875,303.0,0.0,0.0,0.0,0.0,-7.17
2022-10-30 21:30:00,2022-10-30,21:30:00,303.896,303.0,0.0,0.0,0.0,0.0,-6.67
2022-10-30 22:00:00,2022-10-30,22:00:00,303.917,303.0,0.0,0.0,0.0,0.0,-7.62
2022-10-30 22:30:00,2022-10-30,22:30:00,303.938,303.0,0.0,0.0,0.0,0.0,-8.27
2022-10-30 23:00:00,2022-10-30,23:00:00,303.958,303.0,0.0,0.0,0.0,0.0,-8.43
2022-10-30 23:30:00,2022-10-30,23:30:00,303.979,303.0,0.0,0.0,0.0,0.0,-9.74
2022-10-31 00:00:00,2022-10-31,00:00:00,304.0,304.0,0.0,0.0,0.0,0.0,-9.93
2022-10-31 00:30:00,2022-10-31,00:30:00,304.021,304.0,0.0,0.0,0.0,0.0,-11.24
2022-10-31 01:00:00,2022-10-31,01:00:00,304.042,304.0,0.0,0.0,0.0,0.0,-11.57
2022-10-31 01:30:00,2022-10-31,01:30:00,304.062,304.0,0.0,0.0,0.0,0.0,-12.2
2022-10-31 02:00:00,2022-10-31,02:00:00,304.083,304.0,0.0,0.0,0.0,0.0,-12.41
2022-10-31 02:30:00,2022-10-31,02:30:00,304.104,304.0,0.0,0.0,0.0,0.0,-12.3
2022-10-31 03:00:00,2022-10-31,03:00:00,304.125,304.0,0.0,0.0,0.0,0.0,-12.8
2022-10-31 03:30:00,2022-10-31,03:30:00,304.146,304.0,0.0,0.0,0.0,0.0,-13.36
2022-10-31 04:00:00,2022-10-31,04:00:00,304.167,304.0,0.0,0.0,0.0,0.0,-13.62
2022-10-31 04:30:00,2022-10-31,04:30:00,304.188,304.0,0.0,0.0,0.0,0.0,-13.8
2022-10-31 05:00:00,2022-10-31,05:00:00,304.208,304.0,0.0,0.0,0.0,0.0,-13.79
2022-10-31 05:30:00,2022-10-31,05:30:00,304.229,304.0,0.0,0.0,0.0,0.0,-14.38
2022-10-31 06:00:00,2022-10-31,06:00:00,304.25,304.0,0.0,0.0,0.0,0.0,-14.6
2022-10-31 06:30:00,2022-10-31,06:30:00,304.271,304.0,0.0,0.0,0.0,0.0,-14.33
2022-10-31 07:00:00,2022-10-31,07:00:00,304.292,304.0,0.0,0.0,0.0,0.0,-12.16
2022-10-31 07:30:00,2022-10-31,07:30:00,304.312,304.0,0.0,0.0,0.0,0.0,-8.96
2022-10-31 08:00:00,2022-10-31,08:00:00,304.333,304.0,0.0,0.0,0.0,0.0,-4.56
2022-10-31 08:30:00,2022-10-31,08:30:00,304.354,304.0,0.0,0.0,0.0,0.0,-0.62
2022-10-31 09:00:00,2022-10-31,09:00:00,304.375,304.0,0.0,0.0,0.0,0.0,3.2
2022-10-31 09:30:00,2022-10-31,09:30:00,304.396,304.0,0.0,0.0,0.0,0.0,6.3
2022-10-31 10:00:00,2022-10-31,10:00:00,304.417,304.0,0.0,0.0,0.0,0.0,8.59
2022-10-31 10:30:00,2022-10-31,10:30:00,304.438,304.0,0.0,0.0,0.0,0.0,10.65
2022-10-31 11:00:00,2022-10-31,11:00:00,304.458,304.0,0.0,0.0,0.0,0.0,12.32
2022-10-31 11:30:00,2022-10-31,11:30:00,304.479,304.0,0.0,0.0,0.0,0.0,13.41
2022-10-31 12:00:00,2022-10-31,12:00:00,304.5,304.0,0.0,0.0,0.0,0.0,14.29
2022-10-31 12:30:00,2022-10-31,12:30:00,304.521,304.0,0.0,0.0,0.0,0.0,14.86
2022-10-31 13:00:00,2022-10-31,13:00:00,304.542,304.0,0.0,0.0,0.0,0.0,14.76
2022-10-31 13:30:00,2022-10-31,13:30:00,304.562,304.0,0.0,0.0,0.0,0.0,14.19
2022-10-31 14:00:00,2022-10-31,14:00:00,304.583,304.0,0.0,0.0,0.0,0.0,12.06
2022-10-31 14:30:00,2022-10-31,14:30:00,304.604,304.0,0.0,0.0,0.0,0.0,9.7
2022-10-31 15:00:00,2022-10-31,15:00:00,304.625,304.0,0.0,0.0,0.0,0.0,5.22
2022-10-31 15:30:00,2022-10-31,15:30:00,304.646,304.0,0.0,0.0,0.0,0.0,2.19
2022-10-31 16:00:00,2022-10-31,16:00:00,304.667,304.0,0.0,0.0,0.0,0.0,0.35
2022-10-31 16:30:00,2022-10-31,16:30:00,304.688,304.0,0.0,0.0,0.0,0.0,-1.17
2022-10-31 17:00:00,2022-10-31,17:00:00,304.708,304.0,0.0,0.0,0.0,0.0,-1.84
2022-10-31 17:30:00,2022-10-31,17:30:00,304.729,304.0,0.0,0.0,0.0,0.0,-2.83
2022-10-31 18:00:00,2022-10-31,18:00:00,304.75,304.0,0.0,0.0,0.0,0.0,-3.5
2022-10-31 18:30:00,2022-10-31,18:30:00,304.771,304.0,0.0,0.0,0.0,0.0,-4.28
2022-10-31 19:00:00,2022-10-31,19:00:00,304.792,304.0,0.0,0.0,0.0,0.0,-4.96
2022-10-31 19:30:00,2022-10-31,19:30:00,304.812,304.0,0.0,0.0,0.0,0.0,-4.3
2022-10-31 20:00:00,2022-10-31,20:00:00,304.833,304.0,0.0,0.0,0.0,0.0,-6.99
2022-10-31 20:30:00,2022-10-31,20:30:00,304.854,304.0,0.0,0.0,0.0,0.0,-7.63
2022-10-31 21:00:00,2022-10-31,21:00:00,304.875,304.0,0.0,0.0,0.0,0.0,-7.59
2022-10-31 21:30:00,2022-10-31,21:30:00,304.896,304.0,0.0,0.0,0.0,0.0,-7.56
2022-10-31 22:00:00,2022-10-31,22:00:00,304.917,304.0,0.0,0.0,0.0,0.0,-7.04
2022-10-31 22:30:00,2022-10-31,22:30:00,304.938,304.0,0.0,0.0,0.0,0.0,-7.68
2022-10-31 23:00:00,2022-10-31,23:00:00,304.958,304.0,0.0,0.0,0.0,0.0,-8.59
2022-10-31 23:30:00,2022-10-31,23:30:00,304.979,304.0,0.0,0.0,0.0,0.0,-8.8
2022-11-01 00:00:00,2022-11-01,00:00:00,305.0,305.0,0.0,0.0,0.0,0.0,-8.76
2022-11-01 00:30:00,2022-11-01,00:30:00,305.021,305.0,0.0,0.0,0.0,0.0,-9.62
2022-11-01 01:00:00,2022-11-01,01:00:00,305.042,305.0,0.0,0.0,0.0,0.0,-9.8
2022-11-01 01:30:00,2022-11-01,01:30:00,305.062,305.0,0.0,0.0,0.0,0.0,-10.0
2022-11-01 02:00:00,2022-11-01,02:00:00,305.083,305.0,0.0,0.0,0.0,0.0,-9.21
2022-11-01 02:30:00,2022-11-01,02:30:00,305.104,305.0,0.0,0.0,0.0,0.0,-9.7
2022-11-01 03:00:00,2022-11-01,03:00:00,305.125,305.0,0.0,0.0,0.0,0.0,-9.86
2022-11-01 03:30:00,2022-11-01,03:30:00,305.146,305.0,0.0,0.0,0.0,0.0,-10.57
2022-11-01 04:00:00,2022-11-01,04:00:00,305.167,305.0,0.0,0.0,0.0,0.0,-10.62
2022-11-01 04:30:00,2022-11-01,04:30:00,305.188,305.0,0.0,0.0,0.0,0.0,-10.59
2022-11-01 05:00:00,2022-11-01,05:00:00,305.208,305.0,0.0,0.0,0.0,0.0,-11.13
2022-11-01 05:30:00,2022-11-01,05:30:00,305.229,305.0,0.0,0.0,0.0,0.0,-11.28
2022-11-01 06:00:00,2022-11-01,06:00:00,305.25,305.0,0.0,0.0,0.0,0.0,-11.46
2022-11-01 06:30:00,2022-11-01,06:30:00,305.271,305.0,0.0,0.0,0.0,0.0,-11.37
2022-11-01 07:00:00,2022-11-01,07:00:00,305.292,305.0,0.0,0.0,0.0,0.0,-9.11
2022-11-01 07:30:00,2022-11-01,07:30:00,305.312,305.0,0.0,0.0,0.0,0.0,-6.79
2022-11-01 08:00:00,2022-11-01,08:00:00,305.333,305.0,0.0,0.0,0.0,0.0,-3.29
2022-11-01 08:30:00,2022-11-01,08:30:00,305.354,305.0,0.0,0.0,0.0,0.0,-0.53
2022-11-01 09:00:00,2022-11-01,09:00:00,305.375,305.0,0.0,0.0,0.0,0.0,3.09
2022-11-01 09:30:00,2022-11-01,09:30:00,305.396,305.0,0.0,0.0,0.0,0.0,6.99
2022-11-01 10:00:00,2022-11-01,10:00:00,305.417,305.0,0.0,0.0,0.0,0.0,9.76
2022-11-01 10:30:00,2022-11-01,10:30:00,305.438,305.0,0.0,0.0,0.0,0.0,12.6
2022-11-01 11:00:00,2022-11-01,11:00:00,305.458,305.0,0.0,0.0,0.0,0.0,13.92
2022-11-01 11:30:00,2022-11-01,11:30:00,305.479,305.0,0.0,0.0,0.0,0.0,14.22
2022-11-01 12:00:00,2022-11-01,12:00:00,305.5,305.0,0.0,0.0,0.0,0.0,16.3
2022-11-01 12:30:00,2022-11-01,12:30:00,305.521,305.0,0.0,0.0,0.0,0.0,14.55
2022-11-01 13:00:00,2022-11-01,13:00:00,305.542,305.0,0.0,0.0,0.0,0.0,13.92
2022-11-01 13:30:00,2022-11-01,13:30:00,305.562,305.0,0.0,0.0,0.0,0.0,10.85
2022-11-01 14:00:00,2022-11-01,14:00:00,305.583,305.0,0.0,0.0,0.0,0.0,8.1
2022-11-01 14:30:00,2022-11-01,14:30:00,305.604,305.0,0.0,0.0,0.0,0.0,8.37
2022-11-01 15:00:00,2022-11-01,15:00:00,305.625,305.0,0.0,0.0,0.0,0.0,5.99
2022-11-01 15:30:00,2022-11-01,15:30:00,305.646,305.0,0.0,0.0,0.0,0.0,5.32
2022-11-01 16:00:00,2022-11-01,16:00:00,305.667,305.0,0.0,0.0,0.0,0.0,1.99
2022-11-01 16:30:00,2022-11-01,16:30:00,305.688,305.0,0.0,0.0,0.0,0.0,-0.15
2022-11-01 17:00:00,2022-11-01,17:00:00,305.708,305.0,0.0,0.0,0.0,0.0,-2.2
2022-11-01 17:30:00,2022-11-01,17:30:00,305.729,305.0,0.0,0.0,0.0,0.0,-2.62
2022-11-01 18:00:00,2022-11-01,18:00:00,305.75,305.0,0.0,0.0,0.0,0.0,-3.94
2022-11-01 18:30:00,2022-11-01,18:30:00,305.771,305.0,0.0,0.0,0.0,0.0,-4.56
2022-11-01 19:00:00,2022-11-01,19:00:00,305.792,305.0,0.0,0.0,0.0,0.0,-3.98
2022-11-01 19:30:00,2022-11-01,19:30:00,305.812,305.0,0.0,0.0,0.0,0.0,-3.2
2022-11-01 20:00:00,2022-11-01,20:00:00,305.833,305.0,0.0,0.0,0.0,0.0,-3.13
2022-11-01 20:30:00,2022-11-01,20:30:00,305.854,305.0,0.0,0.0,0.0,0.0,-3.61
2022-11-01 21:00:00,2022-11-01,21:00:00,305.875,305.0,0.0,0.0,0.0,0.0,-4.46
2022-11-01 21:30:00,2022-11-01,21:30:00,305.896,305.0,0.0,0.0,0.0,0.0,-4.61
2022-11-01 22:00:00,2022-11-01,22:00:00,305.917,305.0,0.0,0.0,0.0,0.0,-4.7
2022-11-01 22:30:00,2022-11-01,22:30:00,305.938,305.0,0.0,0.0,0.0,0.0,-5.37
2022-11-01 23:00:00,2022-11-01,23:00:00,305.958,305.0,0.0,0.0,0.0,0.0,-6.61
2022-11-01 23:30:00,2022-11-01,23:30:00,305.979,305.0,0.0,0.0,0.0,0.0,-7.34
2022-11-02 00:00:00,2022-11-02,00:00:00,306.0,306.0,0.0,0.0,0.0,0.0,-7.34
2022-11-02 00:30:00,2022-11-02,00:30:00,306.021,306.0,0.0,0.0,0.0,0.0,-8.38
2022-11-02 01:00:00,2022-11-02,01:00:00,306.042,306.0,0.0,0.0,0.0,0.0,-7.73
2022-11-02 01:30:00,2022-11-02,01:30:00,306.062,306.0,0.0,0.0,0.0,0.0,-7.78
2022-11-02 02:00:00,2022-11-02,02:00:00,306.083,306.0,0.0,0.0,0.0,0.0,-7.75
2022-11-02 02:30:00,2022-11-02,02:30:00,306.104,306.0,0.0,0.0,0.0,0.0,-8.54
2022-11-02 03:00:00,2022-11-02,03:00:00,306.125,306.0,0.0,0.0,0.0,0.0,-8.68
2022-11-02 03:30:00,2022-11-02,03:30:00,306.146,306.0,0.0,0.0,0.0,0.0,-8.85
2022-11-02 04:00:00,2022-11-02,04:00:00,306.167,306.0,0.0,0.0,0.0,0.0,-8.86
2022-11-02 04:30:00,2022-11-02,04:30:00,306.188,306.0,0.0,0.0,0.0,0.0,-9.0
2022-11-02 05:00:00,2022-11-02,05:00:00,306.208,306.0,0.0,0.0,0.0,0.0,-8.72
2022-11-02 05:30:00,2022-11-02,05:30:00,306.229,306.0,0.0,0.0,0.0,0.0,-9.49
2022-11-02 06:00:00,2022-11-02,06:00:00,306.25,306.0,0.0,0.0,0.0,0.0,-9.6
2022-11-02 06:30:00,2022-11-02,06:30:00,306.271,306.0,0.0,0.0,0.0,0.0,-9.32
2022-11-02 07:00:00,2022-11-02,07:00:00,306.292,306.0,0.0,0.0,0.0,0.0,-7.47
2022-11-02 07:30:00,2022-11-02,07:30:00,306.312,306.0,0.0,0.0,0.0,0.0,-4.49
2022-11-02 08:00:00,2022-11-02,08:00:00,306.333,306.0,0.0,0.0,0.0,0.0,-0.69
2022-11-02 08:30:00,2022-11-02,08:30:00,306.354,306.0,0.0,0.0,0.0,0.0,2.47
2022-11-02 09:00:00,2022-11-02,09:00:00,306.375,306.0,0.0,0.0,0.0,0.0,4.98
2022-11-02 09:30:00,2022-11-02,09:30:00,306.396,306.0,0.0,0.0,0.0,0.0,7.53
2022-11-02 10:00:00,2022-11-02,10:00:00,306.417,306.0,0.0,0.0,0.0,0.0,9.28
2022-11-02 10:30:00,2022-11-02,10:30:00,306.438,306.0,0.0,0.0,0.0,0.0,10.23
2022-11-02 11:00:00,2022-11-02,11:00:00,306.458,306.0,0.0,0.0,0.0,0.0,11.0
2022-11-02 11:30:00,2022-11-02,11:30:00,306.479,306.0,0.0,0.0,0.0,0.0,12.12
2022-11-02 12:00:00,2022-11-02,12:00:00,306.5,306.0,0.0,0.0,0.0,0.0,12.92
2022-11-02 12:30:00,2022-11-02,12:30:00,306.521,306.0,0.0,0.0,0.0,0.0,12.95
2022-11-02 13:00:00,2022-11-02,13:00:00,306.542,306.0,0.0,0.0,0.0,0.0,11.77
2022-11-02 13:30:00,2022-11-02,13:30:00,306.562,306.0,0.0,0.0,0.0,0.0,12.47
2022-11-02 14:00:00,2022-11-02,14:00:00,306.583,306.0,0.0,0.0,0.0,0.0,11.68
2022-11-02 14:30:00,2022-11-02,14:30:00,306.604,306.0,0.0,0.0,0.0,0.0,9.87
2022-11-02 15:00:00,2022-11-02,15:00:00,306.625,306.0,0.0,0.0,0.0,0.0,6.08
2022-11-02 15:30:00,2022-11-02,15:30:00,306.646,306.0,0.0,0.0,0.0,0.0,3.28
2022-11-02 16:00:00,2022-11-02,16:00:00,306.667,306.0,0.0,0.0,0.0,0.0,3.03
2022-11-02 16:30:00,2022-11-02,16:30:00,306.688,306.0,0.0,0.0,0.0,0.0,2.0
2022-11-02 17:00:00,2022-11-02,17:00:00,306.708,306.0,0.0,0.0,0.0,0.0,-0.63
2022-11-02 17:30:00,2022-11-02,17:30:00,306.729,306.0,0.0,0.0,0.0,0.0,-2.27
2022-11-02 18:00:00,2022-11-02,18:00:00,306.75,306.0,0.0,0.0,0.0,0.0,-3.9
2022-11-02 18:30:00,2022-11-02,18:30:00,306.771,306.0,0.0,0.0,0.0,0.0,-4.21
2022-11-02 19:00:00,2022-11-02,19:00:00,306.792,306.0,0.0,0.0,0.0,0.0,-3.81
2022-11-02 19:30:00,2022-11-02,19:30:00,306.812,306.0,0.0,0.0,0.0,0.0,-3.55
2022-11-02 20:00:00,2022-11-02,20:00:00,306.833,306.0,0.0,0.0,0.0,0.0,-4.73
2022-11-02 20:30:00,2022-11-02,20:30:00,306.854,306.0,0.0,0.0,0.0,0.0,-4.46
2022-11-02 21:00:00,2022-11-02,21:00:00,306.875,306.0,0.0,0.0,0.0,0.0,-3.79
2022-11-02 21:30:00,2022-11-02,21:30:00,306.896,306.0,0.0,0.0,0.0,0.0,-2.58
2022-11-02 22:00:00,2022-11-02,22:00:00,306.917,306.0,0.0,0.0,0.0,0.0,-1.15
2022-11-02 22:30:00,2022-11-02,22:30:00,306.938,306.0,0.0,0.0,0.0,0.0,-0.83
2022-11-02 23:00:00,2022-11-02,23:00:00,306.958,306.0,0.0,0.0,0.0,0.0,-1.72
2022-11-02 23:30:00,2022-11-02,23:30:00,306.979,306.0,0.0,0.0,0.0,0.0,-1.78
2022-11-03 00:00:00,2022-11-03,00:00:00,307.0,307.0,0.0,0.0,0.0,0.0,-1.89
2022-11-03 00:30:00,2022-11-03,00:30:00,307.021,307.0,0.0,0.0,0.0,0.0,-2.02
2022-11-03 01:00:00,2022-11-03,01:00:00,307.042,307.0,0.0,0.0,0.0,0.0,-1.4
2022-11-03 01:30:00,2022-11-03,01:30:00,307.062,307.0,0.0,0.0,0.0,0.0,-1.01
2022-11-03 02:00:00,2022-11-03,02:00:00,307.083,307.0,0.54,0.56,0.54,0.51,-1.47
2022-11-03 02:30:00,2022-11-03,02:30:00,307.104,307.0,1.01,1.05,1.02,0.96,-1.95
2022-11-03 03:00:00,2022-11-03,03:00:00,307.125,307.0,0.34,0.35,0.33,0.32,-2.25
2022-11-03 03:30:00,2022-11-03,03:30:00,307.146,307.0,0.82,0.85,0.82,0.78,-2.28
2022-11-03 04:00:00,2022-11-03,04:00:00,307.167,307.0,1.19,1.24,1.2,1.13,-2.31
2022-11-03 04:30:00,2022-11-03,04:30:00,307.188,307.0,0.8,0.84,0.82,0.76,-2.38
2022-11-03 05:00:00,2022-11-03,05:00:00,307.208,307.0,0.43,0.45,0.42,0.41,-2.26
2022-11-03 05:30:00,2022-11-03,05:30:00,307.229,307.0,0.0,0.0,0.0,0.0,-2.5
2022-11-03 06:00:00,2022-11-03,06:00:00,307.25,307.0,0.0,0.0,0.0,0.0,-2.72
2022-11-03 06:30:00,2022-11-03,06:30:00,307.271,307.0,0.0,0.0,0.0,0.0,-2.76
2022-11-03 07:00:00,2022-11-03,07:00:00,307.292,307.0,0.0,0.0,0.0,0.0,-2.29
2022-11-03 07:30:00,2022-11-03,07:30:00,307.312,307.0,0.0,0.0,0.0,0.0,-2.05
2022-11-03 08:00:00,2022-11-03,08:00:00,307.333,307.0,0.0,0.0,0.0,0.0,-1.71
2022-11-03 08:30:00,2022-11-03,08:30:00,307.354,307.0,0.0,0.0,0.0,0.0,-0.71
2022-11-03 09:00:00,2022-11-03,09:00:00,307.375,307.0,0.0,0.0,0.0,0.0,0.2
2022-11-03 09:30:00,2022-11-03,09:30:00,307.396,307.0,0.0,0.0,0.0,0.0,0.41
2022-11-03 10:00:00,2022-11-03,10:00:00,307.417,307.0,0.0,0.0,0.0,0.0,0.79
2022-11-03 10:30:00,2022-11-03,10:30:00,307.438,307.0,0.95,0.99,0.95,0.9,-0.5
2022-11-03 11:00:00,2022-11-03,11:00:00,307.458,307.0,0.43,0.45,0.44,0.41,0.59
2022-11-03 11:30:00,2022-11-03,11:30:00,307.479,307.0,0.82,0.85,0.83,0.78,-1.18
2022-11-03 12:00:00,2022-11-03,12:00:00,307.5,307.0,1.01,1.05,1.03,0.96,-2.64
2022-11-03 12:30:00,2022-11-03,12:30:00,307.521,307.0,0.36,0.38,0.34,0.35,-1.94
2022-11-03 13:00:00,2022-11-03,13:00:00,307.542,307.0,0.23,0.24,0.23,0.22,-0.39
2022-11-03 13:30:00,2022-11-03,13:30:00,307.562,307.0,0.0,0.0,0.0,0.0,-0.92
2022-11-03 14:00:00,2022-11-03,14:00:00,307.583,307.0,0.0,0.0,0.0,0.0,-1.5
2022-11-03 14:30:00,2022-11-03,14:30:00,307.604,307.0,0.56,0.58,0.57,0.53,-2.44
2022-11-03 15:00:00,2022-11-03,15:00:00,307.625,307.0,0.4,0.41,0.4,0.38,-1.18
2022-11-03 15:30:00,2022-11-03,15:30:00,307.646,307.0,0.0,0.0,0.0,0.0,-3.06
2022-11-03 16:00:00,2022-11-03,16:00:00,307.667,307.0,0.0,0.0,0.0,0.0,-3.66
2022-11-03 16:30:00,2022-11-03,16:30:00,307.688,307.0,0.0,0.0,0.0,0.0,-5.44
2022-11-03 17:00:00,2022-11-03,17:00:00,307.708,307.0,0.0,0.0,0.0,0.0,-5.51
2022-11-03 17:30:00,2022-11-03,17:30:00,307.729,307.0,0.23,0.24,0.23,0.22,-4.85
2022-11-03 18:00:00,2022-11-03,18:00:00,307.75,307.0,0.0,0.0,0.0,0.0,-5.21
2022-11-03 18:30:00,2022-11-03,18:30:00,307.771,307.0,0.0,0.0,0.0,0.0,-5.54
2022-11-03 19:00:00,2022-11-03,19:00:00,307.792,307.0,0.0,0.0,0.0,0.0,-5.7
2022-11-03 19:30:00,2022-11-03,19:30:00,307.812,307.0,0.0,0.0,0.0,0.0,-5.79
2022-11-03 20:00:00,2022-11-03,20:00:00,307.833,307.0,0.78,0.81,0.79,0.74,-5.77
2022-11-03 20:30:00,2022-11-03,20:30:00,307.854,307.0,0.0,0.0,0.0,0.0,-7.6
2022-11-03 21:00:00,2022-11-03,21:00:00,307.875,307.0,0.0,0.0,0.0,0.0,-6.61
2022-11-03 21:30:00,2022-11-03,21:30:00,307.896,307.0,0.0,0.0,0.0,0.0,-8.14
2022-11-03 22:00:00,2022-11-03,22:00:00,307.917,307.0,0.0,0.0,0.0,0.0,-10.72
2022-11-03 22:30:00,2022-11-03,22:30:00,307.938,307.0,0.0,0.0,0.0,0.0,-11.39
2022-11-03 23:00:00,2022-11-03,23:00:00,307.958,307.0,0.0,0.0,0.0,0.0,-11.15
2022-11-03 23:30:00,2022-11-03,23:30:00,307.979,307.0,0.0,0.0,0.0,0.0,-9.81
2022-11-04 00:00:00,2022-11-04,00:00:00,308.0,308.0,0.0,0.0,0.0,0.0,-9.66
2022-11-04 00:30:00,2022-11-04,00:30:00,308.021,308.0,0.0,0.0,0.0,0.0,-8.82
2022-11-04 01:00:00,2022-11-04,01:00:00,308.042,308.0,0.0,0.0,0.0,0.0,-9.44
2022-11-04 01:30:00,2022-11-04,01:30:00,308.062,308.0,0.0,0.0,0.0,0.0,-11.25
2022-11-04 02:00:00,2022-11-04,02:00:00,308.083,308.0,0.0,0.0,0.0,0.0,-13.09
2022-11-04 02:30:00,2022-11-04,02:30:00,308.104,308.0,0.0,0.0,0.0,0.0,-13.3
2022-11-04 03:00:00,2022-11-04,03:00:00,308.125,308.0,0.0,0.0,0.0,0.0,-13.51
2022-11-04 03:30:00,2022-11-04,03:30:00,308.146,308.0,0.0,0.0,0.0,0.0,-14.25
2022-11-04 04:00:00,2022-11-04,04:00:00,308.167,308.0,0.0,0.0,0.0,0.0,-12.14
2022-11-04 04:30:00,2022-11-04,04:30:00,308.188,308.0,0.0,0.0,0.0,0.0,-11.56
2022-11-04 05:00:00,2022-11-04,05:00:00,308.208,308.0,0.0,0.0,0.0,0.0,-11.2
2022-11-04 05:30:00,2022-11-04,05:30:00,308.229,308.0,0.0,0.0,0.0,0.0,-11.22
2022-11-04 06:00:00,2022-11-04,06:00:00,308.25,308.0,0.0,0.0,0.0,0.0,-10.91
2022-11-04 06:30:00,2022-11-04,06:30:00,308.271,308.0,0.0,0.0,0.0,0.0,-11.17
2022-11-04 07:00:00,2022-11-04,07:00:00,308.292,308.0,0.0,0.0,0.0,0.0,-10.92
2022-11-04 07:30:00,2022-11-04,07:30:00,308.312,308.0,0.0,0.0,0.0,0.0,-9.28
2022-11-04 08:00:00,2022-11-04,08:00:00,308.333,308.0,0.0,0.0,0.0,0.0,-7.54
2022-11-04 08:30:00,2022-11-04,08:30:00,308.354,308.0,0.0,0.0,0.0,0.0,-4.21
2022-11-04 09:00:00,2022-11-04,09:00:00,308.375,308.0,0.0,0.0,0.0,0.0,-1.8
2022-11-04 09:30:00,2022-11-04,09:30:00,308.396,308.0,0.0,0.0,0.0,0.0,-1.45
2022-11-04 10:00:00,2022-11-04,10:00:00,308.417,308.0,0.0,0.0,0.0,0.0,-0.15
2022-11-04 10:30:00,2022-11-04,10:30:00,308.438,308.0,0.0,0.0,0.0,0.0,0.3
2022-11-04 11:00:00,2022-11-04,11:00:00,308.458,308.0,0.0,0.0,0.0,0.0,0.33
2022-11-04 11:30:00,2022-11-04,11:30:00,308.479,308.0,0.0,0.0,0.0,0.0,0.36
2022-11-04 12:00:00,2022-11-04,12:00:00,308.5,308.0,0.0,0.0,0.0,0.0,-0.33
2022-11-04 12:30:00,2022-11-04,12:30:00,308.521,308.0,0.0,0.0,0.0,0.0,-5.81
2022-11-04 13:00:00,2022-11-04,13:00:00,308.542,308.0,0.0,0.0,0.0,0.0,-3.19
2022-11-04 13:30:00,2022-11-04,13:30:00,308.562,308.0,0.0,0.0,0.0,0.0,-3.68
2022-11-04 14:00:00,2022-11-04,14:00:00,308.583,308.0,0.0,0.0,0.0,0.0,-2.99
2022-11-04 14:30:00,2022-11-04,14:30:00,308.604,308.0,0.0,0.0,0.0,0.0,-3.88
2022-11-04 15:00:00,2022-11-04,15:00:00,308.625,308.0,0.0,0.0,0.0,0.0,-7.83
2022-11-04 15:30:00,2022-11-04,15:30:00,308.646,308.0,0.0,0.0,0.0,0.0,-8.77
2022-11-04 16:00:00,2022-11-04,16:00:00,308.667,308.0,0.0,0.0,0.0,0.0,-9.04
2022-11-04 16:30:00,2022-11-04,16:30:00,308.688,308.0,0.0,0.0,0.0,0.0,-8.71
2022-11-04 17:00:00,2022-11-04,17:00:00,308.708,308.0,0.0,0.0,0.0,0.0,-8.83
2022-11-04 17:30:00,2022-11-04,17:30:00,308.729,308.0,0.0,0.0,0.0,0.0,-9.14
2022-11-04 18:00:00,2022-11-04,18:00:00,308.75,308.0,0.0,0.0,0.0,0.0,-8.56
2022-11-04 18:30:00,2022-11-04,18:30:00,308.771,308.0,0.0,0.0,0.0,0.0,-7.91
2022-11-04 19:00:00,2022-11-04,19:00:00,308.792,308.0,0.0,0.0,0.0,0.0,-8.01
2022-11-04 19:30:00,2022-11-04,19:30:00,308.812,308.0,0.0,0.0,0.0,0.0,-7.95
2022-11-04 20:00:00,2022-11-04,20:00:00,308.833,308.0,0.0,0.0,0.0,0.0,-7.62
2022-11-04 20:30:00,2022-11-04,20:30:00,308.854,308.0,0.0,0.0,0.0,0.0,-6.64
2022-11-04 21:00:00,2022-11-04,21:00:00,308.875,308.0,0.0,0.0,0.0,0.0,-6.73
2022-11-04 21:30:00,2022-11-04,21:30:00,308.896,308.0,0.0,0.0,0.0,0.0,-6.23
2022-11-04 22:00:00,2022-11-04,22:00:00,308.917,308.0,0.0,0.0,0.0,0.0,-6.26
2022-11-04 22:30:00,2022-11-04,22:30:00,308.938,308.0,0.0,0.0,0.0,0.0,-5.95
2022-11-04 23:00:00,2022-11-04,23:00:00,308.958,308.0,0.0,0.0,0.0,0.0,-5.67
2022-11-04 23:30:00,2022-11-04,23:30:00,308.979,308.0,0.0,0.0,0.0,0.0,-5.42
2022-11-05 00:00:00,2022-11-05,00:00:00,309.0,309.0,0.0,0.0,0.0,0.0,-5.26
2022-11-05 00:30:00,2022-11-05,00:30:00,309.021,309.0,0.0,0.0,0.0,0.0,-6.07
2022-11-05 01:00:00,2022-11-05,01:00:00,309.042,309.0,0.0,0.0,0.0,0.0,-9.12
2022-11-05 01:30:00,2022-11-05,01:30:00,309.062,309.0,0.0,0.0,0.0,0.0,-9.4
2022-11-05 02:00:00,2022-11-05,02:00:00,309.083,309.0,0.0,0.0,0.0,0.0,-9.19
2022-11-05 02:30:00,2022-11-05,02:30:00,309.104,309.0,0.0,0.0,0.0,0.0,-9.25
2022-11-05 03:00:00,2022-11-05,03:00:00,309.125,309.0,0.0,0.0,0.0,0.0,-9.69
2022-11-05 03:30:00,2022-11-05,03:30:00,309.146,309.0,0.0,0.0,0.0,0.0,-9.24
2022-11-05 04:00:00,2022-11-05,04:00:00,309.167,309.0,0.0,0.0,0.0,0.0,-8.97
2022-11-05 04:30:00,2022-11-05,04:30:00,309.188,309.0,0.0,0.0,0.0,0.0,-8.77
2022-11-05 05:00:00,2022-11-05,05:00:00,309.208,309.0,0.0,0.0,0.0,0.0,-8.58
2022-11-05 05:30:00,2022-11-05,05:30:00,309.229,309.0,0.0,0.0,0.0,0.0,-8.46
2022-11-05 06:00:00,2022-11-05,06:00:00,309.25,309.0,0.0,0.0,0.0,0.0,-8.39
2022-11-05 06:30:00,2022-11-05,06:30:00,309.271,309.0,0.0,0.0,0.0,0.0,-8.16
2022-11-05 07:00:00,2022-11-05,07:00:00,309.292,309.0,0.0,0.0,0.0,0.0,-7.53
2022-11-05 07:30:00,2022-11-05,07:30:00,309.312,309.0,0.0,0.0,0.0,0.0,-7.13
2022-11-05 08:00:00,2022-11-05,08:00:00,309.333,309.0,0.0,0.0,0.0,0.0,-6.13
2022-11-05 08:30:00,2022-11-05,08:30:00,309.354,309.0,0.0,0.0,0.0,0.0,-3.34
2022-11-05 09:00:00,2022-11-05,09:00:00,309.375,309.0,0.0,0.0,0.0,0.0,-2.36
2022-11-05 09:30:00,2022-11-05,09:30:00,309.396,309.0,0.0,0.0,0.0,0.0,-1.78
2022-11-05 10:00:00,2022-11-05,10:00:00,309.417,309.0,0.0,0.0,0.0,0.0,-0.77
2022-11-05 10:30:00,2022-11-05,10:30:00,309.438,309.0,0.0,0.0,0.0,0.0,-0.7
2022-11-05 11:00:00,2022-11-05,11:00:00,309.458,309.0,0.21,0.21,0.21,0.21,-0.8
2022-11-05 11:30:00,2022-11-05,11:30:00,309.479,309.0,0.0,0.0,0.0,0.0,-1.37
2022-11-05 12:00:00,2022-11-05,12:00:00,309.5,309.0,0.0,0.0,0.0,0.0,-1.5
2022-11-05 12:30:00,2022-11-05,12:30:00,309.521,309.0,0.0,0.0,0.0,0.0,-1.09
2022-11-05 13:00:00,2022-11-05,13:00:00,309.542,309.0,0.0,0.0,0.0,0.0,-0.58
2022-11-05 13:30:00,2022-11-05,13:30:00,309.562,309.0,0.0,0.0,0.0,0.0,0.12
2022-11-05 14:00:00,2022-11-05,14:00:00,309.583,309.0,0.0,0.0,0.0,0.0,0.74
2022-11-05 14:30:00,2022-11-05,14:30:00,309.604,309.0,0.0,0.0,0.0,0.0,0.72
2022-11-05 15:00:00,2022-11-05,15:00:00,309.625,309.0,0.0,0.0,0.0,0.0,0.3
2022-11-05 15:30:00,2022-11-05,15:30:00,309.646,309.0,0.0,0.0,0.0,0.0,-0.2
2022-11-05 16:00:00,2022-11-05,16:00:00,309.667,309.0,0.0,0.0,0.0,0.0,-0.94
2022-11-05 16:30:00,2022-11-05,16:30:00,309.688,309.0,0.0,0.0,0.0,0.0,-1.12
2022-11-05 17:00:00,2022-11-05,17:00:00,309.708,309.0,0.0,0.0,0.0,0.0,-1.15
2022-11-05 17:30:00,2022-11-05,17:30:00,309.729,309.0,0.0,0.0,0.0,0.0,-1.66
2022-11-05 18:00:00,2022-11-05,18:00:00,309.75,309.0,0.0,0.0,0.0,0.0,-1.93
2022-11-05 18:30:00,2022-11-05,18:30:00,309.771,309.0,0.0,0.0,0.0,0.0,-1.61
2022-11-05 19:00:00,2022-11-05,19:00:00,309.792,309.0,0.0,0.0,0.0,0.0,-1.71
2022-11-05 19:30:00,2022-11-05,19:30:00,309.812,309.0,0.0,0.0,0.0,0.0,-1.67
2022-11-05 20:00:00,2022-11-05,20:00:00,309.833,309.0,0.0,0.0,0.0,0.0,-0.96
2022-11-05 20:30:00,2022-11-05,20:30:00,309.854,309.0,0.0,0.0,0.0,0.0,-0.77
2022-11-05 21:00:00,2022-11-05,21:00:00,309.875,309.0,0.0,0.0,0.0,0.0,-1.01
2022-11-05 21:30:00,2022-11-05,21:30:00,309.896,309.0,0.0,0.0,0.0,0.0,-1.53
2022-11-05 22:00:00,2022-11-05,22:00:00,309.917,309.0,0.0,0.0,0.0,0.0,-1.92
2022-11-05 22:30:00,2022-11-05,22:30:00,309.938,309.0,0.0,0.0,0.0,0.0,-1.88
2022-11-05 23:00:00,2022-11-05,23:00:00,309.958,309.0,0.0,0.0,0.0,0.0,-1.02
2022-11-05 23:30:00,2022-11-05,23:30:00,309.979,309.0,0.0,0.0,0.0,0.0,-0.69
2022-11-06 00:00:00,2022-11-06,00:00:00,310.0,310.0,0.0,0.0,0.0,0.0,-0.7
2022-11-06 00:30:00,2022-11-06,00:30:00,310.021,310.0,0.0,0.0,0.0,0.0,-0.74
2022-11-06 01:00:00,2022-11-06,01:00:00,310.042,310.0,0.0,0.0,0.0,0.0,-1.19
2022-11-06 01:30:00,2022-11-06,01:30:00,310.062,310.0,0.0,0.0,0.0,0.0,-0.69
2022-11-06 02:00:00,2022-11-06,02:00:00,310.083,310.0,0.0,0.0,0.0,0.0,-0.43
2022-11-06 02:30:00,2022-11-06,02:30:00,310.104,310.0,0.0,0.0,0.0,0.0,-0.93
2022-11-06 03:00:00,2022-11-06,03:00:00,310.125,310.0,0.0,0.0,0.0,0.0,-0.49
2022-11-06 03:30:00,2022-11-06,03:30:00,310.146,310.0,0.0,0.0,0.0,0.0,-1.47
2022-11-06 04:00:00,2022-11-06,04:00:00,310.167,310.0,0.0,0.0,0.0,0.0,-1.55
2022-11-06 04:30:00,2022-11-06,04:30:00,310.188,310.0,0.0,0.0,0.0,0.0,-0.51
2022-11-06 05:00:00,2022-11-06,05:00:00,310.208,310.0,0.0,0.0,0.0,0.0,-1.21
2022-11-06 05:30:00,2022-11-06,05:30:00,310.229,310.0,0.0,0.0,0.0,0.0,-1.97
2022-11-06 06:00:00,2022-11-06,06:00:00,310.25,310.0,0.0,0.0,0.0,0.0,-2.27
2022-11-06 06:30:00,2022-11-06,06:30:00,310.271,310.0,0.0,0.0,0.0,0.0,-2.26
2022-11-06 07:00:00,2022-11-06,07:00:00,310.292,310.0,0.0,0.0,0.0,0.0,-2.08
2022-11-06 07:30:00,2022-11-06,07:30:00,310.312,310.0,0.0,0.0,0.0,0.0,-1.69
2022-11-06 08:00:00,2022-11-06,08:00:00,310.333,310.0,0.0,0.0,0.0,0.0,-0.73
2022-11-06 08:30:00,2022-11-06,08:30:00,310.354,310.0,0.0,0.0,0.0,0.0,0.36
2022-11-06 09:00:00,2022-11-06,09:00:00,310.375,310.0,0.0,0.0,0.0,0.0,1.49
2022-11-06 09:30:00,2022-11-06,09:30:00,310.396,310.0,0.0,0.0,0.0,0.0,2.47
2022-11-06 10:00:00,2022-11-06,10:00:00,310.417,310.0,0.0,0.0,0.0,0.0,2.15
2022-11-06 10:30:00,2022-11-06,10:30:00,310.438,310.0,0.0,0.0,0.0,0.0,1.98
2022-11-06 11:00:00,2022-11-06,11:00:00,310.458,310.0,0.0,0.0,0.0,0.0,3.55
2022-11-06 11:30:00,2022-11-06,11:30:00,310.479,310.0,0.0,0.0,0.0,0.0,2.31
2022-11-06 12:00:00,2022-11-06,12:00:00,310.5,310.0,0.21,0.2,0.2,0.22,1.68
2022-11-06 12:30:00,2022-11-06,12:30:00,310.521,310.0,0.07,0.0,0.2,0.0,2.1
2022-11-06 13:00:00,2022-11-06,13:00:00,310.542,310.0,0.0,0.0,0.0,0.0,0.97
2022-11-06 13:30:00,2022-11-06,13:30:00,310.562,310.0,0.0,0.0,0.0,0.0,1.15
2022-11-06 14:00:00,2022-11-06,14:00:00,310.583,310.0,0.0,0.0,0.0,0.0,2.09
2022-11-06 14:30:00,2022-11-06,14:30:00,310.604,310.0,0.0,0.0,0.0,0.0,2.43
2022-11-06 15:00:00,2022-11-06,15:00:00,310.625,310.0,0.0,0.0,0.0,0.0,2.21
2022-11-06 15:30:00,2022-11-06,15:30:00,310.646,310.0,0.0,0.0,0.0,0.0,1.83
2022-11-06 16:00:00,2022-11-06,16:00:00,310.667,310.0,0.0,0.0,0.0,0.0,1.39
2022-11-06 16:30:00,2022-11-06,16:30:00,310.688,310.0,0.0,0.0,0.0,0.0,-0.3
2022-11-06 17:00:00,2022-11-06,17:00:00,310.708,310.0,0.0,0.0,0.0,0.0,-3.55
2022-11-06 17:30:00,2022-11-06,17:30:00,310.729,310.0,0.0,0.0,0.0,0.0,-4.37
2022-11-06 18:00:00,2022-11-06,18:00:00,310.75,310.0,0.0,0.0,0.0,0.0,-3.89
2022-11-06 18:30:00,2022-11-06,18:30:00,310.771,310.0,0.0,0.0,0.0,0.0,-5.49
2022-11-06 19:00:00,2022-11-06,19:00:00,310.792,310.0,0.0,0.0,0.0,0.0,-6.21
2022-11-06 19:30:00,2022-11-06,19:30:00,310.812,310.0,0.0,0.0,0.0,0.0,-6.79
2022-11-06 20:00:00,2022-11-06,20:00:00,310.833,310.0,0.0,0.0,0.0,0.0,-7.33
2022-11-06 20:30:00,2022-11-06,20:30:00,310.854,310.0,0.0,0.0,0.0,0.0,-7.84
2022-11-06 21:00:00,2022-11-06,21:00:00,310.875,310.0,0.0,0.0,0.0,0.0,-7.71
2022-11-06 21:30:00,2022-11-06,21:30:00,310.896,310.0,0.0,0.0,0.0,0.0,-8.2
2022-11-06 22:00:00,2022-11-06,22:00:00,310.917,310.0,0.0,0.0,0.0,0.0,-7.43
2022-11-06 22:30:00,2022-11-06,22:30:00,310.938,310.0,0.0,0.0,0.0,0.0,-7.56
2022-11-06 23:00:00,2022-11-06,23:00:00,310.958,310.0,0.0,0.0,0.0,0.0,-5.52
2022-11-06 23:30:00,2022-11-06,23:30:00,310.979,310.0,0.0,0.0,0.0,0.0,-4.5
2022-11-07 00:00:00,2022-11-07,00:00:00,311.0,311.0,0.0,0.0,0.0,0.0,-4.44
2022-11-07 00:30:00,2022-11-07,00:30:00,311.021,311.0,0.0,0.0,0.0,0.0,-4.82
2022-11-07 01:00:00,2022-11-07,01:00:00,311.042,311.0,0.0,0.0,0.0,0.0,-5.07
2022-11-07 01:30:00,2022-11-07,01:30:00,311.062,311.0,0.0,0.0,0.0,0.0,-4.46
2022-11-07 02:00:00,2022-11-07,02:00:00,311.083,311.0,0.0,0.0,0.0,0.0,-4.55
2022-11-07 02:30:00,2022-11-07,02:30:00,311.104,311.0,0.0,0.0,0.0,0.0,-4.77
2022-11-07 03:00:00,2022-11-07,03:00:00,311.125,311.0,0.0,0.0,0.0,0.0,-4.3
2022-11-07 03:30:00,2022-11-07,03:30:00,311.146,311.0,0.0,0.0,0.0,0.0,-5.6
2022-11-07 04:00:00,2022-11-07,04:00:00,311.167,311.0,0.0,0.0,0.0,0.0,-5.8
2022-11-07 04:30:00,2022-11-07,04:30:00,311.188,311.0,0.0,0.0,0.0,0.0,-5.79
2022-11-07 05:00:00,2022-11-07,05:00:00,311.208,311.0,0.0,0.0,0.0,0.0,-5.0
2022-11-07 05:30:00,2022-11-07,05:30:00,311.229,311.0,0.0,0.0,0.0,0.0,-4.17
2022-11-07 06:00:00,2022-11-07,06:00:00,311.25,311.0,0.0,0.0,0.0,0.0,-3.62
2022-11-07 06:30:00,2022-11-07,06:30:00,311.271,311.0,0.0,0.0,0.0,0.0,-3.16
2022-11-07 07:00:00,2022-11-07,07:00:00,311.292,311.0,0.0,0.0,0.0,0.0,-1.91
2022-11-07 07:30:00,2022-11-07,07:30:00,311.312,311.0,0.0,0.0,0.0,0.0,-0.88
2022-11-07 08:00:00,2022-11-07,08:00:00,311.333,311.0,0.0,0.0,0.0,0.0,2.23
2022-11-07 08:30:00,2022-11-07,08:30:00,311.354,311.0,0.0,0.0,0.0,0.0,5.46
2022-11-07 09:00:00,2022-11-07,09:00:00,311.375,311.0,0.0,0.0,0.0,0.0,7.61
2022-11-07 09:30:00,2022-11-07,09:30:00,311.396,311.0,0.0,0.0,0.0,0.0,10.23
2022-11-07 10:00:00,2022-11-07,10:00:00,311.417,311.0,0.0,0.0,0.0,0.0,10.95
2022-11-07 10:30:00,2022-11-07,10:30:00,311.438,311.0,0.0,0.0,0.0,0.0,12.02
2022-11-07 11:00:00,2022-11-07,11:00:00,311.458,311.0,0.0,0.0,0.0,0.0,14.37
2022-11-07 11:30:00,2022-11-07,11:30:00,311.479,311.0,0.0,0.0,0.0,0.0,15.31
2022-11-07 12:00:00,2022-11-07,12:00:00,311.5,311.0,0.0,0.0,0.0,0.0,15.35
2022-11-07 12:30:00,2022-11-07,12:30:00,311.521,311.0,0.0,0.0,0.0,0.0,14.85
2022-11-07 13:00:00,2022-11-07,13:00:00,311.542,311.0,0.0,0.0,0.0,0.0,13.58
2022-11-07 13:30:00,2022-11-07,13:30:00,311.562,311.0,0.0,0.0,0.0,0.0,11.67
2022-11-07 14:00:00,2022-11-07,14:00:00,311.583,311.0,0.0,0.0,0.0,0.0,11.44
2022-11-07 14:30:00,2022-11-07,14:30:00,311.604,311.0,0.0,0.0,0.0,0.0,9.1
2022-11-07 15:00:00,2022-11-07,15:00:00,311.625,311.0,0.0,0.0,0.0,0.0,6.08
2022-11-07 15:30:00,2022-11-07,15:30:00,311.646,311.0,0.0,0.0,0.0,0.0,4.69
2022-11-07 16:00:00,2022-11-07,16:00:00,311.667,311.0,0.0,0.0,0.0,0.0,4.06
2022-11-07 16:30:00,2022-11-07,16:30:00,311.688,311.0,0.0,0.0,0.0,0.0,2.63
2022-11-07 17:00:00,2022-11-07,17:00:00,311.708,311.0,0.0,0.0,0.0,0.0,1.58
2022-11-07 17:30:00,2022-11-07,17:30:00,311.729,311.0,0.0,0.0,0.0,0.0,1.46
2022-11-07 18:00:00,2022-11-07,18:00:00,311.75,311.0,0.0,0.0,0.0,0.0,0.45
2022-11-07 18:30:00,2022-11-07,18:30:00,311.771,311.0,0.0,0.0,0.0,0.0,-0.78
2022-11-07 19:00:00,2022-11-07,19:00:00,311.792,311.0,0.0,0.0,0.0,0.0,-1.1
2022-11-07 19:30:00,2022-11-07,19:30:00,311.812,311.0,0.0,0.0,0.0,0.0,-1.76
2022-11-07 20:00:00,2022-11-07,20:00:00,311.833,311.0,0.0,0.0,0.0,0.0,-2.7
2022-11-07 20:30:00,2022-11-07,20:30:00,311.854,311.0,0.0,0.0,0.0,0.0,-4.11
2022-11-07 21:00:00,2022-11-07,21:00:00,311.875,311.0,0.0,0.0,0.0,0.0,-5.09
2022-11-07 21:30:00,2022-11-07,21:30:00,311.896,311.0,0.0,0.0,0.0,0.0,-5.71
2022-11-07 22:00:00,2022-11-07,22:00:00,311.917,311.0,0.0,0.0,0.0,0.0,-6.3
2022-11-07 22:30:00,2022-11-07,22:30:00,311.938,311.0,0.0,0.0,0.0,0.0,-6.85
2022-11-07 23:00:00,2022-11-07,23:00:00,311.958,311.0,0.0,0.0,0.0,0.0,-6.31
2022-11-07 23:30:00,2022-11-07,23:30:00,311.979,311.0,0.0,0.0,0.0,0.0,-6.71
2022-11-08 00:00:00,2022-11-08,00:00:00,312.0,312.0,0.0,0.0,0.0,0.0,-6.91
2022-11-08 00:30:00,2022-11-08,00:30:00,312.021,312.0,0.0,0.0,0.0,0.0,-6.5
2022-11-08 01:00:00,2022-11-08,01:00:00,312.042,312.0,0.0,0.0,0.0,0.0,-6.92
2022-11-08 01:30:00,2022-11-08,01:30:00,312.062,312.0,0.0,0.0,0.0,0.0,-7.09
2022-11-08 02:00:00,2022-11-08,02:00:00,312.083,312.0,0.0,0.0,0.0,0.0,-7.08
2022-11-08 02:30:00,2022-11-08,02:30:00,312.104,312.0,0.0,0.0,0.0,0.0,-7.13
2022-11-08 03:00:00,2022-11-08,03:00:00,312.125,312.0,0.0,0.0,0.0,0.0,-7.72
2022-11-08 03:30:00,2022-11-08,03:30:00,312.146,312.0,0.0,0.0,0.0,0.0,-8.1
2022-11-08 04:00:00,2022-11-08,04:00:00,312.167,312.0,0.0,0.0,0.0,0.0,-7.85
2022-11-08 04:30:00,2022-11-08,04:30:00,312.188,312.0,0.0,0.0,0.0,0.0,-8.19
2022-11-08 05:00:00,2022-11-08,05:00:00,312.208,312.0,0.0,0.0,0.0,0.0,-7.67
2022-11-08 05:30:00,2022-11-08,05:30:00,312.229,312.0,0.0,0.0,0.0,0.0,-7.55
2022-11-08 06:00:00,2022-11-08,06:00:00,312.25,312.0,0.0,0.0,0.0,0.0,-7.4
2022-11-08 06:30:00,2022-11-08,06:30:00,312.271,312.0,0.0,0.0,0.0,0.0,-7.79
2022-11-08 07:00:00,2022-11-08,07:00:00,312.292,312.0,0.0,0.0,0.0,0.0,-6.8
2022-11-08 07:30:00,2022-11-08,07:30:00,312.312,312.0,0.0,0.0,0.0,0.0,-4.26
2022-11-08 08:00:00,2022-11-08,08:00:00,312.333,312.0,0.0,0.0,0.0,0.0,-0.62
2022-11-08 08:30:00,2022-11-08,08:30:00,312.354,312.0,0.0,0.0,0.0,0.0,3.39
2022-11-08 09:00:00,2022-11-08,09:00:00,312.375,312.0,0.0,0.0,0.0,0.0,6.34
2022-11-08 09:30:00,2022-11-08,09:30:00,312.396,312.0,0.0,0.0,0.0,0.0,7.92
2022-11-08 10:00:00,2022-11-08,10:00:00,312.417,312.0,0.0,0.0,0.0,0.0,9.38
2022-11-08 10:30:00,2022-11-08,10:30:00,312.438,312.0,0.0,0.0,0.0,0.0,10.74
2022-11-08 11:00:00,2022-11-08,11:00:00,312.458,312.0,0.0,0.0,0.0,0.0,11.93
2022-11-08 11:30:00,2022-11-08,11:30:00,312.479,312.0,0.0,0.0,0.0,0.0,11.94
2022-11-08 12:00:00,2022-11-08,12:00:00,312.5,312.0,0.0,0.0,0.0,0.0,13.05
2022-11-08 12:30:00,2022-11-08,12:30:00,312.521,312.0,0.0,0.0,0.0,0.0,12.75
2022-11-08 13:00:00,2022-11-08,13:00:00,312.542,312.0,0.0,0.0,0.0,0.0,12.4
2022-11-08 13:30:00,2022-11-08,13:30:00,312.562,312.0,0.0,0.0,0.0,0.0,11.81
2022-11-08 14:00:00,2022-11-08,14:00:00,312.583,312.0,0.0,0.0,0.0,0.0,11.41
2022-11-08 14:30:00,2022-11-08,14:30:00,312.604,312.0,0.0,0.0,0.0,0.0,10.3
2022-11-08 15:00:00,2022-11-08,15:00:00,312.625,312.0,0.0,0.0,0.0,0.0,5.95
2022-11-08 15:30:00,2022-11-08,15:30:00,312.646,312.0,0.0,0.0,0.0,0.0,5.11
2022-11-08 16:00:00,2022-11-08,16:00:00,312.667,312.0,0.0,0.0,0.0,0.0,4.71
2022-11-08 16:30:00,2022-11-08,16:30:00,312.688,312.0,0.0,0.0,0.0,0.0,3.77
2022-11-08 17:00:00,2022-11-08,17:00:00,312.708,312.0,0.0,0.0,0.0,0.0,2.52
2022-11-08 17:30:00,2022-11-08,17:30:00,312.729,312.0,0.0,0.0,0.0,0.0,0.67
2022-11-08 18:00:00,2022-11-08,18:00:00,312.75,312.0,0.0,0.0,0.0,0.0,0.39
2022-11-08 18:30:00,2022-11-08,18:30:00,312.771,312.0,0.0,0.0,0.0,0.0,0.58
2022-11-08 19:00:00,2022-11-08,19:00:00,312.792,312.0,0.0,0.0,0.0,0.0,-1.07
2022-11-08 19:30:00,2022-11-08,19:30:00,312.812,312.0,0.0,0.0,0.0,0.0,-2.04
2022-11-08 20:00:00,2022-11-08,20:00:00,312.833,312.0,0.0,0.0,0.0,0.0,-3.08
2022-11-08 20:30:00,2022-11-08,20:30:00,312.854,312.0,0.0,0.0,0.0,0.0,-3.52
2022-11-08 21:00:00,2022-11-08,21:00:00,312.875,312.0,0.0,0.0,0.0,0.0,-3.71
2022-11-08 21:30:00,2022-11-08,21:30:00,312.896,312.0,0.0,0.0,0.0,0.0,-4.08
2022-11-08 22:00:00,2022-11-08,22:00:00,312.917,312.0,0.0,0.0,0.0,0.0,-4.86
2022-11-08 22:30:00,2022-11-08,22:30:00,312.938,312.0,0.0,0.0,0.0,0.0,-4.14
2022-11-08 23:00:00,2022-11-08,23:00:00,312.958,312.0,0.0,0.0,0.0,0.0,-2.71
2022-11-08 23:30:00,2022-11-08,23:30:00,312.979,312.0,0.0,0.0,0.0,0.0,-3.51
2022-11-09 00:00:00,2022-11-09,00:00:00,313.0,313.0,0.0,0.0,0.0,0.0,-3.16
2022-11-09 00:30:00,2022-11-09,00:30:00,313.021,313.0,0.0,0.0,0.0,0.0,-3.46
2022-11-09 01:00:00,2022-11-09,01:00:00,313.042,313.0,0.0,0.0,0.0,0.0,-3.29
2022-11-09 01:30:00,2022-11-09,01:30:00,313.062,313.0,0.0,0.0,0.0,0.0,-2.88
2022-11-09 02:00:00,2022-11-09,02:00:00,313.083,313.0,0.0,0.0,0.0,0.0,-2.67
2022-11-09 02:30:00,2022-11-09,02:30:00,313.104,313.0,0.0,0.0,0.0,0.0,-1.77
2022-11-09 03:00:00,2022-11-09,03:00:00,313.125,313.0,0.0,0.0,0.0,0.0,-2.4
2022-11-09 03:30:00,2022-11-09,03:30:00,313.146,313.0,0.0,0.0,0.0,0.0,-2.86
2022-11-09 04:00:00,2022-11-09,04:00:00,313.167,313.0,0.0,0.0,0.0,0.0,-3.15
2022-11-09 04:30:00,2022-11-09,04:30:00,313.188,313.0,0.0,0.0,0.0,0.0,-3.45
2022-11-09 05:00:00,2022-11-09,05:00:00,313.208,313.0,0.0,0.0,0.0,0.0,-3.69
2022-11-09 05:30:00,2022-11-09,05:30:00,313.229,313.0,0.0,0.0,0.0,0.0,-4.25
2022-11-09 06:00:00,2022-11-09,06:00:00,313.25,313.0,0.0,0.0,0.0,0.0,-3.99
2022-11-09 06:30:00,2022-11-09,06:30:00,313.271,313.0,0.0,0.0,0.0,0.0,-3.89
2022-11-09 07:00:00,2022-11-09,07:00:00,313.292,313.0,0.0,0.0,0.0,0.0,-1.79
2022-11-09 07:30:00,2022-11-09,07:30:00,313.312,313.0,0.0,0.0,0.0,0.0,0.34
2022-11-09 08:00:00,2022-11-09,08:00:00,313.333,313.0,0.0,0.0,0.0,0.0,2.71
2022-11-09 08:30:00,2022-11-09,08:30:00,313.354,313.0,0.0,0.0,0.0,0.0,5.19
2022-11-09 09:00:00,2022-11-09,09:00:00,313.375,313.0,0.0,0.0,0.0,0.0,6.32
2022-11-09 09:30:00,2022-11-09,09:30:00,313.396,313.0,0.0,0.0,0.0,0.0,7.78
2022-11-09 10:00:00,2022-11-09,10:00:00,313.417,313.0,0.0,0.0,0.0,0.0,8.7
2022-11-09 10:30:00,2022-11-09,10:30:00,313.438,313.0,0.0,0.0,0.0,0.0,10.3
2022-11-09 11:00:00,2022-11-09,11:00:00,313.458,313.0,0.0,0.0,0.0,0.0,9.68
2022-11-09 11:30:00,2022-11-09,11:30:00,313.479,313.0,0.0,0.0,0.0,0.0,11.5
2022-11-09 12:00:00,2022-11-09,12:00:00,313.5,313.0,0.0,0.0,0.0,0.0,12.0
2022-11-09 12:30:00,2022-11-09,12:30:00,313.521,313.0,0.0,0.0,0.0,0.0,10.85
2022-11-09 13:00:00,2022-11-09,13:00:00,313.542,313.0,0.0,0.0,0.0,0.0,10.8
2022-11-09 13:30:00,2022-11-09,13:30:00,313.562,313.0,0.0,0.0,0.0,0.0,10.06
2022-11-09 14:00:00,2022-11-09,14:00:00,313.583,313.0,0.0,0.0,0.0,0.0,8.3
2022-11-09 14:30:00,2022-11-09,14:30:00,313.604,313.0,0.0,0.0,0.0,0.0,6.1
2022-11-09 15:00:00,2022-11-09,15:00:00,313.625,313.0,0.0,0.0,0.0,0.0,5.32
2022-11-09 15:30:00,2022-11-09,15:30:00,313.646,313.0,0.0,0.0,0.0,0.0,1.97
2022-11-09 16:00:00,2022-11-09,16:00:00,313.667,313.0,0.0,0.0,0.0,0.0,-0.24
2022-11-09 16:30:00,2022-11-09,16:30:00,313.688,313.0,0.17,0.3,0.0,0.22,-2.58
2022-11-09 17:00:00,2022-11-09,17:00:00,313.708,313.0,0.19,0.33,0.0,0.24,-4.42
2022-11-09 17:30:00,2022-11-09,17:30:00,313.729,313.0,0.38,0.46,0.35,0.33,-5.35
2022-11-09 18:00:00,2022-11-09,18:00:00,313.75,313.0,0.53,0.61,0.53,0.44,-5.96
2022-11-09 18:30:00,2022-11-09,18:30:00,313.771,313.0,0.36,0.42,0.35,0.31,-6.03
2022-11-09 19:00:00,2022-11-09,19:00:00,313.792,313.0,0.0,0.0,0.0,0.0,-6.03
2022-11-09 19:30:00,2022-11-09,19:30:00,313.812,313.0,0.0,0.0,0.0,0.0,-6.33
2022-11-09 20:00:00,2022-11-09,20:00:00,313.833,313.0,0.0,0.0,0.0,0.0,-6.43
2022-11-09 20:30:00,2022-11-09,20:30:00,313.854,313.0,0.17,0.29,0.0,0.21,-6.52
2022-11-09 21:00:00,2022-11-09,21:00:00,313.875,313.0,0.3,0.35,0.3,0.26,-6.58
2022-11-09 21:30:00,2022-11-09,21:30:00,313.896,313.0,0.61,0.69,0.64,0.5,-6.69
2022-11-09 22:00:00,2022-11-09,22:00:00,313.917,313.0,0.29,0.34,0.29,0.25,-7.25
2022-11-09 22:30:00,2022-11-09,22:30:00,313.938,313.0,0.0,0.0,0.0,0.0,-7.6
2022-11-09 23:00:00,2022-11-09,23:00:00,313.958,313.0,0.0,0.0,0.0,0.0,-7.87
2022-11-09 23:30:00,2022-11-09,23:30:00,313.979,313.0,0.0,0.0,0.0,0.0,-8.15
2022-11-10 00:00:00,2022-11-10,00:00:00,314.0,314.0,0.0,0.0,0.0,0.0,-8.23
2022-11-10 00:30:00,2022-11-10,00:30:00,314.021,314.0,0.0,0.0,0.0,0.0,-8.7
2022-11-10 01:00:00,2022-11-10,01:00:00,314.042,314.0,0.0,0.0,0.0,0.0,-8.73
2022-11-10 01:30:00,2022-11-10,01:30:00,314.062,314.0,0.0,0.0,0.0,0.0,-8.88
2022-11-10 02:00:00,2022-11-10,02:00:00,314.083,314.0,0.0,0.0,0.0,0.0,-8.84
2022-11-10 02:30:00,2022-11-10,02:30:00,314.104,314.0,0.0,0.0,0.0,0.0,-8.78
2022-11-10 03:00:00,2022-11-10,03:00:00,314.125,314.0,0.0,0.0,0.0,0.0,-8.89
2022-11-10 03:30:00,2022-11-10,03:30:00,314.146,314.0,0.0,0.0,0.0,0.0,-9.16
2022-11-10 04:00:00,2022-11-10,04:00:00,314.167,314.0,0.0,0.0,0.0,0.0,-9.08
2022-11-10 04:30:00,2022-11-10,04:30:00,314.188,314.0,0.0,0.0,0.0,0.0,-9.27
2022-11-10 05:00:00,2022-11-10,05:00:00,314.208,314.0,0.37,0.37,0.35,0.39,-9.42
2022-11-10 05:30:00,2022-11-10,05:30:00,314.229,314.0,0.29,0.3,0.28,0.3,-9.64
2022-11-10 06:00:00,2022-11-10,06:00:00,314.25,314.0,0.0,0.0,0.0,0.0,-10.05
2022-11-10 06:30:00,2022-11-10,06:30:00,314.271,314.0,0.0,0.0,0.0,0.0,-10.41
2022-11-10 07:00:00,2022-11-10,07:00:00,314.292,314.0,0.0,0.0,0.0,0.0,-10.01
2022-11-10 07:30:00,2022-11-10,07:30:00,314.312,314.0,0.0,0.0,0.0,0.0,-11.16
2022-11-10 08:00:00,2022-11-10,08:00:00,314.333,314.0,0.0,0.0,0.0,0.0,-9.75
2022-11-10 08:30:00,2022-11-10,08:30:00,314.354,314.0,0.0,0.0,0.0,0.0,-5.25
2022-11-10 09:00:00,2022-11-10,09:00:00,314.375,314.0,0.0,0.0,0.0,0.0,-2.94
2022-11-10 09:30:00,2022-11-10,09:30:00,314.396,314.0,0.0,0.0,0.0,0.0,-4.94
2022-11-10 10:00:00,2022-11-10,10:00:00,314.417,314.0,0.0,0.0,0.0,0.0,-2.77
2022-11-10 10:30:00,2022-11-10,10:30:00,314.438,314.0,0.0,0.0,0.0,0.0,-1.87
2022-11-10 11:00:00,2022-11-10,11:00:00,314.458,314.0,0.0,0.0,0.0,0.0,-1.16
2022-11-10 11:30:00,2022-11-10,11:30:00,314.479,314.0,0.0,0.0,0.0,0.0,-3.55
2022-11-10 12:00:00,2022-11-10,12:00:00,314.5,314.0,0.0,0.0,0.0,0.0,-5.13
2022-11-10 12:30:00,2022-11-10,12:30:00,314.521,314.0,0.0,0.0,0.0,0.0,-3.08
2022-11-10 13:00:00,2022-11-10,13:00:00,314.542,314.0,0.0,0.0,0.0,0.0,-1.28
2022-11-10 13:30:00,2022-11-10,13:30:00,314.562,314.0,0.0,0.0,0.0,0.0,-2.65
2022-11-10 14:00:00,2022-11-10,14:00:00,314.583,314.0,0.0,0.0,0.0,0.0,-3.03
2022-11-10 14:30:00,2022-11-10,14:30:00,314.604,314.0,0.0,0.0,0.0,0.0,-5.77
2022-11-10 15:00:00,2022-11-10,15:00:00,314.625,314.0,0.0,0.0,0.0,0.0,-7.9
2022-11-10 15:30:00,2022-11-10,15:30:00,314.646,314.0,0.0,0.0,0.0,0.0,-7.98
2022-11-10 16:00:00,2022-11-10,16:00:00,314.667,314.0,0.0,0.0,0.0,0.0,-7.66
2022-11-10 16:30:00,2022-11-10,16:30:00,314.688,314.0,0.0,0.0,0.0,0.0,-8.79
2022-11-10 17:00:00,2022-11-10,17:00:00,314.708,314.0,0.0,0.0,0.0,0.0,-9.43
2022-11-10 17:30:00,2022-11-10,17:30:00,314.729,314.0,0.0,0.0,0.0,0.0,-9.31
2022-11-10 18:00:00,2022-11-10,18:00:00,314.75,314.0,0.0,0.0,0.0,0.0,-12.77
2022-11-10 18:30:00,2022-11-10,18:30:00,314.771,314.0,0.0,0.0,0.0,0.0,-14.06
2022-11-10 19:00:00,2022-11-10,19:00:00,314.792,314.0,0.0,0.0,0.0,0.0,-14.67
2022-11-10 19:30:00,2022-11-10,19:30:00,314.812,314.0,0.0,0.0,0.0,0.0,-15.19
2022-11-10 20:00:00,2022-11-10,20:00:00,314.833,314.0,0.0,0.0,0.0,0.0,-15.46
2022-11-10 20:30:00,2022-11-10,20:30:00,314.854,314.0,0.0,0.0,0.0,0.0,-16.19
2022-11-10 21:00:00,2022-11-10,21:00:00,314.875,314.0,0.0,0.0,0.0,0.0,-14.84
2022-11-10 21:30:00,2022-11-10,21:30:00,314.896,314.0,0.0,0.0,0.0,0.0,-14.07
2022-11-10 22:00:00,2022-11-10,22:00:00,314.917,314.0,0.0,0.0,0.0,0.0,-14.82
2022-11-10 22:30:00,2022-11-10,22:30:00,314.938,314.0,0.0,0.0,0.0,0.0,-16.37
2022-11-10 23:00:00,2022-11-10,23:00:00,314.958,314.0,0.0,0.0,0.0,0.0,-17.8
2022-11-10 23:30:00,2022-11-10,23:30:00,314.979,314.0,0.0,0.0,0.0,0.0,-17.6
2022-11-11 00:00:00,2022-11-11,00:00:00,315.0,315.0,0.0,0.0,0.0,0.0,-17.37
2022-11-11 00:30:00,2022-11-11,00:30:00,315.021,315.0,0.0,0.0,0.0,0.0,-18.76
2022-11-11 01:00:00,2022-11-11,01:00:00,315.042,315.0,0.0,0.0,0.0,0.0,-17.78
2022-11-11 01:30:00,2022-11-11,01:30:00,315.062,315.0,0.0,0.0,0.0,0.0,-18.91
2022-11-11 02:00:00,2022-11-11,02:00:00,315.083,315.0,0.0,0.0,0.0,0.0,-19.15
2022-11-11 02:30:00,2022-11-11,02:30:00,315.104,315.0,0.0,0.0,0.0,0.0,-20.15
2022-11-11 03:00:00,2022-11-11,03:00:00,315.125,315.0,0.0,0.0,0.0,0.0,-20.81
2022-11-11 03:30:00,2022-11-11,03:30:00,315.146,315.0,0.0,0.0,0.0,0.0,-21.07
2022-11-11 04:00:00,2022-11-11,04:00:00,315.167,315.0,0.0,0.0,0.0,0.0,-21.49
2022-11-11 04:30:00,2022-11-11,04:30:00,315.188,315.0,0.0,0.0,0.0,0.0,-21.73
2022-11-11 05:00:00,2022-11-11,05:00:00,315.208,315.0,0.0,0.0,0.0,0.0,-21.54
2022-11-11 05:30:00,2022-11-11,05:30:00,315.229,315.0,0.0,0.0,0.0,0.0,-18.7
2022-11-11 06:00:00,2022-11-11,06:00:00,315.25,315.0,0.0,0.0,0.0,0.0,-18.63
2022-11-11 06:30:00,2022-11-11,06:30:00,315.271,315.0,0.0,0.0,0.0,0.0,-19.97
2022-11-11 07:00:00,2022-11-11,07:00:00,315.292,315.0,0.0,0.0,0.0,0.0,-19.47
2022-11-11 07:30:00,2022-11-11,07:30:00,315.312,315.0,0.0,0.0,0.0,0.0,-16.94
2022-11-11 08:00:00,2022-11-11,08:00:00,315.333,315.0,0.0,0.0,0.0,0.0,-13.55
2022-11-11 08:30:00,2022-11-11,08:30:00,315.354,315.0,0.0,0.0,0.0,0.0,-10.17
2022-11-11 09:00:00,2022-11-11,09:00:00,315.375,315.0,0.0,0.0,0.0,0.0,-7.78
2022-11-11 09:30:00,2022-11-11,09:30:00,315.396,315.0,0.0,0.0,0.0,0.0,-5.31
2022-11-11 10:00:00,2022-11-11,10:00:00,315.417,315.0,0.0,0.0,0.0,0.0,-2.78
2022-11-11 10:30:00,2022-11-11,10:30:00,315.438,315.0,0.0,0.0,0.0,0.0,-0.4
2022-11-11 11:00:00,2022-11-11,11:00:00,315.458,315.0,0.0,0.0,0.0,0.0,1.51
2022-11-11 11:30:00,2022-11-11,11:30:00,315.479,315.0,0.0,0.0,0.0,0.0,1.64
2022-11-11 12:00:00,2022-11-11,12:00:00,315.5,315.0,0.0,0.0,0.0,0.0,1.8
2022-11-11 12:30:00,2022-11-11,12:30:00,315.521,315.0,0.0,0.0,0.0,0.0,2.19
2022-11-11 13:00:00,2022-11-11,13:00:00,315.542,315.0,0.0,0.0,0.0,0.0,1.62
2022-11-11 13:30:00,2022-11-11,13:30:00,315.562,315.0,0.0,0.0,0.0,0.0,1.44
2022-11-11 14:00:00,2022-11-11,14:00:00,315.583,315.0,0.0,0.0,0.0,0.0,0.3
2022-11-11 14:30:00,2022-11-11,14:30:00,315.604,315.0,0.0,0.0,0.0,0.0,-0.44
2022-11-11 15:00:00,2022-11-11,15:00:00,315.625,315.0,0.0,0.0,0.0,0.0,-6.84
2022-11-11 15:30:00,2022-11-11,15:30:00,315.646,315.0,0.0,0.0,0.0,0.0,-10.01
2022-11-11 16:00:00,2022-11-11,16:00:00,315.667,315.0,0.0,0.0,0.0,0.0,-10.59
2022-11-11 16:30:00,2022-11-11,16:30:00,315.688,315.0,0.0,0.0,0.0,0.0,-10.69
2022-11-11 17:00:00,2022-11-11,17:00:00,315.708,315.0,0.0,0.0,0.0,0.0,-10.76
2022-11-11 17:30:00,2022-11-11,17:30:00,315.729,315.0,0.0,0.0,0.0,0.0,-11.87
2022-11-11 18:00:00,2022-11-11,18:00:00,315.75,315.0,0.0,0.0,0.0,0.0,-12.28
2022-11-11 18:30:00,2022-11-11,18:30:00,315.771,315.0,0.0,0.0,0.0,0.0,-13.99
2022-11-11 19:00:00,2022-11-11,19:00:00,315.792,315.0,0.0,0.0,0.0,0.0,-15.84
2022-11-11 19:30:00,2022-11-11,19:30:00,315.812,315.0,0.0,0.0,0.0,0.0,-16.36
2022-11-11 20:00:00,2022-11-11,20:00:00,315.833,315.0,0.0,0.0,0.0,0.0,-17.45
2022-11-11 20:30:00,2022-11-11,20:30:00,315.854,315.0,0.0,0.0,0.0,0.0,-17.42
2022-11-11 21:00:00,2022-11-11,21:00:00,315.875,315.0,0.0,0.0,0.0,0.0,-17.21
2022-11-11 21:30:00,2022-11-11,21:30:00,315.896,315.0,0.0,0.0,0.0,0.0,-18.05
2022-11-11 22:00:00,2022-11-11,22:00:00,315.917,315.0,0.0,0.0,0.0,0.0,-18.78
2022-11-11 22:30:00,2022-11-11,22:30:00,315.938,315.0,0.0,0.0,0.0,0.0,-19.46
2022-11-11 23:00:00,2022-11-11,23:00:00,315.958,315.0,0.0,0.0,0.0,0.0,-19.66
2022-11-11 23:30:00,2022-11-11,23:30:00,315.979,315.0,0.0,0.0,0.0,0.0,-19.61
2022-11-12 00:00:00,2022-11-12,00:00:00,316.0,316.0,0.0,0.0,0.0,0.0,-19.66
2022-11-12 00:30:00,2022-11-12,00:30:00,316.021,316.0,0.0,0.0,0.0,0.0,-20.15
2022-11-12 01:00:00,2022-11-12,01:00:00,316.042,316.0,0.0,0.0,0.0,0.0,-21.01
2022-11-12 01:30:00,2022-11-12,01:30:00,316.062,316.0,0.0,0.0,0.0,0.0,-21.02
2022-11-12 02:00:00,2022-11-12,02:00:00,316.083,316.0,0.0,0.0,0.0,0.0,-21.32
2022-11-12 02:30:00,2022-11-12,02:30:00,316.104,316.0,0.0,0.0,0.0,0.0,-21.43
2022-11-12 03:00:00,2022-11-12,03:00:00,316.125,316.0,0.0,0.0,0.0,0.0,-21.73
2022-11-12 03:30:00,2022-11-12,03:30:00,316.146,316.0,0.0,0.0,0.0,0.0,-21.57
2022-11-12 04:00:00,2022-11-12,04:00:00,316.167,316.0,0.0,0.0,0.0,0.0,-21.95
2022-11-12 04:30:00,2022-11-12,04:30:00,316.188,316.0,0.0,0.0,0.0,0.0,-22.1
2022-11-12 05:00:00,2022-11-12,05:00:00,316.208,316.0,0.0,0.0,0.0,0.0,-22.27
2022-11-12 05:30:00,2022-11-12,05:30:00,316.229,316.0,0.0,0.0,0.0,0.0,-21.84
2022-11-12 06:00:00,2022-11-12,06:00:00,316.25,316.0,0.0,0.0,0.0,0.0,-21.64
2022-11-12 06:30:00,2022-11-12,06:30:00,316.271,316.0,0.0,0.0,0.0,0.0,-21.31
2022-11-12 07:00:00,2022-11-12,07:00:00,316.292,316.0,0.0,0.0,0.0,0.0,-20.55
2022-11-12 07:30:00,2022-11-12,07:30:00,316.312,316.0,0.0,0.0,0.0,0.0,-17.92
2022-11-12 08:00:00,2022-11-12,08:00:00,316.333,316.0,0.0,0.0,0.0,0.0,-14.19
2022-11-12 08:30:00,2022-11-12,08:30:00,316.354,316.0,0.0,0.0,0.0,0.0,-11.22
2022-11-12 09:00:00,2022-11-12,09:00:00,316.375,316.0,0.0,0.0,0.0,0.0,-8.2
2022-11-12 09:30:00,2022-11-12,09:30:00,316.396,316.0,0.0,0.0,0.0,0.0,-5.42
2022-11-12 10:00:00,2022-11-12,10:00:00,316.417,316.0,0.0,0.0,0.0,0.0,-2.84
2022-11-12 10:30:00,2022-11-12,10:30:00,316.438,316.0,0.0,0.0,0.0,0.0,-0.58
2022-11-12 11:00:00,2022-11-12,11:00:00,316.458,316.0,0.0,0.0,0.0,0.0,2.09
2022-11-12 11:30:00,2022-11-12,11:30:00,316.479,316.0,0.0,0.0,0.0,0.0,3.42
2022-11-12 12:00:00,2022-11-12,12:00:00,316.5,316.0,0.0,0.0,0.0,0.0,4.05
2022-11-12 12:30:00,2022-11-12,12:30:00,316.521,316.0,0.0,0.0,0.0,0.0,4.8
2022-11-12 13:00:00,2022-11-12,13:00:00,316.542,316.0,0.0,0.0,0.0,0.0,5.11
2022-11-12 13:30:00,2022-11-12,13:30:00,316.562,316.0,0.0,0.0,0.0,0.0,4.3
2022-11-12 14:00:00,2022-11-12,14:00:00,316.583,316.0,0.0,0.0,0.0,0.0,2.71
2022-11-12 14:30:00,2022-11-12,14:30:00,316.604,316.0,0.0,0.0,0.0,0.0,1.56
2022-11-12 15:00:00,2022-11-12,15:00:00,316.625,316.0,0.0,0.0,0.0,0.0,-0.56
2022-11-12 15:30:00,2022-11-12,15:30:00,316.646,316.0,0.0,0.0,0.0,0.0,-2.1
2022-11-12 16:00:00,2022-11-12,16:00:00,316.667,316.0,0.0,0.0,0.0,0.0,-4.32
2022-11-12 16:30:00,2022-11-12,16:30:00,316.688,316.0,0.0,0.0,0.0,0.0,-5.36
2022-11-12 17:00:00,2022-11-12,17:00:00,316.708,316.0,0.0,0.0,0.0,0.0,-8.37
2022-11-12 17:30:00,2022-11-12,17:30:00,316.729,316.0,0.0,0.0,0.0,0.0,-9.44
2022-11-12 18:00:00,2022-11-12,18:00:00,316.75,316.0,0.0,0.0,0.0,0.0,-10.87
2022-11-12 18:30:00,2022-11-12,18:30:00,316.771,316.0,0.0,0.0,0.0,0.0,-11.86
2022-11-12 19:00:00,2022-11-12,19:00:00,316.792,316.0,0.0,0.0,0.0,0.0,-11.55
2022-11-12 19:30:00,2022-11-12,19:30:00,316.812,316.0,0.0,0.0,0.0,0.0,-12.19
2022-11-12 20:00:00,2022-11-12,20:00:00,316.833,316.0,0.0,0.0,0.0,0.0,-12.83
2022-11-12 20:30:00,2022-11-12,20:30:00,316.854,316.0,0.0,0.0,0.0,0.0,-13.42
2022-11-12 21:00:00,2022-11-12,21:00:00,316.875,316.0,0.0,0.0,0.0,0.0,-14.98
2022-11-12 21:30:00,2022-11-12,21:30:00,316.896,316.0,0.0,0.0,0.0,0.0,-15.57
2022-11-12 22:00:00,2022-11-12,22:00:00,316.917,316.0,0.0,0.0,0.0,0.0,-15.9
2022-11-12 22:30:00,2022-11-12,22:30:00,316.938,316.0,0.0,0.0,0.0,0.0,-16.57
2022-11-12 23:00:00,2022-11-12,23:00:00,316.958,316.0,0.0,0.0,0.0,0.0,-16.77
2022-11-12 23:30:00,2022-11-12,23:30:00,316.979,316.0,0.0,0.0,0.0,0.0,-16.93
2022-11-13 00:00:00,2022-11-13,00:00:00,317.0,317.0,0.0,0.0,0.0,0.0,-16.96
2022-11-13 00:30:00,2022-11-13,00:30:00,317.021,317.0,0.0,0.0,0.0,0.0,-17.49
2022-11-13 01:00:00,2022-11-13,01:00:00,317.042,317.0,0.0,0.0,0.0,0.0,-17.52
2022-11-13 01:30:00,2022-11-13,01:30:00,317.062,317.0,0.0,0.0,0.0,0.0,-17.36
2022-11-13 02:00:00,2022-11-13,02:00:00,317.083,317.0,0.0,0.0,0.0,0.0,-17.09
2022-11-13 02:30:00,2022-11-13,02:30:00,317.104,317.0,0.0,0.0,0.0,0.0,-17.16
2022-11-13 03:00:00,2022-11-13,03:00:00,317.125,317.0,0.0,0.0,0.0,0.0,-17.47
2022-11-13 03:30:00,2022-11-13,03:30:00,317.146,317.0,0.0,0.0,0.0,0.0,-17.34
2022-11-13 04:00:00,2022-11-13,04:00:00,317.167,317.0,0.0,0.0,0.0,0.0,-17.82
2022-11-13 04:30:00,2022-11-13,04:30:00,317.188,317.0,0.0,0.0,0.0,0.0,-17.66
2022-11-13 05:00:00,2022-11-13,05:00:00,317.208,317.0,0.0,0.0,0.0,0.0,-17.54
2022-11-13 05:30:00,2022-11-13,05:30:00,317.229,317.0,0.0,0.0,0.0,0.0,-17.0
2022-11-13 06:00:00,2022-11-13,06:00:00,317.25,317.0,0.0,0.0,0.0,0.0,-16.79
2022-11-13 06:30:00,2022-11-13,06:30:00,317.271,317.0,0.0,0.0,0.0,0.0,-16.67
2022-11-13 07:00:00,2022-11-13,07:00:00,317.292,317.0,0.0,0.0,0.0,0.0,-15.72
2022-11-13 07:30:00,2022-11-13,07:30:00,317.312,317.0,0.0,0.0,0.0,0.0,-13.71
2022-11-13 08:00:00,2022-11-13,08:00:00,317.333,317.0,0.0,0.0,0.0,0.0,-10.62
2022-11-13 08:30:00,2022-11-13,08:30:00,317.354,317.0,0.0,0.0,0.0,0.0,-5.6
2022-11-13 09:00:00,2022-11-13,09:00:00,317.375,317.0,0.0,0.0,0.0,0.0,-4.39
2022-11-13 09:30:00,2022-11-13,09:30:00,317.396,317.0,0.0,0.0,0.0,0.0,-0.9
2022-11-13 10:00:00,2022-11-13,10:00:00,317.417,317.0,0.0,0.0,0.0,0.0,2.37
2022-11-13 10:30:00,2022-11-13,10:30:00,317.438,317.0,0.0,0.0,0.0,0.0,3.73
2022-11-13 11:00:00,2022-11-13,11:00:00,317.458,317.0,0.0,0.0,0.0,0.0,6.02
2022-11-13 11:30:00,2022-11-13,11:30:00,317.479,317.0,0.0,0.0,0.0,0.0,5.33
2022-11-13 12:00:00,2022-11-13,12:00:00,317.5,317.0,0.0,0.0,0.0,0.0,6.85
2022-11-13 12:30:00,2022-11-13,12:30:00,317.521,317.0,0.0,0.0,0.0,0.0,6.83
2022-11-13 13:00:00,2022-11-13,13:00:00,317.542,317.0,0.0,0.0,0.0,0.0,7.12
2022-11-13 13:30:00,2022-11-13,13:30:00,317.562,317.0,0.0,0.0,0.0,0.0,5.47
2022-11-13 14:00:00,2022-11-13,14:00:00,317.583,317.0,0.0,0.0,0.0,0.0,2.98
2022-11-13 14:30:00,2022-11-13,14:30:00,317.604,317.0,0.0,0.0,0.0,0.0,2.61
2022-11-13 15:00:00,2022-11-13,15:00:00,317.625,317.0,0.0,0.0,0.0,0.0,-2.42
2022-11-13 15:30:00,2022-11-13,15:30:00,317.646,317.0,0.0,0.0,0.0,0.0,-3.31
2022-11-13 16:00:00,2022-11-13,16:00:00,317.667,317.0,0.0,0.0,0.0,0.0,-3.67
2022-11-13 16:30:00,2022-11-13,16:30:00,317.688,317.0,0.0,0.0,0.0,0.0,-4.59
2022-11-13 17:00:00,2022-11-13,17:00:00,317.708,317.0,0.0,0.0,0.0,0.0,-5.78
2022-11-13 17:30:00,2022-11-13,17:30:00,317.729,317.0,0.0,0.0,0.0,0.0,-8.16
2022-11-13 18:00:00,2022-11-13,18:00:00,317.75,317.0,0.0,0.0,0.0,0.0,-8.88
2022-11-13 18:30:00,2022-11-13,18:30:00,317.771,317.0,0.0,0.0,0.0,0.0,-8.72
2022-11-13 19:00:00,2022-11-13,19:00:00,317.792,317.0,0.0,0.0,0.0,0.0,-8.62
2022-11-13 19:30:00,2022-11-13,19:30:00,317.812,317.0,0.0,0.0,0.0,0.0,-9.72
2022-11-13 20:00:00,2022-11-13,20:00:00,317.833,317.0,0.0,0.0,0.0,0.0,-6.82
2022-11-13 20:30:00,2022-11-13,20:30:00,317.854,317.0,0.0,0.0,0.0,0.0,-6.26
2022-11-13 21:00:00,2022-11-13,21:00:00,317.875,317.0,0.0,0.0,0.0,0.0,-7.49
2022-11-13 21:30:00,2022-11-13,21:30:00,317.896,317.0,0.0,0.0,0.0,0.0,-8.91
2022-11-13 22:00:00,2022-11-13,22:00:00,317.917,317.0,0.0,0.0,0.0,0.0,-7.77
2022-11-13 22:30:00,2022-11-13,22:30:00,317.938,317.0,0.0,0.0,0.0,0.0,-8.89
2022-11-13 23:00:00,2022-11-13,23:00:00,317.958,317.0,0.0,0.0,0.0,0.0,-9.58
2022-11-13 23:30:00,2022-11-13,23:30:00,317.979,317.0,0.0,0.0,0.0,0.0,-10.19
2022-11-14 00:00:00,2022-11-14,00:00:00,318.0,318.0,0.0,0.0,0.0,0.0,-10.28
2022-11-14 00:30:00,2022-11-14,00:30:00,318.021,318.0,0.0,0.0,0.0,0.0,-11.26
2022-11-14 01:00:00,2022-11-14,01:00:00,318.042,318.0,0.0,0.0,0.0,0.0,-11.74
2022-11-14 01:30:00,2022-11-14,01:30:00,318.062,318.0,0.0,0.0,0.0,0.0,-13.39
2022-11-14 02:00:00,2022-11-14,02:00:00,318.083,318.0,0.0,0.0,0.0,0.0,-13.24
2022-11-14 02:30:00,2022-11-14,02:30:00,318.104,318.0,0.0,0.0,0.0,0.0,-13.31
2022-11-14 03:00:00,2022-11-14,03:00:00,318.125,318.0,0.0,0.0,0.0,0.0,-14.89
2022-11-14 03:30:00,2022-11-14,03:30:00,318.146,318.0,0.0,0.0,0.0,0.0,-14.5
2022-11-14 04:00:00,2022-11-14,04:00:00,318.167,318.0,0.0,0.0,0.0,0.0,-15.25
2022-11-14 04:30:00,2022-11-14,04:30:00,318.188,318.0,0.0,0.0,0.0,0.0,-15.56
2022-11-14 05:00:00,2022-11-14,05:00:00,318.208,318.0,0.0,0.0,0.0,0.0,-15.62
2022-11-14 05:30:00,2022-11-14,05:30:00,318.229,318.0,0.0,0.0,0.0,0.0,-16.53
2022-11-14 06:00:00,2022-11-14,06:00:00,318.25,318.0,0.0,0.0,0.0,0.0,-16.43
2022-11-14 06:30:00,2022-11-14,06:30:00,318.271,318.0,0.0,0.0,0.0,0.0,-16.72
2022-11-14 07:00:00,2022-11-14,07:00:00,318.292,318.0,0.0,0.0,0.0,0.0,-15.72
2022-11-14 07:30:00,2022-11-14,07:30:00,318.312,318.0,0.0,0.0,0.0,0.0,-13.03
2022-11-14 08:00:00,2022-11-14,08:00:00,318.333,318.0,0.0,0.0,0.0,0.0,-8.06
2022-11-14 08:30:00,2022-11-14,08:30:00,318.354,318.0,0.24,0.24,0.23,0.24,-7.24
2022-11-14 09:00:00,2022-11-14,09:00:00,318.375,318.0,0.0,0.0,0.0,0.0,-3.6
2022-11-14 09:30:00,2022-11-14,09:30:00,318.396,318.0,0.0,0.0,0.0,0.0,-2.87
2022-11-14 10:00:00,2022-11-14,10:00:00,318.417,318.0,0.0,0.0,0.0,0.0,-3.04
2022-11-14 10:30:00,2022-11-14,10:30:00,318.438,318.0,0.0,0.0,0.0,0.0,-2.27
2022-11-14 11:00:00,2022-11-14,11:00:00,318.458,318.0,0.0,0.0,0.0,0.0,-1.61
2022-11-14 11:30:00,2022-11-14,11:30:00,318.479,318.0,0.0,0.0,0.0,0.0,-2.18
2022-11-14 12:00:00,2022-11-14,12:00:00,318.5,318.0,0.0,0.0,0.0,0.0,-0.49
2022-11-14 12:30:00,2022-11-14,12:30:00,318.521,318.0,0.0,0.0,0.0,0.0,1.99
2022-11-14 13:00:00,2022-11-14,13:00:00,318.542,318.0,0.0,0.0,0.0,0.0,0.59
2022-11-14 13:30:00,2022-11-14,13:30:00,318.562,318.0,0.0,0.0,0.0,0.0,-1.07
2022-11-14 14:00:00,2022-11-14,14:00:00,318.583,318.0,0.0,0.0,0.0,0.0,-1.25
2022-11-14 14:30:00,2022-11-14,14:30:00,318.604,318.0,0.0,0.0,0.0,0.0,-5.13
2022-11-14 15:00:00,2022-11-14,15:00:00,318.625,318.0,0.0,0.0,0.0,0.0,-7.71
2022-11-14 15:30:00,2022-11-14,15:30:00,318.646,318.0,0.0,0.0,0.0,0.0,-8.41
2022-11-14 16:00:00,2022-11-14,16:00:00,318.667,318.0,0.0,0.0,0.0,0.0,-8.87
2022-11-14 16:30:00,2022-11-14,16:30:00,318.688,318.0,0.0,0.0,0.0,0.0,-9.44
2022-11-14 17:00:00,2022-11-14,17:00:00,318.708,318.0,0.0,0.0,0.0,0.0,-9.82
2022-11-14 17:30:00,2022-11-14,17:30:00,318.729,318.0,0.0,0.0,0.0,0.0,-9.23
2022-11-14 18:00:00,2022-11-14,18:00:00,318.75,318.0,0.0,0.0,0.0,0.0,-9.03
2022-11-14 18:30:00,2022-11-14,18:30:00,318.771,318.0,0.0,0.0,0.0,0.0,-8.82
2022-11-14 19:00:00,2022-11-14,19:00:00,318.792,318.0,0.0,0.0,0.0,0.0,-8.99
2022-11-14 19:30:00,2022-11-14,19:30:00,318.812,318.0,0.0,0.0,0.0,0.0,-9.32
2022-11-14 20:00:00,2022-11-14,20:00:00,318.833,318.0,0.0,0.0,0.0,0.0,-9.64
2022-11-14 20:30:00,2022-11-14,20:30:00,318.854,318.0,0.0,0.0,0.0,0.0,-11.35
2022-11-14 21:00:00,2022-11-14,21:00:00,318.875,318.0,0.0,0.0,0.0,0.0,-11.62
2022-11-14 21:30:00,2022-11-14,21:30:00,318.896,318.0,0.0,0.0,0.0,0.0,-11.86
2022-11-14 22:00:00,2022-11-14,22:00:00,318.917,318.0,0.0,0.0,0.0,0.0,-13.24
2022-11-14 22:30:00,2022-11-14,22:30:00,318.938,318.0,0.0,0.0,0.0,0.0,-13.1
2022-11-14 23:00:00,2022-11-14,23:00:00,318.958,318.0,0.0,0.0,0.0,0.0,-13.26
2022-11-14 23:30:00,2022-11-14,23:30:00,318.979,318.0,0.0,0.0,0.0,0.0,-13.4
2022-11-15 00:00:00,2022-11-15,00:00:00,319.0,319.0,0.0,0.0,0.0,0.0,-13.68
2022-11-15 00:30:00,2022-11-15,00:30:00,319.021,319.0,0.0,0.0,0.0,0.0,-12.97
2022-11-15 01:00:00,2022-11-15,01:00:00,319.042,319.0,0.0,0.0,0.0,0.0,-14.63
2022-11-15 01:30:00,2022-11-15,01:30:00,319.062,319.0,0.0,0.0,0.0,0.0,-16.22
2022-11-15 02:00:00,2022-11-15,02:00:00,319.083,319.0,0.0,0.0,0.0,0.0,-15.79
2022-11-15 02:30:00,2022-11-15,02:30:00,319.104,319.0,0.0,0.0,0.0,0.0,-15.37
2022-11-15 03:00:00,2022-11-15,03:00:00,319.125,319.0,0.0,0.0,0.0,0.0,-15.74
2022-11-15 03:30:00,2022-11-15,03:30:00,319.146,319.0,0.0,0.0,0.0,0.0,-15.27
2022-11-15 04:00:00,2022-11-15,04:00:00,319.167,319.0,0.0,0.0,0.0,0.0,-16.76
2022-11-15 04:30:00,2022-11-15,04:30:00,319.188,319.0,0.0,0.0,0.0,0.0,-16.1
2022-11-15 05:00:00,2022-11-15,05:00:00,319.208,319.0,0.0,0.0,0.0,0.0,-16.44
2022-11-15 05:30:00,2022-11-15,05:30:00,319.229,319.0,0.0,0.0,0.0,0.0,-15.8
2022-11-15 06:00:00,2022-11-15,06:00:00,319.25,319.0,0.0,0.0,0.0,0.0,-14.51
2022-11-15 06:30:00,2022-11-15,06:30:00,319.271,319.0,0.0,0.0,0.0,0.0,-14.47
2022-11-15 07:00:00,2022-11-15,07:00:00,319.292,319.0,0.0,0.0,0.0,0.0,-15.28
2022-11-15 07:30:00,2022-11-15,07:30:00,319.312,319.0,0.0,0.0,0.0,0.0,-14.43
2022-11-15 08:00:00,2022-11-15,08:00:00,319.333,319.0,0.0,0.0,0.0,0.0,-12.47
2022-11-15 08:30:00,2022-11-15,08:30:00,319.354,319.0,0.0,0.0,0.0,0.0,-9.33
2022-11-15 09:00:00,2022-11-15,09:00:00,319.375,319.0,0.0,0.0,0.0,0.0,-5.31
2022-11-15 09:30:00,2022-11-15,09:30:00,319.396,319.0,0.0,0.0,0.0,0.0,-2.46
2022-11-15 10:00:00,2022-11-15,10:00:00,319.417,319.0,0.0,0.0,0.0,0.0,-8.55
2022-11-15 10:30:00,2022-11-15,10:30:00,319.438,319.0,0.0,0.0,0.0,0.0,-3.27
2022-11-15 11:00:00,2022-11-15,11:00:00,319.458,319.0,0.0,0.0,0.0,0.0,-1.29
2022-11-15 11:30:00,2022-11-15,11:30:00,319.479,319.0,0.0,0.0,0.0,0.0,-1.21
2022-11-15 12:00:00,2022-11-15,12:00:00,319.5,319.0,0.0,0.0,0.0,0.0,0.19
2022-11-15 12:30:00,2022-11-15,12:30:00,319.521,319.0,0.0,0.0,0.0,0.0,-0.59
2022-11-15 13:00:00,2022-11-15,13:00:00,319.542,319.0,0.0,0.0,0.0,0.0,-1.94
2022-11-15 13:30:00,2022-11-15,13:30:00,319.562,319.0,0.0,0.0,0.0,0.0,-2.17
2022-11-15 14:00:00,2022-11-15,14:00:00,319.583,319.0,0.0,0.0,0.0,0.0,-5.3
2022-11-15 14:30:00,2022-11-15,14:30:00,319.604,319.0,0.0,0.0,0.0,0.0,-6.86
2022-11-15 15:00:00,2022-11-15,15:00:00,319.625,319.0,0.0,0.0,0.0,0.0,-10.01
2022-11-15 15:30:00,2022-11-15,15:30:00,319.646,319.0,0.0,0.0,0.0,0.0,-12.02
2022-11-15 16:00:00,2022-11-15,16:00:00,319.667,319.0,0.0,0.0,0.0,0.0,-12.73
2022-11-15 16:30:00,2022-11-15,16:30:00,319.688,319.0,0.0,0.0,0.0,0.0,-13.82
2022-11-15 17:00:00,2022-11-15,17:00:00,319.708,319.0,0.0,0.0,0.0,0.0,-14.79
2022-11-15 17:30:00,2022-11-15,17:30:00,319.729,319.0,0.0,0.0,0.0,0.0,-15.36
2022-11-15 18:00:00,2022-11-15,18:00:00,319.75,319.0,0.0,0.0,0.0,0.0,-16.54
2022-11-15 18:30:00,2022-11-15,18:30:00,319.771,319.0,0.0,0.0,0.0,0.0,-17.69
2022-11-15 19:00:00,2022-11-15,19:00:00,319.792,319.0,0.0,0.0,0.0,0.0,-17.63
2022-11-15 19:30:00,2022-11-15,19:30:00,319.812,319.0,0.0,0.0,0.0,0.0,-17.59
2022-11-15 20:00:00,2022-11-15,20:00:00,319.833,319.0,0.0,0.0,0.0,0.0,-18.12
2022-11-15 20:30:00,2022-11-15,20:30:00,319.854,319.0,0.0,0.0,0.0,0.0,-17.9
2022-11-15 21:00:00,2022-11-15,21:00:00,319.875,319.0,0.0,0.0,0.0,0.0,-17.9
2022-11-15 21:30:00,2022-11-15,21:30:00,319.896,319.0,0.0,0.0,0.0,0.0,-19.66
2022-11-15 22:00:00,2022-11-15,22:00:00,319.917,319.0,0.0,0.0,0.0,0.0,-21.08
2022-11-15 22:30:00,2022-11-15,22:30:00,319.938,319.0,0.0,0.0,0.0,0.0,-21.77
2022-11-15 23:00:00,2022-11-15,23:00:00,319.958,319.0,0.0,0.0,0.0,0.0,-21.64
2022-11-15 23:30:00,2022-11-15,23:30:00,319.979,319.0,0.0,0.0,0.0,0.0,-21.17
2022-11-16 00:00:00,2022-11-16,00:00:00,320.0,320.0,0.0,0.0,0.0,0.0,-21.36
2022-11-16 00:30:00,2022-11-16,00:30:00,320.021,320.0,0.0,0.0,0.0,0.0,-21.7
2022-11-16 01:00:00,2022-11-16,01:00:00,320.042,320.0,0.0,0.0,0.0,0.0,-22.5
2022-11-16 01:30:00,2022-11-16,01:30:00,320.062,320.0,0.0,0.0,0.0,0.0,-22.53
2022-11-16 02:00:00,2022-11-16,02:00:00,320.083,320.0,0.0,0.0,0.0,0.0,-22.91
2022-11-16 02:30:00,2022-11-16,02:30:00,320.104,320.0,0.0,0.0,0.0,0.0,-22.44
2022-11-16 03:00:00,2022-11-16,03:00:00,320.125,320.0,0.0,0.0,0.0,0.0,-23.12
2022-11-16 03:30:00,2022-11-16,03:30:00,320.146,320.0,0.0,0.0,0.0,0.0,-23.22
2022-11-16 04:00:00,2022-11-16,04:00:00,320.167,320.0,0.0,0.0,0.0,0.0,-23.2
2022-11-16 04:30:00,2022-11-16,04:30:00,320.188,320.0,0.0,0.0,0.0,0.0,-23.02
2022-11-16 05:00:00,2022-11-16,05:00:00,320.208,320.0,0.0,0.0,0.0,0.0,-22.98
2022-11-16 05:30:00,2022-11-16,05:30:00,320.229,320.0,0.0,0.0,0.0,0.0,-21.73
2022-11-16 06:00:00,2022-11-16,06:00:00,320.25,320.0,0.0,0.0,0.0,0.0,-17.16
2022-11-16 06:30:00,2022-11-16,06:30:00,320.271,320.0,0.0,0.0,0.0,0.0,-19.95
2022-11-16 07:00:00,2022-11-16,07:00:00,320.292,320.0,0.0,0.0,0.0,0.0,-15.46
2022-11-16 07:30:00,2022-11-16,07:30:00,320.312,320.0,0.0,0.0,0.0,0.0,-12.08
2022-11-16 08:00:00,2022-11-16,08:00:00,320.333,320.0,0.0,0.0,0.0,0.0,-12.83
2022-11-16 08:30:00,2022-11-16,08:30:00,320.354,320.0,0.0,0.0,0.0,0.0,-7.88
2022-11-16 09:00:00,2022-11-16,09:00:00,320.375,320.0,0.0,0.0,0.0,0.0,-6.85
2022-11-16 09:30:00,2022-11-16,09:30:00,320.396,320.0,0.0,0.0,0.0,0.0,-4.38
2022-11-16 10:00:00,2022-11-16,10:00:00,320.417,320.0,0.0,0.0,0.0,0.0,-2.58
2022-11-16 10:30:00,2022-11-16,10:30:00,320.438,320.0,0.0,0.0,0.0,0.0,-2.4
2022-11-16 11:00:00,2022-11-16,11:00:00,320.458,320.0,0.0,0.0,0.0,0.0,-1.01
2022-11-16 11:30:00,2022-11-16,11:30:00,320.479,320.0,0.0,0.0,0.0,0.0,-0.02
2022-11-16 12:00:00,2022-11-16,12:00:00,320.5,320.0,0.0,0.0,0.0,0.0,0.05
2022-11-16 12:30:00,2022-11-16,12:30:00,320.521,320.0,0.0,0.0,0.0,0.0,0.68
2022-11-16 13:00:00,2022-11-16,13:00:00,320.542,320.0,0.0,0.0,0.0,0.0,-0.2
2022-11-16 13:30:00,2022-11-16,13:30:00,320.562,320.0,0.0,0.0,0.0,0.0,-0.7
2022-11-16 14:00:00,2022-11-16,14:00:00,320.583,320.0,0.0,0.0,0.0,0.0,-1.62
2022-11-16 14:30:00,2022-11-16,14:30:00,320.604,320.0,0.0,0.0,0.0,0.0,-3.52
2022-11-16 15:00:00,2022-11-16,15:00:00,320.625,320.0,0.0,0.0,0.0,0.0,-8.45
2022-11-16 15:30:00,2022-11-16,15:30:00,320.646,320.0,0.0,0.0,0.0,0.0,-9.82
2022-11-16 16:00:00,2022-11-16,16:00:00,320.667,320.0,0.0,0.0,0.0,0.0,-10.56
2022-11-16 16:30:00,2022-11-16,16:30:00,320.688,320.0,0.0,0.0,0.0,0.0,-11.41
2022-11-16 17:00:00,2022-11-16,17:00:00,320.708,320.0,0.0,0.0,0.0,0.0,-12.75
2022-11-16 17:30:00,2022-11-16,17:30:00,320.729,320.0,0.0,0.0,0.0,0.0,-13.17
2022-11-16 18:00:00,2022-11-16,18:00:00,320.75,320.0,0.0,0.0,0.0,0.0,-13.81
2022-11-16 18:30:00,2022-11-16,18:30:00,320.771,320.0,0.0,0.0,0.0,0.0,-14.11
2022-11-16 19:00:00,2022-11-16,19:00:00,320.792,320.0,0.0,0.0,0.0,0.0,-14.8
2022-11-16 19:30:00,2022-11-16,19:30:00,320.812,320.0,0.0,0.0,0.0,0.0,-16.33
2022-11-16 20:00:00,2022-11-16,20:00:00,320.833,320.0,0.0,0.0,0.0,0.0,-17.38
2022-11-16 20:30:00,2022-11-16,20:30:00,320.854,320.0,0.0,0.0,0.0,0.0,-17.71
2022-11-16 21:00:00,2022-11-16,21:00:00,320.875,320.0,0.0,0.0,0.0,0.0,-17.54
2022-11-16 21:30:00,2022-11-16,21:30:00,320.896,320.0,0.0,0.0,0.0,0.0,-17.93
2022-11-16 22:00:00,2022-11-16,22:00:00,320.917,320.0,0.0,0.0,0.0,0.0,-18.5
2022-11-16 22:30:00,2022-11-16,22:30:00,320.938,320.0,0.0,0.0,0.0,0.0,-19.24
2022-11-16 23:00:00,2022-11-16,23:00:00,320.958,320.0,0.0,0.0,0.0,0.0,-19.7
2022-11-16 23:30:00,2022-11-16,23:30:00,320.979,320.0,0.0,0.0,0.0,0.0,-19.26
2022-11-17 00:00:00,2022-11-17,00:00:00,321.0,321.0,0.0,0.0,0.0,0.0,-19.23
2022-11-17 00:30:00,2022-11-17,00:30:00,321.021,321.0,0.0,0.0,0.0,0.0,-19.5
2022-11-17 01:00:00,2022-11-17,01:00:00,321.042,321.0,0.0,0.0,0.0,0.0,-19.28
2022-11-17 01:30:00,2022-11-17,01:30:00,321.062,321.0,0.0,0.0,0.0,0.0,-19.41
2022-11-17 02:00:00,2022-11-17,02:00:00,321.083,321.0,0.0,0.0,0.0,0.0,-19.59
2022-11-17 02:30:00,2022-11-17,02:30:00,321.104,321.0,0.0,0.0,0.0,0.0,-19.6
2022-11-17 03:00:00,2022-11-17,03:00:00,321.125,321.0,0.0,0.0,0.0,0.0,-19.62
2022-11-17 03:30:00,2022-11-17,03:30:00,321.146,321.0,0.0,0.0,0.0,0.0,-19.78
2022-11-17 04:00:00,2022-11-17,04:00:00,321.167,321.0,0.0,0.0,0.0,0.0,-19.52
2022-11-17 04:30:00,2022-11-17,04:30:00,321.188,321.0,0.0,0.0,0.0,0.0,-19.6
2022-11-17 05:00:00,2022-11-17,05:00:00,321.208,321.0,0.0,0.0,0.0,0.0,-20.11
2022-11-17 05:30:00,2022-11-17,05:30:00,321.229,321.0,0.0,0.0,0.0,0.0,-20.23
2022-11-17 06:00:00,2022-11-17,06:00:00,321.25,321.0,0.0,0.0,0.0,0.0,-20.49
2022-11-17 06:30:00,2022-11-17,06:30:00,321.271,321.0,0.0,0.0,0.0,0.0,-20.26
2022-11-17 07:00:00,2022-11-17,07:00:00,321.292,321.0,0.0,0.0,0.0,0.0,-19.48
2022-11-17 07:30:00,2022-11-17,07:30:00,321.312,321.0,0.0,0.0,0.0,0.0,-16.97
2022-11-17 08:00:00,2022-11-17,08:00:00,321.333,321.0,0.0,0.0,0.0,0.0,-13.49
2022-11-17 08:30:00,2022-11-17,08:30:00,321.354,321.0,0.0,0.0,0.0,0.0,-9.93
2022-11-17 09:00:00,2022-11-17,09:00:00,321.375,321.0,0.0,0.0,0.0,0.0,-7.49
2022-11-17 09:30:00,2022-11-17,09:30:00,321.396,321.0,0.0,0.0,0.0,0.0,-5.09
2022-11-17 10:00:00,2022-11-17,10:00:00,321.417,321.0,0.0,0.0,0.0,0.0,-1.37
2022-11-17 10:30:00,2022-11-17,10:30:00,321.438,321.0,0.0,0.0,0.0,0.0,0.97
2022-11-17 11:00:00,2022-11-17,11:00:00,321.458,321.0,0.0,0.0,0.0,0.0,2.19
2022-11-17 11:30:00,2022-11-17,11:30:00,321.479,321.0,0.0,0.0,0.0,0.0,1.92
2022-11-17 12:00:00,2022-11-17,12:00:00,321.5,321.0,0.0,0.0,0.0,0.0,1.07
2022-11-17 12:30:00,2022-11-17,12:30:00,321.521,321.0,0.0,0.0,0.0,0.0,0.71
2022-11-17 13:00:00,2022-11-17,13:00:00,321.542,321.0,0.0,0.0,0.0,0.0,0.32
2022-11-17 13:30:00,2022-11-17,13:30:00,321.562,321.0,0.0,0.0,0.0,0.0,-0.29
2022-11-17 14:00:00,2022-11-17,14:00:00,321.583,321.0,0.0,0.0,0.0,0.0,-0.96
2022-11-17 14:30:00,2022-11-17,14:30:00,321.604,321.0,0.0,0.0,0.0,0.0,-3.71
2022-11-17 15:00:00,2022-11-17,15:00:00,321.625,321.0,0.0,0.0,0.0,0.0,-6.66
2022-11-17 15:30:00,2022-11-17,15:30:00,321.646,321.0,0.0,0.0,0.0,0.0,-7.2
2022-11-17 16:00:00,2022-11-17,16:00:00,321.667,321.0,0.0,0.0,0.0,0.0,-7.71
2022-11-17 16:30:00,2022-11-17,16:30:00,321.688,321.0,0.0,0.0,0.0,0.0,-8.53
2022-11-17 17:00:00,2022-11-17,17:00:00,321.708,321.0,0.0,0.0,0.0,0.0,-8.8
2022-11-17 17:30:00,2022-11-17,17:30:00,321.729,321.0,0.0,0.0,0.0,0.0,-8.92
2022-11-17 18:00:00,2022-11-17,18:00:00,321.75,321.0,0.0,0.0,0.0,0.0,-10.55
2022-11-17 18:30:00,2022-11-17,18:30:00,321.771,321.0,0.0,0.0,0.0,0.0,-11.28
2022-11-17 19:00:00,2022-11-17,19:00:00,321.792,321.0,0.0,0.0,0.0,0.0,-12.68
2022-11-17 19:30:00,2022-11-17,19:30:00,321.812,321.0,0.0,0.0,0.0,0.0,-13.02
2022-11-17 20:00:00,2022-11-17,20:00:00,321.833,321.0,0.0,0.0,0.0,0.0,-12.32
2022-11-17 20:30:00,2022-11-17,20:30:00,321.854,321.0,0.0,0.0,0.0,0.0,-9.97
2022-11-17 21:00:00,2022-11-17,21:00:00,321.875,321.0,0.0,0.0,0.0,0.0,-9.45
2022-11-17 21:30:00,2022-11-17,21:30:00,321.896,321.0,0.0,0.0,0.0,0.0,-11.06
2022-11-17 22:00:00,2022-11-17,22:00:00,321.917,321.0,0.0,0.0,0.0,0.0,-11.01
2022-11-17 22:30:00,2022-11-17,22:30:00,321.938,321.0,0.0,0.0,0.0,0.0,-12.34
2022-11-17 23:00:00,2022-11-17,23:00:00,321.958,321.0,0.0,0.0,0.0,0.0,-12.98
2022-11-17 23:30:00,2022-11-17,23:30:00,321.979,321.0,0.0,0.0,0.0,0.0,-12.75
2022-11-18 00:00:00,2022-11-18,00:00:00,322.0,322.0,0.0,0.0,0.0,0.0,-12.75
2022-11-18 00:30:00,2022-11-18,00:30:00,322.021,322.0,0.0,0.0,0.0,0.0,-12.96
2022-11-18 01:00:00,2022-11-18,01:00:00,322.042,322.0,0.0,0.0,0.0,0.0,-13.37
2022-11-18 01:30:00,2022-11-18,01:30:00,322.062,322.0,0.0,0.0,0.0,0.0,-13.08
2022-11-18 02:00:00,2022-11-18,02:00:00,322.083,322.0,0.0,0.0,0.0,0.0,-12.97
2022-11-18 02:30:00,2022-11-18,02:30:00,322.104,322.0,0.0,0.0,0.0,0.0,-12.89
2022-11-18 03:00:00,2022-11-18,03:00:00,322.125,322.0,0.0,0.0,0.0,0.0,-11.02
2022-11-18 03:30:00,2022-11-18,03:30:00,322.146,322.0,0.0,0.0,0.0,0.0,-9.09
2022-11-18 04:00:00,2022-11-18,04:00:00,322.167,322.0,0.0,0.0,0.0,0.0,-8.59
2022-11-18 04:30:00,2022-11-18,04:30:00,322.188,322.0,0.0,0.0,0.0,0.0,-8.6
2022-11-18 05:00:00,2022-11-18,05:00:00,322.208,322.0,0.0,0.0,0.0,0.0,-9.43
2022-11-18 05:30:00,2022-11-18,05:30:00,322.229,322.0,0.0,0.0,0.0,0.0,-9.84
2022-11-18 06:00:00,2022-11-18,06:00:00,322.25,322.0,0.0,0.0,0.0,0.0,-10.59
2022-11-18 06:30:00,2022-11-18,06:30:00,322.271,322.0,0.0,0.0,0.0,0.0,-12.21
2022-11-18 07:00:00,2022-11-18,07:00:00,322.292,322.0,0.0,0.0,0.0,0.0,-12.59
2022-11-18 07:30:00,2022-11-18,07:30:00,322.312,322.0,0.0,0.0,0.0,0.0,-12.36
2022-11-18 08:00:00,2022-11-18,08:00:00,322.333,322.0,0.0,0.0,0.0,0.0,-9.0
2022-11-18 08:30:00,2022-11-18,08:30:00,322.354,322.0,0.0,0.0,0.0,0.0,-6.14
2022-11-18 09:00:00,2022-11-18,09:00:00,322.375,322.0,0.0,0.0,0.0,0.0,-4.69
2022-11-18 09:30:00,2022-11-18,09:30:00,322.396,322.0,0.0,0.0,0.0,0.0,-2.78
2022-11-18 10:00:00,2022-11-18,10:00:00,322.417,322.0,0.0,0.0,0.0,0.0,-0.64
2022-11-18 10:30:00,2022-11-18,10:30:00,322.438,322.0,0.0,0.0,0.0,0.0,1.25
2022-11-18 11:00:00,2022-11-18,11:00:00,322.458,322.0,0.0,0.0,0.0,0.0,0.07
2022-11-18 11:30:00,2022-11-18,11:30:00,322.479,322.0,0.0,0.0,0.0,0.0,0.92
2022-11-18 12:00:00,2022-11-18,12:00:00,322.5,322.0,0.0,0.0,0.0,0.0,-0.23
2022-11-18 12:30:00,2022-11-18,12:30:00,322.521,322.0,0.0,0.0,0.0,0.0,-0.58
2022-11-18 13:00:00,2022-11-18,13:00:00,322.542,322.0,0.0,0.0,0.0,0.0,-3.27
2022-11-18 13:30:00,2022-11-18,13:30:00,322.562,322.0,0.0,0.0,0.0,0.0,-1.63
2022-11-18 14:00:00,2022-11-18,14:00:00,322.583,322.0,0.0,0.0,0.0,0.0,-3.92
2022-11-18 14:30:00,2022-11-18,14:30:00,322.604,322.0,0.0,0.0,0.0,0.0,-6.49
2022-11-18 15:00:00,2022-11-18,15:00:00,322.625,322.0,0.0,0.0,0.0,0.0,-7.11
2022-11-18 15:30:00,2022-11-18,15:30:00,322.646,322.0,0.0,0.0,0.0,0.0,-8.13
2022-11-18 16:00:00,2022-11-18,16:00:00,322.667,322.0,0.0,0.0,0.0,0.0,-9.49
2022-11-18 16:30:00,2022-11-18,16:30:00,322.688,322.0,0.0,0.0,0.0,0.0,-11.38
2022-11-18 17:00:00,2022-11-18,17:00:00,322.708,322.0,0.0,0.0,0.0,0.0,-12.86
2022-11-18 17:30:00,2022-11-18,17:30:00,322.729,322.0,0.0,0.0,0.0,0.0,-12.98
2022-11-18 18:00:00,2022-11-18,18:00:00,322.75,322.0,0.0,0.0,0.0,0.0,-12.99
2022-11-18 18:30:00,2022-11-18,18:30:00,322.771,322.0,0.0,0.0,0.0,0.0,-14.76
2022-11-18 19:00:00,2022-11-18,19:00:00,322.792,322.0,0.0,0.0,0.0,0.0,-15.09
2022-11-18 19:30:00,2022-11-18,19:30:00,322.812,322.0,0.0,0.0,0.0,0.0,-15.35
2022-11-18 20:00:00,2022-11-18,20:00:00,322.833,322.0,0.0,0.0,0.0,0.0,-16.02
2022-11-18 20:30:00,2022-11-18,20:30:00,322.854,322.0,0.0,0.0,0.0,0.0,-17.43
2022-11-18 21:00:00,2022-11-18,21:00:00,322.875,322.0,0.0,0.0,0.0,0.0,-17.94
2022-11-18 21:30:00,2022-11-18,21:30:00,322.896,322.0,0.0,0.0,0.0,0.0,-18.88
2022-11-18 22:00:00,2022-11-18,22:00:00,322.917,322.0,0.0,0.0,0.0,0.0,-19.83
2022-11-18 22:30:00,2022-11-18,22:30:00,322.938,322.0,0.0,0.0,0.0,0.0,-20.5
2022-11-18 23:00:00,2022-11-18,23:00:00,322.958,322.0,0.0,0.0,0.0,0.0,-20.9
2022-11-18 23:30:00,2022-11-18,23:30:00,322.979,322.0,0.0,0.0,0.0,0.0,-21.26
2022-11-19 00:00:00,2022-11-19,00:00:00,323.0,323.0,0.0,0.0,0.0,0.0,-21.37
2022-11-19 00:30:00,2022-11-19,00:30:00,323.021,323.0,0.0,0.0,0.0,0.0,-21.88
2022-11-19 01:00:00,2022-11-19,01:00:00,323.042,323.0,0.0,0.0,0.0,0.0,-22.02
2022-11-19 01:30:00,2022-11-19,01:30:00,323.062,323.0,0.0,0.0,0.0,0.0,-22.39
2022-11-19 02:00:00,2022-11-19,02:00:00,323.083,323.0,0.0,0.0,0.0,0.0,-22.07
2022-11-19 02:30:00,2022-11-19,02:30:00,323.104,323.0,0.0,0.0,0.0,0.0,-22.35
2022-11-19 03:00:00,2022-11-19,03:00:00,323.125,323.0,0.0,0.0,0.0,0.0,-22.26
2022-11-19 03:30:00,2022-11-19,03:30:00,323.146,323.0,0.0,0.0,0.0,0.0,-22.45
2022-11-19 04:00:00,2022-11-19,04:00:00,323.167,323.0,0.0,0.0,0.0,0.0,-22.49
2022-11-19 04:30:00,2022-11-19,04:30:00,323.188,323.0,0.0,0.0,0.0,0.0,-22.89
2022-11-19 05:00:00,2022-11-19,05:00:00,323.208,323.0,0.0,0.0,0.0,0.0,-22.64
2022-11-19 05:30:00,2022-11-19,05:30:00,323.229,323.0,0.0,0.0,0.0,0.0,-22.43
2022-11-19 06:00:00,2022-11-19,06:00:00,323.25,323.0,0.0,0.0,0.0,0.0,-22.59
2022-11-19 06:30:00,2022-11-19,06:30:00,323.271,323.0,0.0,0.0,0.0,0.0,-22.4
2022-11-19 07:00:00,2022-11-19,07:00:00,323.292,323.0,0.0,0.0,0.0,0.0,-21.96
2022-11-19 07:30:00,2022-11-19,07:30:00,323.312,323.0,0.0,0.0,0.0,0.0,-18.88
2022-11-19 08:00:00,2022-11-19,08:00:00,323.333,323.0,0.0,0.0,0.0,0.0,-15.37
2022-11-19 08:30:00,2022-11-19,08:30:00,323.354,323.0,0.0,0.0,0.0,0.0,-11.74
2022-11-19 09:00:00,2022-11-19,09:00:00,323.375,323.0,0.0,0.0,0.0,0.0,-9.1
2022-11-19 09:30:00,2022-11-19,09:30:00,323.396,323.0,0.0,0.0,0.0,0.0,-5.39
2022-11-19 10:00:00,2022-11-19,10:00:00,323.417,323.0,0.0,0.0,0.0,0.0,-2.19
2022-11-19 10:30:00,2022-11-19,10:30:00,323.438,323.0,0.0,0.0,0.0,0.0,-0.63
2022-11-19 11:00:00,2022-11-19,11:00:00,323.458,323.0,0.0,0.0,0.0,0.0,1.24
2022-11-19 11:30:00,2022-11-19,11:30:00,323.479,323.0,0.0,0.0,0.0,0.0,3.05
2022-11-19 12:00:00,2022-11-19,12:00:00,323.5,323.0,0.0,0.0,0.0,0.0,4.27
2022-11-19 12:30:00,2022-11-19,12:30:00,323.521,323.0,0.0,0.0,0.0,0.0,4.33
2022-11-19 13:00:00,2022-11-19,13:00:00,323.542,323.0,0.0,0.0,0.0,0.0,3.95
2022-11-19 13:30:00,2022-11-19,13:30:00,323.562,323.0,0.0,0.0,0.0,0.0,3.88
2022-11-19 14:00:00,2022-11-19,14:00:00,323.583,323.0,0.0,0.0,0.0,0.0,3.07
2022-11-19 14:30:00,2022-11-19,14:30:00,323.604,323.0,0.0,0.0,0.0,0.0,-0.9
2022-11-19 15:00:00,2022-11-19,15:00:00,323.625,323.0,0.0,0.0,0.0,0.0,-4.8
2022-11-19 15:30:00,2022-11-19,15:30:00,323.646,323.0,0.0,0.0,0.0,0.0,-7.36
2022-11-19 16:00:00,2022-11-19,16:00:00,323.667,323.0,0.0,0.0,0.0,0.0,-8.41
2022-11-19 16:30:00,2022-11-19,16:30:00,323.688,323.0,0.0,0.0,0.0,0.0,-9.21
2022-11-19 17:00:00,2022-11-19,17:00:00,323.708,323.0,0.0,0.0,0.0,0.0,-9.17
2022-11-19 17:30:00,2022-11-19,17:30:00,323.729,323.0,0.0,0.0,0.0,0.0,-9.38
2022-11-19 18:00:00,2022-11-19,18:00:00,323.75,323.0,0.0,0.0,0.0,0.0,-10.85
2022-11-19 18:30:00,2022-11-19,18:30:00,323.771,323.0,0.0,0.0,0.0,0.0,-12.44
2022-11-19 19:00:00,2022-11-19,19:00:00,323.792,323.0,0.0,0.0,0.0,0.0,-13.2
2022-11-19 19:30:00,2022-11-19,19:30:00,323.812,323.0,0.0,0.0,0.0,0.0,-15.16
2022-11-19 20:00:00,2022-11-19,20:00:00,323.833,323.0,0.0,0.0,0.0,0.0,-15.93
2022-11-19 20:30:00,2022-11-19,20:30:00,323.854,323.0,0.0,0.0,0.0,0.0,-16.3
2022-11-19 21:00:00,2022-11-19,21:00:00,323.875,323.0,0.0,0.0,0.0,0.0,-16.88
2022-11-19 21:30:00,2022-11-19,21:30:00,323.896,323.0,0.0,0.0,0.0,0.0,-17.7
2022-11-19 22:00:00,2022-11-19,22:00:00,323.917,323.0,0.0,0.0,0.0,0.0,-18.54
2022-11-19 22:30:00,2022-11-19,22:30:00,323.938,323.0,0.0,0.0,0.0,0.0,-18.95
2022-11-19 23:00:00,2022-11-19,23:00:00,323.958,323.0,0.0,0.0,0.0,0.0,-19.42
2022-11-19 23:30:00,2022-11-19,23:30:00,323.979,323.0,0.0,0.0,0.0,0.0,-19.42
2022-11-20 00:00:00,2022-11-20,00:00:00,324.0,324.0,0.0,0.0,0.0,0.0,-19.69
2022-11-20 00:30:00,2022-11-20,00:30:00,324.021,324.0,0.0,0.0,0.0,0.0,-20.0
2022-11-20 01:00:00,2022-11-20,01:00:00,324.042,324.0,0.0,0.0,0.0,0.0,-20.01
2022-11-20 01:30:00,2022-11-20,01:30:00,324.062,324.0,0.0,0.0,0.0,0.0,-20.28
2022-11-20 02:00:00,2022-11-20,02:00:00,324.083,324.0,0.0,0.0,0.0,0.0,-20.69
2022-11-20 02:30:00,2022-11-20,02:30:00,324.104,324.0,0.0,0.0,0.0,0.0,-20.99
2022-11-20 03:00:00,2022-11-20,03:00:00,324.125,324.0,0.0,0.0,0.0,0.0,-21.13
2022-11-20 03:30:00,2022-11-20,03:30:00,324.146,324.0,0.0,0.0,0.0,0.0,-21.05
2022-11-20 04:00:00,2022-11-20,04:00:00,324.167,324.0,0.0,0.0,0.0,0.0,-21.21
2022-11-20 04:30:00,2022-11-20,04:30:00,324.188,324.0,0.0,0.0,0.0,0.0,-21.15
2022-11-20 05:00:00,2022-11-20,05:00:00,324.208,324.0,0.0,0.0,0.0,0.0,-21.32
2022-11-20 05:30:00,2022-11-20,05:30:00,324.229,324.0,0.0,0.0,0.0,0.0,-21.69
2022-11-20 06:00:00,2022-11-20,06:00:00,324.25,324.0,0.0,0.0,0.0,0.0,-21.73
2022-11-20 06:30:00,2022-11-20,06:30:00,324.271,324.0,0.0,0.0,0.0,0.0,-22.01
2022-11-20 07:00:00,2022-11-20,07:00:00,324.292,324.0,0.0,0.0,0.0,0.0,-21.18
2022-11-20 07:30:00,2022-11-20,07:30:00,324.312,324.0,0.0,0.0,0.0,0.0,-18.26
2022-11-20 08:00:00,2022-11-20,08:00:00,324.333,324.0,0.0,0.0,0.0,0.0,-14.3
2022-11-20 08:30:00,2022-11-20,08:30:00,324.354,324.0,0.0,0.0,0.0,0.0,-9.59
2022-11-20 09:00:00,2022-11-20,09:00:00,324.375,324.0,0.0,0.0,0.0,0.0,-5.74
2022-11-20 09:30:00,2022-11-20,09:30:00,324.396,324.0,0.0,0.0,0.0,0.0,-2.25
2022-11-20 10:00:00,2022-11-20,10:00:00,324.417,324.0,0.0,0.0,0.0,0.0,0.03
2022-11-20 10:30:00,2022-11-20,10:30:00,324.438,324.0,0.0,0.0,0.0,0.0,2.48
2022-11-20 11:00:00,2022-11-20,11:00:00,324.458,324.0,0.0,0.0,0.0,0.0,3.79
2022-11-20 11:30:00,2022-11-20,11:30:00,324.479,324.0,0.0,0.0,0.0,0.0,5.21
2022-11-20 12:00:00,2022-11-20,12:00:00,324.5,324.0,0.0,0.0,0.0,0.0,6.39
2022-11-20 12:30:00,2022-11-20,12:30:00,324.521,324.0,0.0,0.0,0.0,0.0,6.53
2022-11-20 13:00:00,2022-11-20,13:00:00,324.542,324.0,0.0,0.0,0.0,0.0,6.87
2022-11-20 13:30:00,2022-11-20,13:30:00,324.562,324.0,0.0,0.0,0.0,0.0,6.1
2022-11-20 14:00:00,2022-11-20,14:00:00,324.583,324.0,0.0,0.0,0.0,0.0,5.24
2022-11-20 14:30:00,2022-11-20,14:30:00,324.604,324.0,0.0,0.0,0.0,0.0,0.45
2022-11-20 15:00:00,2022-11-20,15:00:00,324.625,324.0,0.0,0.0,0.0,0.0,-3.28
2022-11-20 15:30:00,2022-11-20,15:30:00,324.646,324.0,0.0,0.0,0.0,0.0,-4.63
2022-11-20 16:00:00,2022-11-20,16:00:00,324.667,324.0,0.0,0.0,0.0,0.0,-4.45
2022-11-20 16:30:00,2022-11-20,16:30:00,324.688,324.0,0.0,0.0,0.0,0.0,-5.59
2022-11-20 17:00:00,2022-11-20,17:00:00,324.708,324.0,0.0,0.0,0.0,0.0,-5.98
2022-11-20 17:30:00,2022-11-20,17:30:00,324.729,324.0,0.0,0.0,0.0,0.0,-7.14
2022-11-20 18:00:00,2022-11-20,18:00:00,324.75,324.0,0.0,0.0,0.0,0.0,-8.01
2022-11-20 18:30:00,2022-11-20,18:30:00,324.771,324.0,0.0,0.0,0.0,0.0,-9.54
2022-11-20 19:00:00,2022-11-20,19:00:00,324.792,324.0,0.0,0.0,0.0,0.0,-10.78
2022-11-20 19:30:00,2022-11-20,19:30:00,324.812,324.0,0.0,0.0,0.0,0.0,-11.43
2022-11-20 20:00:00,2022-11-20,20:00:00,324.833,324.0,0.0,0.0,0.0,0.0,-12.87
2022-11-20 20:30:00,2022-11-20,20:30:00,324.854,324.0,0.0,0.0,0.0,0.0,-13.79
2022-11-20 21:00:00,2022-11-20,21:00:00,324.875,324.0,0.0,0.0,0.0,0.0,-14.72
2022-11-20 21:30:00,2022-11-20,21:30:00,324.896,324.0,0.0,0.0,0.0,0.0,-14.78
2022-11-20 22:00:00,2022-11-20,22:00:00,324.917,324.0,0.0,0.0,0.0,0.0,-15.72
2022-11-20 22:30:00,2022-11-20,22:30:00,324.938,324.0,0.0,0.0,0.0,0.0,-15.75
2022-11-20 23:00:00,2022-11-20,23:00:00,324.958,324.0,0.0,0.0,0.0,0.0,-16.0
2022-11-20 23:30:00,2022-11-20,23:30:00,324.979,324.0,0.0,0.0,0.0,0.0,-16.84
2022-11-21 00:00:00,2022-11-21,00:00:00,325.0,325.0,0.0,0.0,0.0,0.0,-17.01
2022-11-21 00:30:00,2022-11-21,00:30:00,325.021,325.0,0.0,0.0,0.0,0.0,-17.61
2022-11-21 01:00:00,2022-11-21,01:00:00,325.042,325.0,0.0,0.0,0.0,0.0,-17.93
2022-11-21 01:30:00,2022-11-21,01:30:00,325.062,325.0,0.0,0.0,0.0,0.0,-18.03
2022-11-21 02:00:00,2022-11-21,02:00:00,325.083,325.0,0.0,0.0,0.0,0.0,-18.17
2022-11-21 02:30:00,2022-11-21,02:30:00,325.104,325.0,0.0,0.0,0.0,0.0,-18.01
2022-11-21 03:00:00,2022-11-21,03:00:00,325.125,325.0,0.0,0.0,0.0,0.0,-18.32
2022-11-21 03:30:00,2022-11-21,03:30:00,325.146,325.0,0.0,0.0,0.0,0.0,-18.62
2022-11-21 04:00:00,2022-11-21,04:00:00,325.167,325.0,0.0,0.0,0.0,0.0,-18.53
2022-11-21 04:30:00,2022-11-21,04:30:00,325.188,325.0,0.0,0.0,0.0,0.0,-18.84
2022-11-21 05:00:00,2022-11-21,05:00:00,325.208,325.0,0.0,0.0,0.0,0.0,-18.75
2022-11-21 05:30:00,2022-11-21,05:30:00,325.229,325.0,0.0,0.0,0.0,0.0,-18.75
2022-11-21 06:00:00,2022-11-21,06:00:00,325.25,325.0,0.0,0.0,0.0,0.0,-18.68
2022-11-21 06:30:00,2022-11-21,06:30:00,325.271,325.0,0.0,0.0,0.0,0.0,-18.76
2022-11-21 07:00:00,2022-11-21,07:00:00,325.292,325.0,0.0,0.0,0.0,0.0,-18.56
2022-11-21 07:30:00,2022-11-21,07:30:00,325.312,325.0,0.0,0.0,0.0,0.0,-15.69
2022-11-21 08:00:00,2022-11-21,08:00:00,325.333,325.0,0.0,0.0,0.0,0.0,-12.05
2022-11-21 08:30:00,2022-11-21,08:30:00,325.354,325.0,0.0,0.0,0.0,0.0,-7.63
2022-11-21 09:00:00,2022-11-21,09:00:00,325.375,325.0,0.0,0.0,0.0,0.0,-3.98
2022-11-21 09:30:00,2022-11-21,09:30:00,325.396,325.0,0.0,0.0,0.0,0.0,-1.02
2022-11-21 10:00:00,2022-11-21,10:00:00,325.417,325.0,0.0,0.0,0.0,0.0,1.71
2022-11-21 10:30:00,2022-11-21,10:30:00,325.438,325.0,0.0,0.0,0.0,0.0,4.13
2022-11-21 11:00:00,2022-11-21,11:00:00,325.458,325.0,0.0,0.0,0.0,0.0,5.82
2022-11-21 11:30:00,2022-11-21,11:30:00,325.479,325.0,0.0,0.0,0.0,0.0,6.89
2022-11-21 12:00:00,2022-11-21,12:00:00,325.5,325.0,0.0,0.0,0.0,0.0,8.12
2022-11-21 12:30:00,2022-11-21,12:30:00,325.521,325.0,0.0,0.0,0.0,0.0,8.5
2022-11-21 13:00:00,2022-11-21,13:00:00,325.542,325.0,0.0,0.0,0.0,0.0,8.54
2022-11-21 13:30:00,2022-11-21,13:30:00,325.562,325.0,0.0,0.0,0.0,0.0,8.02
2022-11-21 14:00:00,2022-11-21,14:00:00,325.583,325.0,0.0,0.0,0.0,0.0,7.2
2022-11-21 14:30:00,2022-11-21,14:30:00,325.604,325.0,0.0,0.0,0.0,0.0,1.87
2022-11-21 15:00:00,2022-11-21,15:00:00,325.625,325.0,0.0,0.0,0.0,0.0,-2.9
2022-11-21 15:30:00,2022-11-21,15:30:00,325.646,325.0,0.0,0.0,0.0,0.0,-4.75
2022-11-21 16:00:00,2022-11-21,16:00:00,325.667,325.0,0.0,0.0,0.0,0.0,-4.63
2022-11-21 16:30:00,2022-11-21,16:30:00,325.688,325.0,0.0,0.0,0.0,0.0,-7.58
2022-11-21 17:00:00,2022-11-21,17:00:00,325.708,325.0,0.0,0.0,0.0,0.0,-8.75
2022-11-21 17:30:00,2022-11-21,17:30:00,325.729,325.0,0.0,0.0,0.0,0.0,-9.66
2022-11-21 18:00:00,2022-11-21,18:00:00,325.75,325.0,0.0,0.0,0.0,0.0,-10.33
2022-11-21 18:30:00,2022-11-21,18:30:00,325.771,325.0,0.0,0.0,0.0,0.0,-11.0
2022-11-21 19:00:00,2022-11-21,19:00:00,325.792,325.0,0.0,0.0,0.0,0.0,-11.48
2022-11-21 19:30:00,2022-11-21,19:30:00,325.812,325.0,0.0,0.0,0.0,0.0,-12.05
2022-11-21 20:00:00,2022-11-21,20:00:00,325.833,325.0,0.0,0.0,0.0,0.0,-12.48
2022-11-21 20:30:00,2022-11-21,20:30:00,325.854,325.0,0.0,0.0,0.0,0.0,-13.03
2022-11-21 21:00:00,2022-11-21,21:00:00,325.875,325.0,0.0,0.0,0.0,0.0,-13.2
2022-11-21 21:30:00,2022-11-21,21:30:00,325.896,325.0,0.0,0.0,0.0,0.0,-13.78
2022-11-21 22:00:00,2022-11-21,22:00:00,325.917,325.0,0.0,0.0,0.0,0.0,-14.15
2022-11-21 22:30:00,2022-11-21,22:30:00,325.938,325.0,0.0,0.0,0.0,0.0,-14.63
2022-11-21 23:00:00,2022-11-21,23:00:00,325.958,325.0,0.0,0.0,0.0,0.0,-14.95
2022-11-21 23:30:00,2022-11-21,23:30:00,325.979,325.0,0.0,0.0,0.0,0.0,-15.14
2022-11-22 00:00:00,2022-11-22,00:00:00,326.0,326.0,0.0,0.0,0.0,0.0,-15.22
2022-11-22 00:30:00,2022-11-22,00:30:00,326.021,326.0,0.0,0.0,0.0,0.0,-15.58
2022-11-22 01:00:00,2022-11-22,01:00:00,326.042,326.0,0.0,0.0,0.0,0.0,-16.27
2022-11-22 01:30:00,2022-11-22,01:30:00,326.062,326.0,0.0,0.0,0.0,0.0,-16.4
2022-11-22 02:00:00,2022-11-22,02:00:00,326.083,326.0,0.0,0.0,0.0,0.0,-17.03
2022-11-22 02:30:00,2022-11-22,02:30:00,326.104,326.0,0.0,0.0,0.0,0.0,-17.15
2022-11-22 03:00:00,2022-11-22,03:00:00,326.125,326.0,0.0,0.0,0.0,0.0,-17.26
2022-11-22 03:30:00,2022-11-22,03:30:00,326.146,326.0,0.0,0.0,0.0,0.0,-17.48
2022-11-22 04:00:00,2022-11-22,04:00:00,326.167,326.0,0.0,0.0,0.0,0.0,-17.75
2022-11-22 04:30:00,2022-11-22,04:30:00,326.188,326.0,0.0,0.0,0.0,0.0,-17.95
2022-11-22 05:00:00,2022-11-22,05:00:00,326.208,326.0,0.0,0.0,0.0,0.0,-18.46
2022-11-22 05:30:00,2022-11-22,05:30:00,326.229,326.0,0.0,0.0,0.0,0.0,-18.27
2022-11-22 06:00:00,2022-11-22,06:00:00,326.25,326.0,0.0,0.0,0.0,0.0,-18.55
2022-11-22 06:30:00,2022-11-22,06:30:00,326.271,326.0,0.0,0.0,0.0,0.0,-18.85
2022-11-22 07:00:00,2022-11-22,07:00:00,326.292,326.0,0.0,0.0,0.0,0.0,-18.21
2022-11-22 07:30:00,2022-11-22,07:30:00,326.312,326.0,0.0,0.0,0.0,0.0,-15.52
2022-11-22 08:00:00,2022-11-22,08:00:00,326.333,326.0,0.0,0.0,0.0,0.0,-11.8
2022-11-22 08:30:00,2022-11-22,08:30:00,326.354,326.0,0.0,0.0,0.0,0.0,-7.89
2022-11-22 09:00:00,2022-11-22,09:00:00,326.375,326.0,0.0,0.0,0.0,0.0,-4.14
2022-11-22 09:30:00,2022-11-22,09:30:00,326.396,326.0,0.0,0.0,0.0,0.0,-0.96
2022-11-22 10:00:00,2022-11-22,10:00:00,326.417,326.0,0.0,0.0,0.0,0.0,1.71
2022-11-22 10:30:00,2022-11-22,10:30:00,326.438,326.0,0.0,0.0,0.0,0.0,3.11
2022-11-22 11:00:00,2022-11-22,11:00:00,326.458,326.0,0.0,0.0,0.0,0.0,5.69
2022-11-22 11:30:00,2022-11-22,11:30:00,326.479,326.0,0.0,0.0,0.0,0.0,6.99
2022-11-22 12:00:00,2022-11-22,12:00:00,326.5,326.0,0.0,0.0,0.0,0.0,7.89
2022-11-22 12:30:00,2022-11-22,12:30:00,326.521,326.0,0.0,0.0,0.0,0.0,8.21
2022-11-22 13:00:00,2022-11-22,13:00:00,326.542,326.0,0.0,0.0,0.0,0.0,8.19
2022-11-22 13:30:00,2022-11-22,13:30:00,326.562,326.0,0.0,0.0,0.0,0.0,6.6
2022-11-22 14:00:00,2022-11-22,14:00:00,326.583,326.0,0.0,0.0,0.0,0.0,4.85
2022-11-22 14:30:00,2022-11-22,14:30:00,326.604,326.0,0.0,0.0,0.0,0.0,1.75
2022-11-22 15:00:00,2022-11-22,15:00:00,326.625,326.0,0.0,0.0,0.0,0.0,-0.86
2022-11-22 15:30:00,2022-11-22,15:30:00,326.646,326.0,0.0,0.0,0.0,0.0,-2.49
2022-11-22 16:00:00,2022-11-22,16:00:00,326.667,326.0,0.0,0.0,0.0,0.0,-4.2
2022-11-22 16:30:00,2022-11-22,16:30:00,326.688,326.0,0.0,0.0,0.0,0.0,-4.87
2022-11-22 17:00:00,2022-11-22,17:00:00,326.708,326.0,0.0,0.0,0.0,0.0,-8.16
2022-11-22 17:30:00,2022-11-22,17:30:00,326.729,326.0,0.0,0.0,0.0,0.0,-8.54
2022-11-22 18:00:00,2022-11-22,18:00:00,326.75,326.0,0.0,0.0,0.0,0.0,-9.18
2022-11-22 18:30:00,2022-11-22,18:30:00,326.771,326.0,0.0,0.0,0.0,0.0,-10.3
2022-11-22 19:00:00,2022-11-22,19:00:00,326.792,326.0,0.0,0.0,0.0,0.0,-10.5
2022-11-22 19:30:00,2022-11-22,19:30:00,326.812,326.0,0.0,0.0,0.0,0.0,-10.54
2022-11-22 20:00:00,2022-11-22,20:00:00,326.833,326.0,0.0,0.0,0.0,0.0,-12.06
2022-11-22 20:30:00,2022-11-22,20:30:00,326.854,326.0,0.0,0.0,0.0,0.0,-13.01
2022-11-22 21:00:00,2022-11-22,21:00:00,326.875,326.0,0.0,0.0,0.0,0.0,-13.47
2022-11-22 21:30:00,2022-11-22,21:30:00,326.896,326.0,0.0,0.0,0.0,0.0,-14.13
2022-11-22 22:00:00,2022-11-22,22:00:00,326.917,326.0,0.0,0.0,0.0,0.0,-14.85
2022-11-22 22:30:00,2022-11-22,22:30:00,326.938,326.0,0.0,0.0,0.0,0.0,-15.03
2022-11-22 23:00:00,2022-11-22,23:00:00,326.958,326.0,0.0,0.0,0.0,0.0,-15.46
2022-11-22 23:30:00,2022-11-22,23:30:00,326.979,326.0,0.0,0.0,0.0,0.0,-15.49
2022-11-23 00:00:00,2022-11-23,00:00:00,327.0,327.0,0.0,0.0,0.0,0.0,-15.63
2022-11-23 00:30:00,2022-11-23,00:30:00,327.021,327.0,0.0,0.0,0.0,0.0,-16.48
2022-11-23 01:00:00,2022-11-23,01:00:00,327.042,327.0,0.0,0.0,0.0,0.0,-17.04
2022-11-23 01:30:00,2022-11-23,01:30:00,327.062,327.0,0.0,0.0,0.0,0.0,-17.09
2022-11-23 02:00:00,2022-11-23,02:00:00,327.083,327.0,0.0,0.0,0.0,0.0,-17.16
2022-11-23 02:30:00,2022-11-23,02:30:00,327.104,327.0,0.0,0.0,0.0,0.0,-17.49
2022-11-23 03:00:00,2022-11-23,03:00:00,327.125,327.0,0.0,0.0,0.0,0.0,-17.8
2022-11-23 03:30:00,2022-11-23,03:30:00,327.146,327.0,0.0,0.0,0.0,0.0,-17.87
2022-11-23 04:00:00,2022-11-23,04:00:00,327.167,327.0,0.0,0.0,0.0,0.0,-17.34
2022-11-23 04:30:00,2022-11-23,04:30:00,327.188,327.0,0.0,0.0,0.0,0.0,-17.9
2022-11-23 05:00:00,2022-11-23,05:00:00,327.208,327.0,0.0,0.0,0.0,0.0,-18.28
2022-11-23 05:30:00,2022-11-23,05:30:00,327.229,327.0,0.0,0.0,0.0,0.0,-18.23
2022-11-23 06:00:00,2022-11-23,06:00:00,327.25,327.0,0.0,0.0,0.0,0.0,-18.56
2022-11-23 06:30:00,2022-11-23,06:30:00,327.271,327.0,0.0,0.0,0.0,0.0,-18.47
2022-11-23 07:00:00,2022-11-23,07:00:00,327.292,327.0,0.0,0.0,0.0,0.0,-18.19
2022-11-23 07:30:00,2022-11-23,07:30:00,327.312,327.0,0.0,0.0,0.0,0.0,-15.28
2022-11-23 08:00:00,2022-11-23,08:00:00,327.333,327.0,0.0,0.0,0.0,0.0,-11.72
2022-11-23 08:30:00,2022-11-23,08:30:00,327.354,327.0,0.0,0.0,0.0,0.0,-9.14
2022-11-23 09:00:00,2022-11-23,09:00:00,327.375,327.0,0.0,0.0,0.0,0.0,-5.86
2022-11-23 09:30:00,2022-11-23,09:30:00,327.396,327.0,0.0,0.0,0.0,0.0,-2.29
2022-11-23 10:00:00,2022-11-23,10:00:00,327.417,327.0,0.0,0.0,0.0,0.0,0.5
2022-11-23 10:30:00,2022-11-23,10:30:00,327.438,327.0,0.0,0.0,0.0,0.0,2.13
2022-11-23 11:00:00,2022-11-23,11:00:00,327.458,327.0,0.0,0.0,0.0,0.0,3.11
2022-11-23 11:30:00,2022-11-23,11:30:00,327.479,327.0,0.0,0.0,0.0,0.0,4.63
2022-11-23 12:00:00,2022-11-23,12:00:00,327.5,327.0,0.0,0.0,0.0,0.0,3.06
2022-11-23 12:30:00,2022-11-23,12:30:00,327.521,327.0,0.0,0.0,0.0,0.0,2.77
2022-11-23 13:00:00,2022-11-23,13:00:00,327.542,327.0,0.0,0.0,0.0,0.0,0.21
2022-11-23 13:30:00,2022-11-23,13:30:00,327.562,327.0,0.0,0.0,0.0,0.0,-2.31
2022-11-23 14:00:00,2022-11-23,14:00:00,327.583,327.0,0.0,0.0,0.0,0.0,-2.87
2022-11-23 14:30:00,2022-11-23,14:30:00,327.604,327.0,0.0,0.0,0.0,0.0,-4.32
2022-11-23 15:00:00,2022-11-23,15:00:00,327.625,327.0,0.0,0.0,0.0,0.0,-5.07
2022-11-23 15:30:00,2022-11-23,15:30:00,327.646,327.0,0.0,0.0,0.0,0.0,-5.12
2022-11-23 16:00:00,2022-11-23,16:00:00,327.667,327.0,0.0,0.0,0.0,0.0,-7.38
2022-11-23 16:30:00,2022-11-23,16:30:00,327.688,327.0,0.0,0.0,0.0,0.0,-9.16
2022-11-23 17:00:00,2022-11-23,17:00:00,327.708,327.0,0.0,0.0,0.0,0.0,-8.82
2022-11-23 17:30:00,2022-11-23,17:30:00,327.729,327.0,0.0,0.0,0.0,0.0,-8.52
2022-11-23 18:00:00,2022-11-23,18:00:00,327.75,327.0,0.0,0.0,0.0,0.0,-8.22
2022-11-23 18:30:00,2022-11-23,18:30:00,327.771,327.0,0.0,0.0,0.0,0.0,-9.09
2022-11-23 19:00:00,2022-11-23,19:00:00,327.792,327.0,0.0,0.0,0.0,0.0,-9.45
2022-11-23 19:30:00,2022-11-23,19:30:00,327.812,327.0,0.0,0.0,0.0,0.0,-8.29
2022-11-23 20:00:00,2022-11-23,20:00:00,327.833,327.0,0.0,0.0,0.0,0.0,-7.69
2022-11-23 20:30:00,2022-11-23,20:30:00,327.854,327.0,0.0,0.0,0.0,0.0,-8.1
2022-11-23 21:00:00,2022-11-23,21:00:00,327.875,327.0,0.0,0.0,0.0,0.0,-8.16
2022-11-23 21:30:00,2022-11-23,21:30:00,327.896,327.0,0.0,0.0,0.0,0.0,-8.7
2022-11-23 22:00:00,2022-11-23,22:00:00,327.917,327.0,0.0,0.0,0.0,0.0,-8.54
2022-11-23 22:30:00,2022-11-23,22:30:00,327.938,327.0,0.0,0.0,0.0,0.0,-8.08
2022-11-23 23:00:00,2022-11-23,23:00:00,327.958,327.0,0.0,0.0,0.0,0.0,-8.43
2022-11-23 23:30:00,2022-11-23,23:30:00,327.979,327.0,0.0,0.0,0.0,0.0,-8.73
2022-11-24 00:00:00,2022-11-24,00:00:00,328.0,328.0,0.0,0.0,0.0,0.0,-8.92
2022-11-24 00:30:00,2022-11-24,00:30:00,328.021,328.0,0.0,0.0,0.0,0.0,-9.2
2022-11-24 01:00:00,2022-11-24,01:00:00,328.042,328.0,0.0,0.0,0.0,0.0,-9.25
2022-11-24 01:30:00,2022-11-24,01:30:00,328.062,328.0,0.0,0.0,0.0,0.0,-9.61
2022-11-24 02:00:00,2022-11-24,02:00:00,328.083,328.0,0.0,0.0,0.0,0.0,-9.63
2022-11-24 02:30:00,2022-11-24,02:30:00,328.104,328.0,0.0,0.0,0.0,0.0,-8.84
2022-11-24 03:00:00,2022-11-24,03:00:00,328.125,328.0,0.0,0.0,0.0,0.0,-8.48
2022-11-24 03:30:00,2022-11-24,03:30:00,328.146,328.0,0.0,0.0,0.0,0.0,-8.72
2022-11-24 04:00:00,2022-11-24,04:00:00,328.167,328.0,0.0,0.0,0.0,0.0,-8.42
2022-11-24 04:30:00,2022-11-24,04:30:00,328.188,328.0,0.0,0.0,0.0,0.0,-8.88
2022-11-24 05:00:00,2022-11-24,05:00:00,328.208,328.0,0.0,0.0,0.0,0.0,-9.6
2022-11-24 05:30:00,2022-11-24,05:30:00,328.229,328.0,0.0,0.0,0.0,0.0,-10.58
2022-11-24 06:00:00,2022-11-24,06:00:00,328.25,328.0,0.0,0.0,0.0,0.0,-10.64
2022-11-24 06:30:00,2022-11-24,06:30:00,328.271,328.0,0.0,0.0,0.0,0.0,-10.85
2022-11-24 07:00:00,2022-11-24,07:00:00,328.292,328.0,0.0,0.0,0.0,0.0,-10.78
2022-11-24 07:30:00,2022-11-24,07:30:00,328.312,328.0,0.0,0.0,0.0,0.0,-9.47
2022-11-24 08:00:00,2022-11-24,08:00:00,328.333,328.0,0.0,0.0,0.0,0.0,-8.52
2022-11-24 08:30:00,2022-11-24,08:30:00,328.354,328.0,0.0,0.0,0.0,0.0,-7.0
2022-11-24 09:00:00,2022-11-24,09:00:00,328.375,328.0,0.0,0.0,0.0,0.0,-5.3
2022-11-24 09:30:00,2022-11-24,09:30:00,328.396,328.0,0.0,0.0,0.0,0.0,-3.84
2022-11-24 10:00:00,2022-11-24,10:00:00,328.417,328.0,0.0,0.0,0.0,0.0,-1.74
2022-11-24 10:30:00,2022-11-24,10:30:00,328.438,328.0,0.0,0.0,0.0,0.0,-0.8
2022-11-24 11:00:00,2022-11-24,11:00:00,328.458,328.0,0.0,0.0,0.0,0.0,-0.0
2022-11-24 11:30:00,2022-11-24,11:30:00,328.479,328.0,0.0,0.0,0.0,0.0,0.95
2022-11-24 12:00:00,2022-11-24,12:00:00,328.5,328.0,0.0,0.0,0.0,0.0,1.56
2022-11-24 12:30:00,2022-11-24,12:30:00,328.521,328.0,0.0,0.0,0.0,0.0,1.37
2022-11-24 13:00:00,2022-11-24,13:00:00,328.542,328.0,0.0,0.0,0.0,0.0,0.69
2022-11-24 13:30:00,2022-11-24,13:30:00,328.562,328.0,0.0,0.0,0.0,0.0,-0.04
2022-11-24 14:00:00,2022-11-24,14:00:00,328.583,328.0,0.0,0.0,0.0,0.0,-0.82
2022-11-24 14:30:00,2022-11-24,14:30:00,328.604,328.0,0.0,0.0,0.0,0.0,-4.33
2022-11-24 15:00:00,2022-11-24,15:00:00,328.625,328.0,0.0,0.0,0.0,0.0,-5.75
2022-11-24 15:30:00,2022-11-24,15:30:00,328.646,328.0,0.0,0.0,0.0,0.0,-5.78
2022-11-24 16:00:00,2022-11-24,16:00:00,328.667,328.0,0.0,0.0,0.0,0.0,-5.94
2022-11-24 16:30:00,2022-11-24,16:30:00,328.688,328.0,0.0,0.0,0.0,0.0,-6.59
2022-11-24 17:00:00,2022-11-24,17:00:00,328.708,328.0,0.0,0.0,0.0,0.0,-7.3
2022-11-24 17:30:00,2022-11-24,17:30:00,328.729,328.0,0.0,0.0,0.0,0.0,-9.38
2022-11-24 18:00:00,2022-11-24,18:00:00,328.75,328.0,0.0,0.0,0.0,0.0,-10.45
2022-11-24 18:30:00,2022-11-24,18:30:00,328.771,328.0,0.0,0.0,0.0,0.0,-11.97
2022-11-24 19:00:00,2022-11-24,19:00:00,328.792,328.0,0.0,0.0,0.0,0.0,-13.1
2022-11-24 19:30:00,2022-11-24,19:30:00,328.812,328.0,0.0,0.0,0.0,0.0,-13.87
2022-11-24 20:00:00,2022-11-24,20:00:00,328.833,328.0,0.0,0.0,0.0,0.0,-14.46
2022-11-24 20:30:00,2022-11-24,20:30:00,328.854,328.0,0.0,0.0,0.0,0.0,-14.77
2022-11-24 21:00:00,2022-11-24,21:00:00,328.875,328.0,0.0,0.0,0.0,0.0,-15.24
2022-11-24 21:30:00,2022-11-24,21:30:00,328.896,328.0,0.0,0.0,0.0,0.0,-15.7
2022-11-24 22:00:00,2022-11-24,22:00:00,328.917,328.0,0.0,0.0,0.0,0.0,-16.43
2022-11-24 22:30:00,2022-11-24,22:30:00,328.938,328.0,0.0,0.0,0.0,0.0,-16.59
2022-11-24 23:00:00,2022-11-24,23:00:00,328.958,328.0,0.0,0.0,0.0,0.0,-17.1
2022-11-24 23:30:00,2022-11-24,23:30:00,328.979,328.0,0.0,0.0,0.0,0.0,-17.16
2022-11-25 00:00:00,2022-11-25,00:00:00,329.0,329.0,0.0,0.0,0.0,0.0,-17.12
2022-11-25 00:30:00,2022-11-25,00:30:00,329.021,329.0,0.0,0.0,0.0,0.0,-17.5
2022-11-25 01:00:00,2022-11-25,01:00:00,329.042,329.0,0.0,0.0,0.0,0.0,-17.86
2022-11-25 01:30:00,2022-11-25,01:30:00,329.062,329.0,0.0,0.0,0.0,0.0,-18.1
2022-11-25 02:00:00,2022-11-25,02:00:00,329.083,329.0,0.0,0.0,0.0,0.0,-17.83
2022-11-25 02:30:00,2022-11-25,02:30:00,329.104,329.0,0.0,0.0,0.0,0.0,-17.66
2022-11-25 03:00:00,2022-11-25,03:00:00,329.125,329.0,0.0,0.0,0.0,0.0,-17.81
2022-11-25 03:30:00,2022-11-25,03:30:00,329.146,329.0,0.0,0.0,0.0,0.0,-17.94
2022-11-25 04:00:00,2022-11-25,04:00:00,329.167,329.0,0.0,0.0,0.0,0.0,-18.19
2022-11-25 04:30:00,2022-11-25,04:30:00,329.188,329.0,0.0,0.0,0.0,0.0,-18.21
2022-11-25 05:00:00,2022-11-25,05:00:00,329.208,329.0,0.0,0.0,0.0,0.0,-17.96
2022-11-25 05:30:00,2022-11-25,05:30:00,329.229,329.0,0.0,0.0,0.0,0.0,-17.83
2022-11-25 06:00:00,2022-11-25,06:00:00,329.25,329.0,0.0,0.0,0.0,0.0,-17.91
2022-11-25 06:30:00,2022-11-25,06:30:00,329.271,329.0,0.0,0.0,0.0,0.0,-17.7
2022-11-25 07:00:00,2022-11-25,07:00:00,329.292,329.0,0.0,0.0,0.0,0.0,-17.01
2022-11-25 07:30:00,2022-11-25,07:30:00,329.312,329.0,0.0,0.0,0.0,0.0,-14.61
2022-11-25 08:00:00,2022-11-25,08:00:00,329.333,329.0,0.0,0.0,0.0,0.0,-11.87
2022-11-25 08:30:00,2022-11-25,08:30:00,329.354,329.0,0.0,0.0,0.0,0.0,-8.23
2022-11-25 09:00:00,2022-11-25,09:00:00,329.375,329.0,0.0,0.0,0.0,0.0,-5.07
2022-11-25 09:30:00,2022-11-25,09:30:00,329.396,329.0,0.0,0.0,0.0,0.0,-1.2
2022-11-25 10:00:00,2022-11-25,10:00:00,329.417,329.0,0.0,0.0,0.0,0.0,2.4
2022-11-25 10:30:00,2022-11-25,10:30:00,329.438,329.0,0.0,0.0,0.0,0.0,4.77
2022-11-25 11:00:00,2022-11-25,11:00:00,329.458,329.0,0.0,0.0,0.0,0.0,6.65
2022-11-25 11:30:00,2022-11-25,11:30:00,329.479,329.0,0.0,0.0,0.0,0.0,8.19
2022-11-25 12:00:00,2022-11-25,12:00:00,329.5,329.0,0.0,0.0,0.0,0.0,9.42
2022-11-25 12:30:00,2022-11-25,12:30:00,329.521,329.0,0.0,0.0,0.0,0.0,9.37
2022-11-25 13:00:00,2022-11-25,13:00:00,329.542,329.0,0.0,0.0,0.0,0.0,8.6
2022-11-25 13:30:00,2022-11-25,13:30:00,329.562,329.0,0.0,0.0,0.0,0.0,8.22
2022-11-25 14:00:00,2022-11-25,14:00:00,329.583,329.0,0.0,0.0,0.0,0.0,7.17
2022-11-25 14:30:00,2022-11-25,14:30:00,329.604,329.0,0.0,0.0,0.0,0.0,1.1
2022-11-25 15:00:00,2022-11-25,15:00:00,329.625,329.0,0.0,0.0,0.0,0.0,-2.47
2022-11-25 15:30:00,2022-11-25,15:30:00,329.646,329.0,0.0,0.0,0.0,0.0,-4.18
2022-11-25 16:00:00,2022-11-25,16:00:00,329.667,329.0,0.0,0.0,0.0,0.0,-5.53
2022-11-25 16:30:00,2022-11-25,16:30:00,329.688,329.0,0.0,0.0,0.0,0.0,-6.84
2022-11-25 17:00:00,2022-11-25,17:00:00,329.708,329.0,0.0,0.0,0.0,0.0,-7.25
2022-11-25 17:30:00,2022-11-25,17:30:00,329.729,329.0,0.0,0.0,0.0,0.0,-8.26
2022-11-25 18:00:00,2022-11-25,18:00:00,329.75,329.0,0.0,0.0,0.0,0.0,-8.59
2022-11-25 18:30:00,2022-11-25,18:30:00,329.771,329.0,0.0,0.0,0.0,0.0,-9.12
2022-11-25 19:00:00,2022-11-25,19:00:00,329.792,329.0,0.0,0.0,0.0,0.0,-9.66
2022-11-25 19:30:00,2022-11-25,19:30:00,329.812,329.0,0.0,0.0,0.0,0.0,-10.44
2022-11-25 20:00:00,2022-11-25,20:00:00,329.833,329.0,0.0,0.0,0.0,0.0,-10.59
2022-11-25 20:30:00,2022-11-25,20:30:00,329.854,329.0,0.0,0.0,0.0,0.0,-10.59
2022-11-25 21:00:00,2022-11-25,21:00:00,329.875,329.0,0.0,0.0,0.0,0.0,-11.12
2022-11-25 21:30:00,2022-11-25,21:30:00,329.896,329.0,0.0,0.0,0.0,0.0,-10.82
2022-11-25 22:00:00,2022-11-25,22:00:00,329.917,329.0,0.0,0.0,0.0,0.0,-10.97
2022-11-25 22:30:00,2022-11-25,22:30:00,329.938,329.0,0.0,0.0,0.0,0.0,-11.59
2022-11-25 23:00:00,2022-11-25,23:00:00,329.958,329.0,0.0,0.0,0.0,0.0,-12.12
2022-11-25 23:30:00,2022-11-25,23:30:00,329.979,329.0,0.0,0.0,0.0,0.0,-12.37
2022-11-26 00:00:00,2022-11-26,00:00:00,330.0,330.0,0.0,0.0,0.0,0.0,-12.42
2022-11-26 00:30:00,2022-11-26,00:30:00,330.021,330.0,0.0,0.0,0.0,0.0,-12.67
2022-11-26 01:00:00,2022-11-26,01:00:00,330.042,330.0,0.0,0.0,0.0,0.0,-12.38
2022-11-26 01:30:00,2022-11-26,01:30:00,330.062,330.0,0.0,0.0,0.0,0.0,-13.36
2022-11-26 02:00:00,2022-11-26,02:00:00,330.083,330.0,0.0,0.0,0.0,0.0,-13.15
2022-11-26 02:30:00,2022-11-26,02:30:00,330.104,330.0,0.0,0.0,0.0,0.0,-13.3
2022-11-26 03:00:00,2022-11-26,03:00:00,330.125,330.0,0.0,0.0,0.0,0.0,-13.14
2022-11-26 03:30:00,2022-11-26,03:30:00,330.146,330.0,0.0,0.0,0.0,0.0,-13.78
2022-11-26 04:00:00,2022-11-26,04:00:00,330.167,330.0,0.0,0.0,0.0,0.0,-13.69
2022-11-26 04:30:00,2022-11-26,04:30:00,330.188,330.0,0.0,0.0,0.0,0.0,-13.81
2022-11-26 05:00:00,2022-11-26,05:00:00,330.208,330.0,0.0,0.0,0.0,0.0,-14.17
2022-11-26 05:30:00,2022-11-26,05:30:00,330.229,330.0,0.0,0.0,0.0,0.0,-14.02
2022-11-26 06:00:00,2022-11-26,06:00:00,330.25,330.0,0.0,0.0,0.0,0.0,-14.01
2022-11-26 06:30:00,2022-11-26,06:30:00,330.271,330.0,0.0,0.0,0.0,0.0,-14.47
2022-11-26 07:00:00,2022-11-26,07:00:00,330.292,330.0,0.0,0.0,0.0,0.0,-14.66
2022-11-26 07:30:00,2022-11-26,07:30:00,330.312,330.0,0.0,0.0,0.0,0.0,-12.31
2022-11-26 08:00:00,2022-11-26,08:00:00,330.333,330.0,0.0,0.0,0.0,0.0,-9.33
2022-11-26 08:30:00,2022-11-26,08:30:00,330.354,330.0,0.0,0.0,0.0,0.0,-5.45
2022-11-26 09:00:00,2022-11-26,09:00:00,330.375,330.0,0.0,0.0,0.0,0.0,-1.71
2022-11-26 09:30:00,2022-11-26,09:30:00,330.396,330.0,0.0,0.0,0.0,0.0,1.28
2022-11-26 10:00:00,2022-11-26,10:00:00,330.417,330.0,0.0,0.0,0.0,0.0,3.83
2022-11-26 10:30:00,2022-11-26,10:30:00,330.438,330.0,0.0,0.0,0.0,0.0,6.12
2022-11-26 11:00:00,2022-11-26,11:00:00,330.458,330.0,0.0,0.0,0.0,0.0,7.39
2022-11-26 11:30:00,2022-11-26,11:30:00,330.479,330.0,0.0,0.0,0.0,0.0,8.79
2022-11-26 12:00:00,2022-11-26,12:00:00,330.5,330.0,0.0,0.0,0.0,0.0,9.03
2022-11-26 12:30:00,2022-11-26,12:30:00,330.521,330.0,0.0,0.0,0.0,0.0,8.51
2022-11-26 13:00:00,2022-11-26,13:00:00,330.542,330.0,0.0,0.0,0.0,0.0,7.2
2022-11-26 13:30:00,2022-11-26,13:30:00,330.562,330.0,0.0,0.0,0.0,0.0,7.03
2022-11-26 14:00:00,2022-11-26,14:00:00,330.583,330.0,0.0,0.0,0.0,0.0,4.79
2022-11-26 14:30:00,2022-11-26,14:30:00,330.604,330.0,0.0,0.0,0.0,0.0,2.56
2022-11-26 15:00:00,2022-11-26,15:00:00,330.625,330.0,0.0,0.0,0.0,0.0,1.93
2022-11-26 15:30:00,2022-11-26,15:30:00,330.646,330.0,0.0,0.0,0.0,0.0,1.0
2022-11-26 16:00:00,2022-11-26,16:00:00,330.667,330.0,0.0,0.0,0.0,0.0,-0.09
2022-11-26 16:30:00,2022-11-26,16:30:00,330.688,330.0,0.0,0.0,0.0,0.0,-1.79
2022-11-26 17:00:00,2022-11-26,17:00:00,330.708,330.0,0.0,0.0,0.0,0.0,-2.47
2022-11-26 17:30:00,2022-11-26,17:30:00,330.729,330.0,0.0,0.0,0.0,0.0,-2.33
2022-11-26 18:00:00,2022-11-26,18:00:00,330.75,330.0,0.0,0.0,0.0,0.0,-2.16
2022-11-26 18:30:00,2022-11-26,18:30:00,330.771,330.0,0.0,0.0,0.0,0.0,-2.25
2022-11-26 19:00:00,2022-11-26,19:00:00,330.792,330.0,0.0,0.0,0.0,0.0,-2.2
2022-11-26 19:30:00,2022-11-26,19:30:00,330.812,330.0,0.0,0.0,0.0,0.0,-2.23
2022-11-26 20:00:00,2022-11-26,20:00:00,330.833,330.0,0.0,0.0,0.0,0.0,-2.48
2022-11-26 20:30:00,2022-11-26,20:30:00,330.854,330.0,0.0,0.0,0.0,0.0,-3.02
2022-11-26 21:00:00,2022-11-26,21:00:00,330.875,330.0,0.0,0.0,0.0,0.0,-3.3
2022-11-26 21:30:00,2022-11-26,21:30:00,330.896,330.0,0.0,0.0,0.0,0.0,-3.73
2022-11-26 22:00:00,2022-11-26,22:00:00,330.917,330.0,0.0,0.0,0.0,0.0,-4.4
2022-11-26 22:30:00,2022-11-26,22:30:00,330.938,330.0,0.0,0.0,0.0,0.0,-4.83
2022-11-26 23:00:00,2022-11-26,23:00:00,330.958,330.0,0.0,0.0,0.0,0.0,-4.89
2022-11-26 23:30:00,2022-11-26,23:30:00,330.979,330.0,0.0,0.0,0.0,0.0,-6.12
2022-11-27 00:00:00,2022-11-27,00:00:00,331.0,331.0,0.0,0.0,0.0,0.0,-6.17
2022-11-27 00:30:00,2022-11-27,00:30:00,331.021,331.0,0.29,0.28,0.29,0.29,-5.76
2022-11-27 01:00:00,2022-11-27,01:00:00,331.042,331.0,0.0,0.0,0.0,0.0,-6.18
2022-11-27 01:30:00,2022-11-27,01:30:00,331.062,331.0,0.0,0.0,0.0,0.0,-6.75
2022-11-27 02:00:00,2022-11-27,02:00:00,331.083,331.0,0.29,0.29,0.29,0.3,-6.27
2022-11-27 02:30:00,2022-11-27,02:30:00,331.104,331.0,0.0,0.0,0.0,0.0,-6.43
2022-11-27 03:00:00,2022-11-27,03:00:00,331.125,331.0,0.0,0.0,0.0,0.0,-7.26
2022-11-27 03:30:00,2022-11-27,03:30:00,331.146,331.0,0.0,0.0,0.0,0.0,-7.72
2022-11-27 04:00:00,2022-11-27,04:00:00,331.167,331.0,0.0,0.0,0.0,0.0,-8.02
2022-11-27 04:30:00,2022-11-27,04:30:00,331.188,331.0,0.0,0.0,0.0,0.0,-7.49
2022-11-27 05:00:00,2022-11-27,05:00:00,331.208,331.0,0.0,0.0,0.0,0.0,-7.83
2022-11-27 05:30:00,2022-11-27,05:30:00,331.229,331.0,0.0,0.0,0.0,0.0,-8.83
2022-11-27 06:00:00,2022-11-27,06:00:00,331.25,331.0,0.0,0.0,0.0,0.0,-8.88
2022-11-27 06:30:00,2022-11-27,06:30:00,331.271,331.0,0.0,0.0,0.0,0.0,-9.22
2022-11-27 07:00:00,2022-11-27,07:00:00,331.292,331.0,0.0,0.0,0.0,0.0,-8.88
2022-11-27 07:30:00,2022-11-27,07:30:00,331.312,331.0,0.0,0.0,0.0,0.0,-8.35
2022-11-27 08:00:00,2022-11-27,08:00:00,331.333,331.0,0.0,0.0,0.0,0.0,-7.0
2022-11-27 08:30:00,2022-11-27,08:30:00,331.354,331.0,0.0,0.0,0.0,0.0,-3.94
2022-11-27 09:00:00,2022-11-27,09:00:00,331.375,331.0,0.0,0.0,0.0,0.0,-3.18
2022-11-27 09:30:00,2022-11-27,09:30:00,331.396,331.0,0.0,0.0,0.0,0.0,-2.07
2022-11-27 10:00:00,2022-11-27,10:00:00,331.417,331.0,0.0,0.0,0.0,0.0,-0.55
2022-11-27 10:30:00,2022-11-27,10:30:00,331.438,331.0,0.0,0.0,0.0,0.0,-1.39
2022-11-27 11:00:00,2022-11-27,11:00:00,331.458,331.0,0.0,0.0,0.0,0.0,1.2
2022-11-27 11:30:00,2022-11-27,11:30:00,331.479,331.0,0.0,0.0,0.0,0.0,-2.26
2022-11-27 12:00:00,2022-11-27,12:00:00,331.5,331.0,0.0,0.0,0.0,0.0,-1.83
2022-11-27 12:30:00,2022-11-27,12:30:00,331.521,331.0,0.0,0.0,0.0,0.0,-0.67
2022-11-27 13:00:00,2022-11-27,13:00:00,331.542,331.0,0.0,0.0,0.0,0.0,0.37
2022-11-27 13:30:00,2022-11-27,13:30:00,331.562,331.0,0.0,0.0,0.0,0.0,0.74
2022-11-27 14:00:00,2022-11-27,14:00:00,331.583,331.0,0.0,0.0,0.0,0.0,-0.08
2022-11-27 14:30:00,2022-11-27,14:30:00,331.604,331.0,0.0,0.0,0.0,0.0,-3.28
2022-11-27 15:00:00,2022-11-27,15:00:00,331.625,331.0,0.0,0.0,0.0,0.0,-3.77
2022-11-27 15:30:00,2022-11-27,15:30:00,331.646,331.0,0.0,0.0,0.0,0.0,-5.61
2022-11-27 16:00:00,2022-11-27,16:00:00,331.667,331.0,0.0,0.0,0.0,0.0,-6.36
2022-11-27 16:30:00,2022-11-27,16:30:00,331.688,331.0,0.0,0.0,0.0,0.0,-6.55
2022-11-27 17:00:00,2022-11-27,17:00:00,331.708,331.0,0.0,0.0,0.0,0.0,-5.25
2022-11-27 17:30:00,2022-11-27,17:30:00,331.729,331.0,0.0,0.0,0.0,0.0,-5.5
2022-11-27 18:00:00,2022-11-27,18:00:00,331.75,331.0,0.0,0.0,0.0,0.0,-6.04
2022-11-27 18:30:00,2022-11-27,18:30:00,331.771,331.0,0.0,0.0,0.0,0.0,-6.27
2022-11-27 19:00:00,2022-11-27,19:00:00,331.792,331.0,0.0,0.0,0.0,0.0,-6.58
2022-11-27 19:30:00,2022-11-27,19:30:00,331.812,331.0,0.0,0.0,0.0,0.0,-7.07
2022-11-27 20:00:00,2022-11-27,20:00:00,331.833,331.0,0.0,0.0,0.0,0.0,-7.3
2022-11-27 20:30:00,2022-11-27,20:30:00,331.854,331.0,0.0,0.0,0.0,0.0,-7.16
2022-11-27 21:00:00,2022-11-27,21:00:00,331.875,331.0,0.0,0.0,0.0,0.0,-7.23
2022-11-27 21:30:00,2022-11-27,21:30:00,331.896,331.0,0.0,0.0,0.0,0.0,-7.5
2022-11-27 22:00:00,2022-11-27,22:00:00,331.917,331.0,0.0,0.0,0.0,0.0,-7.92
2022-11-27 22:30:00,2022-11-27,22:30:00,331.938,331.0,0.0,0.0,0.0,0.0,-8.81
2022-11-27 23:00:00,2022-11-27,23:00:00,331.958,331.0,0.0,0.0,0.0,0.0,-10.82
2022-11-27 23:30:00,2022-11-27,23:30:00,331.979,331.0,0.0,0.0,0.0,0.0,-12.81
2022-11-28 00:00:00,2022-11-28,00:00:00,332.0,332.0,0.0,0.0,0.0,0.0,-12.79
2022-11-28 00:30:00,2022-11-28,00:30:00,332.021,332.0,0.0,0.0,0.0,0.0,-10.59
2022-11-28 01:00:00,2022-11-28,01:00:00,332.042,332.0,0.0,0.0,0.0,0.0,-11.1
2022-11-28 01:30:00,2022-11-28,01:30:00,332.062,332.0,0.0,0.0,0.0,0.0,-12.55
2022-11-28 02:00:00,2022-11-28,02:00:00,332.083,332.0,0.0,0.0,0.0,0.0,-11.33
2022-11-28 02:30:00,2022-11-28,02:30:00,332.104,332.0,0.0,0.0,0.0,0.0,-12.61
2022-11-28 03:00:00,2022-11-28,03:00:00,332.125,332.0,0.0,0.0,0.0,0.0,-13.92
2022-11-28 03:30:00,2022-11-28,03:30:00,332.146,332.0,0.0,0.0,0.0,0.0,-14.85
2022-11-28 04:00:00,2022-11-28,04:00:00,332.167,332.0,0.0,0.0,0.0,0.0,-15.62
2022-11-28 04:30:00,2022-11-28,04:30:00,332.188,332.0,0.0,0.0,0.0,0.0,-15.77
2022-11-28 05:00:00,2022-11-28,05:00:00,332.208,332.0,0.0,0.0,0.0,0.0,-15.14
2022-11-28 05:30:00,2022-11-28,05:30:00,332.229,332.0,0.0,0.0,0.0,0.0,-12.28
2022-11-28 06:00:00,2022-11-28,06:00:00,332.25,332.0,0.0,0.0,0.0,0.0,-11.59
2022-11-28 06:30:00,2022-11-28,06:30:00,332.271,332.0,0.0,0.0,0.0,0.0,-10.99
2022-11-28 07:00:00,2022-11-28,07:00:00,332.292,332.0,0.0,0.0,0.0,0.0,-10.8
2022-11-28 07:30:00,2022-11-28,07:30:00,332.312,332.0,0.0,0.0,0.0,0.0,-10.68
2022-11-28 08:00:00,2022-11-28,08:00:00,332.333,332.0,0.0,0.0,0.0,0.0,-10.08
2022-11-28 08:30:00,2022-11-28,08:30:00,332.354,332.0,0.0,0.0,0.0,0.0,-8.68
2022-11-28 09:00:00,2022-11-28,09:00:00,332.375,332.0,0.0,0.0,0.0,0.0,-7.73
2022-11-28 09:30:00,2022-11-28,09:30:00,332.396,332.0,0.0,0.0,0.0,0.0,-7.01
2022-11-28 10:00:00,2022-11-28,10:00:00,332.417,332.0,0.0,0.0,0.0,0.0,-6.24
2022-11-28 10:30:00,2022-11-28,10:30:00,332.438,332.0,0.0,0.0,0.0,0.0,-5.14
2022-11-28 11:00:00,2022-11-28,11:00:00,332.458,332.0,0.0,0.0,0.0,0.0,-2.97
2022-11-28 11:30:00,2022-11-28,11:30:00,332.479,332.0,0.0,0.0,0.0,0.0,-0.78
2022-11-28 12:00:00,2022-11-28,12:00:00,332.5,332.0,0.0,0.0,0.0,0.0,0.61
2022-11-28 12:30:00,2022-11-28,12:30:00,332.521,332.0,0.0,0.0,0.0,0.0,0.95
2022-11-28 13:00:00,2022-11-28,13:00:00,332.542,332.0,0.0,0.0,0.0,0.0,-0.56
2022-11-28 13:30:00,2022-11-28,13:30:00,332.562,332.0,0.0,0.0,0.0,0.0,-0.98
2022-11-28 14:00:00,2022-11-28,14:00:00,332.583,332.0,0.0,0.0,0.0,0.0,-1.7
2022-11-28 14:30:00,2022-11-28,14:30:00,332.604,332.0,0.0,0.0,0.0,0.0,-2.22
2022-11-28 15:00:00,2022-11-28,15:00:00,332.625,332.0,0.0,0.0,0.0,0.0,-2.83
2022-11-28 15:30:00,2022-11-28,15:30:00,332.646,332.0,0.0,0.0,0.0,0.0,-3.47
2022-11-28 16:00:00,2022-11-28,16:00:00,332.667,332.0,0.0,0.0,0.0,0.0,-4.15
2022-11-28 16:30:00,2022-11-28,16:30:00,332.688,332.0,0.0,0.0,0.0,0.0,-4.73
2022-11-28 17:00:00,2022-11-28,17:00:00,332.708,332.0,0.0,0.0,0.0,0.0,-4.93
2022-11-28 17:30:00,2022-11-28,17:30:00,332.729,332.0,0.0,0.0,0.0,0.0,-5.93
2022-11-28 18:00:00,2022-11-28,18:00:00,332.75,332.0,0.0,0.0,0.0,0.0,-6.51
2022-11-28 18:30:00,2022-11-28,18:30:00,332.771,332.0,0.5,0.51,0.48,0.51,-6.49
2022-11-28 19:00:00,2022-11-28,19:00:00,332.792,332.0,0.65,0.66,0.64,0.66,-6.51
2022-11-28 19:30:00,2022-11-28,19:30:00,332.812,332.0,0.81,0.82,0.79,0.82,-6.76
2022-11-28 20:00:00,2022-11-28,20:00:00,332.833,332.0,0.76,0.77,0.76,0.77,-6.86
2022-11-28 20:30:00,2022-11-28,20:30:00,332.854,332.0,0.78,0.79,0.76,0.79,-6.92
2022-11-28 21:00:00,2022-11-28,21:00:00,332.875,332.0,0.85,0.85,0.83,0.85,-6.91
2022-11-28 21:30:00,2022-11-28,21:30:00,332.896,332.0,1.16,1.17,1.14,1.17,-6.9
2022-11-28 22:00:00,2022-11-28,22:00:00,332.917,332.0,1.05,1.06,1.04,1.06,-6.83
2022-11-28 22:30:00,2022-11-28,22:30:00,332.938,332.0,0.81,0.82,0.79,0.82,-6.76
2022-11-28 23:00:00,2022-11-28,23:00:00,332.958,332.0,0.74,0.75,0.72,0.75,-6.63
2022-11-28 23:30:00,2022-11-28,23:30:00,332.979,332.0,0.43,0.43,0.43,0.43,-6.54
2022-11-29 00:00:00,2022-11-29,00:00:00,333.0,333.0,0.37,0.37,0.36,0.37,-6.57
2022-11-29 00:30:00,2022-11-29,00:30:00,333.021,333.0,0.26,0.27,0.27,0.23,-6.6
2022-11-29 01:00:00,2022-11-29,01:00:00,333.042,333.0,0.64,0.69,0.66,0.58,-6.86
2022-11-29 01:30:00,2022-11-29,01:30:00,333.062,333.0,0.75,0.8,0.77,0.68,-7.07
2022-11-29 02:00:00,2022-11-29,02:00:00,333.083,333.0,0.53,0.57,0.55,0.48,-7.22
2022-11-29 02:30:00,2022-11-29,02:30:00,333.104,333.0,0.0,0.0,0.0,0.0,-7.35
2022-11-29 03:00:00,2022-11-29,03:00:00,333.125,333.0,0.0,0.0,0.0,0.0,-7.58
2022-11-29 03:30:00,2022-11-29,03:30:00,333.146,333.0,0.89,0.94,0.93,0.8,-8.39
2022-11-29 04:00:00,2022-11-29,04:00:00,333.167,333.0,1.37,1.46,1.42,1.24,-9.75
2022-11-29 04:30:00,2022-11-29,04:30:00,333.188,333.0,0.55,0.59,0.57,0.5,-10.28
2022-11-29 05:00:00,2022-11-29,05:00:00,333.208,333.0,0.0,0.0,0.0,0.0,-11.08
2022-11-29 05:30:00,2022-11-29,05:30:00,333.229,333.0,0.25,0.26,0.25,0.22,-11.52
2022-11-29 06:00:00,2022-11-29,06:00:00,333.25,333.0,0.0,0.0,0.0,0.0,-11.8
2022-11-29 06:30:00,2022-11-29,06:30:00,333.271,333.0,0.3,0.33,0.3,0.28,-12.09
2022-11-29 07:00:00,2022-11-29,07:00:00,333.292,333.0,0.23,0.25,0.24,0.21,-12.35
2022-11-29 07:30:00,2022-11-29,07:30:00,333.312,333.0,0.39,0.41,0.4,0.35,-12.48
2022-11-29 08:00:00,2022-11-29,08:00:00,333.333,333.0,0.0,0.0,0.0,0.0,-12.39
2022-11-29 08:30:00,2022-11-29,08:30:00,333.354,333.0,0.31,0.34,0.31,0.28,-12.0
2022-11-29 09:00:00,2022-11-29,09:00:00,333.375,333.0,0.08,0.0,0.24,0.0,-12.21
2022-11-29 09:30:00,2022-11-29,09:30:00,333.396,333.0,0.0,0.0,0.0,0.0,-11.79
2022-11-29 10:00:00,2022-11-29,10:00:00,333.417,333.0,0.0,0.0,0.0,0.0,-10.26
2022-11-29 10:30:00,2022-11-29,10:30:00,333.438,333.0,0.0,0.0,0.0,0.0,-10.9
2022-11-29 11:00:00,2022-11-29,11:00:00,333.458,333.0,0.97,1.03,0.99,0.87,-11.64
2022-11-29 11:30:00,2022-11-29,11:30:00,333.479,333.0,1.15,1.23,1.19,1.04,-11.01
2022-11-29 12:00:00,2022-11-29,12:00:00,333.5,333.0,0.96,1.02,1.0,0.86,-12.14
2022-11-29 12:30:00,2022-11-29,12:30:00,333.521,333.0,0.41,0.44,0.42,0.37,-11.85
2022-11-29 13:00:00,2022-11-29,13:00:00,333.542,333.0,0.51,0.55,0.52,0.46,-11.24
2022-11-29 13:30:00,2022-11-29,13:30:00,333.562,333.0,0.26,0.27,0.27,0.23,-11.62
2022-11-29 14:00:00,2022-11-29,14:00:00,333.583,333.0,0.0,0.0,0.0,0.0,-8.77
2022-11-29 14:30:00,2022-11-29,14:30:00,333.604,333.0,0.0,0.0,0.0,0.0,-11.59
2022-11-29 15:00:00,2022-11-29,15:00:00,333.625,333.0,0.0,0.0,0.0,0.0,-13.4
2022-11-29 15:30:00,2022-11-29,15:30:00,333.646,333.0,0.0,0.0,0.0,0.0,-13.15
2022-11-29 16:00:00,2022-11-29,16:00:00,333.667,333.0,0.0,0.0,0.0,0.0,-13.21
2022-11-29 16:30:00,2022-11-29,16:30:00,333.688,333.0,0.0,0.0,0.0,0.0,-13.69
2022-11-29 17:00:00,2022-11-29,17:00:00,333.708,333.0,0.0,0.0,0.0,0.0,-14.83
2022-11-29 17:30:00,2022-11-29,17:30:00,333.729,333.0,0.0,0.0,0.0,0.0,-16.16
2022-11-29 18:00:00,2022-11-29,18:00:00,333.75,333.0,0.0,0.0,0.0,0.0,-16.82
2022-11-29 18:30:00,2022-11-29,18:30:00,333.771,333.0,0.0,0.0,0.0,0.0,-17.95
2022-11-29 19:00:00,2022-11-29,19:00:00,333.792,333.0,0.0,0.0,0.0,0.0,-19.32
2022-11-29 19:30:00,2022-11-29,19:30:00,333.812,333.0,0.0,0.0,0.0,0.0,-20.29
2022-11-29 20:00:00,2022-11-29,20:00:00,333.833,333.0,0.0,0.0,0.0,0.0,-21.29
2022-11-29 20:30:00,2022-11-29,20:30:00,333.854,333.0,0.0,0.0,0.0,0.0,-22.31
2022-11-29 21:00:00,2022-11-29,21:00:00,333.875,333.0,0.0,0.0,0.0,0.0,-22.92
2022-11-29 21:30:00,2022-11-29,21:30:00,333.896,333.0,0.0,0.0,0.0,0.0,-23.16
2022-11-29 22:00:00,2022-11-29,22:00:00,333.917,333.0,0.0,0.0,0.0,0.0,-23.41
2022-11-29 22:30:00,2022-11-29,22:30:00,333.938,333.0,0.0,0.0,0.0,0.0,-23.55
2022-11-29 23:00:00,2022-11-29,23:00:00,333.958,333.0,0.0,0.0,0.0,0.0,-24.16
2022-11-29 23:30:00,2022-11-29,23:30:00,333.979,333.0,0.0,0.0,0.0,0.0,-24.24
2022-11-30 00:00:00,2022-11-30,00:00:00,334.0,334.0,0.0,0.0,0.0,0.0,-24.24
2022-11-30 00:30:00,2022-11-30,00:30:00,334.021,334.0,0.0,0.0,0.0,0.0,-23.64
2022-11-30 01:00:00,2022-11-30,01:00:00,334.042,334.0,0.0,0.0,0.0,0.0,-23.06
2022-11-30 01:30:00,2022-11-30,01:30:00,334.062,334.0,0.0,0.0,0.0,0.0,-23.2
2022-11-30 02:00:00,2022-11-30,02:00:00,334.083,334.0,0.0,0.0,0.0,0.0,-23.41
2022-11-30 02:30:00,2022-11-30,02:30:00,334.104,334.0,0.0,0.0,0.0,0.0,-23.55
2022-11-30 03:00:00,2022-11-30,03:00:00,334.125,334.0,0.0,0.0,0.0,0.0,-22.95
2022-11-30 03:30:00,2022-11-30,03:30:00,334.146,334.0,0.0,0.0,0.0,0.0,-22.79
2022-11-30 04:00:00,2022-11-30,04:00:00,334.167,334.0,0.0,0.0,0.0,0.0,-22.43
2022-11-30 04:30:00,2022-11-30,04:30:00,334.188,334.0,0.0,0.0,0.0,0.0,-22.7
2022-11-30 05:00:00,2022-11-30,05:00:00,334.208,334.0,0.0,0.0,0.0,0.0,-23.03
2022-11-30 05:30:00,2022-11-30,05:30:00,334.229,334.0,0.0,0.0,0.0,0.0,-23.32
2022-11-30 06:00:00,2022-11-30,06:00:00,334.25,334.0,0.0,0.0,0.0,0.0,-23.35
2022-11-30 06:30:00,2022-11-30,06:30:00,334.271,334.0,0.0,0.0,0.0,0.0,-23.54
2022-11-30 07:00:00,2022-11-30,07:00:00,334.292,334.0,0.0,0.0,0.0,0.0,-23.6
2022-11-30 07:30:00,2022-11-30,07:30:00,334.312,334.0,0.0,0.0,0.0,0.0,-22.23
2022-11-30 08:00:00,2022-11-30,08:00:00,334.333,334.0,0.0,0.0,0.0,0.0,-20.19
2022-11-30 08:30:00,2022-11-30,08:30:00,334.354,334.0,0.0,0.0,0.0,0.0,-16.06
2022-11-30 09:00:00,2022-11-30,09:00:00,334.375,334.0,0.0,0.0,0.0,0.0,-11.91
2022-11-30 09:30:00,2022-11-30,09:30:00,334.396,334.0,0.0,0.0,0.0,0.0,-8.79
2022-11-30 10:00:00,2022-11-30,10:00:00,334.417,334.0,0.0,0.0,0.0,0.0,-6.67
2022-11-30 10:30:00,2022-11-30,10:30:00,334.438,334.0,0.0,0.0,0.0,0.0,-3.96
2022-11-30 11:00:00,2022-11-30,11:00:00,334.458,334.0,0.0,0.0,0.0,0.0,-1.65
2022-11-30 11:30:00,2022-11-30,11:30:00,334.479,334.0,0.0,0.0,0.0,0.0,-0.6
2022-11-30 12:00:00,2022-11-30,12:00:00,334.5,334.0,0.0,0.0,0.0,0.0,0.36
2022-11-30 12:30:00,2022-11-30,12:30:00,334.521,334.0,0.0,0.0,0.0,0.0,0.9
2022-11-30 13:00:00,2022-11-30,13:00:00,334.542,334.0,0.0,0.0,0.0,0.0,0.91
2022-11-30 13:30:00,2022-11-30,13:30:00,334.562,334.0,0.0,0.0,0.0,0.0,1.05
2022-11-30 14:00:00,2022-11-30,14:00:00,334.583,334.0,0.0,0.0,0.0,0.0,0.28
2022-11-30 14:30:00,2022-11-30,14:30:00,334.604,334.0,0.0,0.0,0.0,0.0,-4.78
2022-11-30 15:00:00,2022-11-30,15:00:00,334.625,334.0,0.0,0.0,0.0,0.0,-9.55
2022-11-30 15:30:00,2022-11-30,15:30:00,334.646,334.0,0.0,0.0,0.0,0.0,-11.36
2022-11-30 16:00:00,2022-11-30,16:00:00,334.667,334.0,0.0,0.0,0.0,0.0,-12.24
2022-11-30 16:30:00,2022-11-30,16:30:00,334.688,334.0,0.0,0.0,0.0,0.0,-13.24
2022-11-30 17:00:00,2022-11-30,17:00:00,334.708,334.0,0.0,0.0,0.0,0.0,-13.99
2022-11-30 17:30:00,2022-11-30,17:30:00,334.729,334.0,0.0,0.0,0.0,0.0,-14.34
2022-11-30 18:00:00,2022-11-30,18:00:00,334.75,334.0,0.0,0.0,0.0,0.0,-14.59
2022-11-30 18:30:00,2022-11-30,18:30:00,334.771,334.0,0.0,0.0,0.0,0.0,-15.48
2022-11-30 19:00:00,2022-11-30,19:00:00,334.792,334.0,0.0,0.0,0.0,0.0,-15.31
2022-11-30 19:30:00,2022-11-30,19:30:00,334.812,334.0,0.0,0.0,0.0,0.0,-15.56
2022-11-30 20:00:00,2022-11-30,20:00:00,334.833,334.0,0.0,0.0,0.0,0.0,-15.56
2022-11-30 20:30:00,2022-11-30,20:30:00,334.854,334.0,0.0,0.0,0.0,0.0,-15.23
2022-11-30 21:00:00,2022-11-30,21:00:00,334.875,334.0,0.0,0.0,0.0,0.0,-15.48
2022-11-30 21:30:00,2022-11-30,21:30:00,334.896,334.0,0.0,0.0,0.0,0.0,-15.16
2022-11-30 22:00:00,2022-11-30,22:00:00,334.917,334.0,0.0,0.0,0.0,0.0,-14.53
2022-11-30 22:30:00,2022-11-30,22:30:00,334.938,334.0,0.0,0.0,0.0,0.0,-14.31
2022-11-30 23:00:00,2022-11-30,23:00:00,334.958,334.0,0.0,0.0,0.0,0.0,-12.65
2022-11-30 23:30:00,2022-11-30,23:30:00,334.979,334.0,0.0,0.0,0.0,0.0,-12.5
2022-12-01 00:00:00,2022-12-01,00:00:00,335.0,335.0,0.0,0.0,0.0,0.0,-12.72
2022-12-01 00:30:00,2022-12-01,00:30:00,335.021,335.0,0.0,0.0,0.0,0.0,-12.46
2022-12-01 01:00:00,2022-12-01,01:00:00,335.042,335.0,0.0,0.0,0.0,0.0,-13.85
2022-12-01 01:30:00,2022-12-01,01:30:00,335.062,335.0,0.0,0.0,0.0,0.0,-15.08
2022-12-01 02:00:00,2022-12-01,02:00:00,335.083,335.0,0.0,0.0,0.0,0.0,-14.87
2022-12-01 02:30:00,2022-12-01,02:30:00,335.104,335.0,0.0,0.0,0.0,0.0,-15.01
2022-12-01 03:00:00,2022-12-01,03:00:00,335.125,335.0,0.0,0.0,0.0,0.0,-15.53
2022-12-01 03:30:00,2022-12-01,03:30:00,335.146,335.0,0.0,0.0,0.0,0.0,-14.97
2022-12-01 04:00:00,2022-12-01,04:00:00,335.167,335.0,0.0,0.0,0.0,0.0,-15.26
2022-12-01 04:30:00,2022-12-01,04:30:00,335.188,335.0,0.0,0.0,0.0,0.0,-15.64
2022-12-01 05:00:00,2022-12-01,05:00:00,335.208,335.0,0.0,0.0,0.0,0.0,-15.79
2022-12-01 05:30:00,2022-12-01,05:30:00,335.229,335.0,0.0,0.0,0.0,0.0,-16.28
2022-12-01 06:00:00,2022-12-01,06:00:00,335.25,335.0,0.0,0.0,0.0,0.0,-16.62
2022-12-01 06:30:00,2022-12-01,06:30:00,335.271,335.0,0.0,0.0,0.0,0.0,-16.74
2022-12-01 07:00:00,2022-12-01,07:00:00,335.292,335.0,0.0,0.0,0.0,0.0,-16.9
2022-12-01 07:30:00,2022-12-01,07:30:00,335.312,335.0,0.0,0.0,0.0,0.0,-15.26
2022-12-01 08:00:00,2022-12-01,08:00:00,335.333,335.0,0.0,0.0,0.0,0.0,-13.03
2022-12-01 08:30:00,2022-12-01,08:30:00,335.354,335.0,0.0,0.0,0.0,0.0,-9.4
2022-12-01 09:00:00,2022-12-01,09:00:00,335.375,335.0,0.0,0.0,0.0,0.0,-6.3
2022-12-01 09:30:00,2022-12-01,09:30:00,335.396,335.0,0.0,0.0,0.0,0.0,-3.56
2022-12-01 10:00:00,2022-12-01,10:00:00,335.417,335.0,0.0,0.0,0.0,0.0,-1.41
2022-12-01 10:30:00,2022-12-01,10:30:00,335.438,335.0,0.0,0.0,0.0,0.0,0.19
2022-12-01 11:00:00,2022-12-01,11:00:00,335.458,335.0,0.0,0.0,0.0,0.0,2.31
2022-12-01 11:30:00,2022-12-01,11:30:00,335.479,335.0,0.0,0.0,0.0,0.0,3.9
2022-12-01 12:00:00,2022-12-01,12:00:00,335.5,335.0,0.0,0.0,0.0,0.0,5.06
2022-12-01 12:30:00,2022-12-01,12:30:00,335.521,335.0,0.0,0.0,0.0,0.0,5.46
2022-12-01 13:00:00,2022-12-01,13:00:00,335.542,335.0,0.0,0.0,0.0,0.0,1.51
2022-12-01 13:30:00,2022-12-01,13:30:00,335.562,335.0,0.0,0.0,0.0,0.0,0.61
2022-12-01 14:00:00,2022-12-01,14:00:00,335.583,335.0,0.0,0.0,0.0,0.0,-0.47
2022-12-01 14:30:00,2022-12-01,14:30:00,335.604,335.0,0.0,0.0,0.0,0.0,-1.18
2022-12-01 15:00:00,2022-12-01,15:00:00,335.625,335.0,0.0,0.0,0.0,0.0,-2.15
2022-12-01 15:30:00,2022-12-01,15:30:00,335.646,335.0,0.0,0.0,0.0,0.0,-3.57
2022-12-01 16:00:00,2022-12-01,16:00:00,335.667,335.0,0.0,0.0,0.0,0.0,-3.98
2022-12-01 16:30:00,2022-12-01,16:30:00,335.688,335.0,0.0,0.0,0.0,0.0,-4.1
2022-12-01 17:00:00,2022-12-01,17:00:00,335.708,335.0,0.0,0.0,0.0,0.0,-4.89
2022-12-01 17:30:00,2022-12-01,17:30:00,335.729,335.0,0.0,0.0,0.0,0.0,-4.6
2022-12-01 18:00:00,2022-12-01,18:00:00,335.75,335.0,0.0,0.0,0.0,0.0,-3.52
2022-12-01 18:30:00,2022-12-01,18:30:00,335.771,335.0,0.0,0.0,0.0,0.0,-1.31
2022-12-01 19:00:00,2022-12-01,19:00:00,335.792,335.0,0.0,0.0,0.0,0.0,-2.82
2022-12-01 19:30:00,2022-12-01,19:30:00,335.812,335.0,0.0,0.0,0.0,0.0,-2.53
2022-12-01 20:00:00,2022-12-01,20:00:00,335.833,335.0,0.0,0.0,0.0,0.0,-2.46
2022-12-01 20:30:00,2022-12-01,20:30:00,335.854,335.0,0.0,0.0,0.0,0.0,-2.53
2022-12-01 21:00:00,2022-12-01,21:00:00,335.875,335.0,0.0,0.0,0.0,0.0,-4.3
2022-12-01 21:30:00,2022-12-01,21:30:00,335.896,335.0,0.0,0.0,0.0,0.0,-4.86
2022-12-01 22:00:00,2022-12-01,22:00:00,335.917,335.0,0.0,0.0,0.0,0.0,-4.77
2022-12-01 22:30:00,2022-12-01,22:30:00,335.938,335.0,0.0,0.0,0.0,0.0,-3.17
2022-12-01 23:00:00,2022-12-01,23:00:00,335.958,335.0,0.0,0.0,0.0,0.0,-1.43
2022-12-01 23:30:00,2022-12-01,23:30:00,335.979,335.0,0.0,0.0,0.0,0.0,-1.41
2022-12-02 00:00:00,2022-12-02,00:00:00,336.0,336.0,0.0,0.0,0.0,0.0,-1.3
2022-12-02 00:30:00,2022-12-02,00:30:00,336.021,336.0,0.0,0.0,0.0,0.0,-2.08
2022-12-02 01:00:00,2022-12-02,01:00:00,336.042,336.0,0.0,0.0,0.0,0.0,-3.43
2022-12-02 01:30:00,2022-12-02,01:30:00,336.062,336.0,0.43,0.44,0.43,0.42,-4.04
2022-12-02 02:00:00,2022-12-02,02:00:00,336.083,336.0,0.81,0.84,0.81,0.79,-4.54
2022-12-02 02:30:00,2022-12-02,02:30:00,336.104,336.0,0.58,0.59,0.59,0.56,-4.73
2022-12-02 03:00:00,2022-12-02,03:00:00,336.125,336.0,0.53,0.55,0.53,0.52,-4.86
2022-12-02 03:30:00,2022-12-02,03:30:00,336.146,336.0,0.34,0.35,0.34,0.33,-4.86
2022-12-02 04:00:00,2022-12-02,04:00:00,336.167,336.0,0.0,0.0,0.0,0.0,-3.37
2022-12-02 04:30:00,2022-12-02,04:30:00,336.188,336.0,0.36,0.37,0.35,0.35,-4.03
2022-12-02 05:00:00,2022-12-02,05:00:00,336.208,336.0,0.68,0.69,0.68,0.65,-4.71
2022-12-02 05:30:00,2022-12-02,05:30:00,336.229,336.0,0.84,0.86,0.83,0.81,-4.42
2022-12-02 06:00:00,2022-12-02,06:00:00,336.25,336.0,0.97,1.0,0.98,0.94,-4.17
2022-12-02 06:30:00,2022-12-02,06:30:00,336.271,336.0,0.44,0.45,0.44,0.43,-3.95
2022-12-02 07:00:00,2022-12-02,07:00:00,336.292,336.0,0.93,0.96,0.94,0.9,-4.07
2022-12-02 07:30:00,2022-12-02,07:30:00,336.312,336.0,0.83,0.86,0.83,0.81,-4.17
2022-12-02 08:00:00,2022-12-02,08:00:00,336.333,336.0,0.69,0.71,0.69,0.67,-3.69
2022-12-02 08:30:00,2022-12-02,08:30:00,336.354,336.0,0.52,0.53,0.52,0.5,-3.2
2022-12-02 09:00:00,2022-12-02,09:00:00,336.375,336.0,0.57,0.59,0.58,0.56,-2.87
2022-12-02 09:30:00,2022-12-02,09:30:00,336.396,336.0,0.25,0.26,0.26,0.24,-1.45
2022-12-02 10:00:00,2022-12-02,10:00:00,336.417,336.0,0.3,0.3,0.31,0.28,-2.17
2022-12-02 10:30:00,2022-12-02,10:30:00,336.438,336.0,0.93,0.95,0.93,0.9,-2.37
2022-12-02 11:00:00,2022-12-02,11:00:00,336.458,336.0,0.53,0.55,0.52,0.52,-1.82
2022-12-02 11:30:00,2022-12-02,11:30:00,336.479,336.0,0.8,0.82,0.8,0.77,-1.95
2022-12-02 12:00:00,2022-12-02,12:00:00,336.5,336.0,0.27,0.29,0.27,0.27,-1.32
2022-12-02 12:30:00,2022-12-02,12:30:00,336.521,336.0,0.71,0.73,0.71,0.69,-2.28
2022-12-02 13:00:00,2022-12-02,13:00:00,336.542,336.0,0.97,1.0,0.98,0.94,-2.91
2022-12-02 13:30:00,2022-12-02,13:30:00,336.562,336.0,0.47,0.48,0.48,0.45,-2.98
2022-12-02 14:00:00,2022-12-02,14:00:00,336.583,336.0,0.48,0.49,0.48,0.47,-3.09
2022-12-02 14:30:00,2022-12-02,14:30:00,336.604,336.0,0.0,0.0,0.0,0.0,-3.43
2022-12-02 15:00:00,2022-12-02,15:00:00,336.625,336.0,0.0,0.0,0.0,0.0,-3.65
2022-12-02 15:30:00,2022-12-02,15:30:00,336.646,336.0,0.0,0.0,0.0,0.0,-4.1
2022-12-02 16:00:00,2022-12-02,16:00:00,336.667,336.0,0.0,0.0,0.0,0.0,-4.55
2022-12-02 16:30:00,2022-12-02,16:30:00,336.688,336.0,0.0,0.0,0.0,0.0,-5.38
2022-12-02 17:00:00,2022-12-02,17:00:00,336.708,336.0,0.0,0.0,0.0,0.0,-5.96
2022-12-02 17:30:00,2022-12-02,17:30:00,336.729,336.0,0.0,0.0,0.0,0.0,-6.17
2022-12-02 18:00:00,2022-12-02,18:00:00,336.75,336.0,0.0,0.0,0.0,0.0,-6.28
2022-12-02 18:30:00,2022-12-02,18:30:00,336.771,336.0,0.0,0.0,0.0,0.0,-6.74
2022-12-02 19:00:00,2022-12-02,19:00:00,336.792,336.0,0.0,0.0,0.0,0.0,-7.04
2022-12-02 19:30:00,2022-12-02,19:30:00,336.812,336.0,0.0,0.0,0.0,0.0,-7.91
2022-12-02 20:00:00,2022-12-02,20:00:00,336.833,336.0,0.0,0.0,0.0,0.0,-9.76
2022-12-02 20:30:00,2022-12-02,20:30:00,336.854,336.0,0.0,0.0,0.0,0.0,-11.62
2022-12-02 21:00:00,2022-12-02,21:00:00,336.875,336.0,0.0,0.0,0.0,0.0,-13.64
2022-12-02 21:30:00,2022-12-02,21:30:00,336.896,336.0,0.0,0.0,0.0,0.0,-14.33
2022-12-02 22:00:00,2022-12-02,22:00:00,336.917,336.0,0.0,0.0,0.0,0.0,-15.05
2022-12-02 22:30:00,2022-12-02,22:30:00,336.938,336.0,0.0,0.0,0.0,0.0,-16.04
2022-12-02 23:00:00,2022-12-02,23:00:00,336.958,336.0,0.0,0.0,0.0,0.0,-16.06
2022-12-02 23:30:00,2022-12-02,23:30:00,336.979,336.0,0.0,0.0,0.0,0.0,-16.35
2022-12-03 00:00:00,2022-12-03,00:00:00,337.0,337.0,0.0,0.0,0.0,0.0,-16.37
2022-12-03 00:30:00,2022-12-03,00:30:00,337.021,337.0,0.0,0.0,0.0,0.0,-15.8
2022-12-03 01:00:00,2022-12-03,01:00:00,337.042,337.0,0.0,0.0,0.0,0.0,-16.02
2022-12-03 01:30:00,2022-12-03,01:30:00,337.062,337.0,0.0,0.0,0.0,0.0,-15.62
2022-12-03 02:00:00,2022-12-03,02:00:00,337.083,337.0,0.0,0.0,0.0,0.0,-15.79
2022-12-03 02:30:00,2022-12-03,02:30:00,337.104,337.0,0.0,0.0,0.0,0.0,-15.76
2022-12-03 03:00:00,2022-12-03,03:00:00,337.125,337.0,0.0,0.0,0.0,0.0,-14.87
2022-12-03 03:30:00,2022-12-03,03:30:00,337.146,337.0,0.0,0.0,0.0,0.0,-14.29
2022-12-03 04:00:00,2022-12-03,04:00:00,337.167,337.0,0.0,0.0,0.0,0.0,-14.11
2022-12-03 04:30:00,2022-12-03,04:30:00,337.188,337.0,0.0,0.0,0.0,0.0,-13.78
2022-12-03 05:00:00,2022-12-03,05:00:00,337.208,337.0,0.0,0.0,0.0,0.0,-13.06
2022-12-03 05:30:00,2022-12-03,05:30:00,337.229,337.0,0.0,0.0,0.0,0.0,-12.7
2022-12-03 06:00:00,2022-12-03,06:00:00,337.25,337.0,0.0,0.0,0.0,0.0,-12.47
2022-12-03 06:30:00,2022-12-03,06:30:00,337.271,337.0,0.0,0.0,0.0,0.0,-12.03
2022-12-03 07:00:00,2022-12-03,07:00:00,337.292,337.0,0.0,0.0,0.0,0.0,-11.17
2022-12-03 07:30:00,2022-12-03,07:30:00,337.312,337.0,0.0,0.0,0.0,0.0,-10.76
2022-12-03 08:00:00,2022-12-03,08:00:00,337.333,337.0,0.0,0.0,0.0,0.0,-9.63
2022-12-03 08:30:00,2022-12-03,08:30:00,337.354,337.0,0.0,0.0,0.0,0.0,-8.71
2022-12-03 09:00:00,2022-12-03,09:00:00,337.375,337.0,0.0,0.0,0.0,0.0,-7.61
2022-12-03 09:30:00,2022-12-03,09:30:00,337.396,337.0,0.27,0.0,0.55,0.25,-7.11
2022-12-03 10:00:00,2022-12-03,10:00:00,337.417,337.0,0.49,0.62,0.42,0.43,-6.12
2022-12-03 10:30:00,2022-12-03,10:30:00,337.438,337.0,0.47,0.44,0.32,0.64,-5.62
2022-12-03 11:00:00,2022-12-03,11:00:00,337.458,337.0,0.38,0.47,0.46,0.22,-4.78
2022-12-03 11:30:00,2022-12-03,11:30:00,337.479,337.0,0.0,0.0,0.0,0.0,-3.92
2022-12-03 12:00:00,2022-12-03,12:00:00,337.5,337.0,0.0,0.0,0.0,0.0,-3.75
2022-12-03 12:30:00,2022-12-03,12:30:00,337.521,337.0,0.0,0.0,0.0,0.0,-3.79
2022-12-03 13:00:00,2022-12-03,13:00:00,337.542,337.0,0.09,0.27,0.0,0.0,-3.69
2022-12-03 13:30:00,2022-12-03,13:30:00,337.562,337.0,0.0,0.0,0.0,0.0,-3.62
2022-12-03 14:00:00,2022-12-03,14:00:00,337.583,337.0,0.0,0.0,0.0,0.0,-3.91
2022-12-03 14:30:00,2022-12-03,14:30:00,337.604,337.0,0.0,0.0,0.0,0.0,-3.38
2022-12-03 15:00:00,2022-12-03,15:00:00,337.625,337.0,0.0,0.0,0.0,0.0,-3.35
2022-12-03 15:30:00,2022-12-03,15:30:00,337.646,337.0,0.0,0.0,0.0,0.0,-4.21
2022-12-03 16:00:00,2022-12-03,16:00:00,337.667,337.0,0.0,0.0,0.0,0.0,-5.15
2022-12-03 16:30:00,2022-12-03,16:30:00,337.688,337.0,0.0,0.0,0.0,0.0,-5.5
2022-12-03 17:00:00,2022-12-03,17:00:00,337.708,337.0,0.0,0.0,0.0,0.0,-5.86
2022-12-03 17:30:00,2022-12-03,17:30:00,337.729,337.0,0.0,0.0,0.0,0.0,-5.94
2022-12-03 18:00:00,2022-12-03,18:00:00,337.75,337.0,0.0,0.0,0.0,0.0,-6.02
2022-12-03 18:30:00,2022-12-03,18:30:00,337.771,337.0,0.0,0.0,0.0,0.0,-6.06
2022-12-03 19:00:00,2022-12-03,19:00:00,337.792,337.0,0.0,0.0,0.0,0.0,-6.03
2022-12-03 19:30:00,2022-12-03,19:30:00,337.812,337.0,0.0,0.0,0.0,0.0,-6.14
2022-12-03 20:00:00,2022-12-03,20:00:00,337.833,337.0,0.0,0.0,0.0,0.0,-6.08
2022-12-03 20:30:00,2022-12-03,20:30:00,337.854,337.0,0.0,0.0,0.0,0.0,-6.09
2022-12-03 21:00:00,2022-12-03,21:00:00,337.875,337.0,0.0,0.0,0.0,0.0,-5.79
2022-12-03 21:30:00,2022-12-03,21:30:00,337.896,337.0,0.0,0.0,0.0,0.0,-5.62
2022-12-03 22:00:00,2022-12-03,22:00:00,337.917,337.0,0.0,0.0,0.0,0.0,-5.67
2022-12-03 22:30:00,2022-12-03,22:30:00,337.938,337.0,0.0,0.0,0.0,0.0,-5.84
2022-12-03 23:00:00,2022-12-03,23:00:00,337.958,337.0,0.0,0.0,0.0,0.0,-6.12
2022-12-03 23:30:00,2022-12-03,23:30:00,337.979,337.0,0.0,0.0,0.0,0.0,-6.07
2022-12-04 00:00:00,2022-12-04,00:00:00,338.0,338.0,0.0,0.0,0.0,0.0,-6.06
2022-12-04 00:30:00,2022-12-04,00:30:00,338.021,338.0,0.0,0.0,0.0,0.0,-6.1
2022-12-04 01:00:00,2022-12-04,01:00:00,338.042,338.0,0.0,0.0,0.0,0.0,-6.09
2022-12-04 01:30:00,2022-12-04,01:30:00,338.062,338.0,0.0,0.0,0.0,0.0,-6.29
2022-12-04 02:00:00,2022-12-04,02:00:00,338.083,338.0,0.0,0.0,0.0,0.0,-6.39
2022-12-04 02:30:00,2022-12-04,02:30:00,338.104,338.0,0.0,0.0,0.0,0.0,-6.2
2022-12-04 03:00:00,2022-12-04,03:00:00,338.125,338.0,0.0,0.0,0.0,0.0,-6.24
2022-12-04 03:30:00,2022-12-04,03:30:00,338.146,338.0,0.0,0.0,0.0,0.0,-6.6
2022-12-04 04:00:00,2022-12-04,04:00:00,338.167,338.0,0.0,0.0,0.0,0.0,-6.75
2022-12-04 04:30:00,2022-12-04,04:30:00,338.188,338.0,0.0,0.0,0.0,0.0,-7.43
2022-12-04 05:00:00,2022-12-04,05:00:00,338.208,338.0,0.0,0.0,0.0,0.0,-8.41
2022-12-04 05:30:00,2022-12-04,05:30:00,338.229,338.0,0.0,0.0,0.0,0.0,-9.63
2022-12-04 06:00:00,2022-12-04,06:00:00,338.25,338.0,0.0,0.0,0.0,0.0,-9.36
2022-12-04 06:30:00,2022-12-04,06:30:00,338.271,338.0,0.0,0.0,0.0,0.0,-10.07
2022-12-04 07:00:00,2022-12-04,07:00:00,338.292,338.0,0.0,0.0,0.0,0.0,-10.85
2022-12-04 07:30:00,2022-12-04,07:30:00,338.312,338.0,0.0,0.0,0.0,0.0,-10.32
2022-12-04 08:00:00,2022-12-04,08:00:00,338.333,338.0,0.0,0.0,0.0,0.0,-9.41
2022-12-04 08:30:00,2022-12-04,08:30:00,338.354,338.0,0.0,0.0,0.0,0.0,-7.55
2022-12-04 09:00:00,2022-12-04,09:00:00,338.375,338.0,0.0,0.0,0.0,0.0,-4.14
2022-12-04 09:30:00,2022-12-04,09:30:00,338.396,338.0,0.0,0.0,0.0,0.0,-0.86
2022-12-04 10:00:00,2022-12-04,10:00:00,338.417,338.0,0.0,0.0,0.0,0.0,-1.49
2022-12-04 10:30:00,2022-12-04,10:30:00,338.438,338.0,0.0,0.0,0.0,0.0,-0.91
2022-12-04 11:00:00,2022-12-04,11:00:00,338.458,338.0,0.0,0.0,0.0,0.0,-0.7
2022-12-04 11:30:00,2022-12-04,11:30:00,338.479,338.0,0.0,0.0,0.0,0.0,-0.09
2022-12-04 12:00:00,2022-12-04,12:00:00,338.5,338.0,0.0,0.0,0.0,0.0,1.19
2022-12-04 12:30:00,2022-12-04,12:30:00,338.521,338.0,0.0,0.0,0.0,0.0,1.12
2022-12-04 13:00:00,2022-12-04,13:00:00,338.542,338.0,0.0,0.0,0.0,0.0,0.97
2022-12-04 13:30:00,2022-12-04,13:30:00,338.562,338.0,0.0,0.0,0.0,0.0,0.66
2022-12-04 14:00:00,2022-12-04,14:00:00,338.583,338.0,0.0,0.0,0.0,0.0,1.37
2022-12-04 14:30:00,2022-12-04,14:30:00,338.604,338.0,0.0,0.0,0.0,0.0,-0.32
2022-12-04 15:00:00,2022-12-04,15:00:00,338.625,338.0,0.0,0.0,0.0,0.0,0.14
2022-12-04 15:30:00,2022-12-04,15:30:00,338.646,338.0,0.0,0.0,0.0,0.0,-2.34
2022-12-04 16:00:00,2022-12-04,16:00:00,338.667,338.0,0.0,0.0,0.0,0.0,-1.9
2022-12-04 16:30:00,2022-12-04,16:30:00,338.688,338.0,0.0,0.0,0.0,0.0,-3.32
2022-12-04 17:00:00,2022-12-04,17:00:00,338.708,338.0,0.0,0.0,0.0,0.0,-4.26
2022-12-04 17:30:00,2022-12-04,17:30:00,338.729,338.0,0.0,0.0,0.0,0.0,-4.36
2022-12-04 18:00:00,2022-12-04,18:00:00,338.75,338.0,0.0,0.0,0.0,0.0,-3.99
2022-12-04 18:30:00,2022-12-04,18:30:00,338.771,338.0,0.0,0.0,0.0,0.0,-4.09
2022-12-04 19:00:00,2022-12-04,19:00:00,338.792,338.0,0.0,0.0,0.0,0.0,-3.48
2022-12-04 19:30:00,2022-12-04,19:30:00,338.812,338.0,0.0,0.0,0.0,0.0,-3.06
2022-12-04 20:00:00,2022-12-04,20:00:00,338.833,338.0,0.0,0.0,0.0,0.0,-3.47
2022-12-04 20:30:00,2022-12-04,20:30:00,338.854,338.0,0.0,0.0,0.0,0.0,-4.18
2022-12-04 21:00:00,2022-12-04,21:00:00,338.875,338.0,0.0,0.0,0.0,0.0,-4.22
2022-12-04 21:30:00,2022-12-04,21:30:00,338.896,338.0,0.0,0.0,0.0,0.0,-4.1
2022-12-04 22:00:00,2022-12-04,22:00:00,338.917,338.0,0.0,0.0,0.0,0.0,-3.43
2022-12-04 22:30:00,2022-12-04,22:30:00,338.938,338.0,0.0,0.0,0.0,0.0,-3.99
2022-12-04 23:00:00,2022-12-04,23:00:00,338.958,338.0,0.0,0.0,0.0,0.0,-4.27
2022-12-04 23:30:00,2022-12-04,23:30:00,338.979,338.0,0.0,0.0,0.0,0.0,-4.0
2022-12-05 00:00:00,2022-12-05,00:00:00,339.0,339.0,0.0,0.0,0.0,0.0,-4.24
2022-12-05 00:30:00,2022-12-05,00:30:00,339.021,339.0,0.29,0.31,0.31,0.24,-4.64
2022-12-05 01:00:00,2022-12-05,01:00:00,339.042,339.0,0.0,0.0,0.0,0.0,-3.9
2022-12-05 01:30:00,2022-12-05,01:30:00,339.062,339.0,0.5,0.55,0.54,0.41,-3.63
2022-12-05 02:00:00,2022-12-05,02:00:00,339.083,339.0,0.64,0.71,0.69,0.54,-3.23
2022-12-05 02:30:00,2022-12-05,02:30:00,339.104,339.0,0.52,0.57,0.56,0.43,-3.45
2022-12-05 03:00:00,2022-12-05,03:00:00,339.125,339.0,0.0,0.0,0.0,0.0,-4.25
2022-12-05 03:30:00,2022-12-05,03:30:00,339.146,339.0,0.0,0.0,0.0,0.0,-3.83
2022-12-05 04:00:00,2022-12-05,04:00:00,339.167,339.0,0.0,0.0,0.0,0.0,-3.18
2022-12-05 04:30:00,2022-12-05,04:30:00,339.188,339.0,0.0,0.0,0.0,0.0,-3.77
2022-12-05 05:00:00,2022-12-05,05:00:00,339.208,339.0,0.31,0.33,0.33,0.25,-3.46
2022-12-05 05:30:00,2022-12-05,05:30:00,339.229,339.0,0.41,0.45,0.43,0.34,-3.34
2022-12-05 06:00:00,2022-12-05,06:00:00,339.25,339.0,0.0,0.0,0.0,0.0,-2.81
2022-12-05 06:30:00,2022-12-05,06:30:00,339.271,339.0,0.0,0.0,0.0,0.0,-2.78
2022-12-05 07:00:00,2022-12-05,07:00:00,339.292,339.0,0.43,0.47,0.46,0.35,-2.02
2022-12-05 07:30:00,2022-12-05,07:30:00,339.312,339.0,0.8,0.87,0.86,0.66,-1.94
2022-12-05 08:00:00,2022-12-05,08:00:00,339.333,339.0,0.77,0.85,0.83,0.64,-1.9
2022-12-05 08:30:00,2022-12-05,08:30:00,339.354,339.0,0.0,0.0,0.0,0.0,-1.07
2022-12-05 09:00:00,2022-12-05,09:00:00,339.375,339.0,0.0,0.0,0.0,0.0,-1.65
2022-12-05 09:30:00,2022-12-05,09:30:00,339.396,339.0,0.0,0.0,0.0,0.0,-0.77
2022-12-05 10:00:00,2022-12-05,10:00:00,339.417,339.0,0.0,0.0,0.0,0.0,0.16
2022-12-05 10:30:00,2022-12-05,10:30:00,339.438,339.0,0.0,0.0,0.0,0.0,0.01
2022-12-05 11:00:00,2022-12-05,11:00:00,339.458,339.0,0.0,0.0,0.0,0.0,0.11
2022-12-05 11:30:00,2022-12-05,11:30:00,339.479,339.0,0.33,0.36,0.36,0.27,0.22
2022-12-05 12:00:00,2022-12-05,12:00:00,339.5,339.0,0.0,0.0,0.0,0.0,2.43
2022-12-05 12:30:00,2022-12-05,12:30:00,339.521,339.0,0.0,0.0,0.0,0.0,2.4
2022-12-05 13:00:00,2022-12-05,13:00:00,339.542,339.0,0.0,0.0,0.0,0.0,2.6
2022-12-05 13:30:00,2022-12-05,13:30:00,339.562,339.0,0.0,0.0,0.0,0.0,1.54
2022-12-05 14:00:00,2022-12-05,14:00:00,339.583,339.0,0.0,0.0,0.0,0.0,0.83
2022-12-05 14:30:00,2022-12-05,14:30:00,339.604,339.0,0.0,0.0,0.0,0.0,0.48
2022-12-05 15:00:00,2022-12-05,15:00:00,339.625,339.0,0.0,0.0,0.0,0.0,-0.2
2022-12-05 15:30:00,2022-12-05,15:30:00,339.646,339.0,0.0,0.0,0.0,0.0,-1.0
2022-12-05 16:00:00,2022-12-05,16:00:00,339.667,339.0,0.0,0.0,0.0,0.0,-1.34
2022-12-05 16:30:00,2022-12-05,16:30:00,339.688,339.0,0.0,0.0,0.0,0.0,-1.95
2022-12-05 17:00:00,2022-12-05,17:00:00,339.708,339.0,0.0,0.0,0.0,0.0,-2.33
2022-12-05 17:30:00,2022-12-05,17:30:00,339.729,339.0,0.0,0.0,0.0,0.0,-1.4
2022-12-05 18:00:00,2022-12-05,18:00:00,339.75,339.0,0.0,0.0,0.0,0.0,-2.6
2022-12-05 18:30:00,2022-12-05,18:30:00,339.771,339.0,0.0,0.0,0.0,0.0,-3.21
2022-12-05 19:00:00,2022-12-05,19:00:00,339.792,339.0,0.0,0.0,0.0,0.0,-2.44
2022-12-05 19:30:00,2022-12-05,19:30:00,339.812,339.0,0.0,0.0,0.0,0.0,-2.55
2022-12-05 20:00:00,2022-12-05,20:00:00,339.833,339.0,0.0,0.0,0.0,0.0,-2.71
2022-12-05 20:30:00,2022-12-05,20:30:00,339.854,339.0,0.0,0.0,0.0,0.0,-2.73
2022-12-05 21:00:00,2022-12-05,21:00:00,339.875,339.0,0.0,0.0,0.0,0.0,-2.88
2022-12-05 21:30:00,2022-12-05,21:30:00,339.896,339.0,0.0,0.0,0.0,0.0,-2.88
2022-12-05 22:00:00,2022-12-05,22:00:00,339.917,339.0,0.0,0.0,0.0,0.0,-2.64
2022-12-05 22:30:00,2022-12-05,22:30:00,339.938,339.0,0.0,0.0,0.0,0.0,-2.49
2022-12-05 23:00:00,2022-12-05,23:00:00,339.958,339.0,0.0,0.0,0.0,0.0,-2.62
2022-12-05 23:30:00,2022-12-05,23:30:00,339.979,339.0,0.0,0.0,0.0,0.0,-3.03
2022-12-06 00:00:00,2022-12-06,00:00:00,340.0,340.0,0.0,0.0,0.0,0.0,-3.09
2022-12-06 00:30:00,2022-12-06,00:30:00,340.021,340.0,0.44,0.48,0.46,0.38,-3.57
2022-12-06 01:00:00,2022-12-06,01:00:00,340.042,340.0,0.0,0.0,0.0,0.0,-3.38
2022-12-06 01:30:00,2022-12-06,01:30:00,340.062,340.0,0.0,0.0,0.0,0.0,-3.29
2022-12-06 02:00:00,2022-12-06,02:00:00,340.083,340.0,0.0,0.0,0.0,0.0,-3.37
2022-12-06 02:30:00,2022-12-06,02:30:00,340.104,340.0,0.0,0.0,0.0,0.0,-3.4
2022-12-06 03:00:00,2022-12-06,03:00:00,340.125,340.0,0.0,0.0,0.0,0.0,-3.37
2022-12-06 03:30:00,2022-12-06,03:30:00,340.146,340.0,0.0,0.0,0.0,0.0,-4.11
2022-12-06 04:00:00,2022-12-06,04:00:00,340.167,340.0,0.25,0.27,0.25,0.22,-4.79
2022-12-06 04:30:00,2022-12-06,04:30:00,340.188,340.0,0.33,0.36,0.36,0.29,-4.91
2022-12-06 05:00:00,2022-12-06,05:00:00,340.208,340.0,1.3,1.41,1.36,1.13,-4.88
2022-12-06 05:30:00,2022-12-06,05:30:00,340.229,340.0,0.49,0.53,0.52,0.42,-4.97
2022-12-06 06:00:00,2022-12-06,06:00:00,340.25,340.0,0.42,0.46,0.44,0.37,-4.9
2022-12-06 06:30:00,2022-12-06,06:30:00,340.271,340.0,0.65,0.7,0.69,0.56,-4.91
2022-12-06 07:00:00,2022-12-06,07:00:00,340.292,340.0,1.23,1.33,1.29,1.06,-4.92
2022-12-06 07:30:00,2022-12-06,07:30:00,340.312,340.0,1.29,1.4,1.37,1.12,-4.75
2022-12-06 08:00:00,2022-12-06,08:00:00,340.333,340.0,0.87,0.94,0.91,0.76,-4.96
2022-12-06 08:30:00,2022-12-06,08:30:00,340.354,340.0,0.94,1.01,0.99,0.81,-4.89
2022-12-06 09:00:00,2022-12-06,09:00:00,340.375,340.0,1.01,1.09,1.05,0.88,-4.72
2022-12-06 09:30:00,2022-12-06,09:30:00,340.396,340.0,0.56,0.6,0.59,0.48,-4.41
2022-12-06 10:00:00,2022-12-06,10:00:00,340.417,340.0,0.51,0.55,0.54,0.44,-4.1
2022-12-06 10:30:00,2022-12-06,10:30:00,340.438,340.0,0.36,0.4,0.37,0.32,-3.63
2022-12-06 11:00:00,2022-12-06,11:00:00,340.458,340.0,0.0,0.0,0.0,0.0,-2.3
2022-12-06 11:30:00,2022-12-06,11:30:00,340.479,340.0,0.0,0.0,0.0,0.0,-0.78
2022-12-06 12:00:00,2022-12-06,12:00:00,340.5,340.0,0.0,0.0,0.0,0.0,-0.52
2022-12-06 12:30:00,2022-12-06,12:30:00,340.521,340.0,0.0,0.0,0.0,0.0,-0.57
2022-12-06 13:00:00,2022-12-06,13:00:00,340.542,340.0,0.56,0.61,0.59,0.49,-0.81
2022-12-06 13:30:00,2022-12-06,13:30:00,340.562,340.0,0.0,0.0,0.0,0.0,-0.7
2022-12-06 14:00:00,2022-12-06,14:00:00,340.583,340.0,0.0,0.0,0.0,0.0,-1.38
2022-12-06 14:30:00,2022-12-06,14:30:00,340.604,340.0,0.0,0.0,0.0,0.0,-2.1
2022-12-06 15:00:00,2022-12-06,15:00:00,340.625,340.0,0.0,0.0,0.0,0.0,-2.73
2022-12-06 15:30:00,2022-12-06,15:30:00,340.646,340.0,0.0,0.0,0.0,0.0,-3.68
2022-12-06 16:00:00,2022-12-06,16:00:00,340.667,340.0,0.0,0.0,0.0,0.0,-4.55
2022-12-06 16:30:00,2022-12-06,16:30:00,340.688,340.0,0.0,0.0,0.0,0.0,-5.21
2022-12-06 17:00:00,2022-12-06,17:00:00,340.708,340.0,0.0,0.0,0.0,0.0,-5.95
2022-12-06 17:30:00,2022-12-06,17:30:00,340.729,340.0,0.0,0.0,0.0,0.0,-6.24
2022-12-06 18:00:00,2022-12-06,18:00:00,340.75,340.0,0.24,0.26,0.25,0.21,-6.21
2022-12-06 18:30:00,2022-12-06,18:30:00,340.771,340.0,0.31,0.34,0.31,0.28,-6.35
2022-12-06 19:00:00,2022-12-06,19:00:00,340.792,340.0,0.0,0.0,0.0,0.0,-6.78
2022-12-06 19:30:00,2022-12-06,19:30:00,340.812,340.0,0.0,0.0,0.0,0.0,-6.69
2022-12-06 20:00:00,2022-12-06,20:00:00,340.833,340.0,0.39,0.42,0.4,0.34,-6.57
2022-12-06 20:30:00,2022-12-06,20:30:00,340.854,340.0,0.24,0.26,0.26,0.21,-6.72
2022-12-06 21:00:00,2022-12-06,21:00:00,340.875,340.0,0.0,0.0,0.0,0.0,-6.85
2022-12-06 21:30:00,2022-12-06,21:30:00,340.896,340.0,0.0,0.0,0.0,0.0,-6.94
2022-12-06 22:00:00,2022-12-06,22:00:00,340.917,340.0,0.0,0.0,0.0,0.0,-6.94
2022-12-06 22:30:00,2022-12-06,22:30:00,340.938,340.0,0.0,0.0,0.0,0.0,-6.94
2022-12-06 23:00:00,2022-12-06,23:00:00,340.958,340.0,0.32,0.35,0.35,0.28,-6.92
2022-12-06 23:30:00,2022-12-06,23:30:00,340.979,340.0,0.0,0.0,0.0,0.0,-7.19
2022-12-07 00:00:00,2022-12-07,00:00:00,341.0,341.0,0.0,0.0,0.0,0.0,-7.16
2022-12-07 00:30:00,2022-12-07,00:30:00,341.021,341.0,0.0,0.0,0.0,0.0,-7.23
2022-12-07 01:00:00,2022-12-07,01:00:00,341.042,341.0,0.21,0.21,0.21,0.22,-7.18
2022-12-07 01:30:00,2022-12-07,01:30:00,341.062,341.0,0.21,0.21,0.22,0.2,-7.17
2022-12-07 02:00:00,2022-12-07,02:00:00,341.083,341.0,0.0,0.0,0.0,0.0,-7.22
2022-12-07 02:30:00,2022-12-07,02:30:00,341.104,341.0,0.08,0.0,0.0,0.23,-7.19
2022-12-07 03:00:00,2022-12-07,03:00:00,341.125,341.0,0.0,0.0,0.0,0.0,-7.29
2022-12-07 03:30:00,2022-12-07,03:30:00,341.146,341.0,0.0,0.0,0.0,0.0,-7.36
2022-12-07 04:00:00,2022-12-07,04:00:00,341.167,341.0,0.0,0.0,0.0,0.0,-7.37
2022-12-07 04:30:00,2022-12-07,04:30:00,341.188,341.0,0.0,0.0,0.0,0.0,-7.23
2022-12-07 05:00:00,2022-12-07,05:00:00,341.208,341.0,0.0,0.0,0.0,0.0,-7.31
2022-12-07 05:30:00,2022-12-07,05:30:00,341.229,341.0,0.0,0.0,0.0,0.0,-7.36
2022-12-07 06:00:00,2022-12-07,06:00:00,341.25,341.0,0.0,0.0,0.0,0.0,-7.44
2022-12-07 06:30:00,2022-12-07,06:30:00,341.271,341.0,0.0,0.0,0.0,0.0,-7.52
2022-12-07 07:00:00,2022-12-07,07:00:00,341.292,341.0,0.0,0.0,0.0,0.0,-7.38
2022-12-07 07:30:00,2022-12-07,07:30:00,341.312,341.0,0.0,0.0,0.0,0.0,-7.07
2022-12-07 08:00:00,2022-12-07,08:00:00,341.333,341.0,0.0,0.0,0.0,0.0,-6.13
2022-12-07 08:30:00,2022-12-07,08:30:00,341.354,341.0,0.0,0.0,0.0,0.0,-2.85
2022-12-07 09:00:00,2022-12-07,09:00:00,341.375,341.0,0.0,0.0,0.0,0.0,-0.67
2022-12-07 09:30:00,2022-12-07,09:30:00,341.396,341.0,0.0,0.0,0.0,0.0,-0.8
2022-12-07 10:00:00,2022-12-07,10:00:00,341.417,341.0,0.0,0.0,0.0,0.0,-0.61
2022-12-07 10:30:00,2022-12-07,10:30:00,341.438,341.0,0.0,0.0,0.0,0.0,-0.28
2022-12-07 11:00:00,2022-12-07,11:00:00,341.458,341.0,0.0,0.0,0.0,0.0,0.07
2022-12-07 11:30:00,2022-12-07,11:30:00,341.479,341.0,0.0,0.0,0.0,0.0,1.11
2022-12-07 12:00:00,2022-12-07,12:00:00,341.5,341.0,0.0,0.0,0.0,0.0,1.47
2022-12-07 12:30:00,2022-12-07,12:30:00,341.521,341.0,0.0,0.0,0.0,0.0,3.38
2022-12-07 13:00:00,2022-12-07,13:00:00,341.542,341.0,0.0,0.0,0.0,0.0,8.09
2022-12-07 13:30:00,2022-12-07,13:30:00,341.562,341.0,0.0,0.0,0.0,0.0,5.32
2022-12-07 14:00:00,2022-12-07,14:00:00,341.583,341.0,0.0,0.0,0.0,0.0,3.1
2022-12-07 14:30:00,2022-12-07,14:30:00,341.604,341.0,0.0,0.0,0.0,0.0,0.45
2022-12-07 15:00:00,2022-12-07,15:00:00,341.625,341.0,0.0,0.0,0.0,0.0,-0.29
2022-12-07 15:30:00,2022-12-07,15:30:00,341.646,341.0,0.0,0.0,0.0,0.0,-1.21
2022-12-07 16:00:00,2022-12-07,16:00:00,341.667,341.0,0.0,0.0,0.0,0.0,-2.35
2022-12-07 16:30:00,2022-12-07,16:30:00,341.688,341.0,0.0,0.0,0.0,0.0,-4.19
2022-12-07 17:00:00,2022-12-07,17:00:00,341.708,341.0,0.0,0.0,0.0,0.0,-4.66
2022-12-07 17:30:00,2022-12-07,17:30:00,341.729,341.0,0.0,0.0,0.0,0.0,-4.8
2022-12-07 18:00:00,2022-12-07,18:00:00,341.75,341.0,0.0,0.0,0.0,0.0,-5.0
2022-12-07 18:30:00,2022-12-07,18:30:00,341.771,341.0,0.0,0.0,0.0,0.0,-5.49
2022-12-07 19:00:00,2022-12-07,19:00:00,341.792,341.0,0.0,0.0,0.0,0.0,-5.13
2022-12-07 19:30:00,2022-12-07,19:30:00,341.812,341.0,0.0,0.0,0.0,0.0,-5.27
2022-12-07 20:00:00,2022-12-07,20:00:00,341.833,341.0,0.0,0.0,0.0,0.0,-5.05
2022-12-07 20:30:00,2022-12-07,20:30:00,341.854,341.0,0.0,0.0,0.0,0.0,-5.61
2022-12-07 21:00:00,2022-12-07,21:00:00,341.875,341.0,0.0,0.0,0.0,0.0,-5.67
2022-12-07 21:30:00,2022-12-07,21:30:00,341.896,341.0,0.0,0.0,0.0,0.0,-4.98
2022-12-07 22:00:00,2022-12-07,22:00:00,341.917,341.0,0.0,0.0,0.0,0.0,-4.97
2022-12-07 22:30:00,2022-12-07,22:30:00,341.938,341.0,0.0,0.0,0.0,0.0,-5.18
2022-12-07 23:00:00,2022-12-07,23:00:00,341.958,341.0,0.0,0.0,0.0,0.0,-5.51
2022-12-07 23:30:00,2022-12-07,23:30:00,341.979,341.0,0.0,0.0,0.0,0.0,-6.12
2022-12-08 00:00:00,2022-12-08,00:00:00,342.0,342.0,0.0,0.0,0.0,0.0,-6.04
2022-12-08 00:30:00,2022-12-08,00:30:00,342.021,342.0,1.06,1.17,1.15,0.86,-4.84
2022-12-08 01:00:00,2022-12-08,01:00:00,342.042,342.0,0.94,1.04,1.02,0.77,-5.21
2022-12-08 01:30:00,2022-12-08,01:30:00,342.062,342.0,0.39,0.43,0.43,0.31,-5.9
2022-12-08 02:00:00,2022-12-08,02:00:00,342.083,342.0,0.39,0.44,0.41,0.32,-6.71
2022-12-08 02:30:00,2022-12-08,02:30:00,342.104,342.0,0.0,0.0,0.0,0.0,-7.3
2022-12-08 03:00:00,2022-12-08,03:00:00,342.125,342.0,0.0,0.0,0.0,0.0,-7.88
2022-12-08 03:30:00,2022-12-08,03:30:00,342.146,342.0,0.0,0.0,0.0,0.0,-8.26
2022-12-08 04:00:00,2022-12-08,04:00:00,342.167,342.0,0.0,0.0,0.0,0.0,-8.43
2022-12-08 04:30:00,2022-12-08,04:30:00,342.188,342.0,0.81,0.91,0.86,0.67,-8.55
2022-12-08 05:00:00,2022-12-08,05:00:00,342.208,342.0,0.91,1.01,0.98,0.74,-8.6
2022-12-08 05:30:00,2022-12-08,05:30:00,342.229,342.0,0.0,0.0,0.0,0.0,-8.67
2022-12-08 06:00:00,2022-12-08,06:00:00,342.25,342.0,0.0,0.0,0.0,0.0,-8.7
2022-12-08 06:30:00,2022-12-08,06:30:00,342.271,342.0,0.16,0.29,0.0,0.21,-8.86
2022-12-08 07:00:00,2022-12-08,07:00:00,342.292,342.0,0.0,0.0,0.0,0.0,-8.81
2022-12-08 07:30:00,2022-12-08,07:30:00,342.312,342.0,0.0,0.0,0.0,0.0,-8.62
2022-12-08 08:00:00,2022-12-08,08:00:00,342.333,342.0,0.0,0.0,0.0,0.0,-8.27
2022-12-08 08:30:00,2022-12-08,08:30:00,342.354,342.0,0.0,0.0,0.0,0.0,-7.63
2022-12-08 09:00:00,2022-12-08,09:00:00,342.375,342.0,0.0,0.0,0.0,0.0,-6.43
2022-12-08 09:30:00,2022-12-08,09:30:00,342.396,342.0,0.0,0.0,0.0,0.0,-5.89
2022-12-08 10:00:00,2022-12-08,10:00:00,342.417,342.0,0.0,0.0,0.0,0.0,-4.68
2022-12-08 10:30:00,2022-12-08,10:30:00,342.438,342.0,0.0,0.0,0.0,0.0,-3.89
2022-12-08 11:00:00,2022-12-08,11:00:00,342.458,342.0,0.0,0.0,0.0,0.0,-2.31
2022-12-08 11:30:00,2022-12-08,11:30:00,342.479,342.0,0.0,0.0,0.0,0.0,-3.19
2022-12-08 12:00:00,2022-12-08,12:00:00,342.5,342.0,0.0,0.0,0.0,0.0,-5.03
2022-12-08 12:30:00,2022-12-08,12:30:00,342.521,342.0,0.0,0.0,0.0,0.0,-3.33
2022-12-08 13:00:00,2022-12-08,13:00:00,342.542,342.0,0.0,0.0,0.0,0.0,-2.08
2022-12-08 13:30:00,2022-12-08,13:30:00,342.562,342.0,0.0,0.0,0.0,0.0,-2.13
2022-12-08 14:00:00,2022-12-08,14:00:00,342.583,342.0,0.0,0.0,0.0,0.0,-5.69
2022-12-08 14:30:00,2022-12-08,14:30:00,342.604,342.0,0.0,0.0,0.0,0.0,-9.23
2022-12-08 15:00:00,2022-12-08,15:00:00,342.625,342.0,0.0,0.0,0.0,0.0,-9.82
2022-12-08 15:30:00,2022-12-08,15:30:00,342.646,342.0,0.0,0.0,0.0,0.0,-10.49
2022-12-08 16:00:00,2022-12-08,16:00:00,342.667,342.0,0.0,0.0,0.0,0.0,-11.09
2022-12-08 16:30:00,2022-12-08,16:30:00,342.688,342.0,0.0,0.0,0.0,0.0,-13.74
2022-12-08 17:00:00,2022-12-08,17:00:00,342.708,342.0,0.0,0.0,0.0,0.0,-16.17
2022-12-08 17:30:00,2022-12-08,17:30:00,342.729,342.0,0.0,0.0,0.0,0.0,-16.29
2022-12-08 18:00:00,2022-12-08,18:00:00,342.75,342.0,0.0,0.0,0.0,0.0,-18.06
2022-12-08 18:30:00,2022-12-08,18:30:00,342.771,342.0,0.0,0.0,0.0,0.0,-18.26
2022-12-08 19:00:00,2022-12-08,19:00:00,342.792,342.0,0.0,0.0,0.0,0.0,-19.66
2022-12-08 19:30:00,2022-12-08,19:30:00,342.812,342.0,0.0,0.0,0.0,0.0,-20.52
2022-12-08 20:00:00,2022-12-08,20:00:00,342.833,342.0,0.0,0.0,0.0,0.0,-21.34
2022-12-08 20:30:00,2022-12-08,20:30:00,342.854,342.0,0.0,0.0,0.0,0.0,-21.36
2022-12-08 21:00:00,2022-12-08,21:00:00,342.875,342.0,0.0,0.0,0.0,0.0,-22.19
2022-12-08 21:30:00,2022-12-08,21:30:00,342.896,342.0,0.0,0.0,0.0,0.0,-22.08
2022-12-08 22:00:00,2022-12-08,22:00:00,342.917,342.0,0.0,0.0,0.0,0.0,-21.32
2022-12-08 22:30:00,2022-12-08,22:30:00,342.938,342.0,0.0,0.0,0.0,0.0,-22.63
2022-12-08 23:00:00,2022-12-08,23:00:00,342.958,342.0,0.0,0.0,0.0,0.0,-22.5
2022-12-08 23:30:00,2022-12-08,23:30:00,342.979,342.0,0.0,0.0,0.0,0.0,-23.67
2022-12-09 00:00:00,2022-12-09,00:00:00,343.0,343.0,0.0,0.0,0.0,0.0,-23.53
2022-12-09 00:30:00,2022-12-09,00:30:00,343.021,343.0,0.0,0.0,0.0,0.0,-23.7
2022-12-09 01:00:00,2022-12-09,01:00:00,343.042,343.0,0.0,0.0,0.0,0.0,-23.43
2022-12-09 01:30:00,2022-12-09,01:30:00,343.062,343.0,0.0,0.0,0.0,0.0,-23.42
2022-12-09 02:00:00,2022-12-09,02:00:00,343.083,343.0,0.0,0.0,0.0,0.0,-23.21
2022-12-09 02:30:00,2022-12-09,02:30:00,343.104,343.0,0.0,0.0,0.0,0.0,-23.86
2022-12-09 03:00:00,2022-12-09,03:00:00,343.125,343.0,0.0,0.0,0.0,0.0,-23.92
2022-12-09 03:30:00,2022-12-09,03:30:00,343.146,343.0,0.0,0.0,0.0,0.0,-24.03
2022-12-09 04:00:00,2022-12-09,04:00:00,343.167,343.0,0.0,0.0,0.0,0.0,-23.84
2022-12-09 04:30:00,2022-12-09,04:30:00,343.188,343.0,0.0,0.0,0.0,0.0,-23.61
2022-12-09 05:00:00,2022-12-09,05:00:00,343.208,343.0,0.0,0.0,0.0,0.0,-22.63
2022-12-09 05:30:00,2022-12-09,05:30:00,343.229,343.0,0.0,0.0,0.0,0.0,-22.57
2022-12-09 06:00:00,2022-12-09,06:00:00,343.25,343.0,0.0,0.0,0.0,0.0,-22.67
2022-12-09 06:30:00,2022-12-09,06:30:00,343.271,343.0,0.0,0.0,0.0,0.0,-23.13
2022-12-09 07:00:00,2022-12-09,07:00:00,343.292,343.0,0.0,0.0,0.0,0.0,-20.58
2022-12-09 07:30:00,2022-12-09,07:30:00,343.312,343.0,0.0,0.0,0.0,0.0,-17.71
2022-12-09 08:00:00,2022-12-09,08:00:00,343.333,343.0,0.0,0.0,0.0,0.0,-16.53
2022-12-09 08:30:00,2022-12-09,08:30:00,343.354,343.0,0.0,0.0,0.0,0.0,-15.99
2022-12-09 09:00:00,2022-12-09,09:00:00,343.375,343.0,0.0,0.0,0.0,0.0,-12.93
2022-12-09 09:30:00,2022-12-09,09:30:00,343.396,343.0,0.0,0.0,0.0,0.0,-11.33
2022-12-09 10:00:00,2022-12-09,10:00:00,343.417,343.0,0.0,0.0,0.0,0.0,-9.59
2022-12-09 10:30:00,2022-12-09,10:30:00,343.438,343.0,0.0,0.0,0.0,0.0,-8.79
2022-12-09 11:00:00,2022-12-09,11:00:00,343.458,343.0,0.0,0.0,0.0,0.0,-7.81
2022-12-09 11:30:00,2022-12-09,11:30:00,343.479,343.0,0.0,0.0,0.0,0.0,-6.73
2022-12-09 12:00:00,2022-12-09,12:00:00,343.5,343.0,0.0,0.0,0.0,0.0,-5.65
2022-12-09 12:30:00,2022-12-09,12:30:00,343.521,343.0,0.0,0.0,0.0,0.0,-5.64
2022-12-09 13:00:00,2022-12-09,13:00:00,343.542,343.0,0.17,0.0,0.51,0.0,-5.25
2022-12-09 13:30:00,2022-12-09,13:30:00,343.562,343.0,0.0,0.0,0.0,0.0,-0.55
2022-12-09 14:00:00,2022-12-09,14:00:00,343.583,343.0,0.0,0.0,0.0,0.0,0.0
2022-12-09 14:30:00,2022-12-09,14:30:00,343.604,343.0,0.0,0.0,0.0,0.0,-7.73
2022-12-09 15:00:00,2022-12-09,15:00:00,343.625,343.0,0.0,0.0,0.0,0.0,-11.38
2022-12-09 15:30:00,2022-12-09,15:30:00,343.646,343.0,0.0,0.0,0.0,0.0,-12.21
2022-12-09 16:00:00,2022-12-09,16:00:00,343.667,343.0,0.0,0.0,0.0,0.0,-13.1
2022-12-09 16:30:00,2022-12-09,16:30:00,343.688,343.0,0.0,0.0,0.0,0.0,-12.28
2022-12-09 17:00:00,2022-12-09,17:00:00,343.708,343.0,0.0,0.0,0.0,0.0,-11.6
2022-12-09 17:30:00,2022-12-09,17:30:00,343.729,343.0,0.0,0.0,0.0,0.0,-14.37
2022-12-09 18:00:00,2022-12-09,18:00:00,343.75,343.0,0.0,0.0,0.0,0.0,-15.68
2022-12-09 18:30:00,2022-12-09,18:30:00,343.771,343.0,0.0,0.0,0.0,0.0,-14.85
2022-12-09 19:00:00,2022-12-09,19:00:00,343.792,343.0,0.0,0.0,0.0,0.0,-15.52
2022-12-09 19:30:00,2022-12-09,19:30:00,343.812,343.0,0.0,0.0,0.0,0.0,-15.08
2022-12-09 20:00:00,2022-12-09,20:00:00,343.833,343.0,0.0,0.0,0.0,0.0,-15.4
2022-12-09 20:30:00,2022-12-09,20:30:00,343.854,343.0,0.0,0.0,0.0,0.0,-15.83
2022-12-09 21:00:00,2022-12-09,21:00:00,343.875,343.0,0.0,0.0,0.0,0.0,-17.05
2022-12-09 21:30:00,2022-12-09,21:30:00,343.896,343.0,0.0,0.0,0.0,0.0,-17.42
2022-12-09 22:00:00,2022-12-09,22:00:00,343.917,343.0,0.0,0.0,0.0,0.0,-18.04
2022-12-09 22:30:00,2022-12-09,22:30:00,343.938,343.0,0.0,0.0,0.0,0.0,-18.37
2022-12-09 23:00:00,2022-12-09,23:00:00,343.958,343.0,0.0,0.0,0.0,0.0,-18.63
2022-12-09 23:30:00,2022-12-09,23:30:00,343.979,343.0,0.0,0.0,0.0,0.0,-19.03
2022-12-10 00:00:00,2022-12-10,00:00:00,344.0,344.0,0.0,0.0,0.0,0.0,-19.04
2022-12-10 00:30:00,2022-12-10,00:30:00,344.021,344.0,0.0,0.0,0.0,0.0,-20.21
2022-12-10 01:00:00,2022-12-10,01:00:00,344.042,344.0,0.0,0.0,0.0,0.0,-20.43
2022-12-10 01:30:00,2022-12-10,01:30:00,344.062,344.0,0.0,0.0,0.0,0.0,-20.97
2022-12-10 02:00:00,2022-12-10,02:00:00,344.083,344.0,0.0,0.0,0.0,0.0,-21.34
2022-12-10 02:30:00,2022-12-10,02:30:00,344.104,344.0,0.0,0.0,0.0,0.0,-21.64
2022-12-10 03:00:00,2022-12-10,03:00:00,344.125,344.0,0.0,0.0,0.0,0.0,-21.48
2022-12-10 03:30:00,2022-12-10,03:30:00,344.146,344.0,0.0,0.0,0.0,0.0,-21.67
2022-12-10 04:00:00,2022-12-10,04:00:00,344.167,344.0,0.0,0.0,0.0,0.0,-22.57
2022-12-10 04:30:00,2022-12-10,04:30:00,344.188,344.0,0.0,0.0,0.0,0.0,-21.55
2022-12-10 05:00:00,2022-12-10,05:00:00,344.208,344.0,0.0,0.0,0.0,0.0,-22.31
2022-12-10 05:30:00,2022-12-10,05:30:00,344.229,344.0,0.0,0.0,0.0,0.0,-21.85
2022-12-10 06:00:00,2022-12-10,06:00:00,344.25,344.0,0.0,0.0,0.0,0.0,-22.46
2022-12-10 06:30:00,2022-12-10,06:30:00,344.271,344.0,0.0,0.0,0.0,0.0,-22.12
2022-12-10 07:00:00,2022-12-10,07:00:00,344.292,344.0,0.0,0.0,0.0,0.0,-21.71
2022-12-10 07:30:00,2022-12-10,07:30:00,344.312,344.0,0.0,0.0,0.0,0.0,-20.98
2022-12-10 08:00:00,2022-12-10,08:00:00,344.333,344.0,0.0,0.0,0.0,0.0,-18.99
2022-12-10 08:30:00,2022-12-10,08:30:00,344.354,344.0,0.0,0.0,0.0,0.0,-15.27
2022-12-10 09:00:00,2022-12-10,09:00:00,344.375,344.0,0.0,0.0,0.0,0.0,-11.18
2022-12-10 09:30:00,2022-12-10,09:30:00,344.396,344.0,0.0,0.0,0.0,0.0,-8.07
2022-12-10 10:00:00,2022-12-10,10:00:00,344.417,344.0,0.0,0.0,0.0,0.0,-5.53
2022-12-10 10:30:00,2022-12-10,10:30:00,344.438,344.0,0.0,0.0,0.0,0.0,-3.33
2022-12-10 11:00:00,2022-12-10,11:00:00,344.458,344.0,0.0,0.0,0.0,0.0,-1.41
2022-12-10 11:30:00,2022-12-10,11:30:00,344.479,344.0,0.0,0.0,0.0,0.0,-0.71
2022-12-10 12:00:00,2022-12-10,12:00:00,344.5,344.0,0.0,0.0,0.0,0.0,1.45
2022-12-10 12:30:00,2022-12-10,12:30:00,344.521,344.0,0.0,0.0,0.0,0.0,2.43
2022-12-10 13:00:00,2022-12-10,13:00:00,344.542,344.0,0.0,0.0,0.0,0.0,2.86
2022-12-10 13:30:00,2022-12-10,13:30:00,344.562,344.0,0.0,0.0,0.0,0.0,2.53
2022-12-10 14:00:00,2022-12-10,14:00:00,344.583,344.0,0.0,0.0,0.0,0.0,0.62
2022-12-10 14:30:00,2022-12-10,14:30:00,344.604,344.0,0.0,0.0,0.0,0.0,-6.75
2022-12-10 15:00:00,2022-12-10,15:00:00,344.625,344.0,0.0,0.0,0.0,0.0,-9.98
2022-12-10 15:30:00,2022-12-10,15:30:00,344.646,344.0,0.0,0.0,0.0,0.0,-11.93
2022-12-10 16:00:00,2022-12-10,16:00:00,344.667,344.0,0.0,0.0,0.0,0.0,-12.99
2022-12-10 16:30:00,2022-12-10,16:30:00,344.688,344.0,0.0,0.0,0.0,0.0,-12.9
2022-12-10 17:00:00,2022-12-10,17:00:00,344.708,344.0,0.0,0.0,0.0,0.0,-13.92
2022-12-10 17:30:00,2022-12-10,17:30:00,344.729,344.0,0.0,0.0,0.0,0.0,-14.54
2022-12-10 18:00:00,2022-12-10,18:00:00,344.75,344.0,0.0,0.0,0.0,0.0,-14.74
2022-12-10 18:30:00,2022-12-10,18:30:00,344.771,344.0,0.0,0.0,0.0,0.0,-15.18
2022-12-10 19:00:00,2022-12-10,19:00:00,344.792,344.0,0.0,0.0,0.0,0.0,-14.14
2022-12-10 19:30:00,2022-12-10,19:30:00,344.812,344.0,0.0,0.0,0.0,0.0,-14.74
2022-12-10 20:00:00,2022-12-10,20:00:00,344.833,344.0,0.0,0.0,0.0,0.0,-15.0
2022-12-10 20:30:00,2022-12-10,20:30:00,344.854,344.0,0.0,0.0,0.0,0.0,-14.76
2022-12-10 21:00:00,2022-12-10,21:00:00,344.875,344.0,0.0,0.0,0.0,0.0,-15.77
2022-12-10 21:30:00,2022-12-10,21:30:00,344.896,344.0,0.0,0.0,0.0,0.0,-16.51
2022-12-10 22:00:00,2022-12-10,22:00:00,344.917,344.0,0.0,0.0,0.0,0.0,-16.5
2022-12-10 22:30:00,2022-12-10,22:30:00,344.938,344.0,0.0,0.0,0.0,0.0,-16.88
2022-12-10 23:00:00,2022-12-10,23:00:00,344.958,344.0,0.0,0.0,0.0,0.0,-16.52
2022-12-10 23:30:00,2022-12-10,23:30:00,344.979,344.0,0.0,0.0,0.0,0.0,-16.5
2022-12-11 00:00:00,2022-12-11,00:00:00,345.0,345.0,0.0,0.0,0.0,0.0,-16.59
2022-12-11 00:30:00,2022-12-11,00:30:00,345.021,345.0,0.0,0.0,0.0,0.0,-17.29
2022-12-11 01:00:00,2022-12-11,01:00:00,345.042,345.0,0.0,0.0,0.0,0.0,-17.85
2022-12-11 01:30:00,2022-12-11,01:30:00,345.062,345.0,0.0,0.0,0.0,0.0,-17.41
2022-12-11 02:00:00,2022-12-11,02:00:00,345.083,345.0,0.0,0.0,0.0,0.0,-16.4
2022-12-11 02:30:00,2022-12-11,02:30:00,345.104,345.0,0.0,0.0,0.0,0.0,-16.61
2022-12-11 03:00:00,2022-12-11,03:00:00,345.125,345.0,0.0,0.0,0.0,0.0,-17.14
2022-12-11 03:30:00,2022-12-11,03:30:00,345.146,345.0,0.0,0.0,0.0,0.0,-17.7
2022-12-11 04:00:00,2022-12-11,04:00:00,345.167,345.0,0.0,0.0,0.0,0.0,-18.56
2022-12-11 04:30:00,2022-12-11,04:30:00,345.188,345.0,0.0,0.0,0.0,0.0,-18.16
2022-12-11 05:00:00,2022-12-11,05:00:00,345.208,345.0,0.0,0.0,0.0,0.0,-17.84
2022-12-11 05:30:00,2022-12-11,05:30:00,345.229,345.0,0.0,0.0,0.0,0.0,-18.1
2022-12-11 06:00:00,2022-12-11,06:00:00,345.25,345.0,0.0,0.0,0.0,0.0,-17.08
2022-12-11 06:30:00,2022-12-11,06:30:00,345.271,345.0,0.0,0.0,0.0,0.0,-16.35
2022-12-11 07:00:00,2022-12-11,07:00:00,345.292,345.0,0.0,0.0,0.0,0.0,-17.06
2022-12-11 07:30:00,2022-12-11,07:30:00,345.312,345.0,0.0,0.0,0.0,0.0,-17.07
2022-12-11 08:00:00,2022-12-11,08:00:00,345.333,345.0,0.0,0.0,0.0,0.0,-14.43
2022-12-11 08:30:00,2022-12-11,08:30:00,345.354,345.0,0.0,0.0,0.0,0.0,-11.57
2022-12-11 09:00:00,2022-12-11,09:00:00,345.375,345.0,0.0,0.0,0.0,0.0,-7.75
2022-12-11 09:30:00,2022-12-11,09:30:00,345.396,345.0,0.0,0.0,0.0,0.0,-4.88
2022-12-11 10:00:00,2022-12-11,10:00:00,345.417,345.0,0.0,0.0,0.0,0.0,-1.63
2022-12-11 10:30:00,2022-12-11,10:30:00,345.438,345.0,0.0,0.0,0.0,0.0,1.34
2022-12-11 11:00:00,2022-12-11,11:00:00,345.458,345.0,0.0,0.0,0.0,0.0,3.45
2022-12-11 11:30:00,2022-12-11,11:30:00,345.479,345.0,0.0,0.0,0.0,0.0,4.23
2022-12-11 12:00:00,2022-12-11,12:00:00,345.5,345.0,0.0,0.0,0.0,0.0,5.98
2022-12-11 12:30:00,2022-12-11,12:30:00,345.521,345.0,0.0,0.0,0.0,0.0,6.52
2022-12-11 13:00:00,2022-12-11,13:00:00,345.542,345.0,0.0,0.0,0.0,0.0,6.11
2022-12-11 13:30:00,2022-12-11,13:30:00,345.562,345.0,0.0,0.0,0.0,0.0,5.09
2022-12-11 14:00:00,2022-12-11,14:00:00,345.583,345.0,0.0,0.0,0.0,0.0,4.52
2022-12-11 14:30:00,2022-12-11,14:30:00,345.604,345.0,0.0,0.0,0.0,0.0,-3.2
2022-12-11 15:00:00,2022-12-11,15:00:00,345.625,345.0,0.0,0.0,0.0,0.0,-4.38
2022-12-11 15:30:00,2022-12-11,15:30:00,345.646,345.0,0.0,0.0,0.0,0.0,-6.05
2022-12-11 16:00:00,2022-12-11,16:00:00,345.667,345.0,0.0,0.0,0.0,0.0,-8.25
2022-12-11 16:30:00,2022-12-11,16:30:00,345.688,345.0,0.0,0.0,0.0,0.0,-10.34
2022-12-11 17:00:00,2022-12-11,17:00:00,345.708,345.0,0.0,0.0,0.0,0.0,-11.17
2022-12-11 17:30:00,2022-12-11,17:30:00,345.729,345.0,0.0,0.0,0.0,0.0,-11.37
2022-12-11 18:00:00,2022-12-11,18:00:00,345.75,345.0,0.0,0.0,0.0,0.0,-10.39
2022-12-11 18:30:00,2022-12-11,18:30:00,345.771,345.0,0.0,0.0,0.0,0.0,-9.79
2022-12-11 19:00:00,2022-12-11,19:00:00,345.792,345.0,0.0,0.0,0.0,0.0,-9.74
2022-12-11 19:30:00,2022-12-11,19:30:00,345.812,345.0,0.0,0.0,0.0,0.0,-9.5
2022-12-11 20:00:00,2022-12-11,20:00:00,345.833,345.0,0.0,0.0,0.0,0.0,-9.49
2022-12-11 20:30:00,2022-12-11,20:30:00,345.854,345.0,0.0,0.0,0.0,0.0,-9.6
2022-12-11 21:00:00,2022-12-11,21:00:00,345.875,345.0,0.0,0.0,0.0,0.0,-8.9
2022-12-11 21:30:00,2022-12-11,21:30:00,345.896,345.0,0.0,0.0,0.0,0.0,-8.35
2022-12-11 22:00:00,2022-12-11,22:00:00,345.917,345.0,0.0,0.0,0.0,0.0,-7.79
2022-12-11 22:30:00,2022-12-11,22:30:00,345.938,345.0,0.0,0.0,0.0,0.0,-8.02
2022-12-11 23:00:00,2022-12-11,23:00:00,345.958,345.0,0.0,0.0,0.0,0.0,-8.53
2022-12-11 23:30:00,2022-12-11,23:30:00,345.979,345.0,0.0,0.0,0.0,0.0,-8.75
2022-12-12 00:00:00,2022-12-12,00:00:00,346.0,346.0,0.0,0.0,0.0,0.0,-8.75
2022-12-12 00:30:00,2022-12-12,00:30:00,346.021,346.0,0.0,0.0,0.0,0.0,-7.71
2022-12-12 01:00:00,2022-12-12,01:00:00,346.042,346.0,0.0,0.0,0.0,0.0,-7.52
2022-12-12 01:30:00,2022-12-12,01:30:00,346.062,346.0,0.0,0.0,0.0,0.0,-7.23
2022-12-12 02:00:00,2022-12-12,02:00:00,346.083,346.0,0.0,0.0,0.0,0.0,-7.23
2022-12-12 02:30:00,2022-12-12,02:30:00,346.104,346.0,0.0,0.0,0.0,0.0,-7.17
2022-12-12 03:00:00,2022-12-12,03:00:00,346.125,346.0,0.0,0.0,0.0,0.0,-6.83
2022-12-12 03:30:00,2022-12-12,03:30:00,346.146,346.0,0.0,0.0,0.0,0.0,-6.03
2022-12-12 04:00:00,2022-12-12,04:00:00,346.167,346.0,0.0,0.0,0.0,0.0,-5.32
2022-12-12 04:30:00,2022-12-12,04:30:00,346.188,346.0,0.0,0.0,0.0,0.0,-4.98
2022-12-12 05:00:00,2022-12-12,05:00:00,346.208,346.0,0.0,0.0,0.0,0.0,-4.82
2022-12-12 05:30:00,2022-12-12,05:30:00,346.229,346.0,0.0,0.0,0.0,0.0,-4.68
2022-12-12 06:00:00,2022-12-12,06:00:00,346.25,346.0,0.0,0.0,0.0,0.0,-4.47
2022-12-12 06:30:00,2022-12-12,06:30:00,346.271,346.0,0.0,0.0,0.0,0.0,-5.25
2022-12-12 07:00:00,2022-12-12,07:00:00,346.292,346.0,0.0,0.0,0.0,0.0,-5.72
2022-12-12 07:30:00,2022-12-12,07:30:00,346.312,346.0,0.0,0.0,0.0,0.0,-5.46
2022-12-12 08:00:00,2022-12-12,08:00:00,346.333,346.0,0.0,0.0,0.0,0.0,-4.89
2022-12-12 08:30:00,2022-12-12,08:30:00,346.354,346.0,0.0,0.0,0.0,0.0,-4.55
2022-12-12 09:00:00,2022-12-12,09:00:00,346.375,346.0,0.0,0.0,0.0,0.0,-1.58
2022-12-12 09:30:00,2022-12-12,09:30:00,346.396,346.0,0.0,0.0,0.0,0.0,-1.73
2022-12-12 10:00:00,2022-12-12,10:00:00,346.417,346.0,0.0,0.0,0.0,0.0,-1.56
2022-12-12 10:30:00,2022-12-12,10:30:00,346.438,346.0,0.0,0.0,0.0,0.0,-2.28
2022-12-12 11:00:00,2022-12-12,11:00:00,346.458,346.0,0.0,0.0,0.0,0.0,-1.83
2022-12-12 11:30:00,2022-12-12,11:30:00,346.479,346.0,0.0,0.0,0.0,0.0,-1.59
2022-12-12 12:00:00,2022-12-12,12:00:00,346.5,346.0,0.0,0.0,0.0,0.0,-1.05
2022-12-12 12:30:00,2022-12-12,12:30:00,346.521,346.0,0.0,0.0,0.0,0.0,-2.21
2022-12-12 13:00:00,2022-12-12,13:00:00,346.542,346.0,0.0,0.0,0.0,0.0,-3.7
2022-12-12 13:30:00,2022-12-12,13:30:00,346.562,346.0,0.0,0.0,0.0,0.0,-2.73
2022-12-12 14:00:00,2022-12-12,14:00:00,346.583,346.0,0.0,0.0,0.0,0.0,-1.96
2022-12-12 14:30:00,2022-12-12,14:30:00,346.604,346.0,0.0,0.0,0.0,0.0,-3.24
2022-12-12 15:00:00,2022-12-12,15:00:00,346.625,346.0,0.0,0.0,0.0,0.0,-3.94
2022-12-12 15:30:00,2022-12-12,15:30:00,346.646,346.0,0.0,0.0,0.0,0.0,-5.23
2022-12-12 16:00:00,2022-12-12,16:00:00,346.667,346.0,0.0,0.0,0.0,0.0,-6.57
2022-12-12 16:30:00,2022-12-12,16:30:00,346.688,346.0,0.0,0.0,0.0,0.0,-7.04
2022-12-12 17:00:00,2022-12-12,17:00:00,346.708,346.0,0.0,0.0,0.0,0.0,-7.21
2022-12-12 17:30:00,2022-12-12,17:30:00,346.729,346.0,0.17,0.28,0.22,0.0,-8.38
2022-12-12 18:00:00,2022-12-12,18:00:00,346.75,346.0,0.0,0.0,0.0,0.0,-8.79
2022-12-12 18:30:00,2022-12-12,18:30:00,346.771,346.0,0.0,0.0,0.0,0.0,-9.43
2022-12-12 19:00:00,2022-12-12,19:00:00,346.792,346.0,0.0,0.0,0.0,0.0,-9.97
2022-12-12 19:30:00,2022-12-12,19:30:00,346.812,346.0,0.0,0.0,0.0,0.0,-10.12
2022-12-12 20:00:00,2022-12-12,20:00:00,346.833,346.0,0.0,0.0,0.0,0.0,-10.85
2022-12-12 20:30:00,2022-12-12,20:30:00,346.854,346.0,0.0,0.0,0.0,0.0,-11.2
2022-12-12 21:00:00,2022-12-12,21:00:00,346.875,346.0,0.0,0.0,0.0,0.0,-11.34
2022-12-12 21:30:00,2022-12-12,21:30:00,346.896,346.0,0.0,0.0,0.0,0.0,-11.7
2022-12-12 22:00:00,2022-12-12,22:00:00,346.917,346.0,0.0,0.0,0.0,0.0,-11.73
2022-12-12 22:30:00,2022-12-12,22:30:00,346.938,346.0,0.0,0.0,0.0,0.0,-11.86
2022-12-12 23:00:00,2022-12-12,23:00:00,346.958,346.0,0.0,0.0,0.0,0.0,-11.83
2022-12-12 23:30:00,2022-12-12,23:30:00,346.979,346.0,0.0,0.0,0.0,0.0,-11.88
2022-12-13 00:00:00,2022-12-13,00:00:00,347.0,347.0,0.0,0.0,0.0,0.0,-11.86
2022-12-13 00:30:00,2022-12-13,00:30:00,347.021,347.0,0.0,0.0,0.0,0.0,-11.98
2022-12-13 01:00:00,2022-12-13,01:00:00,347.042,347.0,0.0,0.0,0.0,0.0,-12.31
2022-12-13 01:30:00,2022-12-13,01:30:00,347.062,347.0,0.0,0.0,0.0,0.0,-12.15
2022-12-13 02:00:00,2022-12-13,02:00:00,347.083,347.0,0.0,0.0,0.0,0.0,-12.03
2022-12-13 02:30:00,2022-12-13,02:30:00,347.104,347.0,0.0,0.0,0.0,0.0,-12.19
2022-12-13 03:00:00,2022-12-13,03:00:00,347.125,347.0,0.0,0.0,0.0,0.0,-12.11
2022-12-13 03:30:00,2022-12-13,03:30:00,347.146,347.0,0.08,0.0,0.23,0.0,-12.32
2022-12-13 04:00:00,2022-12-13,04:00:00,347.167,347.0,0.0,0.0,0.0,0.0,-12.36
2022-12-13 04:30:00,2022-12-13,04:30:00,347.188,347.0,0.0,0.0,0.0,0.0,-12.38
2022-12-13 05:00:00,2022-12-13,05:00:00,347.208,347.0,0.0,0.0,0.0,0.0,-12.34
2022-12-13 05:30:00,2022-12-13,05:30:00,347.229,347.0,0.07,0.0,0.22,0.0,-12.5
2022-12-13 06:00:00,2022-12-13,06:00:00,347.25,347.0,0.0,0.0,0.0,0.0,-12.55
2022-12-13 06:30:00,2022-12-13,06:30:00,347.271,347.0,0.0,0.0,0.0,0.0,-13.22
2022-12-13 07:00:00,2022-12-13,07:00:00,347.292,347.0,0.0,0.0,0.0,0.0,-13.8
2022-12-13 07:30:00,2022-12-13,07:30:00,347.312,347.0,0.0,0.0,0.0,0.0,-13.2
2022-12-13 08:00:00,2022-12-13,08:00:00,347.333,347.0,0.0,0.0,0.0,0.0,-12.59
2022-12-13 08:30:00,2022-12-13,08:30:00,347.354,347.0,0.0,0.0,0.0,0.0,-11.21
2022-12-13 09:00:00,2022-12-13,09:00:00,347.375,347.0,0.0,0.0,0.0,0.0,-10.93
2022-12-13 09:30:00,2022-12-13,09:30:00,347.396,347.0,0.0,0.0,0.0,0.0,-9.98
2022-12-13 10:00:00,2022-12-13,10:00:00,347.417,347.0,0.0,0.0,0.0,0.0,-9.51
2022-12-13 10:30:00,2022-12-13,10:30:00,347.438,347.0,0.0,0.0,0.0,0.0,-9.7
2022-12-13 11:00:00,2022-12-13,11:00:00,347.458,347.0,0.0,0.0,0.0,0.0,-9.38
2022-12-13 11:30:00,2022-12-13,11:30:00,347.479,347.0,0.0,0.0,0.0,0.0,-9.31
2022-12-13 12:00:00,2022-12-13,12:00:00,347.5,347.0,0.0,0.0,0.0,0.0,-8.99
2022-12-13 12:30:00,2022-12-13,12:30:00,347.521,347.0,0.0,0.0,0.0,0.0,-8.82
2022-12-13 13:00:00,2022-12-13,13:00:00,347.542,347.0,0.0,0.0,0.0,0.0,-8.43
2022-12-13 13:30:00,2022-12-13,13:30:00,347.562,347.0,0.0,0.0,0.0,0.0,-9.2
2022-12-13 14:00:00,2022-12-13,14:00:00,347.583,347.0,0.0,0.0,0.0,0.0,-9.59
2022-12-13 14:30:00,2022-12-13,14:30:00,347.604,347.0,0.0,0.0,0.0,0.0,-10.12
2022-12-13 15:00:00,2022-12-13,15:00:00,347.625,347.0,0.0,0.0,0.0,0.0,-10.75
2022-12-13 15:30:00,2022-12-13,15:30:00,347.646,347.0,0.0,0.0,0.0,0.0,-11.6
2022-12-13 16:00:00,2022-12-13,16:00:00,347.667,347.0,0.0,0.0,0.0,0.0,-12.01
2022-12-13 16:30:00,2022-12-13,16:30:00,347.688,347.0,0.0,0.0,0.0,0.0,-12.53
2022-12-13 17:00:00,2022-12-13,17:00:00,347.708,347.0,0.0,0.0,0.0,0.0,-12.7
2022-12-13 17:30:00,2022-12-13,17:30:00,347.729,347.0,0.0,0.0,0.0,0.0,-12.54
2022-12-13 18:00:00,2022-12-13,18:00:00,347.75,347.0,0.0,0.0,0.0,0.0,-12.89
2022-12-13 18:30:00,2022-12-13,18:30:00,347.771,347.0,0.0,0.0,0.0,0.0,-12.91
2022-12-13 19:00:00,2022-12-13,19:00:00,347.792,347.0,0.0,0.0,0.0,0.0,-12.83
2022-12-13 19:30:00,2022-12-13,19:30:00,347.812,347.0,0.0,0.0,0.0,0.0,-12.73
2022-12-13 20:00:00,2022-12-13,20:00:00,347.833,347.0,0.0,0.0,0.0,0.0,-12.65
2022-12-13 20:30:00,2022-12-13,20:30:00,347.854,347.0,0.0,0.0,0.0,0.0,-12.74
2022-12-13 21:00:00,2022-12-13,21:00:00,347.875,347.0,0.0,0.0,0.0,0.0,-12.76
2022-12-13 21:30:00,2022-12-13,21:30:00,347.896,347.0,0.0,0.0,0.0,0.0,-12.53
2022-12-13 22:00:00,2022-12-13,22:00:00,347.917,347.0,0.0,0.0,0.0,0.0,-12.47
2022-12-13 22:30:00,2022-12-13,22:30:00,347.938,347.0,0.0,0.0,0.0,0.0,-12.26
2022-12-13 23:00:00,2022-12-13,23:00:00,347.958,347.0,0.0,0.0,0.0,0.0,-12.09
2022-12-13 23:30:00,2022-12-13,23:30:00,347.979,347.0,0.0,0.0,0.0,0.0,-11.96
2022-12-14 00:00:00,2022-12-14,00:00:00,348.0,348.0,0.0,0.0,0.0,0.0,-11.94
2022-12-14 00:30:00,2022-12-14,00:30:00,348.021,348.0,0.0,0.0,0.0,0.0,-12.1
2022-12-14 01:00:00,2022-12-14,01:00:00,348.042,348.0,0.0,0.0,0.0,0.0,-12.38
2022-12-14 01:30:00,2022-12-14,01:30:00,348.062,348.0,0.0,0.0,0.0,0.0,-12.36
2022-12-14 02:00:00,2022-12-14,02:00:00,348.083,348.0,0.0,0.0,0.0,0.0,-12.27
2022-12-14 02:30:00,2022-12-14,02:30:00,348.104,348.0,0.0,0.0,0.0,0.0,-12.1
2022-12-14 03:00:00,2022-12-14,03:00:00,348.125,348.0,0.0,0.0,0.0,0.0,-12.1
2022-12-14 03:30:00,2022-12-14,03:30:00,348.146,348.0,0.0,0.0,0.0,0.0,-12.21
2022-12-14 04:00:00,2022-12-14,04:00:00,348.167,348.0,0.0,0.0,0.0,0.0,-12.24
2022-12-14 04:30:00,2022-12-14,04:30:00,348.188,348.0,0.0,0.0,0.0,0.0,-12.34
2022-12-14 05:00:00,2022-12-14,05:00:00,348.208,348.0,0.0,0.0,0.0,0.0,-12.58
2022-12-14 05:30:00,2022-12-14,05:30:00,348.229,348.0,0.0,0.0,0.0,0.0,-12.81
2022-12-14 06:00:00,2022-12-14,06:00:00,348.25,348.0,0.0,0.0,0.0,0.0,-13.04
2022-12-14 06:30:00,2022-12-14,06:30:00,348.271,348.0,0.0,0.0,0.0,0.0,-12.65
2022-12-14 07:00:00,2022-12-14,07:00:00,348.292,348.0,0.0,0.0,0.0,0.0,-12.95
2022-12-14 07:30:00,2022-12-14,07:30:00,348.312,348.0,0.0,0.0,0.0,0.0,-12.93
2022-12-14 08:00:00,2022-12-14,08:00:00,348.333,348.0,0.0,0.0,0.0,0.0,-12.2
2022-12-14 08:30:00,2022-12-14,08:30:00,348.354,348.0,0.0,0.0,0.0,0.0,-11.19
2022-12-14 09:00:00,2022-12-14,09:00:00,348.375,348.0,0.0,0.0,0.0,0.0,-9.92
2022-12-14 09:30:00,2022-12-14,09:30:00,348.396,348.0,0.0,0.0,0.0,0.0,-8.96
2022-12-14 10:00:00,2022-12-14,10:00:00,348.417,348.0,0.0,0.0,0.0,0.0,-7.66
2022-12-14 10:30:00,2022-12-14,10:30:00,348.438,348.0,0.0,0.0,0.0,0.0,-6.41
2022-12-14 11:00:00,2022-12-14,11:00:00,348.458,348.0,0.0,0.0,0.0,0.0,-6.08
2022-12-14 11:30:00,2022-12-14,11:30:00,348.479,348.0,0.0,0.0,0.0,0.0,-6.33
2022-12-14 12:00:00,2022-12-14,12:00:00,348.5,348.0,0.0,0.0,0.0,0.0,-5.67
2022-12-14 12:30:00,2022-12-14,12:30:00,348.521,348.0,0.0,0.0,0.0,0.0,-7.11
2022-12-14 13:00:00,2022-12-14,13:00:00,348.542,348.0,0.0,0.0,0.0,0.0,-6.97
2022-12-14 13:30:00,2022-12-14,13:30:00,348.562,348.0,0.0,0.0,0.0,0.0,-7.99
2022-12-14 14:00:00,2022-12-14,14:00:00,348.583,348.0,0.0,0.0,0.0,0.0,-7.62
2022-12-14 14:30:00,2022-12-14,14:30:00,348.604,348.0,0.0,0.0,0.0,0.0,-11.03
2022-12-14 15:00:00,2022-12-14,15:00:00,348.625,348.0,0.0,0.0,0.0,0.0,-11.87
2022-12-14 15:30:00,2022-12-14,15:30:00,348.646,348.0,0.0,0.0,0.0,0.0,-12.8
2022-12-14 16:00:00,2022-12-14,16:00:00,348.667,348.0,0.0,0.0,0.0,0.0,-13.53
2022-12-14 16:30:00,2022-12-14,16:30:00,348.688,348.0,0.0,0.0,0.0,0.0,-14.69
2022-12-14 17:00:00,2022-12-14,17:00:00,348.708,348.0,0.0,0.0,0.0,0.0,-14.94
2022-12-14 17:30:00,2022-12-14,17:30:00,348.729,348.0,0.0,0.0,0.0,0.0,-14.95
2022-12-14 18:00:00,2022-12-14,18:00:00,348.75,348.0,0.0,0.0,0.0,0.0,-15.08
2022-12-14 18:30:00,2022-12-14,18:30:00,348.771,348.0,0.0,0.0,0.0,0.0,-15.52
2022-12-14 19:00:00,2022-12-14,19:00:00,348.792,348.0,0.0,0.0,0.0,0.0,-15.36
2022-12-14 19:30:00,2022-12-14,19:30:00,348.812,348.0,0.0,0.0,0.0,0.0,-16.9
2022-12-14 20:00:00,2022-12-14,20:00:00,348.833,348.0,0.0,0.0,0.0,0.0,-18.47
2022-12-14 20:30:00,2022-12-14,20:30:00,348.854,348.0,0.0,0.0,0.0,0.0,-19.18
2022-12-14 21:00:00,2022-12-14,21:00:00,348.875,348.0,0.0,0.0,0.0,0.0,-19.27
2022-12-14 21:30:00,2022-12-14,21:30:00,348.896,348.0,0.0,0.0,0.0,0.0,-20.14
2022-12-14 22:00:00,2022-12-14,22:00:00,348.917,348.0,0.0,0.0,0.0,0.0,-20.51
2022-12-14 22:30:00,2022-12-14,22:30:00,348.938,348.0,0.0,0.0,0.0,0.0,-21.22
2022-12-14 23:00:00,2022-12-14,23:00:00,348.958,348.0,0.0,0.0,0.0,0.0,-21.93
2022-12-14 23:30:00,2022-12-14,23:30:00,348.979,348.0,0.0,0.0,0.0,0.0,-22.39
2022-12-15 00:00:00,2022-12-15,00:00:00,349.0,349.0,0.0,0.0,0.0,0.0,-22.34
2022-12-15 00:30:00,2022-12-15,00:30:00,349.021,349.0,0.0,0.0,0.0,0.0,-23.2
2022-12-15 01:00:00,2022-12-15,01:00:00,349.042,349.0,0.0,0.0,0.0,0.0,-23.2
2022-12-15 01:30:00,2022-12-15,01:30:00,349.062,349.0,0.0,0.0,0.0,0.0,-22.87
2022-12-15 02:00:00,2022-12-15,02:00:00,349.083,349.0,0.0,0.0,0.0,0.0,-22.24
2022-12-15 02:30:00,2022-12-15,02:30:00,349.104,349.0,0.0,0.0,0.0,0.0,-22.95
2022-12-15 03:00:00,2022-12-15,03:00:00,349.125,349.0,0.0,0.0,0.0,0.0,-22.94
2022-12-15 03:30:00,2022-12-15,03:30:00,349.146,349.0,0.0,0.0,0.0,0.0,-23.37
2022-12-15 04:00:00,2022-12-15,04:00:00,349.167,349.0,0.0,0.0,0.0,0.0,-23.24
2022-12-15 04:30:00,2022-12-15,04:30:00,349.188,349.0,0.0,0.0,0.0,0.0,-23.36
2022-12-15 05:00:00,2022-12-15,05:00:00,349.208,349.0,0.0,0.0,0.0,0.0,-23.2
2022-12-15 05:30:00,2022-12-15,05:30:00,349.229,349.0,0.0,0.0,0.0,0.0,-23.26
2022-12-15 06:00:00,2022-12-15,06:00:00,349.25,349.0,0.0,0.0,0.0,0.0,-22.28
2022-12-15 06:30:00,2022-12-15,06:30:00,349.271,349.0,0.0,0.0,0.0,0.0,-20.63
2022-12-15 07:00:00,2022-12-15,07:00:00,349.292,349.0,0.0,0.0,0.0,0.0,-21.06
2022-12-15 07:30:00,2022-12-15,07:30:00,349.312,349.0,0.0,0.0,0.0,0.0,-20.67
2022-12-15 08:00:00,2022-12-15,08:00:00,349.333,349.0,0.0,0.0,0.0,0.0,-17.92
2022-12-15 08:30:00,2022-12-15,08:30:00,349.354,349.0,0.0,0.0,0.0,0.0,-16.09
2022-12-15 09:00:00,2022-12-15,09:00:00,349.375,349.0,0.0,0.0,0.0,0.0,-14.07
2022-12-15 09:30:00,2022-12-15,09:30:00,349.396,349.0,0.0,0.0,0.0,0.0,-12.52
2022-12-15 10:00:00,2022-12-15,10:00:00,349.417,349.0,0.0,0.0,0.0,0.0,-11.61
2022-12-15 10:30:00,2022-12-15,10:30:00,349.438,349.0,0.0,0.0,0.0,0.0,-11.08
2022-12-15 11:00:00,2022-12-15,11:00:00,349.458,349.0,0.0,0.0,0.0,0.0,-9.62
2022-12-15 11:30:00,2022-12-15,11:30:00,349.479,349.0,0.0,0.0,0.0,0.0,-10.17
2022-12-15 12:00:00,2022-12-15,12:00:00,349.5,349.0,0.0,0.0,0.0,0.0,-6.63
2022-12-15 12:30:00,2022-12-15,12:30:00,349.521,349.0,0.0,0.0,0.0,0.0,-7.69
2022-12-15 13:00:00,2022-12-15,13:00:00,349.542,349.0,0.0,0.0,0.0,0.0,-7.18
2022-12-15 13:30:00,2022-12-15,13:30:00,349.562,349.0,0.0,0.0,0.0,0.0,-8.64
2022-12-15 14:00:00,2022-12-15,14:00:00,349.583,349.0,0.0,0.0,0.0,0.0,-10.02
2022-12-15 14:30:00,2022-12-15,14:30:00,349.604,349.0,0.0,0.0,0.0,0.0,-11.2
2022-12-15 15:00:00,2022-12-15,15:00:00,349.625,349.0,0.0,0.0,0.0,0.0,-12.12
2022-12-15 15:30:00,2022-12-15,15:30:00,349.646,349.0,0.0,0.0,0.0,0.0,-12.98
2022-12-15 16:00:00,2022-12-15,16:00:00,349.667,349.0,0.0,0.0,0.0,0.0,-13.22
2022-12-15 16:30:00,2022-12-15,16:30:00,349.688,349.0,0.0,0.0,0.0,0.0,-13.83
2022-12-15 17:00:00,2022-12-15,17:00:00,349.708,349.0,0.0,0.0,0.0,0.0,-14.5
2022-12-15 17:30:00,2022-12-15,17:30:00,349.729,349.0,0.0,0.0,0.0,0.0,-15.15
2022-12-15 18:00:00,2022-12-15,18:00:00,349.75,349.0,0.0,0.0,0.0,0.0,-15.32
2022-12-15 18:30:00,2022-12-15,18:30:00,349.771,349.0,0.0,0.0,0.0,0.0,-15.65
2022-12-15 19:00:00,2022-12-15,19:00:00,349.792,349.0,0.0,0.0,0.0,0.0,-15.68
2022-12-15 19:30:00,2022-12-15,19:30:00,349.812,349.0,0.0,0.0,0.0,0.0,-15.68
2022-12-15 20:00:00,2022-12-15,20:00:00,349.833,349.0,0.0,0.0,0.0,0.0,-15.9
2022-12-15 20:30:00,2022-12-15,20:30:00,349.854,349.0,0.0,0.0,0.0,0.0,-15.93
2022-12-15 21:00:00,2022-12-15,21:00:00,349.875,349.0,0.0,0.0,0.0,0.0,-16.25
2022-12-15 21:30:00,2022-12-15,21:30:00,349.896,349.0,0.0,0.0,0.0,0.0,-16.27
2022-12-15 22:00:00,2022-12-15,22:00:00,349.917,349.0,0.0,0.0,0.0,0.0,-16.77
2022-12-15 22:30:00,2022-12-15,22:30:00,349.938,349.0,0.0,0.0,0.0,0.0,-17.46
2022-12-15 23:00:00,2022-12-15,23:00:00,349.958,349.0,0.0,0.0,0.0,0.0,-18.79
2022-12-15 23:30:00,2022-12-15,23:30:00,349.979,349.0,0.0,0.0,0.0,0.0,-19.59
2022-12-16 00:00:00,2022-12-16,00:00:00,350.0,350.0,0.0,0.0,0.0,0.0,-19.56
2022-12-16 00:30:00,2022-12-16,00:30:00,350.021,350.0,0.0,0.0,0.0,0.0,-19.72
2022-12-16 01:00:00,2022-12-16,01:00:00,350.042,350.0,0.0,0.0,0.0,0.0,-18.58
2022-12-16 01:30:00,2022-12-16,01:30:00,350.062,350.0,0.0,0.0,0.0,0.0,-18.88
2022-12-16 02:00:00,2022-12-16,02:00:00,350.083,350.0,0.0,0.0,0.0,0.0,-19.38
2022-12-16 02:30:00,2022-12-16,02:30:00,350.104,350.0,0.0,0.0,0.0,0.0,-20.54
2022-12-16 03:00:00,2022-12-16,03:00:00,350.125,350.0,0.0,0.0,0.0,0.0,-20.53
2022-12-16 03:30:00,2022-12-16,03:30:00,350.146,350.0,0.0,0.0,0.0,0.0,-20.42
2022-12-16 04:00:00,2022-12-16,04:00:00,350.167,350.0,0.0,0.0,0.0,0.0,-21.06
2022-12-16 04:30:00,2022-12-16,04:30:00,350.188,350.0,0.0,0.0,0.0,0.0,-21.43
2022-12-16 05:00:00,2022-12-16,05:00:00,350.208,350.0,0.0,0.0,0.0,0.0,-21.63
2022-12-16 05:30:00,2022-12-16,05:30:00,350.229,350.0,0.0,0.0,0.0,0.0,-21.73
2022-12-16 06:00:00,2022-12-16,06:00:00,350.25,350.0,0.0,0.0,0.0,0.0,-21.7
2022-12-16 06:30:00,2022-12-16,06:30:00,350.271,350.0,0.0,0.0,0.0,0.0,-21.91
2022-12-16 07:00:00,2022-12-16,07:00:00,350.292,350.0,0.0,0.0,0.0,0.0,-21.94
2022-12-16 07:30:00,2022-12-16,07:30:00,350.312,350.0,0.0,0.0,0.0,0.0,-22.92
2022-12-16 08:00:00,2022-12-16,08:00:00,350.333,350.0,0.0,0.0,0.0,0.0,-21.15
2022-12-16 08:30:00,2022-12-16,08:30:00,350.354,350.0,0.0,0.0,0.0,0.0,-17.4
2022-12-16 09:00:00,2022-12-16,09:00:00,350.375,350.0,0.0,0.0,0.0,0.0,-17.94
2022-12-16 09:30:00,2022-12-16,09:30:00,350.396,350.0,0.0,0.0,0.0,0.0,-16.0
2022-12-16 10:00:00,2022-12-16,10:00:00,350.417,350.0,0.0,0.0,0.0,0.0,-12.89
2022-12-16 10:30:00,2022-12-16,10:30:00,350.438,350.0,0.0,0.0,0.0,0.0,-10.2
2022-12-16 11:00:00,2022-12-16,11:00:00,350.458,350.0,0.0,0.0,0.0,0.0,-7.64
2022-12-16 11:30:00,2022-12-16,11:30:00,350.479,350.0,0.0,0.0,0.0,0.0,-7.45
2022-12-16 12:00:00,2022-12-16,12:00:00,350.5,350.0,0.0,0.0,0.0,0.0,-5.54
2022-12-16 12:30:00,2022-12-16,12:30:00,350.521,350.0,0.0,0.0,0.0,0.0,-6.56
2022-12-16 13:00:00,2022-12-16,13:00:00,350.542,350.0,0.0,0.0,0.0,0.0,-8.67
2022-12-16 13:30:00,2022-12-16,13:30:00,350.562,350.0,0.0,0.0,0.0,0.0,-8.76
2022-12-16 14:00:00,2022-12-16,14:00:00,350.583,350.0,0.0,0.0,0.0,0.0,-10.8
2022-12-16 14:30:00,2022-12-16,14:30:00,350.604,350.0,0.0,0.0,0.0,0.0,-15.74
2022-12-16 15:00:00,2022-12-16,15:00:00,350.625,350.0,0.0,0.0,0.0,0.0,-17.62
2022-12-16 15:30:00,2022-12-16,15:30:00,350.646,350.0,0.0,0.0,0.0,0.0,-18.77
2022-12-16 16:00:00,2022-12-16,16:00:00,350.667,350.0,0.0,0.0,0.0,0.0,-18.92
2022-12-16 16:30:00,2022-12-16,16:30:00,350.688,350.0,0.0,0.0,0.0,0.0,-19.19
2022-12-16 17:00:00,2022-12-16,17:00:00,350.708,350.0,0.0,0.0,0.0,0.0,-20.39
2022-12-16 17:30:00,2022-12-16,17:30:00,350.729,350.0,0.0,0.0,0.0,0.0,-21.09
2022-12-16 18:00:00,2022-12-16,18:00:00,350.75,350.0,0.0,0.0,0.0,0.0,-21.09
2022-12-16 18:30:00,2022-12-16,18:30:00,350.771,350.0,0.0,0.0,0.0,0.0,-23.4
2022-12-16 19:00:00,2022-12-16,19:00:00,350.792,350.0,0.0,0.0,0.0,0.0,-24.81
2022-12-16 19:30:00,2022-12-16,19:30:00,350.812,350.0,0.0,0.0,0.0,0.0,-25.54
2022-12-16 20:00:00,2022-12-16,20:00:00,350.833,350.0,0.0,0.0,0.0,0.0,-26.8
2022-12-16 20:30:00,2022-12-16,20:30:00,350.854,350.0,0.0,0.0,0.0,0.0,-27.06
2022-12-16 21:00:00,2022-12-16,21:00:00,350.875,350.0,0.0,0.0,0.0,0.0,-26.92
2022-12-16 21:30:00,2022-12-16,21:30:00,350.896,350.0,0.0,0.0,0.0,0.0,-27.28
2022-12-16 22:00:00,2022-12-16,22:00:00,350.917,350.0,0.0,0.0,0.0,0.0,-27.33
2022-12-16 22:30:00,2022-12-16,22:30:00,350.938,350.0,0.0,0.0,0.0,0.0,-28.25
2022-12-16 23:00:00,2022-12-16,23:00:00,350.958,350.0,0.0,0.0,0.0,0.0,-28.5
2022-12-16 23:30:00,2022-12-16,23:30:00,350.979,350.0,0.0,0.0,0.0,0.0,-28.19
2022-12-17 00:00:00,2022-12-17,00:00:00,351.0,351.0,0.0,0.0,0.0,0.0,-28.29
2022-12-17 00:30:00,2022-12-17,00:30:00,351.021,351.0,0.0,0.0,0.0,0.0,-28.47
2022-12-17 01:00:00,2022-12-17,01:00:00,351.042,351.0,0.0,0.0,0.0,0.0,-28.56
2022-12-17 01:30:00,2022-12-17,01:30:00,351.062,351.0,0.0,0.0,0.0,0.0,-28.56
2022-12-17 02:00:00,2022-12-17,02:00:00,351.083,351.0,0.0,0.0,0.0,0.0,-28.82
2022-12-17 02:30:00,2022-12-17,02:30:00,351.104,351.0,0.0,0.0,0.0,0.0,-28.82
2022-12-17 03:00:00,2022-12-17,03:00:00,351.125,351.0,0.0,0.0,0.0,0.0,-28.23
2022-12-17 03:30:00,2022-12-17,03:30:00,351.146,351.0,0.0,0.0,0.0,0.0,-28.65
2022-12-17 04:00:00,2022-12-17,04:00:00,351.167,351.0,0.0,0.0,0.0,0.0,-28.29
2022-12-17 04:30:00,2022-12-17,04:30:00,351.188,351.0,0.0,0.0,0.0,0.0,-28.62
2022-12-17 05:00:00,2022-12-17,05:00:00,351.208,351.0,0.0,0.0,0.0,0.0,-29.05
2022-12-17 05:30:00,2022-12-17,05:30:00,351.229,351.0,0.0,0.0,0.0,0.0,-28.33
2022-12-17 06:00:00,2022-12-17,06:00:00,351.25,351.0,0.0,0.0,0.0,0.0,-28.46
2022-12-17 06:30:00,2022-12-17,06:30:00,351.271,351.0,0.0,0.0,0.0,0.0,-28.54
2022-12-17 07:00:00,2022-12-17,07:00:00,351.292,351.0,0.0,0.0,0.0,0.0,-28.75
2022-12-17 07:30:00,2022-12-17,07:30:00,351.312,351.0,0.0,0.0,0.0,0.0,-27.58
2022-12-17 08:00:00,2022-12-17,08:00:00,351.333,351.0,0.0,0.0,0.0,0.0,-25.18
2022-12-17 08:30:00,2022-12-17,08:30:00,351.354,351.0,0.0,0.0,0.0,0.0,-21.58
2022-12-17 09:00:00,2022-12-17,09:00:00,351.375,351.0,0.0,0.0,0.0,0.0,-17.26
2022-12-17 09:30:00,2022-12-17,09:30:00,351.396,351.0,0.0,0.0,0.0,0.0,-14.99
2022-12-17 10:00:00,2022-12-17,10:00:00,351.417,351.0,0.0,0.0,0.0,0.0,-12.98
2022-12-17 10:30:00,2022-12-17,10:30:00,351.438,351.0,0.0,0.0,0.0,0.0,-10.48
2022-12-17 11:00:00,2022-12-17,11:00:00,351.458,351.0,0.0,0.0,0.0,0.0,-7.68
2022-12-17 11:30:00,2022-12-17,11:30:00,351.479,351.0,0.0,0.0,0.0,0.0,-6.14
2022-12-17 12:00:00,2022-12-17,12:00:00,351.5,351.0,0.0,0.0,0.0,0.0,-3.95
2022-12-17 12:30:00,2022-12-17,12:30:00,351.521,351.0,0.0,0.0,0.0,0.0,-3.23
2022-12-17 13:00:00,2022-12-17,13:00:00,351.542,351.0,0.0,0.0,0.0,0.0,-3.97
2022-12-17 13:30:00,2022-12-17,13:30:00,351.562,351.0,0.0,0.0,0.0,0.0,-5.15
2022-12-17 14:00:00,2022-12-17,14:00:00,351.583,351.0,0.0,0.0,0.0,0.0,-6.31
2022-12-17 14:30:00,2022-12-17,14:30:00,351.604,351.0,0.0,0.0,0.0,0.0,-13.56
2022-12-17 15:00:00,2022-12-17,15:00:00,351.625,351.0,0.0,0.0,0.0,0.0,-16.75
2022-12-17 15:30:00,2022-12-17,15:30:00,351.646,351.0,0.0,0.0,0.0,0.0,-18.06
2022-12-17 16:00:00,2022-12-17,16:00:00,351.667,351.0,0.0,0.0,0.0,0.0,-19.79
2022-12-17 16:30:00,2022-12-17,16:30:00,351.688,351.0,0.0,0.0,0.0,0.0,-20.31
2022-12-17 17:00:00,2022-12-17,17:00:00,351.708,351.0,0.0,0.0,0.0,0.0,-21.04
2022-12-17 17:30:00,2022-12-17,17:30:00,351.729,351.0,0.0,0.0,0.0,0.0,-21.25
2022-12-17 18:00:00,2022-12-17,18:00:00,351.75,351.0,0.0,0.0,0.0,0.0,-21.89
2022-12-17 18:30:00,2022-12-17,18:30:00,351.771,351.0,0.0,0.0,0.0,0.0,-22.23
2022-12-17 19:00:00,2022-12-17,19:00:00,351.792,351.0,0.0,0.0,0.0,0.0,-22.88
2022-12-17 19:30:00,2022-12-17,19:30:00,351.812,351.0,0.0,0.0,0.0,0.0,-23.17
2022-12-17 20:00:00,2022-12-17,20:00:00,351.833,351.0,0.0,0.0,0.0,0.0,-23.57
2022-12-17 20:30:00,2022-12-17,20:30:00,351.854,351.0,0.0,0.0,0.0,0.0,-23.63
2022-12-17 21:00:00,2022-12-17,21:00:00,351.875,351.0,0.0,0.0,0.0,0.0,-24.07
2022-12-17 21:30:00,2022-12-17,21:30:00,351.896,351.0,0.0,0.0,0.0,0.0,-23.76
2022-12-17 22:00:00,2022-12-17,22:00:00,351.917,351.0,0.0,0.0,0.0,0.0,-24.45
2022-12-17 22:30:00,2022-12-17,22:30:00,351.938,351.0,0.0,0.0,0.0,0.0,-24.6
2022-12-17 23:00:00,2022-12-17,23:00:00,351.958,351.0,0.0,0.0,0.0,0.0,-25.04
2022-12-17 23:30:00,2022-12-17,23:30:00,351.979,351.0,0.0,0.0,0.0,0.0,-25.09
2022-12-18 00:00:00,2022-12-18,00:00:00,352.0,352.0,0.0,0.0,0.0,0.0,-25.36
2022-12-18 00:30:00,2022-12-18,00:30:00,352.021,352.0,0.0,0.0,0.0,0.0,-25.3
2022-12-18 01:00:00,2022-12-18,01:00:00,352.042,352.0,0.0,0.0,0.0,0.0,-25.5
2022-12-18 01:30:00,2022-12-18,01:30:00,352.062,352.0,0.0,0.0,0.0,0.0,-25.58
2022-12-18 02:00:00,2022-12-18,02:00:00,352.083,352.0,0.0,0.0,0.0,0.0,-25.7
2022-12-18 02:30:00,2022-12-18,02:30:00,352.104,352.0,0.0,0.0,0.0,0.0,-25.81
2022-12-18 03:00:00,2022-12-18,03:00:00,352.125,352.0,0.0,0.0,0.0,0.0,-26.42
2022-12-18 03:30:00,2022-12-18,03:30:00,352.146,352.0,0.0,0.0,0.0,0.0,-26.32
2022-12-18 04:00:00,2022-12-18,04:00:00,352.167,352.0,0.0,0.0,0.0,0.0,-25.94
2022-12-18 04:30:00,2022-12-18,04:30:00,352.188,352.0,0.0,0.0,0.0,0.0,-25.82
2022-12-18 05:00:00,2022-12-18,05:00:00,352.208,352.0,0.0,0.0,0.0,0.0,-26.05
2022-12-18 05:30:00,2022-12-18,05:30:00,352.229,352.0,0.0,0.0,0.0,0.0,-25.9
2022-12-18 06:00:00,2022-12-18,06:00:00,352.25,352.0,0.0,0.0,0.0,0.0,-26.51
2022-12-18 06:30:00,2022-12-18,06:30:00,352.271,352.0,0.0,0.0,0.0,0.0,-25.95
2022-12-18 07:00:00,2022-12-18,07:00:00,352.292,352.0,0.0,0.0,0.0,0.0,-25.91
2022-12-18 07:30:00,2022-12-18,07:30:00,352.312,352.0,0.0,0.0,0.0,0.0,-25.23
2022-12-18 08:00:00,2022-12-18,08:00:00,352.333,352.0,0.0,0.0,0.0,0.0,-23.05
2022-12-18 08:30:00,2022-12-18,08:30:00,352.354,352.0,0.0,0.0,0.0,0.0,-20.86
2022-12-18 09:00:00,2022-12-18,09:00:00,352.375,352.0,0.0,0.0,0.0,0.0,-15.88
2022-12-18 09:30:00,2022-12-18,09:30:00,352.396,352.0,0.0,0.0,0.0,0.0,-13.1
2022-12-18 10:00:00,2022-12-18,10:00:00,352.417,352.0,0.0,0.0,0.0,0.0,-10.86
2022-12-18 10:30:00,2022-12-18,10:30:00,352.438,352.0,0.0,0.0,0.0,0.0,-8.6
2022-12-18 11:00:00,2022-12-18,11:00:00,352.458,352.0,0.0,0.0,0.0,0.0,-5.47
2022-12-18 11:30:00,2022-12-18,11:30:00,352.479,352.0,0.0,0.0,0.0,0.0,-3.79
2022-12-18 12:00:00,2022-12-18,12:00:00,352.5,352.0,0.0,0.0,0.0,0.0,-2.56
2022-12-18 12:30:00,2022-12-18,12:30:00,352.521,352.0,0.0,0.0,0.0,0.0,-2.28
2022-12-18 13:00:00,2022-12-18,13:00:00,352.542,352.0,0.0,0.0,0.0,0.0,-2.02
2022-12-18 13:30:00,2022-12-18,13:30:00,352.562,352.0,0.0,0.0,0.0,0.0,-3.71
2022-12-18 14:00:00,2022-12-18,14:00:00,352.583,352.0,0.0,0.0,0.0,0.0,-4.25
2022-12-18 14:30:00,2022-12-18,14:30:00,352.604,352.0,0.0,0.0,0.0,0.0,-10.64
2022-12-18 15:00:00,2022-12-18,15:00:00,352.625,352.0,0.0,0.0,0.0,0.0,-13.24
2022-12-18 15:30:00,2022-12-18,15:30:00,352.646,352.0,0.0,0.0,0.0,0.0,-14.89
2022-12-18 16:00:00,2022-12-18,16:00:00,352.667,352.0,0.0,0.0,0.0,0.0,-16.17
2022-12-18 16:30:00,2022-12-18,16:30:00,352.688,352.0,0.0,0.0,0.0,0.0,-17.16
2022-12-18 17:00:00,2022-12-18,17:00:00,352.708,352.0,0.0,0.0,0.0,0.0,-18.05
2022-12-18 17:30:00,2022-12-18,17:30:00,352.729,352.0,0.0,0.0,0.0,0.0,-18.78
2022-12-18 18:00:00,2022-12-18,18:00:00,352.75,352.0,0.0,0.0,0.0,0.0,-18.99
2022-12-18 18:30:00,2022-12-18,18:30:00,352.771,352.0,0.0,0.0,0.0,0.0,-19.36
2022-12-18 19:00:00,2022-12-18,19:00:00,352.792,352.0,0.0,0.0,0.0,0.0,-18.99
2022-12-18 19:30:00,2022-12-18,19:30:00,352.812,352.0,0.0,0.0,0.0,0.0,-19.5
2022-12-18 20:00:00,2022-12-18,20:00:00,352.833,352.0,0.0,0.0,0.0,0.0,-20.1
2022-12-18 20:30:00,2022-12-18,20:30:00,352.854,352.0,0.0,0.0,0.0,0.0,-20.17
2022-12-18 21:00:00,2022-12-18,21:00:00,352.875,352.0,0.0,0.0,0.0,0.0,-20.5
2022-12-18 21:30:00,2022-12-18,21:30:00,352.896,352.0,0.0,0.0,0.0,0.0,-20.96
2022-12-18 22:00:00,2022-12-18,22:00:00,352.917,352.0,0.0,0.0,0.0,0.0,-20.88
2022-12-18 22:30:00,2022-12-18,22:30:00,352.938,352.0,0.0,0.0,0.0,0.0,-21.17
2022-12-18 23:00:00,2022-12-18,23:00:00,352.958,352.0,0.0,0.0,0.0,0.0,-21.32
2022-12-18 23:30:00,2022-12-18,23:30:00,352.979,352.0,0.0,0.0,0.0,0.0,-21.72
2022-12-19 00:00:00,2022-12-19,00:00:00,353.0,353.0,0.0,0.0,0.0,0.0,-21.8
2022-12-19 00:30:00,2022-12-19,00:30:00,353.021,353.0,0.0,0.0,0.0,0.0,-21.76
2022-12-19 01:00:00,2022-12-19,01:00:00,353.042,353.0,0.0,0.0,0.0,0.0,-22.11
2022-12-19 01:30:00,2022-12-19,01:30:00,353.062,353.0,0.0,0.0,0.0,0.0,-22.48
2022-12-19 02:00:00,2022-12-19,02:00:00,353.083,353.0,0.0,0.0,0.0,0.0,-22.47
2022-12-19 02:30:00,2022-12-19,02:30:00,353.104,353.0,0.0,0.0,0.0,0.0,-23.41
2022-12-19 03:00:00,2022-12-19,03:00:00,353.125,353.0,0.0,0.0,0.0,0.0,-23.48
2022-12-19 03:30:00,2022-12-19,03:30:00,353.146,353.0,0.0,0.0,0.0,0.0,-23.56
2022-12-19 04:00:00,2022-12-19,04:00:00,353.167,353.0,0.0,0.0,0.0,0.0,-23.71
2022-12-19 04:30:00,2022-12-19,04:30:00,353.188,353.0,0.0,0.0,0.0,0.0,-24.1
2022-12-19 05:00:00,2022-12-19,05:00:00,353.208,353.0,0.0,0.0,0.0,0.0,-23.56
2022-12-19 05:30:00,2022-12-19,05:30:00,353.229,353.0,0.0,0.0,0.0,0.0,-24.14
2022-12-19 06:00:00,2022-12-19,06:00:00,353.25,353.0,0.0,0.0,0.0,0.0,-24.08
2022-12-19 06:30:00,2022-12-19,06:30:00,353.271,353.0,0.0,0.0,0.0,0.0,-24.41
2022-12-19 07:00:00,2022-12-19,07:00:00,353.292,353.0,0.0,0.0,0.0,0.0,-24.28
2022-12-19 07:30:00,2022-12-19,07:30:00,353.312,353.0,0.0,0.0,0.0,0.0,-23.3
2022-12-19 08:00:00,2022-12-19,08:00:00,353.333,353.0,0.0,0.0,0.0,0.0,-21.55
2022-12-19 08:30:00,2022-12-19,08:30:00,353.354,353.0,0.0,0.0,0.0,0.0,-18.01
2022-12-19 09:00:00,2022-12-19,09:00:00,353.375,353.0,0.0,0.0,0.0,0.0,-14.15
2022-12-19 09:30:00,2022-12-19,09:30:00,353.396,353.0,0.0,0.0,0.0,0.0,-10.39
2022-12-19 10:00:00,2022-12-19,10:00:00,353.417,353.0,0.0,0.0,0.0,0.0,-7.46
2022-12-19 10:30:00,2022-12-19,10:30:00,353.438,353.0,0.0,0.0,0.0,0.0,-4.25
2022-12-19 11:00:00,2022-12-19,11:00:00,353.458,353.0,0.0,0.0,0.0,0.0,-2.89
2022-12-19 11:30:00,2022-12-19,11:30:00,353.479,353.0,0.0,0.0,0.0,0.0,-3.37
2022-12-19 12:00:00,2022-12-19,12:00:00,353.5,353.0,0.0,0.0,0.0,0.0,-2.07
2022-12-19 12:30:00,2022-12-19,12:30:00,353.521,353.0,0.0,0.0,0.0,0.0,-3.32
2022-12-19 13:00:00,2022-12-19,13:00:00,353.542,353.0,0.0,0.0,0.0,0.0,-3.52
2022-12-19 13:30:00,2022-12-19,13:30:00,353.562,353.0,0.0,0.0,0.0,0.0,-4.74
2022-12-19 14:00:00,2022-12-19,14:00:00,353.583,353.0,0.0,0.0,0.0,0.0,-4.65
2022-12-19 14:30:00,2022-12-19,14:30:00,353.604,353.0,0.0,0.0,0.0,0.0,-11.48
2022-12-19 15:00:00,2022-12-19,15:00:00,353.625,353.0,0.0,0.0,0.0,0.0,-14.58
2022-12-19 15:30:00,2022-12-19,15:30:00,353.646,353.0,0.0,0.0,0.0,0.0,-15.79
2022-12-19 16:00:00,2022-12-19,16:00:00,353.667,353.0,0.0,0.0,0.0,0.0,-16.62
2022-12-19 16:30:00,2022-12-19,16:30:00,353.688,353.0,0.0,0.0,0.0,0.0,-17.57
2022-12-19 17:00:00,2022-12-19,17:00:00,353.708,353.0,0.0,0.0,0.0,0.0,-18.53
2022-12-19 17:30:00,2022-12-19,17:30:00,353.729,353.0,0.0,0.0,0.0,0.0,-19.08
2022-12-19 18:00:00,2022-12-19,18:00:00,353.75,353.0,0.0,0.0,0.0,0.0,-18.31
2022-12-19 18:30:00,2022-12-19,18:30:00,353.771,353.0,0.0,0.0,0.0,0.0,-19.05
2022-12-19 19:00:00,2022-12-19,19:00:00,353.792,353.0,0.0,0.0,0.0,0.0,-19.23
2022-12-19 19:30:00,2022-12-19,19:30:00,353.812,353.0,0.0,0.0,0.0,0.0,-19.49
2022-12-19 20:00:00,2022-12-19,20:00:00,353.833,353.0,0.0,0.0,0.0,0.0,-20.35
2022-12-19 20:30:00,2022-12-19,20:30:00,353.854,353.0,0.0,0.0,0.0,0.0,-20.42
2022-12-19 21:00:00,2022-12-19,21:00:00,353.875,353.0,0.0,0.0,0.0,0.0,-20.48
2022-12-19 21:30:00,2022-12-19,21:30:00,353.896,353.0,0.0,0.0,0.0,0.0,-20.96
2022-12-19 22:00:00,2022-12-19,22:00:00,353.917,353.0,0.0,0.0,0.0,0.0,-21.17
2022-12-19 22:30:00,2022-12-19,22:30:00,353.938,353.0,0.0,0.0,0.0,0.0,-21.56
2022-12-19 23:00:00,2022-12-19,23:00:00,353.958,353.0,0.0,0.0,0.0,0.0,-21.94
2022-12-19 23:30:00,2022-12-19,23:30:00,353.979,353.0,0.0,0.0,0.0,0.0,-21.63
2022-12-20 00:00:00,2022-12-20,00:00:00,354.0,354.0,0.0,0.0,0.0,0.0,-21.58
2022-12-20 00:30:00,2022-12-20,00:30:00,354.021,354.0,0.0,0.0,0.0,0.0,-22.01
2022-12-20 01:00:00,2022-12-20,01:00:00,354.042,354.0,0.0,0.0,0.0,0.0,-21.84
2022-12-20 01:30:00,2022-12-20,01:30:00,354.062,354.0,0.0,0.0,0.0,0.0,-22.36
2022-12-20 02:00:00,2022-12-20,02:00:00,354.083,354.0,0.0,0.0,0.0,0.0,-22.52
2022-12-20 02:30:00,2022-12-20,02:30:00,354.104,354.0,0.0,0.0,0.0,0.0,-23.05
2022-12-20 03:00:00,2022-12-20,03:00:00,354.125,354.0,0.0,0.0,0.0,0.0,-22.91
2022-12-20 03:30:00,2022-12-20,03:30:00,354.146,354.0,0.0,0.0,0.0,0.0,-23.2
2022-12-20 04:00:00,2022-12-20,04:00:00,354.167,354.0,0.0,0.0,0.0,0.0,-23.58
2022-12-20 04:30:00,2022-12-20,04:30:00,354.188,354.0,0.0,0.0,0.0,0.0,-23.44
2022-12-20 05:00:00,2022-12-20,05:00:00,354.208,354.0,0.0,0.0,0.0,0.0,-23.42
2022-12-20 05:30:00,2022-12-20,05:30:00,354.229,354.0,0.0,0.0,0.0,0.0,-23.39
2022-12-20 06:00:00,2022-12-20,06:00:00,354.25,354.0,0.0,0.0,0.0,0.0,-23.19
2022-12-20 06:30:00,2022-12-20,06:30:00,354.271,354.0,0.0,0.0,0.0,0.0,-23.36
2022-12-20 07:00:00,2022-12-20,07:00:00,354.292,354.0,0.0,0.0,0.0,0.0,-23.12
2022-12-20 07:30:00,2022-12-20,07:30:00,354.312,354.0,0.0,0.0,0.0,0.0,-22.73
2022-12-20 08:00:00,2022-12-20,08:00:00,354.333,354.0,0.0,0.0,0.0,0.0,-20.25
2022-12-20 08:30:00,2022-12-20,08:30:00,354.354,354.0,0.0,0.0,0.0,0.0,-16.78
2022-12-20 09:00:00,2022-12-20,09:00:00,354.375,354.0,0.0,0.0,0.0,0.0,-13.22
2022-12-20 09:30:00,2022-12-20,09:30:00,354.396,354.0,0.0,0.0,0.0,0.0,-8.52
2022-12-20 10:00:00,2022-12-20,10:00:00,354.417,354.0,0.0,0.0,0.0,0.0,-6.16
2022-12-20 10:30:00,2022-12-20,10:30:00,354.438,354.0,0.0,0.0,0.0,0.0,-4.64
2022-12-20 11:00:00,2022-12-20,11:00:00,354.458,354.0,0.0,0.0,0.0,0.0,-3.88
2022-12-20 11:30:00,2022-12-20,11:30:00,354.479,354.0,0.0,0.0,0.0,0.0,-3.54
2022-12-20 12:00:00,2022-12-20,12:00:00,354.5,354.0,0.0,0.0,0.0,0.0,-1.89
2022-12-20 12:30:00,2022-12-20,12:30:00,354.521,354.0,0.0,0.0,0.0,0.0,-1.59
2022-12-20 13:00:00,2022-12-20,13:00:00,354.542,354.0,0.0,0.0,0.0,0.0,-3.61
2022-12-20 13:30:00,2022-12-20,13:30:00,354.562,354.0,0.0,0.0,0.0,0.0,-5.1
2022-12-20 14:00:00,2022-12-20,14:00:00,354.583,354.0,0.0,0.0,0.0,0.0,-5.61
2022-12-20 14:30:00,2022-12-20,14:30:00,354.604,354.0,0.0,0.0,0.0,0.0,-6.41
2022-12-20 15:00:00,2022-12-20,15:00:00,354.625,354.0,0.0,0.0,0.0,0.0,-7.37
2022-12-20 15:30:00,2022-12-20,15:30:00,354.646,354.0,0.0,0.0,0.0,0.0,-7.88
2022-12-20 16:00:00,2022-12-20,16:00:00,354.667,354.0,0.0,0.0,0.0,0.0,-8.41
2022-12-20 16:30:00,2022-12-20,16:30:00,354.688,354.0,0.0,0.0,0.0,0.0,-8.95
2022-12-20 17:00:00,2022-12-20,17:00:00,354.708,354.0,0.0,0.0,0.0,0.0,-8.8
2022-12-20 17:30:00,2022-12-20,17:30:00,354.729,354.0,0.0,0.0,0.0,0.0,-9.74
2022-12-20 18:00:00,2022-12-20,18:00:00,354.75,354.0,0.0,0.0,0.0,0.0,-10.09
2022-12-20 18:30:00,2022-12-20,18:30:00,354.771,354.0,0.0,0.0,0.0,0.0,-9.9
2022-12-20 19:00:00,2022-12-20,19:00:00,354.792,354.0,0.12,0.0,0.35,0.0,-9.67
2022-12-20 19:30:00,2022-12-20,19:30:00,354.812,354.0,0.11,0.0,0.33,0.0,-9.45
2022-12-20 20:00:00,2022-12-20,20:00:00,354.833,354.0,0.08,0.0,0.23,0.0,-9.46
2022-12-20 20:30:00,2022-12-20,20:30:00,354.854,354.0,0.0,0.0,0.0,0.0,-9.6
2022-12-20 21:00:00,2022-12-20,21:00:00,354.875,354.0,0.0,0.0,0.0,0.0,-9.77
2022-12-20 21:30:00,2022-12-20,21:30:00,354.896,354.0,0.0,0.0,0.0,0.0,-9.36
2022-12-20 22:00:00,2022-12-20,22:00:00,354.917,354.0,0.0,0.0,0.0,0.0,-9.12
2022-12-20 22:30:00,2022-12-20,22:30:00,354.938,354.0,0.1,0.0,0.31,0.0,-8.89
2022-12-20 23:00:00,2022-12-20,23:00:00,354.958,354.0,0.07,0.0,0.22,0.0,-8.92
2022-12-20 23:30:00,2022-12-20,23:30:00,354.979,354.0,0.0,0.0,0.0,0.0,-8.92
2022-12-21 00:00:00,2022-12-21,00:00:00,355.0,355.0,0.0,0.0,0.0,0.0,-8.93
2022-12-21 00:30:00,2022-12-21,00:30:00,355.021,355.0,0.0,0.0,0.0,0.0,-10.01
2022-12-21 01:00:00,2022-12-21,01:00:00,355.042,355.0,0.0,0.0,0.0,0.0,-9.71
2022-12-21 01:30:00,2022-12-21,01:30:00,355.062,355.0,0.0,0.0,0.0,0.0,-9.82
2022-12-21 02:00:00,2022-12-21,02:00:00,355.083,355.0,0.0,0.0,0.0,0.0,-10.09
2022-12-21 02:30:00,2022-12-21,02:30:00,355.104,355.0,0.0,0.0,0.0,0.0,-10.24
2022-12-21 03:00:00,2022-12-21,03:00:00,355.125,355.0,0.0,0.0,0.0,0.0,-10.38
2022-12-21 03:30:00,2022-12-21,03:30:00,355.146,355.0,0.0,0.0,0.0,0.0,-10.7
2022-12-21 04:00:00,2022-12-21,04:00:00,355.167,355.0,0.0,0.0,0.0,0.0,-10.86
2022-12-21 04:30:00,2022-12-21,04:30:00,355.188,355.0,0.0,0.0,0.0,0.0,-11.04
2022-12-21 05:00:00,2022-12-21,05:00:00,355.208,355.0,0.0,0.0,0.0,0.0,-10.3
2022-12-21 05:30:00,2022-12-21,05:30:00,355.229,355.0,0.0,0.0,0.0,0.0,-9.68
2022-12-21 06:00:00,2022-12-21,06:00:00,355.25,355.0,0.0,0.0,0.0,0.0,-9.02
2022-12-21 06:30:00,2022-12-21,06:30:00,355.271,355.0,0.0,0.0,0.0,0.0,-8.76
2022-12-21 07:00:00,2022-12-21,07:00:00,355.292,355.0,0.0,0.0,0.0,0.0,-9.05
2022-12-21 07:30:00,2022-12-21,07:30:00,355.312,355.0,0.0,0.0,0.0,0.0,-9.4
2022-12-21 08:00:00,2022-12-21,08:00:00,355.333,355.0,0.0,0.0,0.0,0.0,-9.2
2022-12-21 08:30:00,2022-12-21,08:30:00,355.354,355.0,0.0,0.0,0.0,0.0,-6.74
2022-12-21 09:00:00,2022-12-21,09:00:00,355.375,355.0,0.0,0.0,0.0,0.0,-4.53
2022-12-21 09:30:00,2022-12-21,09:30:00,355.396,355.0,0.0,0.0,0.0,0.0,-3.51
2022-12-21 10:00:00,2022-12-21,10:00:00,355.417,355.0,0.0,0.0,0.0,0.0,-4.94
2022-12-21 10:30:00,2022-12-21,10:30:00,355.438,355.0,0.0,0.0,0.0,0.0,-4.58
2022-12-21 11:00:00,2022-12-21,11:00:00,355.458,355.0,0.0,0.0,0.0,0.0,-4.28
2022-12-21 11:30:00,2022-12-21,11:30:00,355.479,355.0,0.0,0.0,0.0,0.0,-4.24
2022-12-21 12:00:00,2022-12-21,12:00:00,355.5,355.0,0.0,0.0,0.0,0.0,-4.65
2022-12-21 12:30:00,2022-12-21,12:30:00,355.521,355.0,0.0,0.0,0.0,0.0,-5.0
2022-12-21 13:00:00,2022-12-21,13:00:00,355.542,355.0,0.0,0.0,0.0,0.0,-5.59
2022-12-21 13:30:00,2022-12-21,13:30:00,355.562,355.0,0.0,0.0,0.0,0.0,-5.73
2022-12-21 14:00:00,2022-12-21,14:00:00,355.583,355.0,0.0,0.0,0.0,0.0,-6.0
2022-12-21 14:30:00,2022-12-21,14:30:00,355.604,355.0,0.0,0.0,0.0,0.0,-6.34
2022-12-21 15:00:00,2022-12-21,15:00:00,355.625,355.0,0.0,0.0,0.0,0.0,-6.49
2022-12-21 15:30:00,2022-12-21,15:30:00,355.646,355.0,0.0,0.0,0.0,0.0,-6.62
2022-12-21 16:00:00,2022-12-21,16:00:00,355.667,355.0,0.0,0.0,0.0,0.0,-6.84
2022-12-21 16:30:00,2022-12-21,16:30:00,355.688,355.0,0.15,0.0,0.44,0.0,-7.11
2022-12-21 17:00:00,2022-12-21,17:00:00,355.708,355.0,0.16,0.0,0.48,0.0,-7.04
2022-12-21 17:30:00,2022-12-21,17:30:00,355.729,355.0,0.0,0.0,0.0,0.0,-6.86
2022-12-21 18:00:00,2022-12-21,18:00:00,355.75,355.0,0.0,0.0,0.0,0.0,-6.95
2022-12-21 18:30:00,2022-12-21,18:30:00,355.771,355.0,0.29,0.0,0.88,0.0,-6.94
2022-12-21 19:00:00,2022-12-21,19:00:00,355.792,355.0,0.4,0.37,0.58,0.25,-7.0
2022-12-21 19:30:00,2022-12-21,19:30:00,355.812,355.0,0.19,0.0,0.58,0.0,-7.03
2022-12-21 20:00:00,2022-12-21,20:00:00,355.833,355.0,0.0,0.0,0.0,0.0,-7.33
2022-12-21 20:30:00,2022-12-21,20:30:00,355.854,355.0,0.0,0.0,0.0,0.0,-7.5
2022-12-21 21:00:00,2022-12-21,21:00:00,355.875,355.0,0.0,0.0,0.0,0.0,-7.36
2022-12-21 21:30:00,2022-12-21,21:30:00,355.896,355.0,0.0,0.0,0.0,0.0,-7.58
2022-12-21 22:00:00,2022-12-21,22:00:00,355.917,355.0,0.11,0.0,0.33,0.0,-7.95
2022-12-21 22:30:00,2022-12-21,22:30:00,355.938,355.0,0.6,0.4,1.15,0.27,-8.09
2022-12-21 23:00:00,2022-12-21,23:00:00,355.958,355.0,0.48,0.51,0.6,0.34,-8.4
2022-12-21 23:30:00,2022-12-21,23:30:00,355.979,355.0,0.32,0.32,0.42,0.21,-8.55
2022-12-22 00:00:00,2022-12-22,00:00:00,356.0,356.0,0.18,0.0,0.53,0.0,-8.48
2022-12-22 00:30:00,2022-12-22,00:30:00,356.021,356.0,0.48,0.0,1.44,0.0,-8.58
2022-12-22 01:00:00,2022-12-22,01:00:00,356.042,356.0,0.19,0.29,0.0,0.27,-8.65
2022-12-22 01:30:00,2022-12-22,01:30:00,356.062,356.0,0.15,0.24,0.0,0.22,-8.93
2022-12-22 02:00:00,2022-12-22,02:00:00,356.083,356.0,0.49,0.44,0.63,0.4,-9.02
2022-12-22 02:30:00,2022-12-22,02:30:00,356.104,356.0,0.2,0.31,0.0,0.28,-9.1
2022-12-22 03:00:00,2022-12-22,03:00:00,356.125,356.0,0.19,0.3,0.0,0.27,-9.38
2022-12-22 03:30:00,2022-12-22,03:30:00,356.146,356.0,0.0,0.0,0.0,0.0,-9.63
2022-12-22 04:00:00,2022-12-22,04:00:00,356.167,356.0,0.17,0.26,0.0,0.24,-9.75
2022-12-22 04:30:00,2022-12-22,04:30:00,356.188,356.0,0.28,0.44,0.0,0.4,-10.14
2022-12-22 05:00:00,2022-12-22,05:00:00,356.208,356.0,0.51,0.38,0.81,0.35,-10.51
2022-12-22 05:30:00,2022-12-22,05:30:00,356.229,356.0,0.35,0.4,0.31,0.36,-10.85
2022-12-22 06:00:00,2022-12-22,06:00:00,356.25,356.0,0.24,0.37,0.0,0.34,-11.06
2022-12-22 06:30:00,2022-12-22,06:30:00,356.271,356.0,0.0,0.0,0.0,0.0,-11.57
2022-12-22 07:00:00,2022-12-22,07:00:00,356.292,356.0,0.0,0.0,0.0,0.0,-12.35
2022-12-22 07:30:00,2022-12-22,07:30:00,356.312,356.0,0.19,0.3,0.0,0.28,-12.97
2022-12-22 08:00:00,2022-12-22,08:00:00,356.333,356.0,0.0,0.0,0.0,0.0,-13.08
2022-12-22 08:30:00,2022-12-22,08:30:00,356.354,356.0,0.0,0.0,0.0,0.0,-13.08
2022-12-22 09:00:00,2022-12-22,09:00:00,356.375,356.0,2.22,2.27,2.34,2.06,-12.29
2022-12-22 09:30:00,2022-12-22,09:30:00,356.396,356.0,0.14,0.23,0.0,0.21,-10.54
2022-12-22 10:00:00,2022-12-22,10:00:00,356.417,356.0,0.0,0.0,0.0,0.0,-8.2
2022-12-22 10:30:00,2022-12-22,10:30:00,356.438,356.0,0.0,0.0,0.0,0.0,-7.7
2022-12-22 11:00:00,2022-12-22,11:00:00,356.458,356.0,0.0,0.0,0.0,0.0,-8.93
2022-12-22 11:30:00,2022-12-22,11:30:00,356.479,356.0,0.0,0.0,0.0,0.0,-8.61
2022-12-22 12:00:00,2022-12-22,12:00:00,356.5,356.0,0.0,0.0,0.0,0.0,-7.05
2022-12-22 12:30:00,2022-12-22,12:30:00,356.521,356.0,0.0,0.0,0.0,0.0,-6.29
2022-12-22 13:00:00,2022-12-22,13:00:00,356.542,356.0,0.0,0.0,0.0,0.0,-7.43
2022-12-22 13:30:00,2022-12-22,13:30:00,356.562,356.0,0.0,0.0,0.0,0.0,-6.72
2022-12-22 14:00:00,2022-12-22,14:00:00,356.583,356.0,0.0,0.0,0.0,0.0,-7.54
2022-12-22 14:30:00,2022-12-22,14:30:00,356.604,356.0,0.0,0.0,0.0,0.0,-11.33
2022-12-22 15:00:00,2022-12-22,15:00:00,356.625,356.0,0.0,0.0,0.0,0.0,-11.95
2022-12-22 15:30:00,2022-12-22,15:30:00,356.646,356.0,0.0,0.0,0.0,0.0,-11.8
2022-12-22 16:00:00,2022-12-22,16:00:00,356.667,356.0,0.0,0.0,0.0,0.0,-11.89
2022-12-22 16:30:00,2022-12-22,16:30:00,356.688,356.0,0.0,0.0,0.0,0.0,-11.69
2022-12-22 17:00:00,2022-12-22,17:00:00,356.708,356.0,0.0,0.0,0.0,0.0,-11.42
2022-12-22 17:30:00,2022-12-22,17:30:00,356.729,356.0,0.0,0.0,0.0,0.0,-11.69
2022-12-22 18:00:00,2022-12-22,18:00:00,356.75,356.0,0.0,0.0,0.0,0.0,-10.88
2022-12-22 18:30:00,2022-12-22,18:30:00,356.771,356.0,0.0,0.0,0.0,0.0,-11.76
2022-12-22 19:00:00,2022-12-22,19:00:00,356.792,356.0,0.0,0.0,0.0,0.0,-11.86
2022-12-22 19:30:00,2022-12-22,19:30:00,356.812,356.0,0.0,0.0,0.0,0.0,-10.59
2022-12-22 20:00:00,2022-12-22,20:00:00,356.833,356.0,0.0,0.0,0.0,0.0,-9.88
2022-12-22 20:30:00,2022-12-22,20:30:00,356.854,356.0,0.0,0.0,0.0,0.0,-10.06
2022-12-22 21:00:00,2022-12-22,21:00:00,356.875,356.0,0.0,0.0,0.0,0.0,-9.7
2022-12-22 21:30:00,2022-12-22,21:30:00,356.896,356.0,0.0,0.0,0.0,0.0,-9.86
2022-12-22 22:00:00,2022-12-22,22:00:00,356.917,356.0,0.0,0.0,0.0,0.0,-9.69
2022-12-22 22:30:00,2022-12-22,22:30:00,356.938,356.0,0.0,0.0,0.0,0.0,-9.76
2022-12-22 23:00:00,2022-12-22,23:00:00,356.958,356.0,0.0,0.0,0.0,0.0,-9.41
2022-12-22 23:30:00,2022-12-22,23:30:00,356.979,356.0,0.0,0.0,0.0,0.0,-9.45
2022-12-23 00:00:00,2022-12-23,00:00:00,357.0,357.0,0.0,0.0,0.0,0.0,-9.4
2022-12-23 00:30:00,2022-12-23,00:30:00,357.021,357.0,0.0,0.0,0.0,0.0,-9.82
2022-12-23 01:00:00,2022-12-23,01:00:00,357.042,357.0,0.0,0.0,0.0,0.0,-10.25
2022-12-23 01:30:00,2022-12-23,01:30:00,357.062,357.0,0.0,0.0,0.0,0.0,-11.35
2022-12-23 02:00:00,2022-12-23,02:00:00,357.083,357.0,0.0,0.0,0.0,0.0,-12.01
2022-12-23 02:30:00,2022-12-23,02:30:00,357.104,357.0,0.0,0.0,0.0,0.0,-12.69
2022-12-23 03:00:00,2022-12-23,03:00:00,357.125,357.0,0.0,0.0,0.0,0.0,-13.58
2022-12-23 03:30:00,2022-12-23,03:30:00,357.146,357.0,0.0,0.0,0.0,0.0,-14.48
2022-12-23 04:00:00,2022-12-23,04:00:00,357.167,357.0,0.0,0.0,0.0,0.0,-16.02
2022-12-23 04:30:00,2022-12-23,04:30:00,357.188,357.0,0.0,0.0,0.0,0.0,-16.83
2022-12-23 05:00:00,2022-12-23,05:00:00,357.208,357.0,0.0,0.0,0.0,0.0,-17.28
2022-12-23 05:30:00,2022-12-23,05:30:00,357.229,357.0,0.0,0.0,0.0,0.0,-17.35
2022-12-23 06:00:00,2022-12-23,06:00:00,357.25,357.0,0.0,0.0,0.0,0.0,-17.35
2022-12-23 06:30:00,2022-12-23,06:30:00,357.271,357.0,0.0,0.0,0.0,0.0,-16.59
2022-12-23 07:00:00,2022-12-23,07:00:00,357.292,357.0,0.0,0.0,0.0,0.0,-16.79
2022-12-23 07:30:00,2022-12-23,07:30:00,357.312,357.0,0.0,0.0,0.0,0.0,-16.3
2022-12-23 08:00:00,2022-12-23,08:00:00,357.333,357.0,0.0,0.0,0.0,0.0,-14.38
2022-12-23 08:30:00,2022-12-23,08:30:00,357.354,357.0,0.0,0.0,0.0,0.0,-11.57
2022-12-23 09:00:00,2022-12-23,09:00:00,357.375,357.0,0.0,0.0,0.0,0.0,-7.77
2022-12-23 09:30:00,2022-12-23,09:30:00,357.396,357.0,0.0,0.0,0.0,0.0,-1.6
2022-12-23 10:00:00,2022-12-23,10:00:00,357.417,357.0,0.0,0.0,0.0,0.0,-1.05
2022-12-23 10:30:00,2022-12-23,10:30:00,357.438,357.0,0.0,0.0,0.0,0.0,1.15
2022-12-23 11:00:00,2022-12-23,11:00:00,357.458,357.0,0.0,0.0,0.0,0.0,2.11
2022-12-23 11:30:00,2022-12-23,11:30:00,357.479,357.0,0.0,0.0,0.0,0.0,2.75
2022-12-23 12:00:00,2022-12-23,12:00:00,357.5,357.0,0.0,0.0,0.0,0.0,3.27
2022-12-23 12:30:00,2022-12-23,12:30:00,357.521,357.0,0.0,0.0,0.0,0.0,1.98
2022-12-23 13:00:00,2022-12-23,13:00:00,357.542,357.0,0.0,0.0,0.0,0.0,1.86
2022-12-23 13:30:00,2022-12-23,13:30:00,357.562,357.0,0.0,0.0,0.0,0.0,1.84
2022-12-23 14:00:00,2022-12-23,14:00:00,357.583,357.0,0.0,0.0,0.0,0.0,0.75
2022-12-23 14:30:00,2022-12-23,14:30:00,357.604,357.0,0.0,0.0,0.0,0.0,-5.75
2022-12-23 15:00:00,2022-12-23,15:00:00,357.625,357.0,0.0,0.0,0.0,0.0,-8.78
2022-12-23 15:30:00,2022-12-23,15:30:00,357.646,357.0,0.0,0.0,0.0,0.0,-10.26
2022-12-23 16:00:00,2022-12-23,16:00:00,357.667,357.0,0.0,0.0,0.0,0.0,-11.05
2022-12-23 16:30:00,2022-12-23,16:30:00,357.688,357.0,0.0,0.0,0.0,0.0,-10.55
2022-12-23 17:00:00,2022-12-23,17:00:00,357.708,357.0,0.0,0.0,0.0,0.0,-9.46
2022-12-23 17:30:00,2022-12-23,17:30:00,357.729,357.0,0.0,0.0,0.0,0.0,-8.8
2022-12-23 18:00:00,2022-12-23,18:00:00,357.75,357.0,0.0,0.0,0.0,0.0,-8.36
2022-12-23 18:30:00,2022-12-23,18:30:00,357.771,357.0,0.0,0.0,0.0,0.0,-8.37
2022-12-23 19:00:00,2022-12-23,19:00:00,357.792,357.0,0.0,0.0,0.0,0.0,-8.42
2022-12-23 19:30:00,2022-12-23,19:30:00,357.812,357.0,0.0,0.0,0.0,0.0,-8.44
2022-12-23 20:00:00,2022-12-23,20:00:00,357.833,357.0,0.0,0.0,0.0,0.0,-8.82
2022-12-23 20:30:00,2022-12-23,20:30:00,357.854,357.0,0.0,0.0,0.0,0.0,-9.01
2022-12-23 21:00:00,2022-12-23,21:00:00,357.875,357.0,0.0,0.0,0.0,0.0,-9.01
2022-12-23 21:30:00,2022-12-23,21:30:00,357.896,357.0,0.0,0.0,0.0,0.0,-8.82
2022-12-23 22:00:00,2022-12-23,22:00:00,357.917,357.0,0.0,0.0,0.0,0.0,-8.75
2022-12-23 22:30:00,2022-12-23,22:30:00,357.938,357.0,0.0,0.0,0.0,0.0,-9.54
2022-12-23 23:00:00,2022-12-23,23:00:00,357.958,357.0,0.0,0.0,0.0,0.0,-9.5
2022-12-23 23:30:00,2022-12-23,23:30:00,357.979,357.0,0.0,0.0,0.0,0.0,-8.87
2022-12-24 00:00:00,2022-12-24,00:00:00,358.0,358.0,0.0,0.0,0.0,0.0,-8.85
2022-12-24 00:30:00,2022-12-24,00:30:00,358.021,358.0,0.0,0.0,0.0,0.0,-8.88
2022-12-24 01:00:00,2022-12-24,01:00:00,358.042,358.0,0.0,0.0,0.0,0.0,-8.99
2022-12-24 01:30:00,2022-12-24,01:30:00,358.062,358.0,0.0,0.0,0.0,0.0,-9.05
2022-12-24 02:00:00,2022-12-24,02:00:00,358.083,358.0,0.0,0.0,0.0,0.0,-8.98
2022-12-24 02:30:00,2022-12-24,02:30:00,358.104,358.0,0.08,0.0,0.0,0.23,-9.46
2022-12-24 03:00:00,2022-12-24,03:00:00,358.125,358.0,0.0,0.0,0.0,0.0,-9.76
2022-12-24 03:30:00,2022-12-24,03:30:00,358.146,358.0,0.0,0.0,0.0,0.0,-9.61
2022-12-24 04:00:00,2022-12-24,04:00:00,358.167,358.0,0.0,0.0,0.0,0.0,-9.63
2022-12-24 04:30:00,2022-12-24,04:30:00,358.188,358.0,0.0,0.0,0.0,0.0,-9.76
2022-12-24 05:00:00,2022-12-24,05:00:00,358.208,358.0,0.0,0.0,0.0,0.0,-9.9
2022-12-24 05:30:00,2022-12-24,05:30:00,358.229,358.0,0.0,0.0,0.0,0.0,-10.2
2022-12-24 06:00:00,2022-12-24,06:00:00,358.25,358.0,0.0,0.0,0.0,0.0,-10.14
2022-12-24 06:30:00,2022-12-24,06:30:00,358.271,358.0,0.0,0.0,0.0,0.0,-9.95
2022-12-24 07:00:00,2022-12-24,07:00:00,358.292,358.0,0.0,0.0,0.0,0.0,-10.19
2022-12-24 07:30:00,2022-12-24,07:30:00,358.312,358.0,0.0,0.0,0.0,0.0,-10.37
2022-12-24 08:00:00,2022-12-24,08:00:00,358.333,358.0,0.0,0.0,0.0,0.0,-9.12
2022-12-24 08:30:00,2022-12-24,08:30:00,358.354,358.0,0.0,0.0,0.0,0.0,-7.02
2022-12-24 09:00:00,2022-12-24,09:00:00,358.375,358.0,0.0,0.0,0.0,0.0,-3.39
2022-12-24 09:30:00,2022-12-24,09:30:00,358.396,358.0,0.0,0.0,0.0,0.0,-3.37
2022-12-24 10:00:00,2022-12-24,10:00:00,358.417,358.0,0.0,0.0,0.0,0.0,-3.86
2022-12-24 10:30:00,2022-12-24,10:30:00,358.438,358.0,0.0,0.0,0.0,0.0,0.78
2022-12-24 11:00:00,2022-12-24,11:00:00,358.458,358.0,0.0,0.0,0.0,0.0,3.67
2022-12-24 11:30:00,2022-12-24,11:30:00,358.479,358.0,0.0,0.0,0.0,0.0,2.4
2022-12-24 12:00:00,2022-12-24,12:00:00,358.5,358.0,0.0,0.0,0.0,0.0,2.45
2022-12-24 12:30:00,2022-12-24,12:30:00,358.521,358.0,0.0,0.0,0.0,0.0,4.87
2022-12-24 13:00:00,2022-12-24,13:00:00,358.542,358.0,0.0,0.0,0.0,0.0,2.9
2022-12-24 13:30:00,2022-12-24,13:30:00,358.562,358.0,0.09,0.26,0.0,0.0,5.13
2022-12-24 14:00:00,2022-12-24,14:00:00,358.583,358.0,0.13,0.0,0.0,0.38,3.87
2022-12-24 14:30:00,2022-12-24,14:30:00,358.604,358.0,0.07,0.2,0.0,0.0,-1.02
2022-12-24 15:00:00,2022-12-24,15:00:00,358.625,358.0,0.0,0.0,0.0,0.0,-2.25
2022-12-24 15:30:00,2022-12-24,15:30:00,358.646,358.0,0.0,0.0,0.0,0.0,-2.74
2022-12-24 16:00:00,2022-12-24,16:00:00,358.667,358.0,0.0,0.0,0.0,0.0,-3.86
2022-12-24 16:30:00,2022-12-24,16:30:00,358.688,358.0,0.0,0.0,0.0,0.0,-5.23
2022-12-24 17:00:00,2022-12-24,17:00:00,358.708,358.0,0.0,0.0,0.0,0.0,-3.86
2022-12-24 17:30:00,2022-12-24,17:30:00,358.729,358.0,0.0,0.0,0.0,0.0,-6.04
2022-12-24 18:00:00,2022-12-24,18:00:00,358.75,358.0,0.0,0.0,0.0,0.0,-7.77
2022-12-24 18:30:00,2022-12-24,18:30:00,358.771,358.0,0.0,0.0,0.0,0.0,-9.09
2022-12-24 19:00:00,2022-12-24,19:00:00,358.792,358.0,0.0,0.0,0.0,0.0,-8.14
2022-12-24 19:30:00,2022-12-24,19:30:00,358.812,358.0,0.0,0.0,0.0,0.0,-7.45
2022-12-24 20:00:00,2022-12-24,20:00:00,358.833,358.0,0.0,0.0,0.0,0.0,-6.93
2022-12-24 20:30:00,2022-12-24,20:30:00,358.854,358.0,0.0,0.0,0.0,0.0,-6.22
2022-12-24 21:00:00,2022-12-24,21:00:00,358.875,358.0,0.0,0.0,0.0,0.0,-6.75
2022-12-24 21:30:00,2022-12-24,21:30:00,358.896,358.0,0.0,0.0,0.0,0.0,-7.34
2022-12-24 22:00:00,2022-12-24,22:00:00,358.917,358.0,0.0,0.0,0.0,0.0,-8.7
2022-12-24 22:30:00,2022-12-24,22:30:00,358.938,358.0,0.0,0.0,0.0,0.0,-11.69
2022-12-24 23:00:00,2022-12-24,23:00:00,358.958,358.0,0.0,0.0,0.0,0.0,-12.67
2022-12-24 23:30:00,2022-12-24,23:30:00,358.979,358.0,0.0,0.0,0.0,0.0,-13.23
2022-12-25 00:00:00,2022-12-25,00:00:00,359.0,359.0,0.0,0.0,0.0,0.0,-13.36
2022-12-25 00:30:00,2022-12-25,00:30:00,359.021,359.0,0.0,0.0,0.0,0.0,-14.3
2022-12-25 01:00:00,2022-12-25,01:00:00,359.042,359.0,0.0,0.0,0.0,0.0,-14.6
2022-12-25 01:30:00,2022-12-25,01:30:00,359.062,359.0,0.0,0.0,0.0,0.0,-14.58
2022-12-25 02:00:00,2022-12-25,02:00:00,359.083,359.0,0.0,0.0,0.0,0.0,-14.8
2022-12-25 02:30:00,2022-12-25,02:30:00,359.104,359.0,0.0,0.0,0.0,0.0,-14.92
2022-12-25 03:00:00,2022-12-25,03:00:00,359.125,359.0,0.0,0.0,0.0,0.0,-14.3
2022-12-25 03:30:00,2022-12-25,03:30:00,359.146,359.0,0.0,0.0,0.0,0.0,-13.62
2022-12-25 04:00:00,2022-12-25,04:00:00,359.167,359.0,0.0,0.0,0.0,0.0,-13.77
2022-12-25 04:30:00,2022-12-25,04:30:00,359.188,359.0,0.0,0.0,0.0,0.0,-14.66
2022-12-25 05:00:00,2022-12-25,05:00:00,359.208,359.0,0.0,0.0,0.0,0.0,-15.0
2022-12-25 05:30:00,2022-12-25,05:30:00,359.229,359.0,0.0,0.0,0.0,0.0,-15.21
2022-12-25 06:00:00,2022-12-25,06:00:00,359.25,359.0,0.0,0.0,0.0,0.0,-13.86
2022-12-25 06:30:00,2022-12-25,06:30:00,359.271,359.0,0.0,0.0,0.0,0.0,-12.72
2022-12-25 07:00:00,2022-12-25,07:00:00,359.292,359.0,0.0,0.0,0.0,0.0,-13.32
2022-12-25 07:30:00,2022-12-25,07:30:00,359.312,359.0,0.0,0.0,0.0,0.0,-13.31
2022-12-25 08:00:00,2022-12-25,08:00:00,359.333,359.0,0.0,0.0,0.0,0.0,-9.27
2022-12-25 08:30:00,2022-12-25,08:30:00,359.354,359.0,0.0,0.0,0.0,0.0,-6.79
2022-12-25 09:00:00,2022-12-25,09:00:00,359.375,359.0,0.0,0.0,0.0,0.0,-4.94
2022-12-25 09:30:00,2022-12-25,09:30:00,359.396,359.0,0.0,0.0,0.0,0.0,-3.21
2022-12-25 10:00:00,2022-12-25,10:00:00,359.417,359.0,0.0,0.0,0.0,0.0,-2.69
2022-12-25 10:30:00,2022-12-25,10:30:00,359.438,359.0,0.0,0.0,0.0,0.0,-2.33
2022-12-25 11:00:00,2022-12-25,11:00:00,359.458,359.0,0.0,0.0,0.0,0.0,1.4
2022-12-25 11:30:00,2022-12-25,11:30:00,359.479,359.0,0.0,0.0,0.0,0.0,3.21
2022-12-25 12:00:00,2022-12-25,12:00:00,359.5,359.0,0.0,0.0,0.0,0.0,4.15
2022-12-25 12:30:00,2022-12-25,12:30:00,359.521,359.0,0.0,0.0,0.0,0.0,4.33
2022-12-25 13:00:00,2022-12-25,13:00:00,359.542,359.0,0.0,0.0,0.0,0.0,4.09
2022-12-25 13:30:00,2022-12-25,13:30:00,359.562,359.0,0.0,0.0,0.0,0.0,2.68
2022-12-25 14:00:00,2022-12-25,14:00:00,359.583,359.0,0.0,0.0,0.0,0.0,2.42
2022-12-25 14:30:00,2022-12-25,14:30:00,359.604,359.0,0.0,0.0,0.0,0.0,0.09
2022-12-25 15:00:00,2022-12-25,15:00:00,359.625,359.0,0.0,0.0,0.0,0.0,-0.24
2022-12-25 15:30:00,2022-12-25,15:30:00,359.646,359.0,0.0,0.0,0.0,0.0,-1.05
2022-12-25 16:00:00,2022-12-25,16:00:00,359.667,359.0,0.0,0.0,0.0,0.0,-2.29
2022-12-25 16:30:00,2022-12-25,16:30:00,359.688,359.0,0.0,0.0,0.0,0.0,-3.68
2022-12-25 17:00:00,2022-12-25,17:00:00,359.708,359.0,0.0,0.0,0.0,0.0,-4.06
2022-12-25 17:30:00,2022-12-25,17:30:00,359.729,359.0,0.0,0.0,0.0,0.0,-4.29
2022-12-25 18:00:00,2022-12-25,18:00:00,359.75,359.0,0.0,0.0,0.0,0.0,-4.8
2022-12-25 18:30:00,2022-12-25,18:30:00,359.771,359.0,0.0,0.0,0.0,0.0,-5.21
2022-12-25 19:00:00,2022-12-25,19:00:00,359.792,359.0,0.0,0.0,0.0,0.0,-5.33
2022-12-25 19:30:00,2022-12-25,19:30:00,359.812,359.0,0.0,0.0,0.0,0.0,-5.01
2022-12-25 20:00:00,2022-12-25,20:00:00,359.833,359.0,0.0,0.0,0.0,0.0,-4.97
2022-12-25 20:30:00,2022-12-25,20:30:00,359.854,359.0,0.0,0.0,0.0,0.0,-4.97
2022-12-25 21:00:00,2022-12-25,21:00:00,359.875,359.0,0.0,0.0,0.0,0.0,-4.93
2022-12-25 21:30:00,2022-12-25,21:30:00,359.896,359.0,0.0,0.0,0.0,0.0,-6.31
2022-12-25 22:00:00,2022-12-25,22:00:00,359.917,359.0,0.0,0.0,0.0,0.0,-6.13
2022-12-25 22:30:00,2022-12-25,22:30:00,359.938,359.0,0.0,0.0,0.0,0.0,-5.65
2022-12-25 23:00:00,2022-12-25,23:00:00,359.958,359.0,0.0,0.0,0.0,0.0,-4.71
2022-12-25 23:30:00,2022-12-25,23:30:00,359.979,359.0,0.0,0.0,0.0,0.0,-5.03
2022-12-26 00:00:00,2022-12-26,00:00:00,360.0,360.0,0.0,0.0,0.0,0.0,-5.19
2022-12-26 00:30:00,2022-12-26,00:30:00,360.021,360.0,0.0,0.0,0.0,0.0,-5.34
2022-12-26 01:00:00,2022-12-26,01:00:00,360.042,360.0,0.0,0.0,0.0,0.0,-5.72
2022-12-26 01:30:00,2022-12-26,01:30:00,360.062,360.0,0.0,0.0,0.0,0.0,-6.02
2022-12-26 02:00:00,2022-12-26,02:00:00,360.083,360.0,0.0,0.0,0.0,0.0,-6.37
2022-12-26 02:30:00,2022-12-26,02:30:00,360.104,360.0,0.0,0.0,0.0,0.0,-6.57
2022-12-26 03:00:00,2022-12-26,03:00:00,360.125,360.0,0.0,0.0,0.0,0.0,-5.5
2022-12-26 03:30:00,2022-12-26,03:30:00,360.146,360.0,0.0,0.0,0.0,0.0,-4.28
2022-12-26 04:00:00,2022-12-26,04:00:00,360.167,360.0,0.0,0.0,0.0,0.0,-4.17
2022-12-26 04:30:00,2022-12-26,04:30:00,360.188,360.0,0.0,0.0,0.0,0.0,-4.72
2022-12-26 05:00:00,2022-12-26,05:00:00,360.208,360.0,0.0,0.0,0.0,0.0,-5.53
2022-12-26 05:30:00,2022-12-26,05:30:00,360.229,360.0,0.0,0.0,0.0,0.0,-5.64
2022-12-26 06:00:00,2022-12-26,06:00:00,360.25,360.0,0.0,0.0,0.0,0.0,-6.01
2022-12-26 06:30:00,2022-12-26,06:30:00,360.271,360.0,0.0,0.0,0.0,0.0,-5.78
2022-12-26 07:00:00,2022-12-26,07:00:00,360.292,360.0,0.0,0.0,0.0,0.0,-6.16
2022-12-26 07:30:00,2022-12-26,07:30:00,360.312,360.0,0.0,0.0,0.0,0.0,-6.1
2022-12-26 08:00:00,2022-12-26,08:00:00,360.333,360.0,0.0,0.0,0.0,0.0,-4.13
2022-12-26 08:30:00,2022-12-26,08:30:00,360.354,360.0,0.0,0.0,0.0,0.0,-2.44
2022-12-26 09:00:00,2022-12-26,09:00:00,360.375,360.0,0.0,0.0,0.0,0.0,-2.06
2022-12-26 09:30:00,2022-12-26,09:30:00,360.396,360.0,0.0,0.0,0.0,0.0,-0.99
2022-12-26 10:00:00,2022-12-26,10:00:00,360.417,360.0,0.0,0.0,0.0,0.0,2.1
2022-12-26 10:30:00,2022-12-26,10:30:00,360.438,360.0,0.0,0.0,0.0,0.0,3.45
2022-12-26 11:00:00,2022-12-26,11:00:00,360.458,360.0,0.0,0.0,0.0,0.0,2.72
2022-12-26 11:30:00,2022-12-26,11:30:00,360.479,360.0,0.0,0.0,0.0,0.0,4.41
2022-12-26 12:00:00,2022-12-26,12:00:00,360.5,360.0,0.0,0.0,0.0,0.0,5.1
2022-12-26 12:30:00,2022-12-26,12:30:00,360.521,360.0,0.0,0.0,0.0,0.0,6.49
2022-12-26 13:00:00,2022-12-26,13:00:00,360.542,360.0,0.0,0.0,0.0,0.0,3.3
2022-12-26 13:30:00,2022-12-26,13:30:00,360.562,360.0,0.0,0.0,0.0,0.0,3.89
2022-12-26 14:00:00,2022-12-26,14:00:00,360.583,360.0,0.0,0.0,0.0,0.0,2.67
2022-12-26 14:30:00,2022-12-26,14:30:00,360.604,360.0,0.0,0.0,0.0,0.0,1.0
2022-12-26 15:00:00,2022-12-26,15:00:00,360.625,360.0,0.0,0.0,0.0,0.0,-1.24
2022-12-26 15:30:00,2022-12-26,15:30:00,360.646,360.0,0.0,0.0,0.0,0.0,-2.73
2022-12-26 16:00:00,2022-12-26,16:00:00,360.667,360.0,0.0,0.0,0.0,0.0,-4.32
2022-12-26 16:30:00,2022-12-26,16:30:00,360.688,360.0,0.0,0.0,0.0,0.0,-5.87
2022-12-26 17:00:00,2022-12-26,17:00:00,360.708,360.0,0.0,0.0,0.0,0.0,-6.65
2022-12-26 17:30:00,2022-12-26,17:30:00,360.729,360.0,0.0,0.0,0.0,0.0,-7.81
2022-12-26 18:00:00,2022-12-26,18:00:00,360.75,360.0,0.0,0.0,0.0,0.0,-8.36
2022-12-26 18:30:00,2022-12-26,18:30:00,360.771,360.0,0.0,0.0,0.0,0.0,-9.04
2022-12-26 19:00:00,2022-12-26,19:00:00,360.792,360.0,0.0,0.0,0.0,0.0,-9.3
2022-12-26 19:30:00,2022-12-26,19:30:00,360.812,360.0,0.0,0.0,0.0,0.0,-9.54
2022-12-26 20:00:00,2022-12-26,20:00:00,360.833,360.0,0.0,0.0,0.0,0.0,-9.85
2022-12-26 20:30:00,2022-12-26,20:30:00,360.854,360.0,0.0,0.0,0.0,0.0,-9.92
2022-12-26 21:00:00,2022-12-26,21:00:00,360.875,360.0,0.0,0.0,0.0,0.0,-9.9
2022-12-26 21:30:00,2022-12-26,21:30:00,360.896,360.0,0.0,0.0,0.0,0.0,-10.17
2022-12-26 22:00:00,2022-12-26,22:00:00,360.917,360.0,0.0,0.0,0.0,0.0,-10.0
2022-12-26 22:30:00,2022-12-26,22:30:00,360.938,360.0,0.0,0.0,0.0,0.0,-10.4
2022-12-26 23:00:00,2022-12-26,23:00:00,360.958,360.0,0.0,0.0,0.0,0.0,-10.85
2022-12-26 23:30:00,2022-12-26,23:30:00,360.979,360.0,0.0,0.0,0.0,0.0,-11.01
2022-12-27 00:00:00,2022-12-27,00:00:00,361.0,361.0,0.0,0.0,0.0,0.0,-11.14
2022-12-27 00:30:00,2022-12-27,00:30:00,361.021,361.0,0.0,0.0,0.0,0.0,-10.91
2022-12-27 01:00:00,2022-12-27,01:00:00,361.042,361.0,0.0,0.0,0.0,0.0,-11.22
2022-12-27 01:30:00,2022-12-27,01:30:00,361.062,361.0,0.0,0.0,0.0,0.0,-11.38
2022-12-27 02:00:00,2022-12-27,02:00:00,361.083,361.0,0.0,0.0,0.0,0.0,-11.7
2022-12-27 02:30:00,2022-12-27,02:30:00,361.104,361.0,0.0,0.0,0.0,0.0,-12.09
2022-12-27 03:00:00,2022-12-27,03:00:00,361.125,361.0,0.0,0.0,0.0,0.0,-12.11
2022-12-27 03:30:00,2022-12-27,03:30:00,361.146,361.0,0.0,0.0,0.0,0.0,-12.1
2022-12-27 04:00:00,2022-12-27,04:00:00,361.167,361.0,0.0,0.0,0.0,0.0,-12.11
2022-12-27 04:30:00,2022-12-27,04:30:00,361.188,361.0,0.0,0.0,0.0,0.0,-12.44
2022-12-27 05:00:00,2022-12-27,05:00:00,361.208,361.0,0.0,0.0,0.0,0.0,-12.87
2022-12-27 05:30:00,2022-12-27,05:30:00,361.229,361.0,0.0,0.0,0.0,0.0,-13.0
2022-12-27 06:00:00,2022-12-27,06:00:00,361.25,361.0,0.0,0.0,0.0,0.0,-13.15
2022-12-27 06:30:00,2022-12-27,06:30:00,361.271,361.0,0.0,0.0,0.0,0.0,-12.87
2022-12-27 07:00:00,2022-12-27,07:00:00,361.292,361.0,0.0,0.0,0.0,0.0,-12.56
2022-12-27 07:30:00,2022-12-27,07:30:00,361.312,361.0,0.0,0.0,0.0,0.0,-12.07
2022-12-27 08:00:00,2022-12-27,08:00:00,361.333,361.0,0.0,0.0,0.0,0.0,-9.83
2022-12-27 08:30:00,2022-12-27,08:30:00,361.354,361.0,0.0,0.0,0.0,0.0,-9.12
2022-12-27 09:00:00,2022-12-27,09:00:00,361.375,361.0,0.0,0.0,0.0,0.0,-6.8
2022-12-27 09:30:00,2022-12-27,09:30:00,361.396,361.0,0.0,0.0,0.0,0.0,-3.52
2022-12-27 10:00:00,2022-12-27,10:00:00,361.417,361.0,0.0,0.0,0.0,0.0,-2.22
2022-12-27 10:30:00,2022-12-27,10:30:00,361.438,361.0,0.0,0.0,0.0,0.0,-1.32
2022-12-27 11:00:00,2022-12-27,11:00:00,361.458,361.0,0.0,0.0,0.0,0.0,-0.76
2022-12-27 11:30:00,2022-12-27,11:30:00,361.479,361.0,0.0,0.0,0.0,0.0,0.64
2022-12-27 12:00:00,2022-12-27,12:00:00,361.5,361.0,0.0,0.0,0.0,0.0,1.13
2022-12-27 12:30:00,2022-12-27,12:30:00,361.521,361.0,0.0,0.0,0.0,0.0,1.93
2022-12-27 13:00:00,2022-12-27,13:00:00,361.542,361.0,0.0,0.0,0.0,0.0,3.02
2022-12-27 13:30:00,2022-12-27,13:30:00,361.562,361.0,0.0,0.0,0.0,0.0,3.73
2022-12-27 14:00:00,2022-12-27,14:00:00,361.583,361.0,0.0,0.0,0.0,0.0,4.04
2022-12-27 14:30:00,2022-12-27,14:30:00,361.604,361.0,0.0,0.0,0.0,0.0,2.88
2022-12-27 15:00:00,2022-12-27,15:00:00,361.625,361.0,0.0,0.0,0.0,0.0,2.44
2022-12-27 15:30:00,2022-12-27,15:30:00,361.646,361.0,0.0,0.0,0.0,0.0,0.7
2022-12-27 16:00:00,2022-12-27,16:00:00,361.667,361.0,0.0,0.0,0.0,0.0,-1.27
2022-12-27 16:30:00,2022-12-27,16:30:00,361.688,361.0,0.0,0.0,0.0,0.0,-2.17
2022-12-27 17:00:00,2022-12-27,17:00:00,361.708,361.0,0.28,0.28,0.28,0.28,-2.77
2022-12-27 17:30:00,2022-12-27,17:30:00,361.729,361.0,0.58,0.61,0.51,0.61,-2.97
2022-12-27 18:00:00,2022-12-27,18:00:00,361.75,361.0,0.72,0.74,0.67,0.74,-3.04
2022-12-27 18:30:00,2022-12-27,18:30:00,361.771,361.0,0.64,0.61,0.69,0.61,-3.05
2022-12-27 19:00:00,2022-12-27,19:00:00,361.792,361.0,0.92,0.92,0.91,0.92,-3.06
2022-12-27 19:30:00,2022-12-27,19:30:00,361.812,361.0,0.66,0.66,0.65,0.66,-3.1
2022-12-27 20:00:00,2022-12-27,20:00:00,361.833,361.0,0.34,0.34,0.33,0.34,-3.24
2022-12-27 20:30:00,2022-12-27,20:30:00,361.854,361.0,0.0,0.0,0.0,0.0,-3.3
2022-12-27 21:00:00,2022-12-27,21:00:00,361.875,361.0,0.14,0.21,0.0,0.21,-3.38
2022-12-27 21:30:00,2022-12-27,21:30:00,361.896,361.0,0.42,0.42,0.42,0.42,-3.34
2022-12-27 22:00:00,2022-12-27,22:00:00,361.917,361.0,0.54,0.55,0.53,0.55,-3.27
2022-12-27 22:30:00,2022-12-27,22:30:00,361.938,361.0,0.76,0.77,0.75,0.77,-3.23
2022-12-27 23:00:00,2022-12-27,23:00:00,361.958,361.0,0.68,0.68,0.66,0.68,-3.16
2022-12-27 23:30:00,2022-12-27,23:30:00,361.979,361.0,0.68,0.69,0.68,0.69,-3.25
2022-12-28 00:00:00,2022-12-28,00:00:00,362.0,362.0,0.66,0.66,0.64,0.66,-3.28
2022-12-28 00:30:00,2022-12-28,00:30:00,362.021,362.0,0.76,0.79,0.76,0.71,-3.27
2022-12-28 01:00:00,2022-12-28,01:00:00,362.042,362.0,0.61,0.64,0.62,0.58,-3.28
2022-12-28 01:30:00,2022-12-28,01:30:00,362.062,362.0,0.38,0.39,0.39,0.36,-3.3
2022-12-28 02:00:00,2022-12-28,02:00:00,362.083,362.0,0.42,0.44,0.42,0.4,-3.25
2022-12-28 02:30:00,2022-12-28,02:30:00,362.104,362.0,0.51,0.53,0.51,0.48,-3.21
2022-12-28 03:00:00,2022-12-28,03:00:00,362.125,362.0,0.34,0.36,0.35,0.32,-3.35
2022-12-28 03:30:00,2022-12-28,03:30:00,362.146,362.0,0.34,0.35,0.35,0.32,-3.38
2022-12-28 04:00:00,2022-12-28,04:00:00,362.167,362.0,0.48,0.51,0.49,0.46,-3.37
2022-12-28 04:30:00,2022-12-28,04:30:00,362.188,362.0,0.58,0.6,0.58,0.55,-3.34
2022-12-28 05:00:00,2022-12-28,05:00:00,362.208,362.0,0.76,0.79,0.77,0.72,-3.33
2022-12-28 05:30:00,2022-12-28,05:30:00,362.229,362.0,0.8,0.83,0.82,0.75,-3.41
2022-12-28 06:00:00,2022-12-28,06:00:00,362.25,362.0,0.72,0.75,0.72,0.68,-3.49
2022-12-28 06:30:00,2022-12-28,06:30:00,362.271,362.0,0.53,0.55,0.54,0.5,-3.54
2022-12-28 07:00:00,2022-12-28,07:00:00,362.292,362.0,0.34,0.36,0.35,0.32,-3.61
2022-12-28 07:30:00,2022-12-28,07:30:00,362.312,362.0,0.54,0.56,0.54,0.51,-3.5
2022-12-28 08:00:00,2022-12-28,08:00:00,362.333,362.0,0.44,0.46,0.45,0.42,-3.38
2022-12-28 08:30:00,2022-12-28,08:30:00,362.354,362.0,0.43,0.44,0.44,0.4,-3.1
2022-12-28 09:00:00,2022-12-28,09:00:00,362.375,362.0,0.0,0.0,0.0,0.0,-1.97
2022-12-28 09:30:00,2022-12-28,09:30:00,362.396,362.0,0.0,0.0,0.0,0.0,-1.07
2022-12-28 10:00:00,2022-12-28,10:00:00,362.417,362.0,0.0,0.0,0.0,0.0,-0.71
2022-12-28 10:30:00,2022-12-28,10:30:00,362.438,362.0,0.0,0.0,0.0,0.0,-0.44
2022-12-28 11:00:00,2022-12-28,11:00:00,362.458,362.0,0.0,0.0,0.0,0.0,-0.31
2022-12-28 11:30:00,2022-12-28,11:30:00,362.479,362.0,0.0,0.0,0.0,0.0,-0.23
2022-12-28 12:00:00,2022-12-28,12:00:00,362.5,362.0,0.0,0.0,0.0,0.0,-0.29
2022-12-28 12:30:00,2022-12-28,12:30:00,362.521,362.0,0.0,0.0,0.0,0.0,0.18
2022-12-28 13:00:00,2022-12-28,13:00:00,362.542,362.0,0.0,0.0,0.0,0.0,-0.36
2022-12-28 13:30:00,2022-12-28,13:30:00,362.562,362.0,0.0,0.0,0.0,0.0,-0.38
2022-12-28 14:00:00,2022-12-28,14:00:00,362.583,362.0,0.0,0.0,0.0,0.0,-0.49
2022-12-28 14:30:00,2022-12-28,14:30:00,362.604,362.0,0.0,0.0,0.0,0.0,-0.86
2022-12-28 15:00:00,2022-12-28,15:00:00,362.625,362.0,0.24,0.25,0.25,0.22,-1.29
2022-12-28 15:30:00,2022-12-28,15:30:00,362.646,362.0,0.3,0.32,0.3,0.29,-1.65
2022-12-28 16:00:00,2022-12-28,16:00:00,362.667,362.0,0.0,0.0,0.0,0.0,-2.81
2022-12-28 16:30:00,2022-12-28,16:30:00,362.688,362.0,0.0,0.0,0.0,0.0,-3.66
2022-12-28 17:00:00,2022-12-28,17:00:00,362.708,362.0,0.0,0.0,0.0,0.0,-4.16
2022-12-28 17:30:00,2022-12-28,17:30:00,362.729,362.0,0.0,0.0,0.0,0.0,-4.67
2022-12-28 18:00:00,2022-12-28,18:00:00,362.75,362.0,0.34,0.36,0.34,0.32,-4.67
2022-12-28 18:30:00,2022-12-28,18:30:00,362.771,362.0,0.0,0.0,0.0,0.0,-5.67
2022-12-28 19:00:00,2022-12-28,19:00:00,362.792,362.0,0.26,0.27,0.26,0.25,-5.22
2022-12-28 19:30:00,2022-12-28,19:30:00,362.812,362.0,0.84,0.87,0.86,0.79,-5.85
2022-12-28 20:00:00,2022-12-28,20:00:00,362.833,362.0,0.0,0.0,0.0,0.0,-6.48
2022-12-28 20:30:00,2022-12-28,20:30:00,362.854,362.0,0.0,0.0,0.0,0.0,-6.81
2022-12-28 21:00:00,2022-12-28,21:00:00,362.875,362.0,0.24,0.25,0.24,0.22,-6.98
2022-12-28 21:30:00,2022-12-28,21:30:00,362.896,362.0,0.26,0.27,0.25,0.25,-7.22
2022-12-28 22:00:00,2022-12-28,22:00:00,362.917,362.0,0.0,0.0,0.0,0.0,-7.48
2022-12-28 22:30:00,2022-12-28,22:30:00,362.938,362.0,0.25,0.26,0.25,0.24,-7.58
2022-12-28 23:00:00,2022-12-28,23:00:00,362.958,362.0,0.0,0.0,0.0,0.0,-7.72
2022-12-28 23:30:00,2022-12-28,23:30:00,362.979,362.0,0.24,0.26,0.24,0.23,-7.89
2022-12-29 00:00:00,2022-12-29,00:00:00,363.0,363.0,0.25,0.26,0.26,0.24,-7.98
2022-12-29 00:30:00,2022-12-29,00:30:00,363.021,363.0,0.0,0.0,0.0,0.0,-8.7
2022-12-29 01:00:00,2022-12-29,01:00:00,363.042,363.0,0.0,0.0,0.0,0.0,-9.3
2022-12-29 01:30:00,2022-12-29,01:30:00,363.062,363.0,0.0,0.0,0.0,0.0,-9.57
2022-12-29 02:00:00,2022-12-29,02:00:00,363.083,363.0,0.0,0.0,0.0,0.0,-10.11
2022-12-29 02:30:00,2022-12-29,02:30:00,363.104,363.0,0.0,0.0,0.0,0.0,-10.1
2022-12-29 03:00:00,2022-12-29,03:00:00,363.125,363.0,0.0,0.0,0.0,0.0,-10.42
2022-12-29 03:30:00,2022-12-29,03:30:00,363.146,363.0,0.0,0.0,0.0,0.0,-11.43
2022-12-29 04:00:00,2022-12-29,04:00:00,363.167,363.0,0.0,0.0,0.0,0.0,-11.5
2022-12-29 04:30:00,2022-12-29,04:30:00,363.188,363.0,0.0,0.0,0.0,0.0,-11.88
2022-12-29 05:00:00,2022-12-29,05:00:00,363.208,363.0,0.0,0.0,0.0,0.0,-12.02
2022-12-29 05:30:00,2022-12-29,05:30:00,363.229,363.0,0.0,0.0,0.0,0.0,-11.43
2022-12-29 06:00:00,2022-12-29,06:00:00,363.25,363.0,0.0,0.0,0.0,0.0,-11.33
2022-12-29 06:30:00,2022-12-29,06:30:00,363.271,363.0,0.0,0.0,0.0,0.0,-11.38
2022-12-29 07:00:00,2022-12-29,07:00:00,363.292,363.0,0.33,0.24,0.51,0.24,-11.14
2022-12-29 07:30:00,2022-12-29,07:30:00,363.312,363.0,0.41,0.61,0.31,0.3,-10.76
2022-12-29 08:00:00,2022-12-29,08:00:00,363.333,363.0,0.0,0.0,0.0,0.0,-10.2
2022-12-29 08:30:00,2022-12-29,08:30:00,363.354,363.0,0.0,0.0,0.0,0.0,-8.68
2022-12-29 09:00:00,2022-12-29,09:00:00,363.375,363.0,0.0,0.0,0.0,0.0,-7.66
2022-12-29 09:30:00,2022-12-29,09:30:00,363.396,363.0,0.0,0.0,0.0,0.0,-7.53
2022-12-29 10:00:00,2022-12-29,10:00:00,363.417,363.0,0.0,0.0,0.0,0.0,-7.45
2022-12-29 10:30:00,2022-12-29,10:30:00,363.438,363.0,0.0,0.0,0.0,0.0,-6.87
2022-12-29 11:00:00,2022-12-29,11:00:00,363.458,363.0,0.0,0.0,0.0,0.0,-6.27
2022-12-29 11:30:00,2022-12-29,11:30:00,363.479,363.0,0.0,0.0,0.0,0.0,-5.18
2022-12-29 12:00:00,2022-12-29,12:00:00,363.5,363.0,0.0,0.0,0.0,0.0,-5.1
2022-12-29 12:30:00,2022-12-29,12:30:00,363.521,363.0,0.0,0.0,0.0,0.0,-5.69
2022-12-29 13:00:00,2022-12-29,13:00:00,363.542,363.0,0.0,0.0,0.0,0.0,-5.87
2022-12-29 13:30:00,2022-12-29,13:30:00,363.562,363.0,0.0,0.0,0.0,0.0,-5.92
2022-12-29 14:00:00,2022-12-29,14:00:00,363.583,363.0,0.0,0.0,0.0,0.0,-5.7
2022-12-29 14:30:00,2022-12-29,14:30:00,363.604,363.0,0.0,0.0,0.0,0.0,-7.05
2022-12-29 15:00:00,2022-12-29,15:00:00,363.625,363.0,0.33,0.51,0.48,0.0,-8.29
2022-12-29 15:30:00,2022-12-29,15:30:00,363.646,363.0,0.0,0.0,0.0,0.0,-10.06
2022-12-29 16:00:00,2022-12-29,16:00:00,363.667,363.0,0.0,0.0,0.0,0.0,-11.03
2022-12-29 16:30:00,2022-12-29,16:30:00,363.688,363.0,0.0,0.0,0.0,0.0,-12.03
2022-12-29 17:00:00,2022-12-29,17:00:00,363.708,363.0,0.0,0.0,0.0,0.0,-12.9
2022-12-29 17:30:00,2022-12-29,17:30:00,363.729,363.0,0.0,0.0,0.0,0.0,-14.96
2022-12-29 18:00:00,2022-12-29,18:00:00,363.75,363.0,0.0,0.0,0.0,0.0,-16.28
2022-12-29 18:30:00,2022-12-29,18:30:00,363.771,363.0,0.0,0.0,0.0,0.0,-17.1
2022-12-29 19:00:00,2022-12-29,19:00:00,363.792,363.0,0.0,0.0,0.0,0.0,-18.61
2022-12-29 19:30:00,2022-12-29,19:30:00,363.812,363.0,0.0,0.0,0.0,0.0,-19.78
2022-12-29 20:00:00,2022-12-29,20:00:00,363.833,363.0,0.0,0.0,0.0,0.0,-20.23
2022-12-29 20:30:00,2022-12-29,20:30:00,363.854,363.0,0.0,0.0,0.0,0.0,-20.97
2022-12-29 21:00:00,2022-12-29,21:00:00,363.875,363.0,0.0,0.0,0.0,0.0,-21.51
2022-12-29 21:30:00,2022-12-29,21:30:00,363.896,363.0,0.0,0.0,0.0,0.0,-22.48
2022-12-29 22:00:00,2022-12-29,22:00:00,363.917,363.0,0.0,0.0,0.0,0.0,-22.48
2022-12-29 22:30:00,2022-12-29,22:30:00,363.938,363.0,0.0,0.0,0.0,0.0,-22.23
2022-12-29 23:00:00,2022-12-29,23:00:00,363.958,363.0,0.0,0.0,0.0,0.0,-22.38
2022-12-29 23:30:00,2022-12-29,23:30:00,363.979,363.0,0.0,0.0,0.0,0.0,-21.73
2022-12-30 00:00:00,2022-12-30,00:00:00,364.0,364.0,0.0,0.0,0.0,0.0,-21.29
2022-12-30 00:30:00,2022-12-30,00:30:00,364.021,364.0,0.0,0.0,0.0,0.0,-19.06
2022-12-30 01:00:00,2022-12-30,01:00:00,364.042,364.0,0.0,0.0,0.0,0.0,-20.06
2022-12-30 01:30:00,2022-12-30,01:30:00,364.062,364.0,0.0,0.0,0.0,0.0,-19.96
2022-12-30 02:00:00,2022-12-30,02:00:00,364.083,364.0,0.0,0.0,0.0,0.0,-17.95
2022-12-30 02:30:00,2022-12-30,02:30:00,364.104,364.0,0.0,0.0,0.0,0.0,-16.63
2022-12-30 03:00:00,2022-12-30,03:00:00,364.125,364.0,0.0,0.0,0.0,0.0,-15.98
2022-12-30 03:30:00,2022-12-30,03:30:00,364.146,364.0,0.0,0.0,0.0,0.0,-15.67
2022-12-30 04:00:00,2022-12-30,04:00:00,364.167,364.0,0.0,0.0,0.0,0.0,-15.79
2022-12-30 04:30:00,2022-12-30,04:30:00,364.188,364.0,0.0,0.0,0.0,0.0,-15.43
2022-12-30 05:00:00,2022-12-30,05:00:00,364.208,364.0,0.0,0.0,0.0,0.0,-14.96
2022-12-30 05:30:00,2022-12-30,05:30:00,364.229,364.0,0.0,0.0,0.0,0.0,-14.61
2022-12-30 06:00:00,2022-12-30,06:00:00,364.25,364.0,0.0,0.0,0.0,0.0,-14.39
2022-12-30 06:30:00,2022-12-30,06:30:00,364.271,364.0,0.66,0.6,0.91,0.45,-14.32
2022-12-30 07:00:00,2022-12-30,07:00:00,364.292,364.0,0.36,0.28,0.6,0.21,-14.11
2022-12-30 07:30:00,2022-12-30,07:30:00,364.312,364.0,0.0,0.0,0.0,0.0,-13.84
2022-12-30 08:00:00,2022-12-30,08:00:00,364.333,364.0,0.0,0.0,0.0,0.0,-13.19
2022-12-30 08:30:00,2022-12-30,08:30:00,364.354,364.0,0.0,0.0,0.0,0.0,-12.24
2022-12-30 09:00:00,2022-12-30,09:00:00,364.375,364.0,0.1,0.0,0.31,0.0,-10.85
2022-12-30 09:30:00,2022-12-30,09:30:00,364.396,364.0,0.0,0.0,0.0,0.0,-8.95
2022-12-30 10:00:00,2022-12-30,10:00:00,364.417,364.0,0.0,0.0,0.0,0.0,-7.01
2022-12-30 10:30:00,2022-12-30,10:30:00,364.438,364.0,0.0,0.0,0.0,0.0,-5.12
2022-12-30 11:00:00,2022-12-30,11:00:00,364.458,364.0,0.0,0.0,0.0,0.0,-5.68
2022-12-30 11:30:00,2022-12-30,11:30:00,364.479,364.0,0.29,0.51,0.0,0.38,-4.96
2022-12-30 12:00:00,2022-12-30,12:00:00,364.5,364.0,0.0,0.0,0.0,0.0,-3.94
2022-12-30 12:30:00,2022-12-30,12:30:00,364.521,364.0,0.0,0.0,0.0,0.0,-4.51
2022-12-30 13:00:00,2022-12-30,13:00:00,364.542,364.0,0.0,0.0,0.0,0.0,-4.76
2022-12-30 13:30:00,2022-12-30,13:30:00,364.562,364.0,0.0,0.0,0.0,0.0,-5.33
2022-12-30 14:00:00,2022-12-30,14:00:00,364.583,364.0,0.0,0.0,0.0,0.0,-4.81
2022-12-30 14:30:00,2022-12-30,14:30:00,364.604,364.0,0.0,0.0,0.0,0.0,-5.22
2022-12-30 15:00:00,2022-12-30,15:00:00,364.625,364.0,0.0,0.0,0.0,0.0,-6.82
2022-12-30 15:30:00,2022-12-30,15:30:00,364.646,364.0,0.0,0.0,0.0,0.0,-8.01
2022-12-30 16:00:00,2022-12-30,16:00:00,364.667,364.0,0.0,0.0,0.0,0.0,-8.77
2022-12-30 16:30:00,2022-12-30,16:30:00,364.688,364.0,0.0,0.0,0.0,0.0,-9.45
2022-12-30 17:00:00,2022-12-30,17:00:00,364.708,364.0,0.0,0.0,0.0,0.0,-9.99
2022-12-30 17:30:00,2022-12-30,17:30:00,364.729,364.0,0.0,0.0,0.0,0.0,-10.48
2022-12-30 18:00:00,2022-12-30,18:00:00,364.75,364.0,0.0,0.0,0.0,0.0,-10.48
2022-12-30 18:30:00,2022-12-30,18:30:00,364.771,364.0,0.0,0.0,0.0,0.0,-10.15
2022-12-30 19:00:00,2022-12-30,19:00:00,364.792,364.0,0.32,0.38,0.31,0.28,-9.97
2022-12-30 19:30:00,2022-12-30,19:30:00,364.812,364.0,0.0,0.0,0.0,0.0,-9.79
2022-12-30 20:00:00,2022-12-30,20:00:00,364.833,364.0,0.0,0.0,0.0,0.0,-9.72
2022-12-30 20:30:00,2022-12-30,20:30:00,364.854,364.0,0.24,0.42,0.0,0.31,-9.64
2022-12-30 21:00:00,2022-12-30,21:00:00,364.875,364.0,0.37,0.46,0.3,0.34,-9.5
2022-12-30 21:30:00,2022-12-30,21:30:00,364.896,364.0,0.45,0.58,0.35,0.43,-9.35
2022-12-30 22:00:00,2022-12-30,22:00:00,364.917,364.0,0.6,0.74,0.52,0.55,-9.12
2022-12-30 22:30:00,2022-12-30,22:30:00,364.938,364.0,0.87,1.31,0.32,0.98,-9.06
2022-12-30 23:00:00,2022-12-30,23:00:00,364.958,364.0,0.7,0.96,0.44,0.71,-9.2
2022-12-30 23:30:00,2022-12-30,23:30:00,364.979,364.0,0.4,0.28,0.71,0.21,-9.35
2022-12-31 00:00:00,2022-12-31,00:00:00,365.0,365.0,0.45,0.34,0.76,0.25,-9.34
2022-12-31 00:30:00,2022-12-31,00:30:00,365.021,365.0,0.43,0.38,0.54,0.38,-8.9
2022-12-31 01:00:00,2022-12-31,01:00:00,365.042,365.0,0.53,0.46,0.67,0.46,-8.98
2022-12-31 01:30:00,2022-12-31,01:30:00,365.062,365.0,0.47,0.39,0.61,0.39,-9.16
2022-12-31 02:00:00,2022-12-31,02:00:00,365.083,365.0,1.01,0.91,1.22,0.91,-9.26
2022-12-31 02:30:00,2022-12-31,02:30:00,365.104,365.0,0.67,0.62,0.77,0.62,-9.24
2022-12-31 03:00:00,2022-12-31,03:00:00,365.125,365.0,0.57,0.54,0.62,0.54,-9.08
2022-12-31 03:30:00,2022-12-31,03:30:00,365.146,365.0,0.54,0.5,0.62,0.5,-8.82
2022-12-31 04:00:00,2022-12-31,04:00:00,365.167,365.0,0.68,0.64,0.77,0.64,-8.65
2022-12-31 04:30:00,2022-12-31,04:30:00,365.188,365.0,0.53,0.47,0.65,0.47,-8.67
2022-12-31 05:00:00,2022-12-31,05:00:00,365.208,365.0,0.5,0.44,0.62,0.44,-8.58
2022-12-31 05:30:00,2022-12-31,05:30:00,365.229,365.0,0.26,0.23,0.33,0.23,-8.3
2022-12-31 06:00:00,2022-12-31,06:00:00,365.25,365.0,0.26,0.25,0.28,0.25,-7.97
2022-12-31 06:30:00,2022-12-31,06:30:00,365.271,365.0,0.39,0.38,0.42,0.38,-7.97
2022-12-31 07:00:00,2022-12-31,07:00:00,365.292,365.0,0.37,0.35,0.4,0.35,-7.96
2022-12-31 07:30:00,2022-12-31,07:30:00,365.312,365.0,0.29,0.26,0.35,0.26,-7.94
2022-12-31 08:00:00,2022-12-31,08:00:00,365.333,365.0,0.11,0.0,0.32,0.0,-7.66
2022-12-31 08:30:00,2022-12-31,08:30:00,365.354,365.0,0.36,0.34,0.38,0.34,-7.11
2022-12-31 09:00:00,2022-12-31,09:00:00,365.375,365.0,0.54,0.54,0.56,0.54,-6.18
2022-12-31 09:30:00,2022-12-31,09:30:00,365.396,365.0,0.63,0.66,0.56,0.66,-5.2
2022-12-31 10:00:00,2022-12-31,10:00:00,365.417,365.0,0.48,0.45,0.54,0.45,-4.91
2022-12-31 10:30:00,2022-12-31,10:30:00,365.438,365.0,0.4,0.38,0.44,0.38,-4.3
2022-12-31 11:00:00,2022-12-31,11:00:00,365.458,365.0,0.34,0.34,0.33,0.34,-3.09
2022-12-31 11:30:00,2022-12-31,11:30:00,365.479,365.0,0.0,0.0,0.0,0.0,-2.24
2022-12-31 12:00:00,2022-12-31,12:00:00,365.5,365.0,0.36,0.3,0.46,0.3,-1.85
2022-12-31 12:30:00,2022-12-31,12:30:00,365.521,365.0,0.19,0.0,0.56,0.0,-1.33
2022-12-31 13:00:00,2022-12-31,13:00:00,365.542,365.0,0.53,0.35,0.89,0.35,-1.04
2022-12-31 13:30:00,2022-12-31,13:30:00,365.562,365.0,0.15,0.23,0.0,0.23,-0.88
2022-12-31 14:00:00,2022-12-31,14:00:00,365.583,365.0,0.0,0.0,0.0,0.0,-1.59
2022-12-31 14:30:00,2022-12-31,14:30:00,365.604,365.0,0.88,1.02,0.6,1.02,-1.64
2022-12-31 15:00:00,2022-12-31,15:00:00,365.625,365.0,0.61,0.91,0.0,0.91,-2.45
2022-12-31 15:30:00,2022-12-31,15:30:00,365.646,365.0,0.54,0.81,0.0,0.81,-3.13
2022-12-31 16:00:00,2022-12-31,16:00:00,365.667,365.0,0.36,0.0,1.08,0.0,-3.68
2022-12-31 16:30:00,2022-12-31,16:30:00,365.688,365.0,0.46,0.69,0.0,0.69,-4.04
2022-12-31 17:00:00,2022-12-31,17:00:00,365.708,365.0,2.02,3.03,0.0,3.03,-4.42
2022-12-31 17:30:00,2022-12-31,17:30:00,365.729,365.0,0.56,0.0,1.67,0.0,-4.51
2022-12-31 18:00:00,2022-12-31,18:00:00,365.75,365.0,0.51,0.0,1.54,0.0,-4.43
2022-12-31 18:30:00,2022-12-31,18:30:00,365.771,365.0,0.26,0.38,0.0,0.38,-4.52
2022-12-31 19:00:00,2022-12-31,19:00:00,365.792,365.0,0.18,0.27,0.0,0.27,-4.45
2022-12-31 19:30:00,2022-12-31,19:30:00,365.812,365.0,0.43,0.0,1.3,0.0,-4.18
2022-12-31 20:00:00,2022-12-31,20:00:00,365.833,365.0,0.3,0.31,0.29,0.31,-3.96
2022-12-31 20:30:00,2022-12-31,20:30:00,365.854,365.0,0.35,0.39,0.29,0.39,-3.8
2022-12-31 21:00:00,2022-12-31,21:00:00,365.875,365.0,0.84,0.35,1.82,0.35,-3.71
2022-12-31 21:30:00,2022-12-31,21:30:00,365.896,365.0,0.47,0.22,0.98,0.22,-3.67
2022-12-31 22:00:00,2022-12-31,22:00:00,365.917,365.0,2.4,3.6,0.0,3.6,-3.56
2022-12-31 22:30:00,2022-12-31,22:30:00,365.938,365.0,2.12,2.13,2.11,2.13,-3.5
2022-12-31 23:00:00,2022-12-31,23:00:00,365.958,365.0,1.57,2.36,0.0,2.36,-3.31
2022-12-31 23:30:00,2022-12-31,23:30:00,365.979,365.0,1.36,0.0,4.09,0.0,-3.26
2023-01-01 00:00:00,2023-01-01,00:00:00,1.0,1.0,1.88,0.0,5.65,0.0,-3.26
2023-01-01 00:30:00,2023-01-01,00:30:00,1.021,1.0,2.58,3.19,1.44,3.12,-3.34
2023-01-01 01:00:00,2023-01-01,01:00:00,1.042,1.0,1.19,1.32,0.96,1.29,-3.44
2023-01-01 01:30:00,2023-01-01,01:30:00,1.062,1.0,0.83,0.9,0.69,0.88,-3.46
2023-01-01 02:00:00,2023-01-01,02:00:00,1.083,1.0,0.6,0.5,0.81,0.49,-3.48
2023-01-01 02:30:00,2023-01-01,02:30:00,1.104,1.0,0.29,0.25,0.38,0.25,-3.36
2023-01-01 03:00:00,2023-01-01,03:00:00,1.125,1.0,0.32,0.31,0.35,0.3,-3.27
2023-01-01 03:30:00,2023-01-01,03:30:00,1.146,1.0,0.44,0.44,0.47,0.43,-3.26
2023-01-01 04:00:00,2023-01-01,04:00:00,1.167,1.0,0.73,0.75,0.72,0.73,-3.22
2023-01-01 04:30:00,2023-01-01,04:30:00,1.188,1.0,0.62,0.63,0.63,0.62,-3.14
2023-01-01 05:00:00,2023-01-01,05:00:00,1.208,1.0,0.0,0.0,0.0,0.0,-3.26
2023-01-01 05:30:00,2023-01-01,05:30:00,1.229,1.0,0.0,0.0,0.0,0.0,-3.58
2023-01-01 06:00:00,2023-01-01,06:00:00,1.25,1.0,0.0,0.0,0.0,0.0,-3.81
2023-01-01 06:30:00,2023-01-01,06:30:00,1.271,1.0,0.0,0.0,0.0,0.0,-4.11
2023-01-01 07:00:00,2023-01-01,07:00:00,1.292,1.0,0.0,0.0,0.0,0.0,-4.38
2023-01-01 07:30:00,2023-01-01,07:30:00,1.312,1.0,0.0,0.0,0.0,0.0,-4.64
2023-01-01 08:00:00,2023-01-01,08:00:00,1.333,1.0,0.0,0.0,0.0,0.0,-4.69
2023-01-01 08:30:00,2023-01-01,08:30:00,1.354,1.0,0.0,0.0,0.0,0.0,-4.41
2023-01-01 09:00:00,2023-01-01,09:00:00,1.375,1.0,0.0,0.0,0.0,0.0,-3.93
2023-01-01 09:30:00,2023-01-01,09:30:00,1.396,1.0,0.0,0.0,0.0,0.0,-3.5
2023-01-01 10:00:00,2023-01-01,10:00:00,1.417,1.0,0.0,0.0,0.0,0.0,-2.84
2023-01-01 10:30:00,2023-01-01,10:30:00,1.438,1.0,0.0,0.0,0.0,0.0,-2.4
2023-01-01 11:00:00,2023-01-01,11:00:00,1.458,1.0,0.36,0.36,0.35,0.35,-2.04
2023-01-01 11:30:00,2023-01-01,11:30:00,1.479,1.0,0.3,0.31,0.3,0.3,-1.75
2023-01-01 12:00:00,2023-01-01,12:00:00,1.5,1.0,0.51,0.52,0.5,0.51,-1.62
2023-01-01 12:30:00,2023-01-01,12:30:00,1.521,1.0,0.67,0.67,0.66,0.66,-1.25
2023-01-01 13:00:00,2023-01-01,13:00:00,1.542,1.0,0.44,0.44,0.44,0.44,-0.86
2023-01-01 13:30:00,2023-01-01,13:30:00,1.562,1.0,0.23,0.23,0.23,0.23,-0.9
2023-01-01 14:00:00,2023-01-01,14:00:00,1.583,1.0,0.0,0.0,0.0,0.0,-1.26
2023-01-01 14:30:00,2023-01-01,14:30:00,1.604,1.0,0.26,0.26,0.26,0.26,-1.69
2023-01-01 15:00:00,2023-01-01,15:00:00,1.625,1.0,0.44,0.45,0.44,0.44,-2.06
2023-01-01 15:30:00,2023-01-01,15:30:00,1.646,1.0,0.33,0.33,0.32,0.32,-2.49
2023-01-01 16:00:00,2023-01-01,16:00:00,1.667,1.0,0.53,0.54,0.52,0.53,-2.9
2023-01-01 16:30:00,2023-01-01,16:30:00,1.687,1.0,0.33,0.33,0.32,0.32,-3.23
2023-01-01 17:00:00,2023-01-01,17:00:00,1.708,1.0,0.38,0.38,0.37,0.38,-3.49
2023-01-01 17:30:00,2023-01-01,17:30:00,1.729,1.0,0.31,0.32,0.31,0.31,-3.65
2023-01-01 18:00:00,2023-01-01,18:00:00,1.75,1.0,0.31,0.32,0.31,0.31,-3.74
2023-01-01 18:30:00,2023-01-01,18:30:00,1.771,1.0,0.46,0.47,0.46,0.46,-3.8
2023-01-01 19:00:00,2023-01-01,19:00:00,1.792,1.0,0.61,0.62,0.6,0.6,-3.78
2023-01-01 19:30:00,2023-01-01,19:30:00,1.812,1.0,0.45,0.46,0.45,0.45,-3.78
2023-01-01 20:00:00,2023-01-01,20:00:00,1.833,1.0,0.24,0.24,0.23,0.23,-3.81
2023-01-01 20:30:00,2023-01-01,20:30:00,1.854,1.0,0.35,0.35,0.35,0.35,-3.9
2023-01-01 21:00:00,2023-01-01,21:00:00,1.875,1.0,0.0,0.0,0.0,0.0,-3.97
2023-01-01 21:30:00,2023-01-01,21:30:00,1.896,1.0,0.0,0.0,0.0,0.0,-4.06
2023-01-01 22:00:00,2023-01-01,22:00:00,1.917,1.0,0.0,0.0,0.0,0.0,-4.24
2023-01-01 22:30:00,2023-01-01,22:30:00,1.937,1.0,0.35,0.35,0.35,0.35,-4.19
2023-01-01 23:00:00,2023-01-01,23:00:00,1.958,1.0,1.21,1.23,1.2,1.2,-4.03
2023-01-01 23:30:00,2023-01-01,23:30:00,1.979,1.0,0.6,0.61,0.61,0.6,-4.04
2023-01-02 00:00:00,2023-01-02,00:00:00,2.0,2.0,0.51,0.51,0.51,0.5,-4.05
2023-01-02 00:30:00,2023-01-02,00:30:00,2.021,2.0,0.0,0.0,0.0,0.0,-4.33
2023-01-02 01:00:00,2023-01-02,01:00:00,2.042,2.0,0.0,0.0,0.0,0.0,-4.45
2023-01-02 01:30:00,2023-01-02,01:30:00,2.062,2.0,0.0,0.0,0.0,0.0,-4.59
2023-01-02 02:00:00,2023-01-02,02:00:00,2.083,2.0,0.0,0.0,0.0,0.0,-4.59
2023-01-02 02:30:00,2023-01-02,02:30:00,2.104,2.0,0.45,0.44,0.45,0.46,-4.45
2023-01-02 03:00:00,2023-01-02,03:00:00,2.125,2.0,0.0,0.0,0.0,0.0,-4.18
2023-01-02 03:30:00,2023-01-02,03:30:00,2.146,2.0,0.0,0.0,0.0,0.0,-4.87
2023-01-02 04:00:00,2023-01-02,04:00:00,2.167,2.0,0.0,0.0,0.0,0.0,-6.01
2023-01-02 04:30:00,2023-01-02,04:30:00,2.188,2.0,0.0,0.0,0.0,0.0,-6.84
2023-01-02 05:00:00,2023-01-02,05:00:00,2.208,2.0,0.0,0.0,0.0,0.0,-6.65
2023-01-02 05:30:00,2023-01-02,05:30:00,2.229,2.0,0.0,0.0,0.0,0.0,-7.19
2023-01-02 06:00:00,2023-01-02,06:00:00,2.25,2.0,0.0,0.0,0.0,0.0,-7.62
2023-01-02 06:30:00,2023-01-02,06:30:00,2.271,2.0,0.0,0.0,0.0,0.0,-7.54
2023-01-02 07:00:00,2023-01-02,07:00:00,2.292,2.0,0.0,0.0,0.0,0.0,-8.29
2023-01-02 07:30:00,2023-01-02,07:30:00,2.312,2.0,0.0,0.0,0.0,0.0,-8.14
2023-01-02 08:00:00,2023-01-02,08:00:00,2.333,2.0,0.0,0.0,0.0,0.0,-7.65
2023-01-02 08:30:00,2023-01-02,08:30:00,2.354,2.0,0.0,0.0,0.0,0.0,-6.3
2023-01-02 09:00:00,2023-01-02,09:00:00,2.375,2.0,0.0,0.0,0.0,0.0,-5.43
2023-01-02 09:30:00,2023-01-02,09:30:00,2.396,2.0,0.23,0.23,0.24,0.24,-5.3
2023-01-02 10:00:00,2023-01-02,10:00:00,2.417,2.0,0.0,0.0,0.0,0.0,-3.93
2023-01-02 10:30:00,2023-01-02,10:30:00,2.438,2.0,0.0,0.0,0.0,0.0,-1.89
2023-01-02 11:00:00,2023-01-02,11:00:00,2.458,2.0,0.0,0.0,0.0,0.0,-0.68
2023-01-02 11:30:00,2023-01-02,11:30:00,2.479,2.0,0.0,0.0,0.0,0.0,-0.61
2023-01-02 12:00:00,2023-01-02,12:00:00,2.5,2.0,0.0,0.0,0.0,0.0,-1.04
2023-01-02 12:30:00,2023-01-02,12:30:00,2.521,2.0,0.27,0.26,0.27,0.28,-1.15
2023-01-02 13:00:00,2023-01-02,13:00:00,2.542,2.0,0.0,0.0,0.0,0.0,-2.34
2023-01-02 13:30:00,2023-01-02,13:30:00,2.562,2.0,0.0,0.0,0.0,0.0,-1.35
2023-01-02 14:00:00,2023-01-02,14:00:00,2.583,2.0,0.0,0.0,0.0,0.0,-0.71
2023-01-02 14:30:00,2023-01-02,14:30:00,2.604,2.0,0.0,0.0,0.0,0.0,-1.46
2023-01-02 15:00:00,2023-01-02,15:00:00,2.625,2.0,0.0,0.0,0.0,0.0,-4.14
2023-01-02 15:30:00,2023-01-02,15:30:00,2.646,2.0,0.0,0.0,0.0,0.0,-5.89
2023-01-02 16:00:00,2023-01-02,16:00:00,2.667,2.0,0.0,0.0,0.0,0.0,-7.11
2023-01-02 16:30:00,2023-01-02,16:30:00,2.688,2.0,0.0,0.0,0.0,0.0,-8.53
2023-01-02 17:00:00,2023-01-02,17:00:00,2.708,2.0,0.0,0.0,0.0,0.0,-9.67
2023-01-02 17:30:00,2023-01-02,17:30:00,2.729,2.0,0.0,0.0,0.0,0.0,-9.59
2023-01-02 18:00:00,2023-01-02,18:00:00,2.75,2.0,0.0,0.0,0.0,0.0,-10.28
2023-01-02 18:30:00,2023-01-02,18:30:00,2.771,2.0,0.0,0.0,0.0,0.0,-10.68
2023-01-02 19:00:00,2023-01-02,19:00:00,2.792,2.0,0.0,0.0,0.0,0.0,-10.34
2023-01-02 19:30:00,2023-01-02,19:30:00,2.812,2.0,0.0,0.0,0.0,0.0,-10.23
2023-01-02 20:00:00,2023-01-02,20:00:00,2.833,2.0,0.0,0.0,0.0,0.0,-10.25
2023-01-02 20:30:00,2023-01-02,20:30:00,2.854,2.0,0.0,0.0,0.0,0.0,-10.3
2023-01-02 21:00:00,2023-01-02,21:00:00,2.875,2.0,0.0,0.0,0.0,0.0,-10.29
2023-01-02 21:30:00,2023-01-02,21:30:00,2.896,2.0,0.0,0.0,0.0,0.0,-10.34
2023-01-02 22:00:00,2023-01-02,22:00:00,2.917,2.0,0.0,0.0,0.0,0.0,-10.32
2023-01-02 22:30:00,2023-01-02,22:30:00,2.938,2.0,0.0,0.0,0.0,0.0,-10.27
2023-01-02 23:00:00,2023-01-02,23:00:00,2.958,2.0,0.15,0.0,0.22,0.21,-10.17
2023-01-02 23:30:00,2023-01-02,23:30:00,2.979,2.0,0.36,0.33,0.38,0.36,-10.01
2023-01-03 00:00:00,2023-01-03,00:00:00,3.0,3.0,0.37,0.35,0.36,0.39,-9.98
2023-01-03 00:30:00,2023-01-03,00:30:00,3.021,3.0,0.31,0.33,0.36,0.25,-9.96
2023-01-03 01:00:00,2023-01-03,01:00:00,3.042,3.0,0.3,0.36,0.26,0.27,-10.01
2023-01-03 01:30:00,2023-01-03,01:30:00,3.062,3.0,0.5,0.48,0.65,0.36,-10.01
2023-01-03 02:00:00,2023-01-03,02:00:00,3.083,3.0,0.73,0.79,0.81,0.6,-9.95
2023-01-03 02:30:00,2023-01-03,02:30:00,3.104,3.0,0.59,0.69,0.55,0.52,-9.93
2023-01-03 03:00:00,2023-01-03,03:00:00,3.125,3.0,0.3,0.33,0.33,0.25,-10.01
2023-01-03 03:30:00,2023-01-03,03:30:00,3.146,3.0,0.26,0.27,0.29,0.21,-10.06
2023-01-03 04:00:00,2023-01-03,04:00:00,3.167,3.0,0.0,0.0,0.0,0.0,-10.08
2023-01-03 04:30:00,2023-01-03,04:30:00,3.188,3.0,0.0,0.0,0.0,0.0,-10.09
2023-01-03 05:00:00,2023-01-03,05:00:00,3.208,3.0,0.0,0.0,0.0,0.0,-10.12
2023-01-03 05:30:00,2023-01-03,05:30:00,3.229,3.0,0.28,0.3,0.3,0.23,-10.13
2023-01-03 06:00:00,2023-01-03,06:00:00,3.25,3.0,0.3,0.33,0.33,0.25,-10.16
2023-01-03 06:30:00,2023-01-03,06:30:00,3.271,3.0,0.5,0.52,0.59,0.4,-10.17
2023-01-03 07:00:00,2023-01-03,07:00:00,3.292,3.0,0.44,0.46,0.5,0.35,-10.13
2023-01-03 07:30:00,2023-01-03,07:30:00,3.312,3.0,0.46,0.5,0.49,0.38,-10.02
2023-01-03 08:00:00,2023-01-03,08:00:00,3.333,3.0,0.16,0.27,0.0,0.21,-9.56
2023-01-03 08:30:00,2023-01-03,08:30:00,3.354,3.0,0.0,0.0,0.0,0.0,-8.72
2023-01-03 09:00:00,2023-01-03,09:00:00,3.375,3.0,0.0,0.0,0.0,0.0,-7.88
2023-01-03 09:30:00,2023-01-03,09:30:00,3.396,3.0,0.0,0.0,0.0,0.0,-7.13
2023-01-03 10:00:00,2023-01-03,10:00:00,3.417,3.0,0.0,0.0,0.0,0.0,-6.07
2023-01-03 10:30:00,2023-01-03,10:30:00,3.438,3.0,0.0,0.0,0.0,0.0,-5.44
2023-01-03 11:00:00,2023-01-03,11:00:00,3.458,3.0,0.0,0.0,0.0,0.0,-4.56
2023-01-03 11:30:00,2023-01-03,11:30:00,3.479,3.0,0.0,0.0,0.0,0.0,-3.22
2023-01-03 12:00:00,2023-01-03,12:00:00,3.5,3.0,0.0,0.0,0.0,0.0,-3.73
2023-01-03 12:30:00,2023-01-03,12:30:00,3.521,3.0,0.0,0.0,0.0,0.0,-3.65
2023-01-03 13:00:00,2023-01-03,13:00:00,3.542,3.0,0.0,0.0,0.0,0.0,-3.52
2023-01-03 13:30:00,2023-01-03,13:30:00,3.562,3.0,0.0,0.0,0.0,0.0,-4.0
2023-01-03 14:00:00,2023-01-03,14:00:00,3.583,3.0,0.0,0.0,0.0,0.0,-4.96
2023-01-03 14:30:00,2023-01-03,14:30:00,3.604,3.0,0.0,0.0,0.0,0.0,-5.42
2023-01-03 15:00:00,2023-01-03,15:00:00,3.625,3.0,1.77,1.95,1.87,1.49,-6.55
2023-01-03 15:30:00,2023-01-03,15:30:00,3.646,3.0,0.0,0.0,0.0,0.0,-7.09
2023-01-03 16:00:00,2023-01-03,16:00:00,3.667,3.0,0.0,0.0,0.0,0.0,-8.45
2023-01-03 16:30:00,2023-01-03,16:30:00,3.688,3.0,0.0,0.0,0.0,0.0,-9.22
2023-01-03 17:00:00,2023-01-03,17:00:00,3.708,3.0,0.28,0.29,0.32,0.22,-9.77
2023-01-03 17:30:00,2023-01-03,17:30:00,3.729,3.0,0.0,0.0,0.0,0.0,-10.06
2023-01-03 18:00:00,2023-01-03,18:00:00,3.75,3.0,0.0,0.0,0.0,0.0,-10.23
2023-01-03 18:30:00,2023-01-03,18:30:00,3.771,3.0,0.0,0.0,0.0,0.0,-10.72
2023-01-03 19:00:00,2023-01-03,19:00:00,3.792,3.0,0.0,0.0,0.0,0.0,-10.83
2023-01-03 19:30:00,2023-01-03,19:30:00,3.812,3.0,0.0,0.0,0.0,0.0,-10.46
2023-01-03 20:00:00,2023-01-03,20:00:00,3.833,3.0,0.0,0.0,0.0,0.0,-10.49
2023-01-03 20:30:00,2023-01-03,20:30:00,3.854,3.0,0.0,0.0,0.0,0.0,-10.76
2023-01-03 21:00:00,2023-01-03,21:00:00,3.875,3.0,0.0,0.0,0.0,0.0,-10.92
2023-01-03 21:30:00,2023-01-03,21:30:00,3.896,3.0,0.0,0.0,0.0,0.0,-11.0
2023-01-03 22:00:00,2023-01-03,22:00:00,3.917,3.0,0.0,0.0,0.0,0.0,-11.08
2023-01-03 22:30:00,2023-01-03,22:30:00,3.938,3.0,0.0,0.0,0.0,0.0,-11.01
2023-01-03 23:00:00,2023-01-03,23:00:00,3.958,3.0,0.0,0.0,0.0,0.0,-11.01
2023-01-03 23:30:00,2023-01-03,23:30:00,3.979,3.0,0.0,0.0,0.0,0.0,-11.08
2023-01-04 00:00:00,2023-01-04,00:00:00,4.0,4.0,0.0,0.0,0.0,0.0,-11.08
2023-01-04 00:30:00,2023-01-04,00:30:00,4.021,4.0,0.0,0.0,0.0,0.0,-11.18
2023-01-04 01:00:00,2023-01-04,01:00:00,4.042,4.0,0.0,0.0,0.0,0.0,-11.3
2023-01-04 01:30:00,2023-01-04,01:30:00,4.062,4.0,0.0,0.0,0.0,0.0,-11.27
2023-01-04 02:00:00,2023-01-04,02:00:00,4.083,4.0,0.0,0.0,0.0,0.0,-11.22
2023-01-04 02:30:00,2023-01-04,02:30:00,4.104,4.0,0.0,0.0,0.0,0.0,-11.32
2023-01-04 03:00:00,2023-01-04,03:00:00,4.125,4.0,0.0,0.0,0.0,0.0,-11.44
2023-01-04 03:30:00,2023-01-04,03:30:00,4.146,4.0,0.0,0.0,0.0,0.0,-11.69
2023-01-04 04:00:00,2023-01-04,04:00:00,4.167,4.0,0.0,0.0,0.0,0.0,-12.2
2023-01-04 04:30:00,2023-01-04,04:30:00,4.188,4.0,0.0,0.0,0.0,0.0,-12.17
2023-01-04 05:00:00,2023-01-04,05:00:00,4.208,4.0,0.0,0.0,0.0,0.0,-12.02
2023-01-04 05:30:00,2023-01-04,05:30:00,4.229,4.0,0.0,0.0,0.0,0.0,-12.34
2023-01-04 06:00:00,2023-01-04,06:00:00,4.25,4.0,0.0,0.0,0.0,0.0,-12.06
2023-01-04 06:30:00,2023-01-04,06:30:00,4.271,4.0,0.0,0.0,0.0,0.0,-12.14
2023-01-04 07:00:00,2023-01-04,07:00:00,4.292,4.0,0.0,0.0,0.0,0.0,-12.22
2023-01-04 07:30:00,2023-01-04,07:30:00,4.312,4.0,0.0,0.0,0.0,0.0,-12.13
2023-01-04 08:00:00,2023-01-04,08:00:00,4.333,4.0,0.0,0.0,0.0,0.0,-11.42
2023-01-04 08:30:00,2023-01-04,08:30:00,4.354,4.0,0.0,0.0,0.0,0.0,-11.02
2023-01-04 09:00:00,2023-01-04,09:00:00,4.375,4.0,0.0,0.0,0.0,0.0,-9.82
2023-01-04 09:30:00,2023-01-04,09:30:00,4.396,4.0,0.0,0.0,0.0,0.0,-8.27
2023-01-04 10:00:00,2023-01-04,10:00:00,4.417,4.0,0.0,0.0,0.0,0.0,-7.82
2023-01-04 10:30:00,2023-01-04,10:30:00,4.438,4.0,0.0,0.0,0.0,0.0,-7.28
2023-01-04 11:00:00,2023-01-04,11:00:00,4.458,4.0,0.0,0.0,0.0,0.0,-4.47
2023-01-04 11:30:00,2023-01-04,11:30:00,4.479,4.0,0.0,0.0,0.0,0.0,-4.43
2023-01-04 12:00:00,2023-01-04,12:00:00,4.5,4.0,0.0,0.0,0.0,0.0,-4.45
2023-01-04 12:30:00,2023-01-04,12:30:00,4.521,4.0,0.0,0.0,0.0,0.0,-5.66
2023-01-04 13:00:00,2023-01-04,13:00:00,4.542,4.0,0.0,0.0,0.0,0.0,-5.43
2023-01-04 13:30:00,2023-01-04,13:30:00,4.562,4.0,0.0,0.0,0.0,0.0,-6.01
2023-01-04 14:00:00,2023-01-04,14:00:00,4.583,4.0,0.0,0.0,0.0,0.0,-6.92
2023-01-04 14:30:00,2023-01-04,14:30:00,4.604,4.0,0.0,0.0,0.0,0.0,-7.03
2023-01-04 15:00:00,2023-01-04,15:00:00,4.625,4.0,0.0,0.0,0.0,0.0,-8.53
2023-01-04 15:30:00,2023-01-04,15:30:00,4.646,4.0,0.0,0.0,0.0,0.0,-9.66
2023-01-04 16:00:00,2023-01-04,16:00:00,4.667,4.0,0.0,0.0,0.0,0.0,-11.32
2023-01-04 16:30:00,2023-01-04,16:30:00,4.688,4.0,0.0,0.0,0.0,0.0,-12.34
2023-01-04 17:00:00,2023-01-04,17:00:00,4.708,4.0,0.0,0.0,0.0,0.0,-13.64
2023-01-04 17:30:00,2023-01-04,17:30:00,4.729,4.0,0.0,0.0,0.0,0.0,-15.46
2023-01-04 18:00:00,2023-01-04,18:00:00,4.75,4.0,0.0,0.0,0.0,0.0,-16.05
2023-01-04 18:30:00,2023-01-04,18:30:00,4.771,4.0,0.0,0.0,0.0,0.0,-16.92
2023-01-04 19:00:00,2023-01-04,19:00:00,4.792,4.0,0.0,0.0,0.0,0.0,-17.83
2023-01-04 19:30:00,2023-01-04,19:30:00,4.812,4.0,0.0,0.0,0.0,0.0,-18.47
2023-01-04 20:00:00,2023-01-04,20:00:00,4.833,4.0,0.0,0.0,0.0,0.0,-19.16
2023-01-04 20:30:00,2023-01-04,20:30:00,4.854,4.0,0.0,0.0,0.0,0.0,-19.93
2023-01-04 21:00:00,2023-01-04,21:00:00,4.875,4.0,0.0,0.0,0.0,0.0,-20.0
2023-01-04 21:30:00,2023-01-04,21:30:00,4.896,4.0,0.0,0.0,0.0,0.0,-20.52
2023-01-04 22:00:00,2023-01-04,22:00:00,4.917,4.0,0.0,0.0,0.0,0.0,-20.92
2023-01-04 22:30:00,2023-01-04,22:30:00,4.938,4.0,0.0,0.0,0.0,0.0,-21.32
2023-01-04 23:00:00,2023-01-04,23:00:00,4.958,4.0,0.0,0.0,0.0,0.0,-21.36
2023-01-04 23:30:00,2023-01-04,23:30:00,4.979,4.0,0.0,0.0,0.0,0.0,-21.11
2023-01-05 00:00:00,2023-01-05,00:00:00,5.0,5.0,0.0,0.0,0.0,0.0,-21.11
2023-01-05 00:30:00,2023-01-05,00:30:00,5.021,5.0,0.0,0.0,0.0,0.0,-21.21
2023-01-05 01:00:00,2023-01-05,01:00:00,5.042,5.0,0.0,0.0,0.0,0.0,-21.5
2023-01-05 01:30:00,2023-01-05,01:30:00,5.062,5.0,0.0,0.0,0.0,0.0,-21.65
2023-01-05 02:00:00,2023-01-05,02:00:00,5.083,5.0,0.0,0.0,0.0,0.0,-21.96
2023-01-05 02:30:00,2023-01-05,02:30:00,5.104,5.0,0.0,0.0,0.0,0.0,-21.79
2023-01-05 03:00:00,2023-01-05,03:00:00,5.125,5.0,0.0,0.0,0.0,0.0,-20.59
2023-01-05 03:30:00,2023-01-05,03:30:00,5.146,5.0,0.0,0.0,0.0,0.0,-20.35
2023-01-05 04:00:00,2023-01-05,04:00:00,5.167,5.0,0.0,0.0,0.0,0.0,-18.67
2023-01-05 04:30:00,2023-01-05,04:30:00,5.188,5.0,0.0,0.0,0.0,0.0,-16.89
2023-01-05 05:00:00,2023-01-05,05:00:00,5.208,5.0,0.0,0.0,0.0,0.0,-15.96
2023-01-05 05:30:00,2023-01-05,05:30:00,5.229,5.0,0.0,0.0,0.0,0.0,-15.38
2023-01-05 06:00:00,2023-01-05,06:00:00,5.25,5.0,0.0,0.0,0.0,0.0,-14.49
2023-01-05 06:30:00,2023-01-05,06:30:00,5.271,5.0,0.0,0.0,0.0,0.0,-14.19
2023-01-05 07:00:00,2023-01-05,07:00:00,5.292,5.0,0.0,0.0,0.0,0.0,-13.85
2023-01-05 07:30:00,2023-01-05,07:30:00,5.312,5.0,0.0,0.0,0.0,0.0,-14.2
2023-01-05 08:00:00,2023-01-05,08:00:00,5.333,5.0,0.0,0.0,0.0,0.0,-14.08
2023-01-05 08:30:00,2023-01-05,08:30:00,5.354,5.0,0.0,0.0,0.0,0.0,-11.76
2023-01-05 09:00:00,2023-01-05,09:00:00,5.375,5.0,0.0,0.0,0.0,0.0,-9.11
2023-01-05 09:30:00,2023-01-05,09:30:00,5.396,5.0,0.0,0.0,0.0,0.0,-8.14
2023-01-05 10:00:00,2023-01-05,10:00:00,5.417,5.0,0.0,0.0,0.0,0.0,-5.05
2023-01-05 10:30:00,2023-01-05,10:30:00,5.438,5.0,0.0,0.0,0.0,0.0,-1.86
2023-01-05 11:00:00,2023-01-05,11:00:00,5.458,5.0,0.0,0.0,0.0,0.0,-0.31
2023-01-05 11:30:00,2023-01-05,11:30:00,5.479,5.0,0.0,0.0,0.0,0.0,-0.04
2023-01-05 12:00:00,2023-01-05,12:00:00,5.5,5.0,0.0,0.0,0.0,0.0,1.3
2023-01-05 12:30:00,2023-01-05,12:30:00,5.521,5.0,0.0,0.0,0.0,0.0,1.55
2023-01-05 13:00:00,2023-01-05,13:00:00,5.542,5.0,0.0,0.0,0.0,0.0,0.57
2023-01-05 13:30:00,2023-01-05,13:30:00,5.562,5.0,0.0,0.0,0.0,0.0,-0.12
2023-01-05 14:00:00,2023-01-05,14:00:00,5.583,5.0,0.0,0.0,0.0,0.0,-1.65
2023-01-05 14:30:00,2023-01-05,14:30:00,5.604,5.0,0.0,0.0,0.0,0.0,-4.33
2023-01-05 15:00:00,2023-01-05,15:00:00,5.625,5.0,0.0,0.0,0.0,0.0,-6.07
2023-01-05 15:30:00,2023-01-05,15:30:00,5.646,5.0,0.0,0.0,0.0,0.0,-6.63
2023-01-05 16:00:00,2023-01-05,16:00:00,5.667,5.0,0.0,0.0,0.0,0.0,-8.54
2023-01-05 16:30:00,2023-01-05,16:30:00,5.688,5.0,0.0,0.0,0.0,0.0,-10.44
2023-01-05 17:00:00,2023-01-05,17:00:00,5.708,5.0,0.0,0.0,0.0,0.0,-11.39
2023-01-05 17:30:00,2023-01-05,17:30:00,5.729,5.0,0.0,0.0,0.0,0.0,-11.48
2023-01-05 18:00:00,2023-01-05,18:00:00,5.75,5.0,0.0,0.0,0.0,0.0,-11.28
2023-01-05 18:30:00,2023-01-05,18:30:00,5.771,5.0,0.0,0.0,0.0,0.0,-11.36
2023-01-05 19:00:00,2023-01-05,19:00:00,5.792,5.0,0.0,0.0,0.0,0.0,-11.75
2023-01-05 19:30:00,2023-01-05,19:30:00,5.812,5.0,0.0,0.0,0.0,0.0,-11.91
2023-01-05 20:00:00,2023-01-05,20:00:00,5.833,5.0,0.0,0.0,0.0,0.0,-11.98
2023-01-05 20:30:00,2023-01-05,20:30:00,5.854,5.0,0.0,0.0,0.0,0.0,-11.98
2023-01-05 21:00:00,2023-01-05,21:00:00,5.875,5.0,0.0,0.0,0.0,0.0,-12.25
2023-01-05 21:30:00,2023-01-05,21:30:00,5.896,5.0,0.0,0.0,0.0,0.0,-12.16
2023-01-05 22:00:00,2023-01-05,22:00:00,5.917,5.0,0.0,0.0,0.0,0.0,-11.6
2023-01-05 22:30:00,2023-01-05,22:30:00,5.938,5.0,0.0,0.0,0.0,0.0,-10.72
2023-01-05 23:00:00,2023-01-05,23:00:00,5.958,5.0,0.0,0.0,0.0,0.0,-10.61
2023-01-05 23:30:00,2023-01-05,23:30:00,5.979,5.0,0.0,0.0,0.0,0.0,-10.41
2023-01-06 00:00:00,2023-01-06,00:00:00,6.0,6.0,0.0,0.0,0.0,0.0,-10.38
2023-01-06 00:30:00,2023-01-06,00:30:00,6.021,6.0,0.07,0.0,0.22,0.0,-9.42
2023-01-06 01:00:00,2023-01-06,01:00:00,6.042,6.0,0.38,0.26,0.62,0.26,-9.04
2023-01-06 01:30:00,2023-01-06,01:30:00,6.062,6.0,0.37,0.28,0.55,0.28,-8.6
2023-01-06 02:00:00,2023-01-06,02:00:00,6.083,6.0,0.39,0.37,0.45,0.37,-8.37
2023-01-06 02:30:00,2023-01-06,02:30:00,6.104,6.0,0.0,0.0,0.0,0.0,-8.5
2023-01-06 03:00:00,2023-01-06,03:00:00,6.125,6.0,0.4,0.45,0.3,0.45,-8.73
2023-01-06 03:30:00,2023-01-06,03:30:00,6.146,6.0,0.17,0.26,0.0,0.26,-9.11
2023-01-06 04:00:00,2023-01-06,04:00:00,6.167,6.0,0.0,0.0,0.0,0.0,-9.32
2023-01-06 04:30:00,2023-01-06,04:30:00,6.188,6.0,0.0,0.0,0.0,0.0,-9.38
2023-01-06 05:00:00,2023-01-06,05:00:00,6.208,6.0,0.0,0.0,0.0,0.0,-9.18
2023-01-06 05:30:00,2023-01-06,05:30:00,6.229,6.0,0.16,0.25,0.0,0.25,-9.02
2023-01-06 06:00:00,2023-01-06,06:00:00,6.25,6.0,0.29,0.34,0.21,0.34,-8.84
2023-01-06 06:30:00,2023-01-06,06:30:00,6.271,6.0,0.54,0.64,0.34,0.64,-8.81
2023-01-06 07:00:00,2023-01-06,07:00:00,6.292,6.0,0.98,1.1,0.74,1.1,-8.95
2023-01-06 07:30:00,2023-01-06,07:30:00,6.312,6.0,0.49,0.35,0.77,0.35,-8.75
2023-01-06 08:00:00,2023-01-06,08:00:00,6.333,6.0,0.08,0.0,0.23,0.0,-8.27
2023-01-06 08:30:00,2023-01-06,08:30:00,6.354,6.0,0.42,0.35,0.56,0.35,-8.43
2023-01-06 09:00:00,2023-01-06,09:00:00,6.375,6.0,0.35,0.32,0.41,0.32,-7.07
2023-01-06 09:30:00,2023-01-06,09:30:00,6.396,6.0,0.08,0.0,0.23,0.0,-4.5
2023-01-06 10:00:00,2023-01-06,10:00:00,6.417,6.0,0.0,0.0,0.0,0.0,-2.29
2023-01-06 10:30:00,2023-01-06,10:30:00,6.438,6.0,0.0,0.0,0.0,0.0,-0.61
2023-01-06 11:00:00,2023-01-06,11:00:00,6.458,6.0,0.0,0.0,0.0,0.0,-0.91
2023-01-06 11:30:00,2023-01-06,11:30:00,6.479,6.0,0.13,0.0,0.38,0.0,-1.09
2023-01-06 12:00:00,2023-01-06,12:00:00,6.5,6.0,0.18,0.28,0.0,0.28,-2.03
2023-01-06 12:30:00,2023-01-06,12:30:00,6.521,6.0,0.25,0.0,0.75,0.0,-3.51
2023-01-06 13:00:00,2023-01-06,13:00:00,6.542,6.0,0.33,0.35,0.27,0.35,-1.47
2023-01-06 13:30:00,2023-01-06,13:30:00,6.562,6.0,0.27,0.29,0.23,0.29,-1.82
2023-01-06 14:00:00,2023-01-06,14:00:00,6.583,6.0,0.4,0.6,0.0,0.6,-2.7
2023-01-06 14:30:00,2023-01-06,14:30:00,6.604,6.0,0.19,0.29,0.0,0.29,-3.39
2023-01-06 15:00:00,2023-01-06,15:00:00,6.625,6.0,1.48,2.02,0.41,2.02,-4.37
2023-01-06 15:30:00,2023-01-06,15:30:00,6.646,6.0,0.76,0.81,0.67,0.81,-5.22
2023-01-06 16:00:00,2023-01-06,16:00:00,6.667,6.0,0.97,1.09,0.73,1.09,-5.63
2023-01-06 16:30:00,2023-01-06,16:30:00,6.688,6.0,0.99,1.0,0.97,1.0,-6.15
2023-01-06 17:00:00,2023-01-06,17:00:00,6.708,6.0,0.0,0.0,0.0,0.0,-6.43
2023-01-06 17:30:00,2023-01-06,17:30:00,6.729,6.0,0.28,0.42,0.0,0.42,-6.59
2023-01-06 18:00:00,2023-01-06,18:00:00,6.75,6.0,0.0,0.0,0.0,0.0,-7.18
2023-01-06 18:30:00,2023-01-06,18:30:00,6.771,6.0,0.0,0.0,0.0,0.0,-7.86
2023-01-06 19:00:00,2023-01-06,19:00:00,6.792,6.0,0.34,0.0,1.02,0.0,-7.95
2023-01-06 19:30:00,2023-01-06,19:30:00,6.812,6.0,0.0,0.0,0.0,0.0,-8.21
2023-01-06 20:00:00,2023-01-06,20:00:00,6.833,6.0,0.17,0.0,0.51,0.0,-8.06
2023-01-06 20:30:00,2023-01-06,20:30:00,6.854,6.0,0.07,0.0,0.2,0.0,-8.24
2023-01-06 21:00:00,2023-01-06,21:00:00,6.875,6.0,0.16,0.0,0.48,0.0,-8.47
2023-01-06 21:30:00,2023-01-06,21:30:00,6.896,6.0,0.37,0.26,0.6,0.26,-8.34
2023-01-06 22:00:00,2023-01-06,22:00:00,6.917,6.0,0.64,0.72,0.48,0.72,-8.12
2023-01-06 22:30:00,2023-01-06,22:30:00,6.938,6.0,0.7,0.7,0.69,0.7,-7.95
2023-01-06 23:00:00,2023-01-06,23:00:00,6.958,6.0,0.38,0.33,0.48,0.33,-7.89
2023-01-06 23:30:00,2023-01-06,23:30:00,6.979,6.0,0.37,0.36,0.39,0.36,-7.88
2023-01-07 00:00:00,2023-01-07,00:00:00,7.0,7.0,0.39,0.38,0.42,0.38,-7.89
2023-01-07 00:30:00,2023-01-07,00:30:00,7.021,7.0,0.08,0.0,0.0,0.24,-8.13
2023-01-07 01:00:00,2023-01-07,01:00:00,7.042,7.0,0.0,0.0,0.0,0.0,-8.29
2023-01-07 01:30:00,2023-01-07,01:30:00,7.062,7.0,0.0,0.0,0.0,0.0,-9.03
2023-01-07 02:00:00,2023-01-07,02:00:00,7.083,7.0,0.0,0.0,0.0,0.0,-10.05
2023-01-07 02:30:00,2023-01-07,02:30:00,7.104,7.0,0.0,0.0,0.0,0.0,-10.2
2023-01-07 03:00:00,2023-01-07,03:00:00,7.125,7.0,0.0,0.0,0.0,0.0,-10.55
2023-01-07 03:30:00,2023-01-07,03:30:00,7.146,7.0,0.0,0.0,0.0,0.0,-10.85
2023-01-07 04:00:00,2023-01-07,04:00:00,7.167,7.0,0.0,0.0,0.0,0.0,-11.26
2023-01-07 04:30:00,2023-01-07,04:30:00,7.188,7.0,0.0,0.0,0.0,0.0,-11.75
2023-01-07 05:00:00,2023-01-07,05:00:00,7.208,7.0,0.0,0.0,0.0,0.0,-12.29
2023-01-07 05:30:00,2023-01-07,05:30:00,7.229,7.0,0.0,0.0,0.0,0.0,-12.38
2023-01-07 06:00:00,2023-01-07,06:00:00,7.25,7.0,0.0,0.0,0.0,0.0,-12.76
2023-01-07 06:30:00,2023-01-07,06:30:00,7.271,7.0,0.0,0.0,0.0,0.0,-13.7
2023-01-07 07:00:00,2023-01-07,07:00:00,7.292,7.0,0.0,0.0,0.0,0.0,-14.38
2023-01-07 07:30:00,2023-01-07,07:30:00,7.312,7.0,0.0,0.0,0.0,0.0,-14.98
2023-01-07 08:00:00,2023-01-07,08:00:00,7.333,7.0,0.0,0.0,0.0,0.0,-14.58
2023-01-07 08:30:00,2023-01-07,08:30:00,7.354,7.0,0.0,0.0,0.0,0.0,-13.33
2023-01-07 09:00:00,2023-01-07,09:00:00,7.375,7.0,0.0,0.0,0.0,0.0,-9.07
2023-01-07 09:30:00,2023-01-07,09:30:00,7.396,7.0,0.0,0.0,0.0,0.0,-5.19
2023-01-07 10:00:00,2023-01-07,10:00:00,7.417,7.0,0.0,0.0,0.0,0.0,-1.69
2023-01-07 10:30:00,2023-01-07,10:30:00,7.438,7.0,0.0,0.0,0.0,0.0,0.37
2023-01-07 11:00:00,2023-01-07,11:00:00,7.458,7.0,0.0,0.0,0.0,0.0,0.37
2023-01-07 11:30:00,2023-01-07,11:30:00,7.479,7.0,0.0,0.0,0.0,0.0,1.95
2023-01-07 12:00:00,2023-01-07,12:00:00,7.5,7.0,0.15,0.0,0.0,0.45,4.85
2023-01-07 12:30:00,2023-01-07,12:30:00,7.521,7.0,0.07,0.0,0.0,0.22,-1.7
2023-01-07 13:00:00,2023-01-07,13:00:00,7.542,7.0,0.09,0.0,0.0,0.27,-1.88
2023-01-07 13:30:00,2023-01-07,13:30:00,7.562,7.0,0.0,0.0,0.0,0.0,0.27
2023-01-07 14:00:00,2023-01-07,14:00:00,7.583,7.0,0.0,0.0,0.0,0.0,-0.52
2023-01-07 14:30:00,2023-01-07,14:30:00,7.604,7.0,0.0,0.0,0.0,0.0,-3.78
2023-01-07 15:00:00,2023-01-07,15:00:00,7.625,7.0,0.0,0.0,0.0,0.0,-9.74
2023-01-07 15:30:00,2023-01-07,15:30:00,7.646,7.0,0.0,0.0,0.0,0.0,-12.78
2023-01-07 16:00:00,2023-01-07,16:00:00,7.667,7.0,0.0,0.0,0.0,0.0,-13.75
2023-01-07 16:30:00,2023-01-07,16:30:00,7.688,7.0,0.0,0.0,0.0,0.0,-15.36
2023-01-07 17:00:00,2023-01-07,17:00:00,7.708,7.0,0.0,0.0,0.0,0.0,-16.45
2023-01-07 17:30:00,2023-01-07,17:30:00,7.729,7.0,0.0,0.0,0.0,0.0,-16.24
2023-01-07 18:00:00,2023-01-07,18:00:00,7.75,7.0,0.0,0.0,0.0,0.0,-16.83
2023-01-07 18:30:00,2023-01-07,18:30:00,7.771,7.0,0.0,0.0,0.0,0.0,-16.93
2023-01-07 19:00:00,2023-01-07,19:00:00,7.792,7.0,0.0,0.0,0.0,0.0,-17.56
2023-01-07 19:30:00,2023-01-07,19:30:00,7.812,7.0,0.0,0.0,0.0,0.0,-18.75
2023-01-07 20:00:00,2023-01-07,20:00:00,7.833,7.0,0.0,0.0,0.0,0.0,-19.39
2023-01-07 20:30:00,2023-01-07,20:30:00,7.854,7.0,0.0,0.0,0.0,0.0,-20.13
2023-01-07 21:00:00,2023-01-07,21:00:00,7.875,7.0,0.0,0.0,0.0,0.0,-20.27
2023-01-07 21:30:00,2023-01-07,21:30:00,7.896,7.0,0.0,0.0,0.0,0.0,-20.44
2023-01-07 22:00:00,2023-01-07,22:00:00,7.917,7.0,0.0,0.0,0.0,0.0,-19.56
2023-01-07 22:30:00,2023-01-07,22:30:00,7.938,7.0,0.0,0.0,0.0,0.0,-18.92
2023-01-07 23:00:00,2023-01-07,23:00:00,7.958,7.0,0.0,0.0,0.0,0.0,-19.97
2023-01-07 23:30:00,2023-01-07,23:30:00,7.979,7.0,0.0,0.0,0.0,0.0,-20.14
2023-01-08 00:00:00,2023-01-08,00:00:00,8.0,8.0,0.0,0.0,0.0,0.0,-20.18
2023-01-08 00:30:00,2023-01-08,00:30:00,8.021,8.0,0.0,0.0,0.0,0.0,-20.03
2023-01-08 01:00:00,2023-01-08,01:00:00,8.042,8.0,0.0,0.0,0.0,0.0,-20.9
2023-01-08 01:30:00,2023-01-08,01:30:00,8.062,8.0,0.0,0.0,0.0,0.0,-20.8
2023-01-08 02:00:00,2023-01-08,02:00:00,8.083,8.0,0.0,0.0,0.0,0.0,-20.68
2023-01-08 02:30:00,2023-01-08,02:30:00,8.104,8.0,0.0,0.0,0.0,0.0,-19.55
2023-01-08 03:00:00,2023-01-08,03:00:00,8.125,8.0,0.0,0.0,0.0,0.0,-18.93
2023-01-08 03:30:00,2023-01-08,03:30:00,8.146,8.0,0.0,0.0,0.0,0.0,-18.77
2023-01-08 04:00:00,2023-01-08,04:00:00,8.167,8.0,0.0,0.0,0.0,0.0,-19.7
2023-01-08 04:30:00,2023-01-08,04:30:00,8.188,8.0,0.0,0.0,0.0,0.0,-19.26
2023-01-08 05:00:00,2023-01-08,05:00:00,8.208,8.0,0.0,0.0,0.0,0.0,-17.34
2023-01-08 05:30:00,2023-01-08,05:30:00,8.229,8.0,0.0,0.0,0.0,0.0,-15.81
2023-01-08 06:00:00,2023-01-08,06:00:00,8.25,8.0,0.0,0.0,0.0,0.0,-17.03
2023-01-08 06:30:00,2023-01-08,06:30:00,8.271,8.0,0.0,0.0,0.0,0.0,-19.13
2023-01-08 07:00:00,2023-01-08,07:00:00,8.292,8.0,0.0,0.0,0.0,0.0,-17.69
2023-01-08 07:30:00,2023-01-08,07:30:00,8.312,8.0,0.0,0.0,0.0,0.0,-16.18
2023-01-08 08:00:00,2023-01-08,08:00:00,8.333,8.0,0.0,0.0,0.0,0.0,-15.11
2023-01-08 08:30:00,2023-01-08,08:30:00,8.354,8.0,0.0,0.0,0.0,0.0,-13.25
2023-01-08 09:00:00,2023-01-08,09:00:00,8.375,8.0,0.0,0.0,0.0,0.0,-10.4
2023-01-08 09:30:00,2023-01-08,09:30:00,8.396,8.0,0.0,0.0,0.0,0.0,-7.26
2023-01-08 10:00:00,2023-01-08,10:00:00,8.417,8.0,0.0,0.0,0.0,0.0,-5.41
2023-01-08 10:30:00,2023-01-08,10:30:00,8.438,8.0,0.0,0.0,0.0,0.0,-2.75
2023-01-08 11:00:00,2023-01-08,11:00:00,8.458,8.0,0.0,0.0,0.0,0.0,-0.18
2023-01-08 11:30:00,2023-01-08,11:30:00,8.479,8.0,0.0,0.0,0.0,0.0,0.97
2023-01-08 12:00:00,2023-01-08,12:00:00,8.5,8.0,0.0,0.0,0.0,0.0,1.96
2023-01-08 12:30:00,2023-01-08,12:30:00,8.521,8.0,0.0,0.0,0.0,0.0,2.43
2023-01-08 13:00:00,2023-01-08,13:00:00,8.542,8.0,0.0,0.0,0.0,0.0,1.16
2023-01-08 13:30:00,2023-01-08,13:30:00,8.562,8.0,0.0,0.0,0.0,0.0,-0.74
2023-01-08 14:00:00,2023-01-08,14:00:00,8.583,8.0,0.0,0.0,0.0,0.0,0.8
2023-01-08 14:30:00,2023-01-08,14:30:00,8.604,8.0,0.0,0.0,0.0,0.0,-3.89
2023-01-08 15:00:00,2023-01-08,15:00:00,8.625,8.0,0.0,0.0,0.0,0.0,-8.92
2023-01-08 15:30:00,2023-01-08,15:30:00,8.646,8.0,0.0,0.0,0.0,0.0,-7.36
2023-01-08 16:00:00,2023-01-08,16:00:00,8.667,8.0,0.0,0.0,0.0,0.0,-8.73
2023-01-08 16:30:00,2023-01-08,16:30:00,8.688,8.0,0.0,0.0,0.0,0.0,-11.62
2023-01-08 17:00:00,2023-01-08,17:00:00,8.708,8.0,0.0,0.0,0.0,0.0,-11.68
2023-01-08 17:30:00,2023-01-08,17:30:00,8.729,8.0,0.0,0.0,0.0,0.0,-12.39
2023-01-08 18:00:00,2023-01-08,18:00:00,8.75,8.0,0.0,0.0,0.0,0.0,-13.74
2023-01-08 18:30:00,2023-01-08,18:30:00,8.771,8.0,0.0,0.0,0.0,0.0,-15.08
2023-01-08 19:00:00,2023-01-08,19:00:00,8.792,8.0,0.0,0.0,0.0,0.0,-15.69
2023-01-08 19:30:00,2023-01-08,19:30:00,8.812,8.0,0.0,0.0,0.0,0.0,-15.42
2023-01-08 20:00:00,2023-01-08,20:00:00,8.833,8.0,0.0,0.0,0.0,0.0,-16.08
2023-01-08 20:30:00,2023-01-08,20:30:00,8.854,8.0,0.0,0.0,0.0,0.0,-15.85
2023-01-08 21:00:00,2023-01-08,21:00:00,8.875,8.0,0.0,0.0,0.0,0.0,-12.91
2023-01-08 21:30:00,2023-01-08,21:30:00,8.896,8.0,0.0,0.0,0.0,0.0,-11.9
2023-01-08 22:00:00,2023-01-08,22:00:00,8.917,8.0,0.0,0.0,0.0,0.0,-13.43
2023-01-08 22:30:00,2023-01-08,22:30:00,8.938,8.0,0.0,0.0,0.0,0.0,-12.94
2023-01-08 23:00:00,2023-01-08,23:00:00,8.958,8.0,0.0,0.0,0.0,0.0,-12.99
2023-01-08 23:30:00,2023-01-08,23:30:00,8.979,8.0,0.0,0.0,0.0,0.0,-11.85
2023-01-09 00:00:00,2023-01-09,00:00:00,9.0,9.0,0.0,0.0,0.0,0.0,-11.64
2023-01-09 00:30:00,2023-01-09,00:30:00,9.021,9.0,0.0,0.0,0.0,0.0,-12.0
2023-01-09 01:00:00,2023-01-09,01:00:00,9.042,9.0,0.0,0.0,0.0,0.0,-11.54
2023-01-09 01:30:00,2023-01-09,01:30:00,9.062,9.0,0.0,0.0,0.0,0.0,-11.13
2023-01-09 02:00:00,2023-01-09,02:00:00,9.083,9.0,0.0,0.0,0.0,0.0,-11.13
2023-01-09 02:30:00,2023-01-09,02:30:00,9.104,9.0,0.0,0.0,0.0,0.0,-12.78
2023-01-09 03:00:00,2023-01-09,03:00:00,9.125,9.0,0.0,0.0,0.0,0.0,-11.14
2023-01-09 03:30:00,2023-01-09,03:30:00,9.146,9.0,0.0,0.0,0.0,0.0,-10.62
2023-01-09 04:00:00,2023-01-09,04:00:00,9.167,9.0,0.0,0.0,0.0,0.0,-10.73
2023-01-09 04:30:00,2023-01-09,04:30:00,9.188,9.0,0.0,0.0,0.0,0.0,-10.84
2023-01-09 05:00:00,2023-01-09,05:00:00,9.208,9.0,0.0,0.0,0.0,0.0,-11.49
2023-01-09 05:30:00,2023-01-09,05:30:00,9.229,9.0,0.0,0.0,0.0,0.0,-12.22
2023-01-09 06:00:00,2023-01-09,06:00:00,9.25,9.0,0.0,0.0,0.0,0.0,-14.25
2023-01-09 06:30:00,2023-01-09,06:30:00,9.271,9.0,0.0,0.0,0.0,0.0,-15.79
2023-01-09 07:00:00,2023-01-09,07:00:00,9.292,9.0,0.0,0.0,0.0,0.0,-16.7
2023-01-09 07:30:00,2023-01-09,07:30:00,9.312,9.0,0.0,0.0,0.0,0.0,-16.09
2023-01-09 08:00:00,2023-01-09,08:00:00,9.333,9.0,0.0,0.0,0.0,0.0,-14.39
2023-01-09 08:30:00,2023-01-09,08:30:00,9.354,9.0,0.0,0.0,0.0,0.0,-10.83
2023-01-09 09:00:00,2023-01-09,09:00:00,9.375,9.0,0.0,0.0,0.0,0.0,-7.36
2023-01-09 09:30:00,2023-01-09,09:30:00,9.396,9.0,0.0,0.0,0.0,0.0,-3.18
2023-01-09 10:00:00,2023-01-09,10:00:00,9.417,9.0,0.0,0.0,0.0,0.0,-0.99
2023-01-09 10:30:00,2023-01-09,10:30:00,9.438,9.0,0.0,0.0,0.0,0.0,-0.75
2023-01-09 11:00:00,2023-01-09,11:00:00,9.458,9.0,0.0,0.0,0.0,0.0,-0.48
2023-01-09 11:30:00,2023-01-09,11:30:00,9.479,9.0,0.0,0.0,0.0,0.0,-0.38
2023-01-09 12:00:00,2023-01-09,12:00:00,9.5,9.0,0.0,0.0,0.0,0.0,-0.55
2023-01-09 12:30:00,2023-01-09,12:30:00,9.521,9.0,0.0,0.0,0.0,0.0,-0.54
2023-01-09 13:00:00,2023-01-09,13:00:00,9.542,9.0,0.0,0.0,0.0,0.0,-0.87
2023-01-09 13:30:00,2023-01-09,13:30:00,9.562,9.0,0.0,0.0,0.0,0.0,-1.02
2023-01-09 14:00:00,2023-01-09,14:00:00,9.583,9.0,0.0,0.0,0.0,0.0,-1.98
2023-01-09 14:30:00,2023-01-09,14:30:00,9.604,9.0,0.0,0.0,0.0,0.0,-2.55
2023-01-09 15:00:00,2023-01-09,15:00:00,9.625,9.0,0.0,0.0,0.0,0.0,-3.74
2023-01-09 15:30:00,2023-01-09,15:30:00,9.646,9.0,0.0,0.0,0.0,0.0,-4.18
2023-01-09 16:00:00,2023-01-09,16:00:00,9.667,9.0,0.0,0.0,0.0,0.0,-4.68
2023-01-09 16:30:00,2023-01-09,16:30:00,9.688,9.0,0.0,0.0,0.0,0.0,-5.11
2023-01-09 17:00:00,2023-01-09,17:00:00,9.708,9.0,0.0,0.0,0.0,0.0,-5.54
2023-01-09 17:30:00,2023-01-09,17:30:00,9.729,9.0,0.0,0.0,0.0,0.0,-6.05
2023-01-09 18:00:00,2023-01-09,18:00:00,9.75,9.0,0.0,0.0,0.0,0.0,-5.93
2023-01-09 18:30:00,2023-01-09,18:30:00,9.771,9.0,0.0,0.0,0.0,0.0,-5.73
2023-01-09 19:00:00,2023-01-09,19:00:00,9.792,9.0,0.0,0.0,0.0,0.0,-5.67
2023-01-09 19:30:00,2023-01-09,19:30:00,9.812,9.0,0.0,0.0,0.0,0.0,-6.61
2023-01-09 20:00:00,2023-01-09,20:00:00,9.833,9.0,0.0,0.0,0.0,0.0,-7.29
2023-01-09 20:30:00,2023-01-09,20:30:00,9.854,9.0,0.0,0.0,0.0,0.0,-6.85
2023-01-09 21:00:00,2023-01-09,21:00:00,9.875,9.0,0.0,0.0,0.0,0.0,-6.13
2023-01-09 21:30:00,2023-01-09,21:30:00,9.896,9.0,0.0,0.0,0.0,0.0,-5.67
2023-01-09 22:00:00,2023-01-09,22:00:00,9.917,9.0,0.29,0.29,0.29,0.29,-5.93
2023-01-09 22:30:00,2023-01-09,22:30:00,9.938,9.0,0.38,0.37,0.38,0.4,-6.6
2023-01-09 23:00:00,2023-01-09,23:00:00,9.958,9.0,0.4,0.31,0.48,0.42,-6.61
2023-01-09 23:30:00,2023-01-09,23:30:00,9.979,9.0,0.44,0.43,0.61,0.27,-6.59
2023-01-10 00:00:00,2023-01-10,00:00:00,10.0,10.0,0.43,0.43,0.61,0.26,-6.55
2023-01-10 00:30:00,2023-01-10,00:30:00,10.021,10.0,0.84,1.05,0.42,1.05,-6.44
2023-01-10 01:00:00,2023-01-10,01:00:00,10.042,10.0,0.51,0.43,0.66,0.43,-6.45
2023-01-10 01:30:00,2023-01-10,01:30:00,10.062,10.0,0.71,0.72,0.67,0.72,-6.45
2023-01-10 02:00:00,2023-01-10,02:00:00,10.083,10.0,0.62,0.65,0.57,0.65,-6.4
2023-01-10 02:30:00,2023-01-10,02:30:00,10.104,10.0,1.07,0.97,1.27,0.97,-6.38
2023-01-10 03:00:00,2023-01-10,03:00:00,10.125,10.0,1.11,1.11,1.11,1.11,-6.32
2023-01-10 03:30:00,2023-01-10,03:30:00,10.146,10.0,0.77,0.79,0.73,0.79,-6.36
2023-01-10 04:00:00,2023-01-10,04:00:00,10.167,10.0,0.64,0.45,1.03,0.45,-6.29
2023-01-10 04:30:00,2023-01-10,04:30:00,10.188,10.0,0.97,1.07,0.77,1.07,-6.25
2023-01-10 05:00:00,2023-01-10,05:00:00,10.208,10.0,0.78,0.74,0.85,0.74,-6.26
2023-01-10 05:30:00,2023-01-10,05:30:00,10.229,10.0,0.59,0.52,0.74,0.52,-6.09
2023-01-10 06:00:00,2023-01-10,06:00:00,10.25,10.0,0.81,0.59,1.24,0.59,-5.93
2023-01-10 06:30:00,2023-01-10,06:30:00,10.271,10.0,1.07,1.19,0.83,1.19,-5.87
2023-01-10 07:00:00,2023-01-10,07:00:00,10.292,10.0,0.84,0.89,0.74,0.89,-5.75
2023-01-10 07:30:00,2023-01-10,07:30:00,10.312,10.0,0.55,0.82,0.0,0.82,-5.44
2023-01-10 08:00:00,2023-01-10,08:00:00,10.333,10.0,0.64,0.96,0.0,0.96,-5.25
2023-01-10 08:30:00,2023-01-10,08:30:00,10.354,10.0,0.56,0.57,0.56,0.57,-4.47
2023-01-10 09:00:00,2023-01-10,09:00:00,10.375,10.0,0.35,0.35,0.35,0.35,-3.14
2023-01-10 09:30:00,2023-01-10,09:30:00,10.396,10.0,0.21,0.21,0.2,0.21,-1.8
2023-01-10 10:00:00,2023-01-10,10:00:00,10.417,10.0,0.41,0.41,0.41,0.41,-0.7
2023-01-10 10:30:00,2023-01-10,10:30:00,10.438,10.0,0.59,0.59,0.59,0.59,-0.36
2023-01-10 11:00:00,2023-01-10,11:00:00,10.458,10.0,0.36,0.37,0.35,0.37,0.05
2023-01-10 11:30:00,2023-01-10,11:30:00,10.479,10.0,0.28,0.28,0.27,0.28,0.44
2023-01-10 12:00:00,2023-01-10,12:00:00,10.5,10.0,0.0,0.0,0.0,0.0,0.59
2023-01-10 12:30:00,2023-01-10,12:30:00,10.521,10.0,0.0,0.0,0.0,0.0,1.19
2023-01-10 13:00:00,2023-01-10,13:00:00,10.542,10.0,0.0,0.0,0.0,0.0,3.27
2023-01-10 13:30:00,2023-01-10,13:30:00,10.562,10.0,0.0,0.0,0.0,0.0,3.39
2023-01-10 14:00:00,2023-01-10,14:00:00,10.583,10.0,0.0,0.0,0.0,0.0,3.48
2023-01-10 14:30:00,2023-01-10,14:30:00,10.604,10.0,0.0,0.0,0.0,0.0,0.77
2023-01-10 15:00:00,2023-01-10,15:00:00,10.625,10.0,0.0,0.0,0.0,0.0,0.18
2023-01-10 15:30:00,2023-01-10,15:30:00,10.646,10.0,0.0,0.0,0.0,0.0,-1.01
2023-01-10 16:00:00,2023-01-10,16:00:00,10.667,10.0,0.0,0.0,0.0,0.0,-1.52
2023-01-10 16:30:00,2023-01-10,16:30:00,10.688,10.0,0.0,0.0,0.0,0.0,-3.05
2023-01-10 17:00:00,2023-01-10,17:00:00,10.708,10.0,0.0,0.0,0.0,0.0,-3.34
2023-01-10 17:30:00,2023-01-10,17:30:00,10.729,10.0,0.21,0.21,0.21,0.21,-3.03
2023-01-10 18:00:00,2023-01-10,18:00:00,10.75,10.0,0.25,0.25,0.25,0.25,-3.71
2023-01-10 18:30:00,2023-01-10,18:30:00,10.771,10.0,0.22,0.23,0.22,0.23,-3.7
2023-01-10 19:00:00,2023-01-10,19:00:00,10.792,10.0,0.0,0.0,0.0,0.0,-3.82
2023-01-10 19:30:00,2023-01-10,19:30:00,10.812,10.0,0.0,0.0,0.0,0.0,-3.28
2023-01-10 20:00:00,2023-01-10,20:00:00,10.833,10.0,0.0,0.0,0.0,0.0,-3.29
2023-01-10 20:30:00,2023-01-10,20:30:00,10.854,10.0,0.0,0.0,0.0,0.0,-3.08
2023-01-10 21:00:00,2023-01-10,21:00:00,10.875,10.0,0.0,0.0,0.0,0.0,-3.84
2023-01-10 21:30:00,2023-01-10,21:30:00,10.896,10.0,0.0,0.0,0.0,0.0,-4.55
2023-01-10 22:00:00,2023-01-10,22:00:00,10.917,10.0,0.0,0.0,0.0,0.0,-4.76
2023-01-10 22:30:00,2023-01-10,22:30:00,10.938,10.0,0.26,0.27,0.25,0.27,-4.83
2023-01-10 23:00:00,2023-01-10,23:00:00,10.958,10.0,0.77,0.77,0.76,0.77,-4.8
2023-01-10 23:30:00,2023-01-10,23:30:00,10.979,10.0,1.19,1.2,1.18,1.2,-4.81
2023-01-11 00:00:00,2023-01-11,00:00:00,11.0,11.0,1.18,1.18,1.16,1.18,-4.82
2023-01-11 00:30:00,2023-01-11,00:30:00,11.021,11.0,0.33,0.38,0.37,0.25,-5.03
2023-01-11 01:00:00,2023-01-11,01:00:00,11.042,11.0,0.54,0.6,0.6,0.4,-4.92
2023-01-11 01:30:00,2023-01-11,01:30:00,11.062,11.0,0.0,0.0,0.0,0.0,-5.06
2023-01-11 02:00:00,2023-01-11,02:00:00,11.083,11.0,0.41,0.46,0.45,0.31,-5.14
2023-01-11 02:30:00,2023-01-11,02:30:00,11.104,11.0,1.16,1.31,1.29,0.87,-5.08
2023-01-11 03:00:00,2023-01-11,03:00:00,11.125,11.0,0.0,0.0,0.0,0.0,-5.38
2023-01-11 03:30:00,2023-01-11,03:30:00,11.146,11.0,0.0,0.0,0.0,0.0,-5.83
2023-01-11 04:00:00,2023-01-11,04:00:00,11.167,11.0,0.0,0.0,0.0,0.0,-6.33
2023-01-11 04:30:00,2023-01-11,04:30:00,11.188,11.0,0.0,0.0,0.0,0.0,-7.06
2023-01-11 05:00:00,2023-01-11,05:00:00,11.208,11.0,0.0,0.0,0.0,0.0,-7.7
2023-01-11 05:30:00,2023-01-11,05:30:00,11.229,11.0,0.0,0.0,0.0,0.0,-7.99
2023-01-11 06:00:00,2023-01-11,06:00:00,11.25,11.0,0.0,0.0,0.0,0.0,-8.28
2023-01-11 06:30:00,2023-01-11,06:30:00,11.271,11.0,0.61,0.69,0.67,0.46,-8.33
2023-01-11 07:00:00,2023-01-11,07:00:00,11.292,11.0,0.0,0.0,0.0,0.0,-8.5
2023-01-11 07:30:00,2023-01-11,07:30:00,11.312,11.0,0.64,0.72,0.7,0.48,-8.26
2023-01-11 08:00:00,2023-01-11,08:00:00,11.333,11.0,0.38,0.44,0.42,0.29,-7.75
2023-01-11 08:30:00,2023-01-11,08:30:00,11.354,11.0,0.52,0.59,0.58,0.4,-7.08
2023-01-11 09:00:00,2023-01-11,09:00:00,11.375,11.0,0.5,0.57,0.55,0.38,-6.49
2023-01-11 09:30:00,2023-01-11,09:30:00,11.396,11.0,0.31,0.36,0.34,0.24,-5.75
2023-01-11 10:00:00,2023-01-11,10:00:00,11.417,11.0,0.0,0.0,0.0,0.0,-5.0
2023-01-11 10:30:00,2023-01-11,10:30:00,11.438,11.0,0.0,0.0,0.0,0.0,-5.25
2023-01-11 11:00:00,2023-01-11,11:00:00,11.458,11.0,0.0,0.0,0.0,0.0,-4.82
2023-01-11 11:30:00,2023-01-11,11:30:00,11.479,11.0,0.0,0.0,0.0,0.0,-4.46
2023-01-11 12:00:00,2023-01-11,12:00:00,11.5,11.0,0.0,0.0,0.0,0.0,-3.65
2023-01-11 12:30:00,2023-01-11,12:30:00,11.521,11.0,0.0,0.0,0.0,0.0,-2.94
2023-01-11 13:00:00,2023-01-11,13:00:00,11.542,11.0,0.0,0.0,0.0,0.0,-3.26
2023-01-11 13:30:00,2023-01-11,13:30:00,11.562,11.0,0.0,0.0,0.0,0.0,-3.72
2023-01-11 14:00:00,2023-01-11,14:00:00,11.583,11.0,0.0,0.0,0.0,0.0,-5.02
2023-01-11 14:30:00,2023-01-11,14:30:00,11.604,11.0,0.0,0.0,0.0,0.0,-5.43
2023-01-11 15:00:00,2023-01-11,15:00:00,11.625,11.0,0.0,0.0,0.0,0.0,-5.98
2023-01-11 15:30:00,2023-01-11,15:30:00,11.646,11.0,0.0,0.0,0.0,0.0,-6.39
2023-01-11 16:00:00,2023-01-11,16:00:00,11.667,11.0,0.0,0.0,0.0,0.0,-6.94
2023-01-11 16:30:00,2023-01-11,16:30:00,11.688,11.0,0.0,0.0,0.0,0.0,-7.11
2023-01-11 17:00:00,2023-01-11,17:00:00,11.708,11.0,0.0,0.0,0.0,0.0,-7.46
2023-01-11 17:30:00,2023-01-11,17:30:00,11.729,11.0,0.0,0.0,0.0,0.0,-7.71
2023-01-11 18:00:00,2023-01-11,18:00:00,11.75,11.0,0.0,0.0,0.0,0.0,-7.82
2023-01-11 18:30:00,2023-01-11,18:30:00,11.771,11.0,0.0,0.0,0.0,0.0,-8.01
2023-01-11 19:00:00,2023-01-11,19:00:00,11.792,11.0,0.0,0.0,0.0,0.0,-8.45
2023-01-11 19:30:00,2023-01-11,19:30:00,11.812,11.0,0.0,0.0,0.0,0.0,-8.15
2023-01-11 20:00:00,2023-01-11,20:00:00,11.833,11.0,0.0,0.0,0.0,0.0,-8.04
2023-01-11 20:30:00,2023-01-11,20:30:00,11.854,11.0,0.0,0.0,0.0,0.0,-8.53
2023-01-11 21:00:00,2023-01-11,21:00:00,11.875,11.0,0.0,0.0,0.0,0.0,-8.32
2023-01-11 21:30:00,2023-01-11,21:30:00,11.896,11.0,0.0,0.0,0.0,0.0,-8.42
2023-01-11 22:00:00,2023-01-11,22:00:00,11.917,11.0,0.0,0.0,0.0,0.0,-8.91
2023-01-11 22:30:00,2023-01-11,22:30:00,11.938,11.0,0.0,0.0,0.0,0.0,-10.31
2023-01-11 23:00:00,2023-01-11,23:00:00,11.958,11.0,0.0,0.0,0.0,0.0,-11.52
2023-01-11 23:30:00,2023-01-11,23:30:00,11.979,11.0,0.0,0.0,0.0,0.0,-12.49
2023-01-12 00:00:00,2023-01-12,00:00:00,12.0,12.0,0.0,0.0,0.0,0.0,-12.74
2023-01-12 00:30:00,2023-01-12,00:30:00,12.021,12.0,0.0,0.0,0.0,0.0,-14.78
2023-01-12 01:00:00,2023-01-12,01:00:00,12.042,12.0,0.0,0.0,0.0,0.0,-15.83
2023-01-12 01:30:00,2023-01-12,01:30:00,12.062,12.0,0.0,0.0,0.0,0.0,-16.59
2023-01-12 02:00:00,2023-01-12,02:00:00,12.083,12.0,0.0,0.0,0.0,0.0,-17.76
2023-01-12 02:30:00,2023-01-12,02:30:00,12.104,12.0,0.0,0.0,0.0,0.0,-18.4
2023-01-12 03:00:00,2023-01-12,03:00:00,12.125,12.0,0.0,0.0,0.0,0.0,-18.44
2023-01-12 03:30:00,2023-01-12,03:30:00,12.146,12.0,0.0,0.0,0.0,0.0,-18.64
2023-01-12 04:00:00,2023-01-12,04:00:00,12.167,12.0,0.0,0.0,0.0,0.0,-19.56
2023-01-12 04:30:00,2023-01-12,04:30:00,12.188,12.0,0.0,0.0,0.0,0.0,-19.29
2023-01-12 05:00:00,2023-01-12,05:00:00,12.208,12.0,0.0,0.0,0.0,0.0,-19.2
2023-01-12 05:30:00,2023-01-12,05:30:00,12.229,12.0,0.0,0.0,0.0,0.0,-19.41
2023-01-12 06:00:00,2023-01-12,06:00:00,12.25,12.0,0.0,0.0,0.0,0.0,-19.38
2023-01-12 06:30:00,2023-01-12,06:30:00,12.271,12.0,0.0,0.0,0.0,0.0,-19.51
2023-01-12 07:00:00,2023-01-12,07:00:00,12.292,12.0,0.0,0.0,0.0,0.0,-19.69
2023-01-12 07:30:00,2023-01-12,07:30:00,12.312,12.0,0.0,0.0,0.0,0.0,-19.49
2023-01-12 08:00:00,2023-01-12,08:00:00,12.333,12.0,0.0,0.0,0.0,0.0,-18.28
2023-01-12 08:30:00,2023-01-12,08:30:00,12.354,12.0,0.0,0.0,0.0,0.0,-15.23
2023-01-12 09:00:00,2023-01-12,09:00:00,12.375,12.0,0.0,0.0,0.0,0.0,-12.38
2023-01-12 09:30:00,2023-01-12,09:30:00,12.396,12.0,0.0,0.0,0.0,0.0,-8.38
2023-01-12 10:00:00,2023-01-12,10:00:00,12.417,12.0,0.0,0.0,0.0,0.0,-4.47
2023-01-12 10:30:00,2023-01-12,10:30:00,12.438,12.0,0.0,0.0,0.0,0.0,-2.11
2023-01-12 11:00:00,2023-01-12,11:00:00,12.458,12.0,0.0,0.0,0.0,0.0,-0.36
2023-01-12 11:30:00,2023-01-12,11:30:00,12.479,12.0,0.0,0.0,0.0,0.0,0.58
2023-01-12 12:00:00,2023-01-12,12:00:00,12.5,12.0,0.0,0.0,0.0,0.0,1.86
2023-01-12 12:30:00,2023-01-12,12:30:00,12.521,12.0,0.0,0.0,0.0,0.0,2.03
2023-01-12 13:00:00,2023-01-12,13:00:00,12.542,12.0,0.0,0.0,0.0,0.0,2.67
2023-01-12 13:30:00,2023-01-12,13:30:00,12.562,12.0,0.0,0.0,0.0,0.0,2.52
2023-01-12 14:00:00,2023-01-12,14:00:00,12.583,12.0,0.0,0.0,0.0,0.0,1.29
2023-01-12 14:30:00,2023-01-12,14:30:00,12.604,12.0,0.0,0.0,0.0,0.0,-0.96
2023-01-12 15:00:00,2023-01-12,15:00:00,12.625,12.0,0.0,0.0,0.0,0.0,-8.41
2023-01-12 15:30:00,2023-01-12,15:30:00,12.646,12.0,0.0,0.0,0.0,0.0,-10.51
2023-01-12 16:00:00,2023-01-12,16:00:00,12.667,12.0,0.0,0.0,0.0,0.0,-12.42
2023-01-12 16:30:00,2023-01-12,16:30:00,12.688,12.0,0.0,0.0,0.0,0.0,-14.14
2023-01-12 17:00:00,2023-01-12,17:00:00,12.708,12.0,0.0,0.0,0.0,0.0,-15.02
2023-01-12 17:30:00,2023-01-12,17:30:00,12.729,12.0,0.0,0.0,0.0,0.0,-14.65
2023-01-12 18:00:00,2023-01-12,18:00:00,12.75,12.0,0.0,0.0,0.0,0.0,-14.98
2023-01-12 18:30:00,2023-01-12,18:30:00,12.771,12.0,0.0,0.0,0.0,0.0,-15.48
2023-01-12 19:00:00,2023-01-12,19:00:00,12.792,12.0,0.0,0.0,0.0,0.0,-16.23
2023-01-12 19:30:00,2023-01-12,19:30:00,12.812,12.0,0.0,0.0,0.0,0.0,-16.51
2023-01-12 20:00:00,2023-01-12,20:00:00,12.833,12.0,0.0,0.0,0.0,0.0,-16.47
2023-01-12 20:30:00,2023-01-12,20:30:00,12.854,12.0,0.0,0.0,0.0,0.0,-16.59
2023-01-12 21:00:00,2023-01-12,21:00:00,12.875,12.0,0.0,0.0,0.0,0.0,-16.66
2023-01-12 21:30:00,2023-01-12,21:30:00,12.896,12.0,0.0,0.0,0.0,0.0,-16.74
2023-01-12 22:00:00,2023-01-12,22:00:00,12.917,12.0,0.0,0.0,0.0,0.0,-16.97
2023-01-12 22:30:00,2023-01-12,22:30:00,12.938,12.0,0.0,0.0,0.0,0.0,-17.65
2023-01-12 23:00:00,2023-01-12,23:00:00,12.958,12.0,0.0,0.0,0.0,0.0,-17.73
2023-01-12 23:30:00,2023-01-12,23:30:00,12.979,12.0,0.0,0.0,0.0,0.0,-17.25
2023-01-13 00:00:00,2023-01-13,00:00:00,13.0,13.0,0.0,0.0,0.0,0.0,-17.23
2023-01-13 00:30:00,2023-01-13,00:30:00,13.021,13.0,0.0,0.0,0.0,0.0,-17.5
2023-01-13 01:00:00,2023-01-13,01:00:00,13.042,13.0,0.0,0.0,0.0,0.0,-17.68
2023-01-13 01:30:00,2023-01-13,01:30:00,13.062,13.0,0.0,0.0,0.0,0.0,-17.74
2023-01-13 02:00:00,2023-01-13,02:00:00,13.083,13.0,0.0,0.0,0.0,0.0,-17.27
2023-01-13 02:30:00,2023-01-13,02:30:00,13.104,13.0,0.0,0.0,0.0,0.0,-17.29
2023-01-13 03:00:00,2023-01-13,03:00:00,13.125,13.0,0.0,0.0,0.0,0.0,-17.06
2023-01-13 03:30:00,2023-01-13,03:30:00,13.146,13.0,0.0,0.0,0.0,0.0,-16.52
2023-01-13 04:00:00,2023-01-13,04:00:00,13.167,13.0,0.0,0.0,0.0,0.0,-16.55
2023-01-13 04:30:00,2023-01-13,04:30:00,13.188,13.0,0.0,0.0,0.0,0.0,-16.27
2023-01-13 05:00:00,2023-01-13,05:00:00,13.208,13.0,0.0,0.0,0.0,0.0,-15.99
2023-01-13 05:30:00,2023-01-13,05:30:00,13.229,13.0,0.0,0.0,0.0,0.0,-15.96
2023-01-13 06:00:00,2023-01-13,06:00:00,13.25,13.0,0.0,0.0,0.0,0.0,-16.15
2023-01-13 06:30:00,2023-01-13,06:30:00,13.271,13.0,0.0,0.0,0.0,0.0,-15.74
2023-01-13 07:00:00,2023-01-13,07:00:00,13.292,13.0,0.0,0.0,0.0,0.0,-15.36
2023-01-13 07:30:00,2023-01-13,07:30:00,13.312,13.0,0.0,0.0,0.0,0.0,-14.77
2023-01-13 08:00:00,2023-01-13,08:00:00,13.333,13.0,0.0,0.0,0.0,0.0,-13.38
2023-01-13 08:30:00,2023-01-13,08:30:00,13.354,13.0,0.0,0.0,0.0,0.0,-11.03
2023-01-13 09:00:00,2023-01-13,09:00:00,13.375,13.0,0.0,0.0,0.0,0.0,-9.43
2023-01-13 09:30:00,2023-01-13,09:30:00,13.396,13.0,0.0,0.0,0.0,0.0,-6.47
2023-01-13 10:00:00,2023-01-13,10:00:00,13.417,13.0,0.0,0.0,0.0,0.0,-4.06
2023-01-13 10:30:00,2023-01-13,10:30:00,13.438,13.0,0.0,0.0,0.0,0.0,-1.33
2023-01-13 11:00:00,2023-01-13,11:00:00,13.458,13.0,0.0,0.0,0.0,0.0,-0.01
2023-01-13 11:30:00,2023-01-13,11:30:00,13.479,13.0,0.0,0.0,0.0,0.0,1.71
2023-01-13 12:00:00,2023-01-13,12:00:00,13.5,13.0,0.0,0.0,0.0,0.0,4.08
2023-01-13 12:30:00,2023-01-13,12:30:00,13.521,13.0,0.0,0.0,0.0,0.0,2.5
2023-01-13 13:00:00,2023-01-13,13:00:00,13.542,13.0,0.0,0.0,0.0,0.0,4.74
2023-01-13 13:30:00,2023-01-13,13:30:00,13.562,13.0,0.0,0.0,0.0,0.0,4.94
2023-01-13 14:00:00,2023-01-13,14:00:00,13.583,13.0,0.0,0.0,0.0,0.0,3.73
2023-01-13 14:30:00,2023-01-13,14:30:00,13.604,13.0,0.0,0.0,0.0,0.0,1.59
2023-01-13 15:00:00,2023-01-13,15:00:00,13.625,13.0,0.0,0.0,0.0,0.0,-3.68
2023-01-13 15:30:00,2023-01-13,15:30:00,13.646,13.0,0.0,0.0,0.0,0.0,-4.87
2023-01-13 16:00:00,2023-01-13,16:00:00,13.667,13.0,0.0,0.0,0.0,0.0,-6.02
2023-01-13 16:30:00,2023-01-13,16:30:00,13.688,13.0,0.0,0.0,0.0,0.0,-8.33
2023-01-13 17:00:00,2023-01-13,17:00:00,13.708,13.0,0.0,0.0,0.0,0.0,-9.19
2023-01-13 17:30:00,2023-01-13,17:30:00,13.729,13.0,0.0,0.0,0.0,0.0,-9.93
2023-01-13 18:00:00,2023-01-13,18:00:00,13.75,13.0,0.0,0.0,0.0,0.0,-10.63
2023-01-13 18:30:00,2023-01-13,18:30:00,13.771,13.0,0.0,0.0,0.0,0.0,-10.62
2023-01-13 19:00:00,2023-01-13,19:00:00,13.792,13.0,0.0,0.0,0.0,0.0,-11.52
2023-01-13 19:30:00,2023-01-13,19:30:00,13.812,13.0,0.0,0.0,0.0,0.0,-11.3
2023-01-13 20:00:00,2023-01-13,20:00:00,13.833,13.0,0.0,0.0,0.0,0.0,-11.43
2023-01-13 20:30:00,2023-01-13,20:30:00,13.854,13.0,0.0,0.0,0.0,0.0,-11.93
2023-01-13 21:00:00,2023-01-13,21:00:00,13.875,13.0,0.0,0.0,0.0,0.0,-12.1
2023-01-13 21:30:00,2023-01-13,21:30:00,13.896,13.0,0.0,0.0,0.0,0.0,-12.31
2023-01-13 22:00:00,2023-01-13,22:00:00,13.917,13.0,0.0,0.0,0.0,0.0,-12.65
2023-01-13 22:30:00,2023-01-13,22:30:00,13.938,13.0,0.0,0.0,0.0,0.0,-12.68
2023-01-13 23:00:00,2023-01-13,23:00:00,13.958,13.0,0.0,0.0,0.0,0.0,-12.23
2023-01-13 23:30:00,2023-01-13,23:30:00,13.979,13.0,0.0,0.0,0.0,0.0,-12.32
2023-01-14 00:00:00,2023-01-14,00:00:00,14.0,14.0,0.0,0.0,0.0,0.0,-12.34
2023-01-14 00:30:00,2023-01-14,00:30:00,14.021,14.0,0.0,0.0,0.0,0.0,-11.84
2023-01-14 01:00:00,2023-01-14,01:00:00,14.042,14.0,0.0,0.0,0.0,0.0,-12.01
2023-01-14 01:30:00,2023-01-14,01:30:00,14.062,14.0,0.0,0.0,0.0,0.0,-11.93
2023-01-14 02:00:00,2023-01-14,02:00:00,14.083,14.0,0.0,0.0,0.0,0.0,-11.98
2023-01-14 02:30:00,2023-01-14,02:30:00,14.104,14.0,0.0,0.0,0.0,0.0,-11.6
2023-01-14 03:00:00,2023-01-14,03:00:00,14.125,14.0,0.0,0.0,0.0,0.0,-11.99
2023-01-14 03:30:00,2023-01-14,03:30:00,14.146,14.0,0.0,0.0,0.0,0.0,-11.89
2023-01-14 04:00:00,2023-01-14,04:00:00,14.167,14.0,0.0,0.0,0.0,0.0,-11.57
2023-01-14 04:30:00,2023-01-14,04:30:00,14.188,14.0,0.0,0.0,0.0,0.0,-12.21
2023-01-14 05:00:00,2023-01-14,05:00:00,14.208,14.0,0.0,0.0,0.0,0.0,-12.98
2023-01-14 05:30:00,2023-01-14,05:30:00,14.229,14.0,0.0,0.0,0.0,0.0,-12.6
2023-01-14 06:00:00,2023-01-14,06:00:00,14.25,14.0,0.0,0.0,0.0,0.0,-12.99
2023-01-14 06:30:00,2023-01-14,06:30:00,14.271,14.0,0.0,0.0,0.0,0.0,-12.73
2023-01-14 07:00:00,2023-01-14,07:00:00,14.292,14.0,0.0,0.0,0.0,0.0,-13.22
2023-01-14 07:30:00,2023-01-14,07:30:00,14.312,14.0,0.0,0.0,0.0,0.0,-13.7
2023-01-14 08:00:00,2023-01-14,08:00:00,14.333,14.0,0.0,0.0,0.0,0.0,-13.21
2023-01-14 08:30:00,2023-01-14,08:30:00,14.354,14.0,0.0,0.0,0.0,0.0,-9.76
2023-01-14 09:00:00,2023-01-14,09:00:00,14.375,14.0,0.0,0.0,0.0,0.0,-6.4
2023-01-14 09:30:00,2023-01-14,09:30:00,14.396,14.0,0.0,0.0,0.0,0.0,-0.82
2023-01-14 10:00:00,2023-01-14,10:00:00,14.417,14.0,0.0,0.0,0.0,0.0,2.59
2023-01-14 10:30:00,2023-01-14,10:30:00,14.438,14.0,0.0,0.0,0.0,0.0,1.71
2023-01-14 11:00:00,2023-01-14,11:00:00,14.458,14.0,0.0,0.0,0.0,0.0,6.82
2023-01-14 11:30:00,2023-01-14,11:30:00,14.479,14.0,0.0,0.0,0.0,0.0,9.19
2023-01-14 12:00:00,2023-01-14,12:00:00,14.5,14.0,0.0,0.0,0.0,0.0,4.95
2023-01-14 12:30:00,2023-01-14,12:30:00,14.521,14.0,0.0,0.0,0.0,0.0,2.43
2023-01-14 13:00:00,2023-01-14,13:00:00,14.542,14.0,0.0,0.0,0.0,0.0,2.1
2023-01-14 13:30:00,2023-01-14,13:30:00,14.562,14.0,0.0,0.0,0.0,0.0,2.02
2023-01-14 14:00:00,2023-01-14,14:00:00,14.583,14.0,0.0,0.0,0.0,0.0,-0.01
2023-01-14 14:30:00,2023-01-14,14:30:00,14.604,14.0,0.0,0.0,0.0,0.0,-0.12
2023-01-14 15:00:00,2023-01-14,15:00:00,14.625,14.0,0.0,0.0,0.0,0.0,-0.2
2023-01-14 15:30:00,2023-01-14,15:30:00,14.646,14.0,0.0,0.0,0.0,0.0,0.42
2023-01-14 16:00:00,2023-01-14,16:00:00,14.667,14.0,0.0,0.0,0.0,0.0,-0.43
2023-01-14 16:30:00,2023-01-14,16:30:00,14.688,14.0,0.0,0.0,0.0,0.0,-1.49
2023-01-14 17:00:00,2023-01-14,17:00:00,14.708,14.0,0.0,0.0,0.0,0.0,-1.89
2023-01-14 17:30:00,2023-01-14,17:30:00,14.729,14.0,0.0,0.0,0.0,0.0,-2.63
2023-01-14 18:00:00,2023-01-14,18:00:00,14.75,14.0,0.0,0.0,0.0,0.0,-3.05
2023-01-14 18:30:00,2023-01-14,18:30:00,14.771,14.0,0.26,0.25,0.26,0.27,-4.46
2023-01-14 19:00:00,2023-01-14,19:00:00,14.792,14.0,0.24,0.23,0.25,0.25,-4.69
2023-01-14 19:30:00,2023-01-14,19:30:00,14.812,14.0,0.0,0.0,0.0,0.0,-4.81
2023-01-14 20:00:00,2023-01-14,20:00:00,14.833,14.0,0.0,0.0,0.0,0.0,-4.91
2023-01-14 20:30:00,2023-01-14,20:30:00,14.854,14.0,0.0,0.0,0.0,0.0,-4.72
2023-01-14 21:00:00,2023-01-14,21:00:00,14.875,14.0,0.0,0.0,0.0,0.0,-4.91
2023-01-14 21:30:00,2023-01-14,21:30:00,14.896,14.0,0.0,0.0,0.0,0.0,-4.96
2023-01-14 22:00:00,2023-01-14,22:00:00,14.917,14.0,0.0,0.0,0.0,0.0,-5.06
2023-01-14 22:30:00,2023-01-14,22:30:00,14.938,14.0,0.0,0.0,0.0,0.0,-5.53
2023-01-14 23:00:00,2023-01-14,23:00:00,14.958,14.0,0.0,0.0,0.0,0.0,-5.84
2023-01-14 23:30:00,2023-01-14,23:30:00,14.979,14.0,0.0,0.0,0.0,0.0,-6.58
2023-01-15 00:00:00,2023-01-15,00:00:00,15.0,15.0,0.0,0.0,0.0,0.0,-6.5
2023-01-15 00:30:00,2023-01-15,00:30:00,15.021,15.0,0.0,0.0,0.0,0.0,-6.53
2023-01-15 01:00:00,2023-01-15,01:00:00,15.042,15.0,0.0,0.0,0.0,0.0,-6.74
2023-01-15 01:30:00,2023-01-15,01:30:00,15.062,15.0,0.0,0.0,0.0,0.0,-6.5
2023-01-15 02:00:00,2023-01-15,02:00:00,15.083,15.0,0.0,0.0,0.0,0.0,-6.28
2023-01-15 02:30:00,2023-01-15,02:30:00,15.104,15.0,0.0,0.0,0.0,0.0,-6.33
2023-01-15 03:00:00,2023-01-15,03:00:00,15.125,15.0,0.0,0.0,0.0,0.0,-6.43
2023-01-15 03:30:00,2023-01-15,03:30:00,15.146,15.0,0.0,0.0,0.0,0.0,-6.29
2023-01-15 04:00:00,2023-01-15,04:00:00,15.167,15.0,0.0,0.0,0.0,0.0,-6.17
2023-01-15 04:30:00,2023-01-15,04:30:00,15.188,15.0,0.0,0.0,0.0,0.0,-5.88
2023-01-15 05:00:00,2023-01-15,05:00:00,15.208,15.0,0.3,0.3,0.36,0.24,-5.71
2023-01-15 05:30:00,2023-01-15,05:30:00,15.229,15.0,0.0,0.0,0.0,0.0,-6.04
2023-01-15 06:00:00,2023-01-15,06:00:00,15.25,15.0,0.0,0.0,0.0,0.0,-6.06
2023-01-15 06:30:00,2023-01-15,06:30:00,15.271,15.0,0.0,0.0,0.0,0.0,-6.01
2023-01-15 07:00:00,2023-01-15,07:00:00,15.292,15.0,0.0,0.0,0.0,0.0,-5.92
2023-01-15 07:30:00,2023-01-15,07:30:00,15.312,15.0,0.1,0.0,0.31,0.0,-5.81
2023-01-15 08:00:00,2023-01-15,08:00:00,15.333,15.0,0.17,0.0,0.52,0.0,-5.49
2023-01-15 08:30:00,2023-01-15,08:30:00,15.354,15.0,0.0,0.0,0.0,0.0,-4.47
2023-01-15 09:00:00,2023-01-15,09:00:00,15.375,15.0,0.0,0.0,0.0,0.0,-3.23
2023-01-15 09:30:00,2023-01-15,09:30:00,15.396,15.0,0.0,0.0,0.0,0.0,-2.83
2023-01-15 10:00:00,2023-01-15,10:00:00,15.417,15.0,0.0,0.0,0.0,0.0,-2.19
2023-01-15 10:30:00,2023-01-15,10:30:00,15.438,15.0,0.13,0.0,0.38,0.0,-2.05
2023-01-15 11:00:00,2023-01-15,11:00:00,15.458,15.0,0.2,0.0,0.6,0.0,-1.67
2023-01-15 11:30:00,2023-01-15,11:30:00,15.479,15.0,0.49,0.57,0.45,0.45,-1.78
2023-01-15 12:00:00,2023-01-15,12:00:00,15.5,15.0,0.8,0.79,1.0,0.62,-1.57
2023-01-15 12:30:00,2023-01-15,12:30:00,15.521,15.0,0.41,0.69,0.0,0.54,-1.95
2023-01-15 13:00:00,2023-01-15,13:00:00,15.542,15.0,2.42,2.88,2.12,2.25,-2.75
2023-01-15 13:30:00,2023-01-15,13:30:00,15.562,15.0,1.4,1.47,1.59,1.15,-3.14
2023-01-15 14:00:00,2023-01-15,14:00:00,15.583,15.0,0.59,0.61,0.68,0.48,-2.81
2023-01-15 14:30:00,2023-01-15,14:30:00,15.604,15.0,0.33,0.36,0.35,0.28,-3.59
2023-01-15 15:00:00,2023-01-15,15:00:00,15.625,15.0,0.0,0.0,0.0,0.0,-3.55
2023-01-15 15:30:00,2023-01-15,15:30:00,15.646,15.0,0.0,0.0,0.0,0.0,-4.05
2023-01-15 16:00:00,2023-01-15,16:00:00,15.667,15.0,0.0,0.0,0.0,0.0,-4.92
2023-01-15 16:30:00,2023-01-15,16:30:00,15.688,15.0,0.0,0.0,0.0,0.0,-5.81
2023-01-15 17:00:00,2023-01-15,17:00:00,15.708,15.0,0.0,0.0,0.0,0.0,-6.58
2023-01-15 17:30:00,2023-01-15,17:30:00,15.729,15.0,0.0,0.0,0.0,0.0,-6.95
2023-01-15 18:00:00,2023-01-15,18:00:00,15.75,15.0,0.0,0.0,0.0,0.0,-7.04
2023-01-15 18:30:00,2023-01-15,18:30:00,15.771,15.0,0.42,0.46,0.45,0.36,-6.99
2023-01-15 19:00:00,2023-01-15,19:00:00,15.792,15.0,0.47,0.51,0.51,0.4,-7.02
2023-01-15 19:30:00,2023-01-15,19:30:00,15.812,15.0,0.68,0.74,0.72,0.58,-7.04
2023-01-15 20:00:00,2023-01-15,20:00:00,15.833,15.0,0.42,0.46,0.44,0.36,-7.09
2023-01-15 20:30:00,2023-01-15,20:30:00,15.854,15.0,0.57,0.61,0.61,0.48,-7.16
2023-01-15 21:00:00,2023-01-15,21:00:00,15.875,15.0,0.73,0.79,0.77,0.62,-7.19
2023-01-15 21:30:00,2023-01-15,21:30:00,15.896,15.0,0.65,0.71,0.7,0.55,-7.09
2023-01-15 22:00:00,2023-01-15,22:00:00,15.917,15.0,0.0,0.0,0.0,0.0,-7.22
2023-01-15 22:30:00,2023-01-15,22:30:00,15.938,15.0,0.0,0.0,0.0,0.0,-7.52
2023-01-15 23:00:00,2023-01-15,23:00:00,15.958,15.0,0.27,0.3,0.29,0.23,-7.66
2023-01-15 23:30:00,2023-01-15,23:30:00,15.979,15.0,0.0,0.0,0.0,0.0,-7.79
2023-01-16 00:00:00,2023-01-16,00:00:00,16.0,16.0,0.0,0.0,0.0,0.0,-7.79
2023-01-16 00:30:00,2023-01-16,00:30:00,16.021,16.0,0.47,0.51,0.44,0.47,-7.78
2023-01-16 01:00:00,2023-01-16,01:00:00,16.042,16.0,0.53,0.53,0.57,0.5,-7.86
2023-01-16 01:30:00,2023-01-16,01:30:00,16.062,16.0,0.38,0.38,0.4,0.35,-7.93
2023-01-16 02:00:00,2023-01-16,02:00:00,16.083,16.0,0.31,0.33,0.29,0.31,-7.99
2023-01-16 02:30:00,2023-01-16,02:30:00,16.104,16.0,0.0,0.0,0.0,0.0,-8.11
2023-01-16 03:00:00,2023-01-16,03:00:00,16.125,16.0,0.07,0.0,0.22,0.0,-8.12
2023-01-16 03:30:00,2023-01-16,03:30:00,16.146,16.0,0.0,0.0,0.0,0.0,-8.16
2023-01-16 04:00:00,2023-01-16,04:00:00,16.167,16.0,0.0,0.0,0.0,0.0,-8.18
2023-01-16 04:30:00,2023-01-16,04:30:00,16.188,16.0,0.0,0.0,0.0,0.0,-8.29
2023-01-16 05:00:00,2023-01-16,05:00:00,16.208,16.0,0.0,0.0,0.0,0.0,-8.64
2023-01-16 05:30:00,2023-01-16,05:30:00,16.229,16.0,0.0,0.0,0.0,0.0,-8.92
2023-01-16 06:00:00,2023-01-16,06:00:00,16.25,16.0,0.07,0.0,0.22,0.0,-8.95
2023-01-16 06:30:00,2023-01-16,06:30:00,16.271,16.0,0.1,0.0,0.31,0.0,-8.97
2023-01-16 07:00:00,2023-01-16,07:00:00,16.292,16.0,0.35,0.28,0.51,0.27,-8.99
2023-01-16 07:30:00,2023-01-16,07:30:00,16.312,16.0,0.31,0.28,0.39,0.26,-8.92
2023-01-16 08:00:00,2023-01-16,08:00:00,16.333,16.0,0.45,0.3,0.76,0.28,-8.27
2023-01-16 08:30:00,2023-01-16,08:30:00,16.354,16.0,0.19,0.29,0.0,0.27,-7.17
2023-01-16 09:00:00,2023-01-16,09:00:00,16.375,16.0,0.0,0.0,0.0,0.0,-6.35
2023-01-16 09:30:00,2023-01-16,09:30:00,16.396,16.0,0.0,0.0,0.0,0.0,-3.58
2023-01-16 10:00:00,2023-01-16,10:00:00,16.417,16.0,0.0,0.0,0.0,0.0,-2.35
2023-01-16 10:30:00,2023-01-16,10:30:00,16.438,16.0,0.0,0.0,0.0,0.0,-1.84
2023-01-16 11:00:00,2023-01-16,11:00:00,16.458,16.0,0.0,0.0,0.0,0.0,-1.84
2023-01-16 11:30:00,2023-01-16,11:30:00,16.479,16.0,0.0,0.0,0.0,0.0,-2.35
2023-01-16 12:00:00,2023-01-16,12:00:00,16.5,16.0,0.0,0.0,0.0,0.0,-2.28
2023-01-16 12:30:00,2023-01-16,12:30:00,16.521,16.0,0.0,0.0,0.0,0.0,-2.53
2023-01-16 13:00:00,2023-01-16,13:00:00,16.542,16.0,0.0,0.0,0.0,0.0,-2.15
2023-01-16 13:30:00,2023-01-16,13:30:00,16.562,16.0,0.0,0.0,0.0,0.0,-2.32
2023-01-16 14:00:00,2023-01-16,14:00:00,16.583,16.0,0.0,0.0,0.0,0.0,-2.32
2023-01-16 14:30:00,2023-01-16,14:30:00,16.604,16.0,0.0,0.0,0.0,0.0,-2.64
2023-01-16 15:00:00,2023-01-16,15:00:00,16.625,16.0,0.0,0.0,0.0,0.0,-3.35
2023-01-16 15:30:00,2023-01-16,15:30:00,16.646,16.0,0.25,0.26,0.25,0.24,-4.4
2023-01-16 16:00:00,2023-01-16,16:00:00,16.667,16.0,0.5,0.52,0.5,0.48,-5.68
2023-01-16 16:30:00,2023-01-16,16:30:00,16.688,16.0,0.54,0.55,0.54,0.52,-6.54
2023-01-16 17:00:00,2023-01-16,17:00:00,16.708,16.0,0.54,0.55,0.54,0.52,-7.07
2023-01-16 17:30:00,2023-01-16,17:30:00,16.729,16.0,0.5,0.51,0.5,0.48,-7.36
2023-01-16 18:00:00,2023-01-16,18:00:00,16.75,16.0,0.69,0.7,0.72,0.65,-7.5
2023-01-16 18:30:00,2023-01-16,18:30:00,16.771,16.0,0.31,0.33,0.3,0.31,-7.63
2023-01-16 19:00:00,2023-01-16,19:00:00,16.792,16.0,0.0,0.0,0.0,0.0,-7.8
2023-01-16 19:30:00,2023-01-16,19:30:00,16.812,16.0,0.64,0.66,0.64,0.61,-7.82
2023-01-16 20:00:00,2023-01-16,20:00:00,16.833,16.0,1.77,1.77,1.9,1.65,-7.81
2023-01-16 20:30:00,2023-01-16,20:30:00,16.854,16.0,0.82,0.9,0.72,0.84,-7.87
2023-01-16 21:00:00,2023-01-16,21:00:00,16.875,16.0,0.0,0.0,0.0,0.0,-8.05
2023-01-16 21:30:00,2023-01-16,21:30:00,16.896,16.0,0.0,0.0,0.0,0.0,-8.04
2023-01-16 22:00:00,2023-01-16,22:00:00,16.917,16.0,0.82,0.85,0.82,0.79,-7.94
2023-01-16 22:30:00,2023-01-16,22:30:00,16.938,16.0,0.75,0.73,0.83,0.68,-7.92
2023-01-16 23:00:00,2023-01-16,23:00:00,16.958,16.0,0.5,0.53,0.48,0.5,-7.95
2023-01-16 23:30:00,2023-01-16,23:30:00,16.979,16.0,1.08,1.08,1.16,1.01,-7.94
2023-01-17 00:00:00,2023-01-17,00:00:00,17.0,17.0,0.93,0.92,1.02,0.86,-7.94
2023-01-17 00:30:00,2023-01-17,00:30:00,17.021,17.0,1.11,1.27,0.9,1.17,-7.93
2023-01-17 01:00:00,2023-01-17,01:00:00,17.042,17.0,0.54,0.61,0.45,0.56,-7.96
2023-01-17 01:30:00,2023-01-17,01:30:00,17.062,17.0,0.35,0.29,0.48,0.27,-7.98
2023-01-17 02:00:00,2023-01-17,02:00:00,17.083,17.0,1.94,2.02,1.92,1.87,-7.99
2023-01-17 02:30:00,2023-01-17,02:30:00,17.104,17.0,2.06,2.35,1.64,2.18,-7.92
2023-01-17 03:00:00,2023-01-17,03:00:00,17.125,17.0,1.55,1.38,1.99,1.28,-7.87
2023-01-17 03:30:00,2023-01-17,03:30:00,17.146,17.0,0.58,0.49,0.81,0.45,-7.9
2023-01-17 04:00:00,2023-01-17,04:00:00,17.167,17.0,0.0,0.0,0.0,0.0,-7.95
2023-01-17 04:30:00,2023-01-17,04:30:00,17.188,17.0,0.0,0.0,0.0,0.0,-8.02
2023-01-17 05:00:00,2023-01-17,05:00:00,17.208,17.0,0.0,0.0,0.0,0.0,-8.03
2023-01-17 05:30:00,2023-01-17,05:30:00,17.229,17.0,0.17,0.27,0.0,0.25,-8.04
2023-01-17 06:00:00,2023-01-17,06:00:00,17.25,17.0,0.0,0.0,0.0,0.0,-8.14
2023-01-17 06:30:00,2023-01-17,06:30:00,17.271,17.0,0.49,0.76,0.0,0.7,-8.22
2023-01-17 07:00:00,2023-01-17,07:00:00,17.292,17.0,0.54,0.59,0.47,0.55,-8.27
2023-01-17 07:30:00,2023-01-17,07:30:00,17.312,17.0,0.54,0.47,0.7,0.43,-8.18
2023-01-17 08:00:00,2023-01-17,08:00:00,17.333,17.0,0.1,0.0,0.3,0.0,-7.85
2023-01-17 08:30:00,2023-01-17,08:30:00,17.354,17.0,0.82,0.84,0.84,0.78,-7.27
2023-01-17 09:00:00,2023-01-17,09:00:00,17.375,17.0,0.81,0.87,0.76,0.8,-6.65
2023-01-17 09:30:00,2023-01-17,09:30:00,17.396,17.0,1.01,0.92,1.26,0.85,-6.31
2023-01-17 10:00:00,2023-01-17,10:00:00,17.417,17.0,1.06,1.13,1.01,1.04,-5.18
2023-01-17 10:30:00,2023-01-17,10:30:00,17.438,17.0,0.23,0.36,0.0,0.33,-3.62
2023-01-17 11:00:00,2023-01-17,11:00:00,17.458,17.0,0.0,0.0,0.0,0.0,-2.83
2023-01-17 11:30:00,2023-01-17,11:30:00,17.479,17.0,0.0,0.0,0.0,0.0,-1.73
2023-01-17 12:00:00,2023-01-17,12:00:00,17.5,17.0,0.0,0.0,0.0,0.0,-0.68
2023-01-17 12:30:00,2023-01-17,12:30:00,17.521,17.0,0.7,0.71,0.73,0.66,1.2
2023-01-17 13:00:00,2023-01-17,13:00:00,17.542,17.0,0.0,0.0,0.0,0.0,3.45
2023-01-17 13:30:00,2023-01-17,13:30:00,17.562,17.0,0.0,0.0,0.0,0.0,1.86
2023-01-17 14:00:00,2023-01-17,14:00:00,17.583,17.0,0.0,0.0,0.0,0.0,-1.34
2023-01-17 14:30:00,2023-01-17,14:30:00,17.604,17.0,0.0,0.0,0.0,0.0,-2.54
2023-01-17 15:00:00,2023-01-17,15:00:00,17.625,17.0,0.24,0.26,0.23,0.24,-2.38
2023-01-17 15:30:00,2023-01-17,15:30:00,17.646,17.0,0.0,0.0,0.0,0.0,-3.96
2023-01-17 16:00:00,2023-01-17,16:00:00,17.667,17.0,0.0,0.0,0.0,0.0,-4.86
2023-01-17 16:30:00,2023-01-17,16:30:00,17.688,17.0,0.3,0.31,0.3,0.29,-5.38
2023-01-17 17:00:00,2023-01-17,17:00:00,17.708,17.0,0.0,0.0,0.0,0.0,-6.19
2023-01-17 17:30:00,2023-01-17,17:30:00,17.729,17.0,0.0,0.0,0.0,0.0,-6.64
2023-01-17 18:00:00,2023-01-17,18:00:00,17.75,17.0,0.44,0.46,0.44,0.43,-6.82
2023-01-17 18:30:00,2023-01-17,18:30:00,17.771,17.0,0.37,0.35,0.44,0.32,-6.98
2023-01-17 19:00:00,2023-01-17,19:00:00,17.792,17.0,0.56,0.61,0.51,0.57,-7.13
2023-01-17 19:30:00,2023-01-17,19:30:00,17.812,17.0,0.35,0.36,0.37,0.33,-7.76
2023-01-17 20:00:00,2023-01-17,20:00:00,17.833,17.0,0.53,0.56,0.52,0.52,-8.15
2023-01-17 20:30:00,2023-01-17,20:30:00,17.854,17.0,0.0,0.0,0.0,0.0,-8.99
2023-01-17 21:00:00,2023-01-17,21:00:00,17.875,17.0,0.0,0.0,0.0,0.0,-10.01
2023-01-17 21:30:00,2023-01-17,21:30:00,17.896,17.0,0.0,0.0,0.0,0.0,-9.74
2023-01-17 22:00:00,2023-01-17,22:00:00,17.917,17.0,0.0,0.0,0.0,0.0,-9.92
2023-01-17 22:30:00,2023-01-17,22:30:00,17.938,17.0,0.0,0.0,0.0,0.0,-10.34
2023-01-17 23:00:00,2023-01-17,23:00:00,17.958,17.0,0.0,0.0,0.0,0.0,-11.0
2023-01-17 23:30:00,2023-01-17,23:30:00,17.979,17.0,0.0,0.0,0.0,0.0,-12.24
2023-01-18 00:00:00,2023-01-18,00:00:00,18.0,18.0,0.0,0.0,0.0,0.0,-12.27
2023-01-18 00:30:00,2023-01-18,00:30:00,18.021,18.0,0.0,0.0,0.0,0.0,-12.79
2023-01-18 01:00:00,2023-01-18,01:00:00,18.042,18.0,0.0,0.0,0.0,0.0,-12.74
2023-01-18 01:30:00,2023-01-18,01:30:00,18.062,18.0,0.0,0.0,0.0,0.0,-12.75
2023-01-18 02:00:00,2023-01-18,02:00:00,18.083,18.0,0.0,0.0,0.0,0.0,-12.48
2023-01-18 02:30:00,2023-01-18,02:30:00,18.104,18.0,0.0,0.0,0.0,0.0,-12.07
2023-01-18 03:00:00,2023-01-18,03:00:00,18.125,18.0,0.0,0.0,0.0,0.0,-12.64
2023-01-18 03:30:00,2023-01-18,03:30:00,18.146,18.0,0.0,0.0,0.0,0.0,-13.04
2023-01-18 04:00:00,2023-01-18,04:00:00,18.167,18.0,0.0,0.0,0.0,0.0,-12.91
2023-01-18 04:30:00,2023-01-18,04:30:00,18.188,18.0,0.0,0.0,0.0,0.0,-12.32
2023-01-18 05:00:00,2023-01-18,05:00:00,18.208,18.0,0.0,0.0,0.0,0.0,-12.18
2023-01-18 05:30:00,2023-01-18,05:30:00,18.229,18.0,0.0,0.0,0.0,0.0,-12.2
2023-01-18 06:00:00,2023-01-18,06:00:00,18.25,18.0,0.0,0.0,0.0,0.0,-12.26
2023-01-18 06:30:00,2023-01-18,06:30:00,18.271,18.0,0.0,0.0,0.0,0.0,-11.64
2023-01-18 07:00:00,2023-01-18,07:00:00,18.292,18.0,0.0,0.0,0.0,0.0,-11.63
2023-01-18 07:30:00,2023-01-18,07:30:00,18.312,18.0,0.0,0.0,0.0,0.0,-11.57
2023-01-18 08:00:00,2023-01-18,08:00:00,18.333,18.0,0.0,0.0,0.0,0.0,-10.73
2023-01-18 08:30:00,2023-01-18,08:30:00,18.354,18.0,0.0,0.0,0.0,0.0,-9.59
2023-01-18 09:00:00,2023-01-18,09:00:00,18.375,18.0,0.0,0.0,0.0,0.0,-8.4
2023-01-18 09:30:00,2023-01-18,09:30:00,18.396,18.0,0.0,0.0,0.0,0.0,-7.72
2023-01-18 10:00:00,2023-01-18,10:00:00,18.417,18.0,0.0,0.0,0.0,0.0,-7.03
2023-01-18 10:30:00,2023-01-18,10:30:00,18.438,18.0,0.0,0.0,0.0,0.0,-5.52
2023-01-18 11:00:00,2023-01-18,11:00:00,18.458,18.0,0.0,0.0,0.0,0.0,-4.84
2023-01-18 11:30:00,2023-01-18,11:30:00,18.479,18.0,0.0,0.0,0.0,0.0,-4.95
2023-01-18 12:00:00,2023-01-18,12:00:00,18.5,18.0,0.0,0.0,0.0,0.0,-5.15
2023-01-18 12:30:00,2023-01-18,12:30:00,18.521,18.0,0.0,0.0,0.0,0.0,-4.62
2023-01-18 13:00:00,2023-01-18,13:00:00,18.542,18.0,0.0,0.0,0.0,0.0,-5.01
2023-01-18 13:30:00,2023-01-18,13:30:00,18.562,18.0,0.0,0.0,0.0,0.0,-4.7
2023-01-18 14:00:00,2023-01-18,14:00:00,18.583,18.0,0.0,0.0,0.0,0.0,-4.63
2023-01-18 14:30:00,2023-01-18,14:30:00,18.604,18.0,0.0,0.0,0.0,0.0,-5.89
2023-01-18 15:00:00,2023-01-18,15:00:00,18.625,18.0,0.0,0.0,0.0,0.0,-6.71
2023-01-18 15:30:00,2023-01-18,15:30:00,18.646,18.0,0.0,0.0,0.0,0.0,-7.79
2023-01-18 16:00:00,2023-01-18,16:00:00,18.667,18.0,0.0,0.0,0.0,0.0,-8.79
2023-01-18 16:30:00,2023-01-18,16:30:00,18.688,18.0,0.0,0.0,0.0,0.0,-10.23
2023-01-18 17:00:00,2023-01-18,17:00:00,18.708,18.0,0.0,0.0,0.0,0.0,-10.75
2023-01-18 17:30:00,2023-01-18,17:30:00,18.729,18.0,0.0,0.0,0.0,0.0,-11.14
2023-01-18 18:00:00,2023-01-18,18:00:00,18.75,18.0,0.0,0.0,0.0,0.0,-12.28
2023-01-18 18:30:00,2023-01-18,18:30:00,18.771,18.0,0.0,0.0,0.0,0.0,-13.3
2023-01-18 19:00:00,2023-01-18,19:00:00,18.792,18.0,0.0,0.0,0.0,0.0,-14.18
2023-01-18 19:30:00,2023-01-18,19:30:00,18.812,18.0,0.0,0.0,0.0,0.0,-13.3
2023-01-18 20:00:00,2023-01-18,20:00:00,18.833,18.0,0.0,0.0,0.0,0.0,-13.55
2023-01-18 20:30:00,2023-01-18,20:30:00,18.854,18.0,0.0,0.0,0.0,0.0,-13.51
2023-01-18 21:00:00,2023-01-18,21:00:00,18.875,18.0,0.0,0.0,0.0,0.0,-13.01
2023-01-18 21:30:00,2023-01-18,21:30:00,18.896,18.0,0.0,0.0,0.0,0.0,-14.49
2023-01-18 22:00:00,2023-01-18,22:00:00,18.917,18.0,0.0,0.0,0.0,0.0,-14.94
2023-01-18 22:30:00,2023-01-18,22:30:00,18.938,18.0,0.0,0.0,0.0,0.0,-15.33
2023-01-18 23:00:00,2023-01-18,23:00:00,18.958,18.0,0.0,0.0,0.0,0.0,-16.56
2023-01-18 23:30:00,2023-01-18,23:30:00,18.979,18.0,0.0,0.0,0.0,0.0,-16.17
2023-01-19 00:00:00,2023-01-19,00:00:00,19.0,19.0,0.0,0.0,0.0,0.0,-16.3
2023-01-19 00:30:00,2023-01-19,00:30:00,19.021,19.0,0.0,0.0,0.0,0.0,-19.37
2023-01-19 01:00:00,2023-01-19,01:00:00,19.042,19.0,0.0,0.0,0.0,0.0,-20.89
2023-01-19 01:30:00,2023-01-19,01:30:00,19.062,19.0,0.0,0.0,0.0,0.0,-21.32
2023-01-19 02:00:00,2023-01-19,02:00:00,19.083,19.0,0.0,0.0,0.0,0.0,-21.96
2023-01-19 02:30:00,2023-01-19,02:30:00,19.104,19.0,0.0,0.0,0.0,0.0,-22.41
2023-01-19 03:00:00,2023-01-19,03:00:00,19.125,19.0,0.0,0.0,0.0,0.0,-22.68
2023-01-19 03:30:00,2023-01-19,03:30:00,19.146,19.0,0.0,0.0,0.0,0.0,-23.22
2023-01-19 04:00:00,2023-01-19,04:00:00,19.167,19.0,0.0,0.0,0.0,0.0,-23.64
2023-01-19 04:30:00,2023-01-19,04:30:00,19.188,19.0,0.0,0.0,0.0,0.0,-24.5
2023-01-19 05:00:00,2023-01-19,05:00:00,19.208,19.0,0.0,0.0,0.0,0.0,-24.38
2023-01-19 05:30:00,2023-01-19,05:30:00,19.229,19.0,0.0,0.0,0.0,0.0,-23.87
2023-01-19 06:00:00,2023-01-19,06:00:00,19.25,19.0,0.0,0.0,0.0,0.0,-24.14
2023-01-19 06:30:00,2023-01-19,06:30:00,19.271,19.0,0.0,0.0,0.0,0.0,-24.95
2023-01-19 07:00:00,2023-01-19,07:00:00,19.292,19.0,0.0,0.0,0.0,0.0,-24.84
2023-01-19 07:30:00,2023-01-19,07:30:00,19.312,19.0,0.0,0.0,0.0,0.0,-24.82
2023-01-19 08:00:00,2023-01-19,08:00:00,19.333,19.0,0.0,0.0,0.0,0.0,-22.68
2023-01-19 08:30:00,2023-01-19,08:30:00,19.354,19.0,0.0,0.0,0.0,0.0,-19.9
2023-01-19 09:00:00,2023-01-19,09:00:00,19.375,19.0,0.0,0.0,0.0,0.0,-15.64
2023-01-19 09:30:00,2023-01-19,09:30:00,19.396,19.0,0.0,0.0,0.0,0.0,-12.43
2023-01-19 10:00:00,2023-01-19,10:00:00,19.417,19.0,0.0,0.0,0.0,0.0,-10.01
2023-01-19 10:30:00,2023-01-19,10:30:00,19.438,19.0,0.0,0.0,0.0,0.0,-6.75
2023-01-19 11:00:00,2023-01-19,11:00:00,19.458,19.0,0.0,0.0,0.0,0.0,-4.32
2023-01-19 11:30:00,2023-01-19,11:30:00,19.479,19.0,0.0,0.0,0.0,0.0,-2.55
2023-01-19 12:00:00,2023-01-19,12:00:00,19.5,19.0,0.0,0.0,0.0,0.0,-3.06
2023-01-19 12:30:00,2023-01-19,12:30:00,19.521,19.0,0.0,0.0,0.0,0.0,-3.32
2023-01-19 13:00:00,2023-01-19,13:00:00,19.542,19.0,0.0,0.0,0.0,0.0,-2.57
2023-01-19 13:30:00,2023-01-19,13:30:00,19.562,19.0,0.0,0.0,0.0,0.0,-2.15
2023-01-19 14:00:00,2023-01-19,14:00:00,19.583,19.0,0.0,0.0,0.0,0.0,-2.83
2023-01-19 14:30:00,2023-01-19,14:30:00,19.604,19.0,0.0,0.0,0.0,0.0,-3.79
2023-01-19 15:00:00,2023-01-19,15:00:00,19.625,19.0,0.0,0.0,0.0,0.0,-10.24
2023-01-19 15:30:00,2023-01-19,15:30:00,19.646,19.0,0.0,0.0,0.0,0.0,-14.15
2023-01-19 16:00:00,2023-01-19,16:00:00,19.667,19.0,0.0,0.0,0.0,0.0,-14.37
2023-01-19 16:30:00,2023-01-19,16:30:00,19.688,19.0,0.0,0.0,0.0,0.0,-14.76
2023-01-19 17:00:00,2023-01-19,17:00:00,19.708,19.0,0.0,0.0,0.0,0.0,-16.99
2023-01-19 17:30:00,2023-01-19,17:30:00,19.729,19.0,0.0,0.0,0.0,0.0,-18.0
2023-01-19 18:00:00,2023-01-19,18:00:00,19.75,19.0,0.0,0.0,0.0,0.0,-19.27
2023-01-19 18:30:00,2023-01-19,18:30:00,19.771,19.0,0.0,0.0,0.0,0.0,-19.23
2023-01-19 19:00:00,2023-01-19,19:00:00,19.792,19.0,0.0,0.0,0.0,0.0,-18.76
2023-01-19 19:30:00,2023-01-19,19:30:00,19.812,19.0,0.0,0.0,0.0,0.0,-18.13
2023-01-19 20:00:00,2023-01-19,20:00:00,19.833,19.0,0.0,0.0,0.0,0.0,-18.04
2023-01-19 20:30:00,2023-01-19,20:30:00,19.854,19.0,0.0,0.0,0.0,0.0,-17.85
2023-01-19 21:00:00,2023-01-19,21:00:00,19.875,19.0,0.0,0.0,0.0,0.0,-18.1
2023-01-19 21:30:00,2023-01-19,21:30:00,19.896,19.0,0.0,0.0,0.0,0.0,-18.04
2023-01-19 22:00:00,2023-01-19,22:00:00,19.917,19.0,0.0,0.0,0.0,0.0,-17.93
2023-01-19 22:30:00,2023-01-19,22:30:00,19.938,19.0,0.0,0.0,0.0,0.0,-17.18
2023-01-19 23:00:00,2023-01-19,23:00:00,19.958,19.0,0.0,0.0,0.0,0.0,-16.65
2023-01-19 23:30:00,2023-01-19,23:30:00,19.979,19.0,0.0,0.0,0.0,0.0,-16.49
2023-01-20 00:00:00,2023-01-20,00:00:00,20.0,20.0,0.0,0.0,0.0,0.0,-16.35
2023-01-20 00:30:00,2023-01-20,00:30:00,20.021,20.0,0.0,0.0,0.0,0.0,-15.84
2023-01-20 01:00:00,2023-01-20,01:00:00,20.042,20.0,0.0,0.0,0.0,0.0,-15.54
2023-01-20 01:30:00,2023-01-20,01:30:00,20.062,20.0,0.0,0.0,0.0,0.0,-15.93
2023-01-20 02:00:00,2023-01-20,02:00:00,20.083,20.0,0.0,0.0,0.0,0.0,-15.88
2023-01-20 02:30:00,2023-01-20,02:30:00,20.104,20.0,0.0,0.0,0.0,0.0,-16.01
2023-01-20 03:00:00,2023-01-20,03:00:00,20.125,20.0,0.0,0.0,0.0,0.0,-15.75
2023-01-20 03:30:00,2023-01-20,03:30:00,20.146,20.0,0.0,0.0,0.0,0.0,-15.24
2023-01-20 04:00:00,2023-01-20,04:00:00,20.167,20.0,0.0,0.0,0.0,0.0,-14.93
2023-01-20 04:30:00,2023-01-20,04:30:00,20.188,20.0,0.0,0.0,0.0,0.0,-14.58
2023-01-20 05:00:00,2023-01-20,05:00:00,20.208,20.0,0.0,0.0,0.0,0.0,-14.4
2023-01-20 05:30:00,2023-01-20,05:30:00,20.229,20.0,0.0,0.0,0.0,0.0,-14.39
2023-01-20 06:00:00,2023-01-20,06:00:00,20.25,20.0,0.0,0.0,0.0,0.0,-14.24
2023-01-20 06:30:00,2023-01-20,06:30:00,20.271,20.0,0.0,0.0,0.0,0.0,-14.05
2023-01-20 07:00:00,2023-01-20,07:00:00,20.292,20.0,0.0,0.0,0.0,0.0,-13.69
2023-01-20 07:30:00,2023-01-20,07:30:00,20.312,20.0,0.0,0.0,0.0,0.0,-13.78
2023-01-20 08:00:00,2023-01-20,08:00:00,20.333,20.0,0.0,0.0,0.0,0.0,-12.97
2023-01-20 08:30:00,2023-01-20,08:30:00,20.354,20.0,0.0,0.0,0.0,0.0,-12.07
2023-01-20 09:00:00,2023-01-20,09:00:00,20.375,20.0,0.0,0.0,0.0,0.0,-10.35
2023-01-20 09:30:00,2023-01-20,09:30:00,20.396,20.0,0.0,0.0,0.0,0.0,-7.36
2023-01-20 10:00:00,2023-01-20,10:00:00,20.417,20.0,0.0,0.0,0.0,0.0,-6.19
2023-01-20 10:30:00,2023-01-20,10:30:00,20.438,20.0,0.0,0.0,0.0,0.0,-6.25
2023-01-20 11:00:00,2023-01-20,11:00:00,20.458,20.0,0.0,0.0,0.0,0.0,-5.55
2023-01-20 11:30:00,2023-01-20,11:30:00,20.479,20.0,0.0,0.0,0.0,0.0,-4.94
2023-01-20 12:00:00,2023-01-20,12:00:00,20.5,20.0,0.0,0.0,0.0,0.0,-4.19
2023-01-20 12:30:00,2023-01-20,12:30:00,20.521,20.0,0.0,0.0,0.0,0.0,-3.74
2023-01-20 13:00:00,2023-01-20,13:00:00,20.542,20.0,0.0,0.0,0.0,0.0,-4.62
2023-01-20 13:30:00,2023-01-20,13:30:00,20.562,20.0,0.07,0.0,0.2,0.0,-5.39
2023-01-20 14:00:00,2023-01-20,14:00:00,20.583,20.0,0.0,0.0,0.0,0.0,-5.87
2023-01-20 14:30:00,2023-01-20,14:30:00,20.604,20.0,0.0,0.0,0.0,0.0,-6.51
2023-01-20 15:00:00,2023-01-20,15:00:00,20.625,20.0,0.0,0.0,0.0,0.0,-6.58
2023-01-20 15:30:00,2023-01-20,15:30:00,20.646,20.0,0.0,0.0,0.0,0.0,-7.25
2023-01-20 16:00:00,2023-01-20,16:00:00,20.667,20.0,0.0,0.0,0.0,0.0,-7.54
2023-01-20 16:30:00,2023-01-20,16:30:00,20.688,20.0,0.0,0.0,0.0,0.0,-8.51
2023-01-20 17:00:00,2023-01-20,17:00:00,20.708,20.0,0.0,0.0,0.0,0.0,-9.48
2023-01-20 17:30:00,2023-01-20,17:30:00,20.729,20.0,0.0,0.0,0.0,0.0,-10.61
2023-01-20 18:00:00,2023-01-20,18:00:00,20.75,20.0,0.0,0.0,0.0,0.0,-12.07
2023-01-20 18:30:00,2023-01-20,18:30:00,20.771,20.0,0.0,0.0,0.0,0.0,-13.41
2023-01-20 19:00:00,2023-01-20,19:00:00,20.792,20.0,0.0,0.0,0.0,0.0,-14.12
2023-01-20 19:30:00,2023-01-20,19:30:00,20.812,20.0,0.0,0.0,0.0,0.0,-15.02
2023-01-20 20:00:00,2023-01-20,20:00:00,20.833,20.0,0.0,0.0,0.0,0.0,-16.27
2023-01-20 20:30:00,2023-01-20,20:30:00,20.854,20.0,0.0,0.0,0.0,0.0,-17.08
2023-01-20 21:00:00,2023-01-20,21:00:00,20.875,20.0,0.0,0.0,0.0,0.0,-15.62
2023-01-20 21:30:00,2023-01-20,21:30:00,20.896,20.0,0.0,0.0,0.0,0.0,-14.34
2023-01-20 22:00:00,2023-01-20,22:00:00,20.917,20.0,0.0,0.0,0.0,0.0,-16.38
2023-01-20 22:30:00,2023-01-20,22:30:00,20.938,20.0,0.0,0.0,0.0,0.0,-18.66
2023-01-20 23:00:00,2023-01-20,23:00:00,20.958,20.0,0.0,0.0,0.0,0.0,-18.02
2023-01-20 23:30:00,2023-01-20,23:30:00,20.979,20.0,0.0,0.0,0.0,0.0,-15.8
2023-01-21 00:00:00,2023-01-21,00:00:00,21.0,21.0,0.0,0.0,0.0,0.0,-15.53
2023-01-21 00:30:00,2023-01-21,00:30:00,21.021,21.0,0.0,0.0,0.0,0.0,-17.92
2023-01-21 01:00:00,2023-01-21,01:00:00,21.042,21.0,0.0,0.0,0.0,0.0,-19.25
2023-01-21 01:30:00,2023-01-21,01:30:00,21.062,21.0,0.0,0.0,0.0,0.0,-19.99
2023-01-21 02:00:00,2023-01-21,02:00:00,21.083,21.0,0.0,0.0,0.0,0.0,-20.28
2023-01-21 02:30:00,2023-01-21,02:30:00,21.104,21.0,0.0,0.0,0.0,0.0,-20.71
2023-01-21 03:00:00,2023-01-21,03:00:00,21.125,21.0,0.0,0.0,0.0,0.0,-20.15
2023-01-21 03:30:00,2023-01-21,03:30:00,21.146,21.0,0.0,0.0,0.0,0.0,-19.62
2023-01-21 04:00:00,2023-01-21,04:00:00,21.167,21.0,0.0,0.0,0.0,0.0,-20.14
2023-01-21 04:30:00,2023-01-21,04:30:00,21.188,21.0,0.0,0.0,0.0,0.0,-20.79
2023-01-21 05:00:00,2023-01-21,05:00:00,21.208,21.0,0.0,0.0,0.0,0.0,-21.09
2023-01-21 05:30:00,2023-01-21,05:30:00,21.229,21.0,0.0,0.0,0.0,0.0,-20.15
2023-01-21 06:00:00,2023-01-21,06:00:00,21.25,21.0,0.0,0.0,0.0,0.0,-21.06
2023-01-21 06:30:00,2023-01-21,06:30:00,21.271,21.0,0.0,0.0,0.0,0.0,-20.75
2023-01-21 07:00:00,2023-01-21,07:00:00,21.292,21.0,0.0,0.0,0.0,0.0,-18.48
2023-01-21 07:30:00,2023-01-21,07:30:00,21.312,21.0,0.0,0.0,0.0,0.0,-19.81
2023-01-21 08:00:00,2023-01-21,08:00:00,21.333,21.0,0.0,0.0,0.0,0.0,-18.78
2023-01-21 08:30:00,2023-01-21,08:30:00,21.354,21.0,0.0,0.0,0.0,0.0,-17.71
2023-01-21 09:00:00,2023-01-21,09:00:00,21.375,21.0,0.0,0.0,0.0,0.0,-15.97
2023-01-21 09:30:00,2023-01-21,09:30:00,21.396,21.0,0.0,0.0,0.0,0.0,-13.13
2023-01-21 10:00:00,2023-01-21,10:00:00,21.417,21.0,0.0,0.0,0.0,0.0,-11.01
2023-01-21 10:30:00,2023-01-21,10:30:00,21.438,21.0,0.0,0.0,0.0,0.0,-8.09
2023-01-21 11:00:00,2023-01-21,11:00:00,21.458,21.0,0.0,0.0,0.0,0.0,-6.51
2023-01-21 11:30:00,2023-01-21,11:30:00,21.479,21.0,0.0,0.0,0.0,0.0,-2.53
2023-01-21 12:00:00,2023-01-21,12:00:00,21.5,21.0,0.0,0.0,0.0,0.0,-1.35
2023-01-21 12:30:00,2023-01-21,12:30:00,21.521,21.0,0.0,0.0,0.0,0.0,-2.67
2023-01-21 13:00:00,2023-01-21,13:00:00,21.542,21.0,0.0,0.0,0.0,0.0,-1.89
2023-01-21 13:30:00,2023-01-21,13:30:00,21.562,21.0,0.0,0.0,0.0,0.0,-3.0
2023-01-21 14:00:00,2023-01-21,14:00:00,21.583,21.0,0.0,0.0,0.0,0.0,-5.38
2023-01-21 14:30:00,2023-01-21,14:30:00,21.604,21.0,0.0,0.0,0.0,0.0,-4.78
2023-01-21 15:00:00,2023-01-21,15:00:00,21.625,21.0,0.0,0.0,0.0,0.0,-7.46
2023-01-21 15:30:00,2023-01-21,15:30:00,21.646,21.0,0.0,0.0,0.0,0.0,-8.9
2023-01-21 16:00:00,2023-01-21,16:00:00,21.667,21.0,0.0,0.0,0.0,0.0,-9.46
2023-01-21 16:30:00,2023-01-21,16:30:00,21.688,21.0,0.0,0.0,0.0,0.0,-11.06
2023-01-21 17:00:00,2023-01-21,17:00:00,21.708,21.0,0.0,0.0,0.0,0.0,-12.36
2023-01-21 17:30:00,2023-01-21,17:30:00,21.729,21.0,0.0,0.0,0.0,0.0,-12.94
2023-01-21 18:00:00,2023-01-21,18:00:00,21.75,21.0,0.0,0.0,0.0,0.0,-13.1
2023-01-21 18:30:00,2023-01-21,18:30:00,21.771,21.0,0.0,0.0,0.0,0.0,-13.11
2023-01-21 19:00:00,2023-01-21,19:00:00,21.792,21.0,0.0,0.0,0.0,0.0,-12.69
2023-01-21 19:30:00,2023-01-21,19:30:00,21.812,21.0,0.0,0.0,0.0,0.0,-12.24
2023-01-21 20:00:00,2023-01-21,20:00:00,21.833,21.0,0.0,0.0,0.0,0.0,-11.96
2023-01-21 20:30:00,2023-01-21,20:30:00,21.854,21.0,0.0,0.0,0.0,0.0,-12.71
2023-01-21 21:00:00,2023-01-21,21:00:00,21.875,21.0,0.0,0.0,0.0,0.0,-13.1
2023-01-21 21:30:00,2023-01-21,21:30:00,21.896,21.0,0.0,0.0,0.0,0.0,-13.28
2023-01-21 22:00:00,2023-01-21,22:00:00,21.917,21.0,0.0,0.0,0.0,0.0,-14.11
2023-01-21 22:30:00,2023-01-21,22:30:00,21.938,21.0,0.0,0.0,0.0,0.0,-18.62
2023-01-21 23:00:00,2023-01-21,23:00:00,21.958,21.0,0.0,0.0,0.0,0.0,-20.07
2023-01-21 23:30:00,2023-01-21,23:30:00,21.979,21.0,0.0,0.0,0.0,0.0,-20.83
2023-01-22 00:00:00,2023-01-22,00:00:00,22.0,22.0,0.0,0.0,0.0,0.0,-21.04
2023-01-22 00:30:00,2023-01-22,00:30:00,22.021,22.0,0.0,0.0,0.0,0.0,-22.34
2023-01-22 01:00:00,2023-01-22,01:00:00,22.042,22.0,0.0,0.0,0.0,0.0,-22.15
2023-01-22 01:30:00,2023-01-22,01:30:00,22.062,22.0,0.0,0.0,0.0,0.0,-22.93
2023-01-22 02:00:00,2023-01-22,02:00:00,22.083,22.0,0.0,0.0,0.0,0.0,-23.56
2023-01-22 02:30:00,2023-01-22,02:30:00,22.104,22.0,0.0,0.0,0.0,0.0,-23.41
2023-01-22 03:00:00,2023-01-22,03:00:00,22.125,22.0,0.0,0.0,0.0,0.0,-23.76
2023-01-22 03:30:00,2023-01-22,03:30:00,22.146,22.0,0.0,0.0,0.0,0.0,-24.55
2023-01-22 04:00:00,2023-01-22,04:00:00,22.167,22.0,0.0,0.0,0.0,0.0,-24.73
2023-01-22 04:30:00,2023-01-22,04:30:00,22.188,22.0,0.0,0.0,0.0,0.0,-25.07
2023-01-22 05:00:00,2023-01-22,05:00:00,22.208,22.0,0.0,0.0,0.0,0.0,-24.63
2023-01-22 05:30:00,2023-01-22,05:30:00,22.229,22.0,0.0,0.0,0.0,0.0,-25.09
2023-01-22 06:00:00,2023-01-22,06:00:00,22.25,22.0,0.0,0.0,0.0,0.0,-25.46
2023-01-22 06:30:00,2023-01-22,06:30:00,22.271,22.0,0.0,0.0,0.0,0.0,-25.3
2023-01-22 07:00:00,2023-01-22,07:00:00,22.292,22.0,0.0,0.0,0.0,0.0,-25.25
2023-01-22 07:30:00,2023-01-22,07:30:00,22.312,22.0,0.0,0.0,0.0,0.0,-25.01
2023-01-22 08:00:00,2023-01-22,08:00:00,22.333,22.0,0.0,0.0,0.0,0.0,-22.59
2023-01-22 08:30:00,2023-01-22,08:30:00,22.354,22.0,0.0,0.0,0.0,0.0,-18.33
2023-01-22 09:00:00,2023-01-22,09:00:00,22.375,22.0,0.0,0.0,0.0,0.0,-17.08
2023-01-22 09:30:00,2023-01-22,09:30:00,22.396,22.0,0.0,0.0,0.0,0.0,-13.99
2023-01-22 10:00:00,2023-01-22,10:00:00,22.417,22.0,0.0,0.0,0.0,0.0,-9.65
2023-01-22 10:30:00,2023-01-22,10:30:00,22.438,22.0,0.0,0.0,0.0,0.0,-6.27
2023-01-22 11:00:00,2023-01-22,11:00:00,22.458,22.0,0.0,0.0,0.0,0.0,-3.48
2023-01-22 11:30:00,2023-01-22,11:30:00,22.479,22.0,0.0,0.0,0.0,0.0,-1.34
2023-01-22 12:00:00,2023-01-22,12:00:00,22.5,22.0,0.0,0.0,0.0,0.0,1.74
2023-01-22 12:30:00,2023-01-22,12:30:00,22.521,22.0,0.25,0.74,0.0,0.0,0.9
2023-01-22 13:00:00,2023-01-22,13:00:00,22.542,22.0,0.57,0.29,0.0,1.42,0.33
2023-01-22 13:30:00,2023-01-22,13:30:00,22.562,22.0,0.0,0.0,0.0,0.0,-1.17
2023-01-22 14:00:00,2023-01-22,14:00:00,22.583,22.0,0.0,0.0,0.0,0.0,-3.46
2023-01-22 14:30:00,2023-01-22,14:30:00,22.604,22.0,0.0,0.0,0.0,0.0,-5.0
2023-01-22 15:00:00,2023-01-22,15:00:00,22.625,22.0,0.0,0.0,0.0,0.0,-6.73
2023-01-22 15:30:00,2023-01-22,15:30:00,22.646,22.0,0.0,0.0,0.0,0.0,-9.43
2023-01-22 16:00:00,2023-01-22,16:00:00,22.667,22.0,0.0,0.0,0.0,0.0,-10.56
2023-01-22 16:30:00,2023-01-22,16:30:00,22.688,22.0,0.0,0.0,0.0,0.0,-12.3
2023-01-22 17:00:00,2023-01-22,17:00:00,22.708,22.0,0.0,0.0,0.0,0.0,-12.71
2023-01-22 17:30:00,2023-01-22,17:30:00,22.729,22.0,0.0,0.0,0.0,0.0,-12.59
2023-01-22 18:00:00,2023-01-22,18:00:00,22.75,22.0,0.0,0.0,0.0,0.0,-12.44
2023-01-22 18:30:00,2023-01-22,18:30:00,22.771,22.0,0.0,0.0,0.0,0.0,-12.27
2023-01-22 19:00:00,2023-01-22,19:00:00,22.792,22.0,0.0,0.0,0.0,0.0,-12.8
2023-01-22 19:30:00,2023-01-22,19:30:00,22.812,22.0,0.0,0.0,0.0,0.0,-12.92
2023-01-22 20:00:00,2023-01-22,20:00:00,22.833,22.0,0.0,0.0,0.0,0.0,-13.18
2023-01-22 20:30:00,2023-01-22,20:30:00,22.854,22.0,0.0,0.0,0.0,0.0,-12.68
2023-01-22 21:00:00,2023-01-22,21:00:00,22.875,22.0,0.0,0.0,0.0,0.0,-12.82
2023-01-22 21:30:00,2023-01-22,21:30:00,22.896,22.0,0.0,0.0,0.0,0.0,-12.92
2023-01-22 22:00:00,2023-01-22,22:00:00,22.917,22.0,0.0,0.0,0.0,0.0,-13.2
2023-01-22 22:30:00,2023-01-22,22:30:00,22.938,22.0,0.0,0.0,0.0,0.0,-13.44
2023-01-22 23:00:00,2023-01-22,23:00:00,22.958,22.0,0.0,0.0,0.0,0.0,-13.22
2023-01-22 23:30:00,2023-01-22,23:30:00,22.979,22.0,0.0,0.0,0.0,0.0,-13.29
2023-01-23 00:00:00,2023-01-23,00:00:00,23.0,23.0,0.0,0.0,0.0,0.0,-13.24
2023-01-23 00:30:00,2023-01-23,00:30:00,23.021,23.0,0.0,0.0,0.0,0.0,-13.16
2023-01-23 01:00:00,2023-01-23,01:00:00,23.042,23.0,0.0,0.0,0.0,0.0,-13.87
2023-01-23 01:30:00,2023-01-23,01:30:00,23.062,23.0,0.0,0.0,0.0,0.0,-14.97
2023-01-23 02:00:00,2023-01-23,02:00:00,23.083,23.0,0.0,0.0,0.0,0.0,-15.44
2023-01-23 02:30:00,2023-01-23,02:30:00,23.104,23.0,0.0,0.0,0.0,0.0,-16.92
2023-01-23 03:00:00,2023-01-23,03:00:00,23.125,23.0,0.0,0.0,0.0,0.0,-16.76
2023-01-23 03:30:00,2023-01-23,03:30:00,23.146,23.0,0.0,0.0,0.0,0.0,-15.71
2023-01-23 04:00:00,2023-01-23,04:00:00,23.167,23.0,0.0,0.0,0.0,0.0,-16.35
2023-01-23 04:30:00,2023-01-23,04:30:00,23.188,23.0,0.0,0.0,0.0,0.0,-18.02
2023-01-23 05:00:00,2023-01-23,05:00:00,23.208,23.0,0.0,0.0,0.0,0.0,-18.5
2023-01-23 05:30:00,2023-01-23,05:30:00,23.229,23.0,0.0,0.0,0.0,0.0,-18.55
2023-01-23 06:00:00,2023-01-23,06:00:00,23.25,23.0,0.0,0.0,0.0,0.0,-18.37
2023-01-23 06:30:00,2023-01-23,06:30:00,23.271,23.0,0.0,0.0,0.0,0.0,-17.2
2023-01-23 07:00:00,2023-01-23,07:00:00,23.292,23.0,0.0,0.0,0.0,0.0,-16.35
2023-01-23 07:30:00,2023-01-23,07:30:00,23.312,23.0,0.0,0.0,0.0,0.0,-16.67
2023-01-23 08:00:00,2023-01-23,08:00:00,23.333,23.0,0.0,0.0,0.0,0.0,-16.47
2023-01-23 08:30:00,2023-01-23,08:30:00,23.354,23.0,0.0,0.0,0.0,0.0,-13.32
2023-01-23 09:00:00,2023-01-23,09:00:00,23.375,23.0,0.0,0.0,0.0,0.0,-11.14
2023-01-23 09:30:00,2023-01-23,09:30:00,23.396,23.0,0.0,0.0,0.0,0.0,-8.66
2023-01-23 10:00:00,2023-01-23,10:00:00,23.417,23.0,0.0,0.0,0.0,0.0,-4.36
2023-01-23 10:30:00,2023-01-23,10:30:00,23.438,23.0,0.0,0.0,0.0,0.0,-0.19
2023-01-23 11:00:00,2023-01-23,11:00:00,23.458,23.0,0.0,0.0,0.0,0.0,-0.6
2023-01-23 11:30:00,2023-01-23,11:30:00,23.479,23.0,0.0,0.0,0.0,0.0,-0.43
2023-01-23 12:00:00,2023-01-23,12:00:00,23.5,23.0,0.0,0.0,0.0,0.0,1.34
2023-01-23 12:30:00,2023-01-23,12:30:00,23.521,23.0,0.0,0.0,0.0,0.0,3.43
2023-01-23 13:00:00,2023-01-23,13:00:00,23.542,23.0,0.0,0.0,0.0,0.0,1.89
2023-01-23 13:30:00,2023-01-23,13:30:00,23.562,23.0,0.0,0.0,0.0,0.0,0.91
2023-01-23 14:00:00,2023-01-23,14:00:00,23.583,23.0,0.0,0.0,0.0,0.0,2.04
2023-01-23 14:30:00,2023-01-23,14:30:00,23.604,23.0,0.0,0.0,0.0,0.0,-0.84
2023-01-23 15:00:00,2023-01-23,15:00:00,23.625,23.0,0.0,0.0,0.0,0.0,-2.57
2023-01-23 15:30:00,2023-01-23,15:30:00,23.646,23.0,0.0,0.0,0.0,0.0,-7.72
2023-01-23 16:00:00,2023-01-23,16:00:00,23.667,23.0,0.0,0.0,0.0,0.0,-9.74
2023-01-23 16:30:00,2023-01-23,16:30:00,23.688,23.0,0.0,0.0,0.0,0.0,-11.03
2023-01-23 17:00:00,2023-01-23,17:00:00,23.708,23.0,0.0,0.0,0.0,0.0,-12.52
2023-01-23 17:30:00,2023-01-23,17:30:00,23.729,23.0,0.0,0.0,0.0,0.0,-14.0
2023-01-23 18:00:00,2023-01-23,18:00:00,23.75,23.0,0.0,0.0,0.0,0.0,-15.95
2023-01-23 18:30:00,2023-01-23,18:30:00,23.771,23.0,0.0,0.0,0.0,0.0,-16.45
2023-01-23 19:00:00,2023-01-23,19:00:00,23.792,23.0,0.0,0.0,0.0,0.0,-16.73
2023-01-23 19:30:00,2023-01-23,19:30:00,23.812,23.0,0.0,0.0,0.0,0.0,-17.09
2023-01-23 20:00:00,2023-01-23,20:00:00,23.833,23.0,0.0,0.0,0.0,0.0,-17.74
2023-01-23 20:30:00,2023-01-23,20:30:00,23.854,23.0,0.0,0.0,0.0,0.0,-18.39
2023-01-23 21:00:00,2023-01-23,21:00:00,23.875,23.0,0.0,0.0,0.0,0.0,-19.29
2023-01-23 21:30:00,2023-01-23,21:30:00,23.896,23.0,0.0,0.0,0.0,0.0,-20.13
2023-01-23 22:00:00,2023-01-23,22:00:00,23.917,23.0,0.0,0.0,0.0,0.0,-20.41
2023-01-23 22:30:00,2023-01-23,22:30:00,23.938,23.0,0.0,0.0,0.0,0.0,-20.6
2023-01-23 23:00:00,2023-01-23,23:00:00,23.958,23.0,0.0,0.0,0.0,0.0,-20.56
2023-01-23 23:30:00,2023-01-23,23:30:00,23.979,23.0,0.0,0.0,0.0,0.0,-21.54
2023-01-24 00:00:00,2023-01-24,00:00:00,24.0,24.0,0.0,0.0,0.0,0.0,-21.29
2023-01-24 00:30:00,2023-01-24,00:30:00,24.021,24.0,0.0,0.0,0.0,0.0,-21.58
2023-01-24 01:00:00,2023-01-24,01:00:00,24.042,24.0,0.0,0.0,0.0,0.0,-21.57
2023-01-24 01:30:00,2023-01-24,01:30:00,24.062,24.0,0.0,0.0,0.0,0.0,-20.88
2023-01-24 02:00:00,2023-01-24,02:00:00,24.083,24.0,0.0,0.0,0.0,0.0,-20.12
2023-01-24 02:30:00,2023-01-24,02:30:00,24.104,24.0,0.0,0.0,0.0,0.0,-19.16
2023-01-24 03:00:00,2023-01-24,03:00:00,24.125,24.0,0.0,0.0,0.0,0.0,-19.02
2023-01-24 03:30:00,2023-01-24,03:30:00,24.146,24.0,0.0,0.0,0.0,0.0,-18.78
2023-01-24 04:00:00,2023-01-24,04:00:00,24.167,24.0,0.0,0.0,0.0,0.0,-19.76
2023-01-24 04:30:00,2023-01-24,04:30:00,24.188,24.0,0.0,0.0,0.0,0.0,-20.1
2023-01-24 05:00:00,2023-01-24,05:00:00,24.208,24.0,0.0,0.0,0.0,0.0,-19.38
2023-01-24 05:30:00,2023-01-24,05:30:00,24.229,24.0,0.0,0.0,0.0,0.0,-17.8
2023-01-24 06:00:00,2023-01-24,06:00:00,24.25,24.0,0.0,0.0,0.0,0.0,-17.81
2023-01-24 06:30:00,2023-01-24,06:30:00,24.271,24.0,0.0,0.0,0.0,0.0,-17.86
2023-01-24 07:00:00,2023-01-24,07:00:00,24.292,24.0,0.0,0.0,0.0,0.0,-19.71
2023-01-24 07:30:00,2023-01-24,07:30:00,24.312,24.0,0.0,0.0,0.0,0.0,-19.62
2023-01-24 08:00:00,2023-01-24,08:00:00,24.333,24.0,0.0,0.0,0.0,0.0,-16.74
2023-01-24 08:30:00,2023-01-24,08:30:00,24.354,24.0,0.0,0.0,0.0,0.0,-12.88
2023-01-24 09:00:00,2023-01-24,09:00:00,24.375,24.0,0.0,0.0,0.0,0.0,-11.87
2023-01-24 09:30:00,2023-01-24,09:30:00,24.396,24.0,0.0,0.0,0.0,0.0,-9.56
2023-01-24 10:00:00,2023-01-24,10:00:00,24.417,24.0,0.0,0.0,0.0,0.0,-8.44
2023-01-24 10:30:00,2023-01-24,10:30:00,24.438,24.0,0.0,0.0,0.0,0.0,-8.31
2023-01-24 11:00:00,2023-01-24,11:00:00,24.458,24.0,0.0,0.0,0.0,0.0,-7.13
2023-01-24 11:30:00,2023-01-24,11:30:00,24.479,24.0,0.0,0.0,0.0,0.0,-5.62
2023-01-24 12:00:00,2023-01-24,12:00:00,24.5,24.0,0.0,0.0,0.0,0.0,-5.25
2023-01-24 12:30:00,2023-01-24,12:30:00,24.521,24.0,0.0,0.0,0.0,0.0,-5.24
2023-01-24 13:00:00,2023-01-24,13:00:00,24.542,24.0,0.0,0.0,0.0,0.0,-3.41
2023-01-24 13:30:00,2023-01-24,13:30:00,24.562,24.0,0.0,0.0,0.0,0.0,-2.48
2023-01-24 14:00:00,2023-01-24,14:00:00,24.583,24.0,0.0,0.0,0.0,0.0,-3.03
2023-01-24 14:30:00,2023-01-24,14:30:00,24.604,24.0,0.0,0.0,0.0,0.0,-4.64
2023-01-24 15:00:00,2023-01-24,15:00:00,24.625,24.0,0.0,0.0,0.0,0.0,-6.87
2023-01-24 15:30:00,2023-01-24,15:30:00,24.646,24.0,0.0,0.0,0.0,0.0,-7.42
2023-01-24 16:00:00,2023-01-24,16:00:00,24.667,24.0,0.0,0.0,0.0,0.0,-9.04
2023-01-24 16:30:00,2023-01-24,16:30:00,24.688,24.0,0.0,0.0,0.0,0.0,-11.18
2023-01-24 17:00:00,2023-01-24,17:00:00,24.708,24.0,0.0,0.0,0.0,0.0,-12.15
2023-01-24 17:30:00,2023-01-24,17:30:00,24.729,24.0,0.0,0.0,0.0,0.0,-14.35
2023-01-24 18:00:00,2023-01-24,18:00:00,24.75,24.0,0.0,0.0,0.0,0.0,-15.64
2023-01-24 18:30:00,2023-01-24,18:30:00,24.771,24.0,0.0,0.0,0.0,0.0,-16.3
2023-01-24 19:00:00,2023-01-24,19:00:00,24.792,24.0,0.0,0.0,0.0,0.0,-17.12
2023-01-24 19:30:00,2023-01-24,19:30:00,24.812,24.0,0.0,0.0,0.0,0.0,-17.23
2023-01-24 20:00:00,2023-01-24,20:00:00,24.833,24.0,0.0,0.0,0.0,0.0,-17.64
2023-01-24 20:30:00,2023-01-24,20:30:00,24.854,24.0,0.0,0.0,0.0,0.0,-17.71
2023-01-24 21:00:00,2023-01-24,21:00:00,24.875,24.0,0.0,0.0,0.0,0.0,-16.18
2023-01-24 21:30:00,2023-01-24,21:30:00,24.896,24.0,0.0,0.0,0.0,0.0,-15.63
2023-01-24 22:00:00,2023-01-24,22:00:00,24.917,24.0,0.0,0.0,0.0,0.0,-16.08
2023-01-24 22:30:00,2023-01-24,22:30:00,24.938,24.0,0.0,0.0,0.0,0.0,-15.7
2023-01-24 23:00:00,2023-01-24,23:00:00,24.958,24.0,0.0,0.0,0.0,0.0,-16.48
2023-01-24 23:30:00,2023-01-24,23:30:00,24.979,24.0,0.0,0.0,0.0,0.0,-16.68
2023-01-25 00:00:00,2023-01-25,00:00:00,25.0,25.0,0.0,0.0,0.0,0.0,-16.45
2023-01-25 00:30:00,2023-01-25,00:30:00,25.021,25.0,0.0,0.0,0.0,0.0,-16.07
2023-01-25 01:00:00,2023-01-25,01:00:00,25.042,25.0,0.0,0.0,0.0,0.0,-14.92
2023-01-25 01:30:00,2023-01-25,01:30:00,25.062,25.0,0.0,0.0,0.0,0.0,-14.4
2023-01-25 02:00:00,2023-01-25,02:00:00,25.083,25.0,0.0,0.0,0.0,0.0,-14.38
2023-01-25 02:30:00,2023-01-25,02:30:00,25.104,25.0,0.0,0.0,0.0,0.0,-14.24
2023-01-25 03:00:00,2023-01-25,03:00:00,25.125,25.0,0.0,0.0,0.0,0.0,-14.35
2023-01-25 03:30:00,2023-01-25,03:30:00,25.146,25.0,0.0,0.0,0.0,0.0,-14.41
2023-01-25 04:00:00,2023-01-25,04:00:00,25.167,25.0,0.0,0.0,0.0,0.0,-14.52
2023-01-25 04:30:00,2023-01-25,04:30:00,25.188,25.0,0.0,0.0,0.0,0.0,-14.85
2023-01-25 05:00:00,2023-01-25,05:00:00,25.208,25.0,0.0,0.0,0.0,0.0,-14.68
2023-01-25 05:30:00,2023-01-25,05:30:00,25.229,25.0,0.0,0.0,0.0,0.0,-14.93
2023-01-25 06:00:00,2023-01-25,06:00:00,25.25,25.0,0.0,0.0,0.0,0.0,-14.79
2023-01-25 06:30:00,2023-01-25,06:30:00,25.271,25.0,0.0,0.0,0.0,0.0,-14.82
2023-01-25 07:00:00,2023-01-25,07:00:00,25.292,25.0,0.0,0.0,0.0,0.0,-15.01
2023-01-25 07:30:00,2023-01-25,07:30:00,25.312,25.0,0.0,0.0,0.0,0.0,-15.36
2023-01-25 08:00:00,2023-01-25,08:00:00,25.333,25.0,0.0,0.0,0.0,0.0,-14.0
2023-01-25 08:30:00,2023-01-25,08:30:00,25.354,25.0,0.0,0.0,0.0,0.0,-13.02
2023-01-25 09:00:00,2023-01-25,09:00:00,25.375,25.0,0.0,0.0,0.0,0.0,-12.38
2023-01-25 09:30:00,2023-01-25,09:30:00,25.396,25.0,0.0,0.0,0.0,0.0,-10.7
2023-01-25 10:00:00,2023-01-25,10:00:00,25.417,25.0,0.0,0.0,0.0,0.0,-9.39
2023-01-25 10:30:00,2023-01-25,10:30:00,25.438,25.0,0.0,0.0,0.0,0.0,-8.51
2023-01-25 11:00:00,2023-01-25,11:00:00,25.458,25.0,0.0,0.0,0.0,0.0,-6.38
2023-01-25 11:30:00,2023-01-25,11:30:00,25.479,25.0,0.0,0.0,0.0,0.0,-4.23
2023-01-25 12:00:00,2023-01-25,12:00:00,25.5,25.0,0.0,0.0,0.0,0.0,-2.3
2023-01-25 12:30:00,2023-01-25,12:30:00,25.521,25.0,0.0,0.0,0.0,0.0,-2.74
2023-01-25 13:00:00,2023-01-25,13:00:00,25.542,25.0,0.0,0.0,0.0,0.0,-3.75
2023-01-25 13:30:00,2023-01-25,13:30:00,25.562,25.0,0.0,0.0,0.0,0.0,-7.88
2023-01-25 14:00:00,2023-01-25,14:00:00,25.583,25.0,0.0,0.0,0.0,0.0,-6.32
2023-01-25 14:30:00,2023-01-25,14:30:00,25.604,25.0,0.0,0.0,0.0,0.0,-7.05
2023-01-25 15:00:00,2023-01-25,15:00:00,25.625,25.0,0.0,0.0,0.0,0.0,-9.54
2023-01-25 15:30:00,2023-01-25,15:30:00,25.646,25.0,0.0,0.0,0.0,0.0,-10.92
2023-01-25 16:00:00,2023-01-25,16:00:00,25.667,25.0,0.0,0.0,0.0,0.0,-12.79
2023-01-25 16:30:00,2023-01-25,16:30:00,25.688,25.0,0.0,0.0,0.0,0.0,-13.99
2023-01-25 17:00:00,2023-01-25,17:00:00,25.708,25.0,0.0,0.0,0.0,0.0,-16.27
2023-01-25 17:30:00,2023-01-25,17:30:00,25.729,25.0,0.0,0.0,0.0,0.0,-17.36
2023-01-25 18:00:00,2023-01-25,18:00:00,25.75,25.0,0.0,0.0,0.0,0.0,-18.37
2023-01-25 18:30:00,2023-01-25,18:30:00,25.771,25.0,0.0,0.0,0.0,0.0,-18.19
2023-01-25 19:00:00,2023-01-25,19:00:00,25.792,25.0,0.0,0.0,0.0,0.0,-16.87
2023-01-25 19:30:00,2023-01-25,19:30:00,25.812,25.0,0.0,0.0,0.0,0.0,-16.72
2023-01-25 20:00:00,2023-01-25,20:00:00,25.833,25.0,0.0,0.0,0.0,0.0,-17.92
2023-01-25 20:30:00,2023-01-25,20:30:00,25.854,25.0,0.0,0.0,0.0,0.0,-18.82
2023-01-25 21:00:00,2023-01-25,21:00:00,25.875,25.0,0.0,0.0,0.0,0.0,-20.01
2023-01-25 21:30:00,2023-01-25,21:30:00,25.896,25.0,0.0,0.0,0.0,0.0,-22.02
2023-01-25 22:00:00,2023-01-25,22:00:00,25.917,25.0,0.0,0.0,0.0,0.0,-22.38
2023-01-25 22:30:00,2023-01-25,22:30:00,25.938,25.0,0.0,0.0,0.0,0.0,-20.99
2023-01-25 23:00:00,2023-01-25,23:00:00,25.958,25.0,0.0,0.0,0.0,0.0,-22.72
2023-01-25 23:30:00,2023-01-25,23:30:00,25.979,25.0,0.0,0.0,0.0,0.0,-24.32
2023-01-26 00:00:00,2023-01-26,00:00:00,26.0,26.0,0.0,0.0,0.0,0.0,-24.38
2023-01-26 00:30:00,2023-01-26,00:30:00,26.021,26.0,0.0,0.0,0.0,0.0,-25.73
2023-01-26 01:00:00,2023-01-26,01:00:00,26.042,26.0,0.0,0.0,0.0,0.0,-26.81
2023-01-26 01:30:00,2023-01-26,01:30:00,26.062,26.0,0.0,0.0,0.0,0.0,-27.09
2023-01-26 02:00:00,2023-01-26,02:00:00,26.083,26.0,0.0,0.0,0.0,0.0,-27.45
2023-01-26 02:30:00,2023-01-26,02:30:00,26.104,26.0,0.0,0.0,0.0,0.0,-27.6
2023-01-26 03:00:00,2023-01-26,03:00:00,26.125,26.0,0.0,0.0,0.0,0.0,-27.99
2023-01-26 03:30:00,2023-01-26,03:30:00,26.146,26.0,0.0,0.0,0.0,0.0,-27.48
2023-01-26 04:00:00,2023-01-26,04:00:00,26.167,26.0,0.0,0.0,0.0,0.0,-27.56
2023-01-26 04:30:00,2023-01-26,04:30:00,26.188,26.0,0.0,0.0,0.0,0.0,-27.04
2023-01-26 05:00:00,2023-01-26,05:00:00,26.208,26.0,0.0,0.0,0.0,0.0,-26.66
2023-01-26 05:30:00,2023-01-26,05:30:00,26.229,26.0,0.0,0.0,0.0,0.0,-27.68
2023-01-26 06:00:00,2023-01-26,06:00:00,26.25,26.0,0.0,0.0,0.0,0.0,-27.93
2023-01-26 06:30:00,2023-01-26,06:30:00,26.271,26.0,0.0,0.0,0.0,0.0,-28.04
2023-01-26 07:00:00,2023-01-26,07:00:00,26.292,26.0,0.0,0.0,0.0,0.0,-27.83
2023-01-26 07:30:00,2023-01-26,07:30:00,26.312,26.0,0.0,0.0,0.0,0.0,-26.94
2023-01-26 08:00:00,2023-01-26,08:00:00,26.333,26.0,0.0,0.0,0.0,0.0,-24.46
2023-01-26 08:30:00,2023-01-26,08:30:00,26.354,26.0,0.0,0.0,0.0,0.0,-21.85
2023-01-26 09:00:00,2023-01-26,09:00:00,26.375,26.0,0.0,0.0,0.0,0.0,-17.85
2023-01-26 09:30:00,2023-01-26,09:30:00,26.396,26.0,0.0,0.0,0.0,0.0,-14.92
2023-01-26 10:00:00,2023-01-26,10:00:00,26.417,26.0,0.0,0.0,0.0,0.0,-12.47
2023-01-26 10:30:00,2023-01-26,10:30:00,26.438,26.0,0.0,0.0,0.0,0.0,-10.06
2023-01-26 11:00:00,2023-01-26,11:00:00,26.458,26.0,0.0,0.0,0.0,0.0,-7.8
2023-01-26 11:30:00,2023-01-26,11:30:00,26.479,26.0,0.0,0.0,0.0,0.0,-7.12
2023-01-26 12:00:00,2023-01-26,12:00:00,26.5,26.0,0.0,0.0,0.0,0.0,-7.23
2023-01-26 12:30:00,2023-01-26,12:30:00,26.521,26.0,0.0,0.0,0.0,0.0,-5.58
2023-01-26 13:00:00,2023-01-26,13:00:00,26.542,26.0,0.0,0.0,0.0,0.0,-4.47
2023-01-26 13:30:00,2023-01-26,13:30:00,26.562,26.0,0.0,0.0,0.0,0.0,-5.58
2023-01-26 14:00:00,2023-01-26,14:00:00,26.583,26.0,0.0,0.0,0.0,0.0,-6.03
2023-01-26 14:30:00,2023-01-26,14:30:00,26.604,26.0,0.0,0.0,0.0,0.0,-6.56
2023-01-26 15:00:00,2023-01-26,15:00:00,26.625,26.0,0.0,0.0,0.0,0.0,-8.38
2023-01-26 15:30:00,2023-01-26,15:30:00,26.646,26.0,0.0,0.0,0.0,0.0,-12.93
2023-01-26 16:00:00,2023-01-26,16:00:00,26.667,26.0,0.0,0.0,0.0,0.0,-13.75
2023-01-26 16:30:00,2023-01-26,16:30:00,26.688,26.0,0.0,0.0,0.0,0.0,-13.4
2023-01-26 17:00:00,2023-01-26,17:00:00,26.708,26.0,0.0,0.0,0.0,0.0,-13.04
2023-01-26 17:30:00,2023-01-26,17:30:00,26.729,26.0,0.0,0.0,0.0,0.0,-16.02
2023-01-26 18:00:00,2023-01-26,18:00:00,26.75,26.0,0.0,0.0,0.0,0.0,-17.67
2023-01-26 18:30:00,2023-01-26,18:30:00,26.771,26.0,0.0,0.0,0.0,0.0,-18.24
2023-01-26 19:00:00,2023-01-26,19:00:00,26.792,26.0,0.0,0.0,0.0,0.0,-18.45
2023-01-26 19:30:00,2023-01-26,19:30:00,26.812,26.0,0.0,0.0,0.0,0.0,-19.17
2023-01-26 20:00:00,2023-01-26,20:00:00,26.833,26.0,0.0,0.0,0.0,0.0,-19.63
2023-01-26 20:30:00,2023-01-26,20:30:00,26.854,26.0,0.0,0.0,0.0,0.0,-18.39
2023-01-26 21:00:00,2023-01-26,21:00:00,26.875,26.0,0.0,0.0,0.0,0.0,-18.12
2023-01-26 21:30:00,2023-01-26,21:30:00,26.896,26.0,0.0,0.0,0.0,0.0,-18.85
2023-01-26 22:00:00,2023-01-26,22:00:00,26.917,26.0,0.0,0.0,0.0,0.0,-19.11
2023-01-26 22:30:00,2023-01-26,22:30:00,26.938,26.0,0.0,0.0,0.0,0.0,-18.6
2023-01-26 23:00:00,2023-01-26,23:00:00,26.958,26.0,0.0,0.0,0.0,0.0,-17.8
2023-01-26 23:30:00,2023-01-26,23:30:00,26.979,26.0,0.0,0.0,0.0,0.0,-16.85
2023-01-27 00:00:00,2023-01-27,00:00:00,27.0,27.0,0.0,0.0,0.0,0.0,-16.74
2023-01-27 00:30:00,2023-01-27,00:30:00,27.021,27.0,0.0,0.0,0.0,0.0,-16.52
2023-01-27 01:00:00,2023-01-27,01:00:00,27.042,27.0,0.0,0.0,0.0,0.0,-16.19
2023-01-27 01:30:00,2023-01-27,01:30:00,27.062,27.0,0.0,0.0,0.0,0.0,-15.82
2023-01-27 02:00:00,2023-01-27,02:00:00,27.083,27.0,0.0,0.0,0.0,0.0,-15.68
2023-01-27 02:30:00,2023-01-27,02:30:00,27.104,27.0,0.0,0.0,0.0,0.0,-15.44
2023-01-27 03:00:00,2023-01-27,03:00:00,27.125,27.0,0.0,0.0,0.0,0.0,-15.09
2023-01-27 03:30:00,2023-01-27,03:30:00,27.146,27.0,0.0,0.0,0.0,0.0,-15.45
2023-01-27 04:00:00,2023-01-27,04:00:00,27.167,27.0,0.0,0.0,0.0,0.0,-16.4
2023-01-27 04:30:00,2023-01-27,04:30:00,27.188,27.0,0.0,0.0,0.0,0.0,-16.75
2023-01-27 05:00:00,2023-01-27,05:00:00,27.208,27.0,0.0,0.0,0.0,0.0,-17.41
2023-01-27 05:30:00,2023-01-27,05:30:00,27.229,27.0,0.0,0.0,0.0,0.0,-16.56
2023-01-27 06:00:00,2023-01-27,06:00:00,27.25,27.0,0.0,0.0,0.0,0.0,-15.95
2023-01-27 06:30:00,2023-01-27,06:30:00,27.271,27.0,0.0,0.0,0.0,0.0,-15.98
2023-01-27 07:00:00,2023-01-27,07:00:00,27.292,27.0,0.0,0.0,0.0,0.0,-17.34
2023-01-27 07:30:00,2023-01-27,07:30:00,27.312,27.0,0.0,0.0,0.0,0.0,-16.07
2023-01-27 08:00:00,2023-01-27,08:00:00,27.333,27.0,0.0,0.0,0.0,0.0,-13.69
2023-01-27 08:30:00,2023-01-27,08:30:00,27.354,27.0,0.0,0.0,0.0,0.0,-11.37
2023-01-27 09:00:00,2023-01-27,09:00:00,27.375,27.0,0.0,0.0,0.0,0.0,-8.29
2023-01-27 09:30:00,2023-01-27,09:30:00,27.396,27.0,0.0,0.0,0.0,0.0,-6.4
2023-01-27 10:00:00,2023-01-27,10:00:00,27.417,27.0,0.0,0.0,0.0,0.0,-3.83
2023-01-27 10:30:00,2023-01-27,10:30:00,27.438,27.0,0.0,0.0,0.0,0.0,-3.44
2023-01-27 11:00:00,2023-01-27,11:00:00,27.458,27.0,0.0,0.0,0.0,0.0,-2.89
2023-01-27 11:30:00,2023-01-27,11:30:00,27.479,27.0,0.31,0.35,0.34,0.23,-2.14
2023-01-27 12:00:00,2023-01-27,12:00:00,27.5,27.0,0.41,0.47,0.45,0.31,-5.94
2023-01-27 12:30:00,2023-01-27,12:30:00,27.521,27.0,0.39,0.44,0.42,0.3,-7.73
2023-01-27 13:00:00,2023-01-27,13:00:00,27.542,27.0,0.52,0.6,0.58,0.4,-6.55
2023-01-27 13:30:00,2023-01-27,13:30:00,27.562,27.0,0.0,0.0,0.0,0.0,-6.12
2023-01-27 14:00:00,2023-01-27,14:00:00,27.583,27.0,0.0,0.0,0.0,0.0,-6.66
2023-01-27 14:30:00,2023-01-27,14:30:00,27.604,27.0,0.0,0.0,0.0,0.0,-6.75
2023-01-27 15:00:00,2023-01-27,15:00:00,27.625,27.0,0.0,0.0,0.0,0.0,-5.78
2023-01-27 15:30:00,2023-01-27,15:30:00,27.646,27.0,0.0,0.0,0.0,0.0,-5.75
2023-01-27 16:00:00,2023-01-27,16:00:00,27.667,27.0,0.0,0.0,0.0,0.0,-6.38
2023-01-27 16:30:00,2023-01-27,16:30:00,27.688,27.0,0.0,0.0,0.0,0.0,-6.83
2023-01-27 17:00:00,2023-01-27,17:00:00,27.708,27.0,0.0,0.0,0.0,0.0,-7.27
2023-01-27 17:30:00,2023-01-27,17:30:00,27.729,27.0,0.35,0.39,0.39,0.26,-9.16
2023-01-27 18:00:00,2023-01-27,18:00:00,27.75,27.0,0.49,0.56,0.54,0.37,-8.87
2023-01-27 18:30:00,2023-01-27,18:30:00,27.771,27.0,0.0,0.0,0.0,0.0,-8.98
2023-01-27 19:00:00,2023-01-27,19:00:00,27.792,27.0,0.0,0.0,0.0,0.0,-8.84
2023-01-27 19:30:00,2023-01-27,19:30:00,27.812,27.0,0.0,0.0,0.0,0.0,-9.23
2023-01-27 20:00:00,2023-01-27,20:00:00,27.833,27.0,0.44,0.5,0.49,0.33,-8.35
2023-01-27 20:30:00,2023-01-27,20:30:00,27.854,27.0,0.47,0.53,0.52,0.36,-7.27
2023-01-27 21:00:00,2023-01-27,21:00:00,27.875,27.0,0.37,0.41,0.41,0.28,-7.02
2023-01-27 21:30:00,2023-01-27,21:30:00,27.896,27.0,0.31,0.35,0.36,0.23,-6.91
2023-01-27 22:00:00,2023-01-27,22:00:00,27.917,27.0,0.0,0.0,0.0,0.0,-6.98
2023-01-27 22:30:00,2023-01-27,22:30:00,27.938,27.0,0.31,0.35,0.33,0.24,-6.99
2023-01-27 23:00:00,2023-01-27,23:00:00,27.958,27.0,0.0,0.0,0.0,0.0,-7.21
2023-01-27 23:30:00,2023-01-27,23:30:00,27.979,27.0,0.0,0.0,0.0,0.0,-7.08
2023-01-28 00:00:00,2023-01-28,00:00:00,28.0,28.0,0.0,0.0,0.0,0.0,-7.1
2023-01-28 00:30:00,2023-01-28,00:30:00,28.021,28.0,0.0,0.0,0.0,0.0,-7.6
2023-01-28 01:00:00,2023-01-28,01:00:00,28.042,28.0,0.0,0.0,0.0,0.0,-7.83
2023-01-28 01:30:00,2023-01-28,01:30:00,28.062,28.0,0.0,0.0,0.0,0.0,-8.33
2023-01-28 02:00:00,2023-01-28,02:00:00,28.083,28.0,0.0,0.0,0.0,0.0,-9.33
2023-01-28 02:30:00,2023-01-28,02:30:00,28.104,28.0,0.0,0.0,0.0,0.0,-9.23
2023-01-28 03:00:00,2023-01-28,03:00:00,28.125,28.0,0.0,0.0,0.0,0.0,-9.0
2023-01-28 03:30:00,2023-01-28,03:30:00,28.146,28.0,0.0,0.0,0.0,0.0,-8.82
2023-01-28 04:00:00,2023-01-28,04:00:00,28.167,28.0,0.0,0.0,0.0,0.0,-9.27
2023-01-28 04:30:00,2023-01-28,04:30:00,28.188,28.0,0.0,0.0,0.0,0.0,-9.41
2023-01-28 05:00:00,2023-01-28,05:00:00,28.208,28.0,0.0,0.0,0.0,0.0,-9.6
2023-01-28 05:30:00,2023-01-28,05:30:00,28.229,28.0,0.0,0.0,0.0,0.0,-9.95
2023-01-28 06:00:00,2023-01-28,06:00:00,28.25,28.0,0.0,0.0,0.0,0.0,-10.24
2023-01-28 06:30:00,2023-01-28,06:30:00,28.271,28.0,0.0,0.0,0.0,0.0,-10.18
2023-01-28 07:00:00,2023-01-28,07:00:00,28.292,28.0,0.28,0.28,0.28,0.28,-10.08
2023-01-28 07:30:00,2023-01-28,07:30:00,28.312,28.0,0.22,0.22,0.22,0.22,-9.65
2023-01-28 08:00:00,2023-01-28,08:00:00,28.333,28.0,0.0,0.0,0.0,0.0,-8.9
2023-01-28 08:30:00,2023-01-28,08:30:00,28.354,28.0,0.0,0.0,0.0,0.0,-7.53
2023-01-28 09:00:00,2023-01-28,09:00:00,28.375,28.0,0.27,0.27,0.27,0.26,-7.15
2023-01-28 09:30:00,2023-01-28,09:30:00,28.396,28.0,0.24,0.25,0.24,0.25,-5.84
2023-01-28 10:00:00,2023-01-28,10:00:00,28.417,28.0,0.0,0.0,0.0,0.0,-3.97
2023-01-28 10:30:00,2023-01-28,10:30:00,28.438,28.0,0.0,0.0,0.0,0.0,-4.89
2023-01-28 11:00:00,2023-01-28,11:00:00,28.458,28.0,0.0,0.0,0.0,0.0,-4.04
2023-01-28 11:30:00,2023-01-28,11:30:00,28.479,28.0,0.0,0.0,0.0,0.0,-2.92
2023-01-28 12:00:00,2023-01-28,12:00:00,28.5,28.0,0.0,0.0,0.0,0.0,-2.65
2023-01-28 12:30:00,2023-01-28,12:30:00,28.521,28.0,0.0,0.0,0.0,0.0,-0.55
2023-01-28 13:00:00,2023-01-28,13:00:00,28.542,28.0,0.0,0.0,0.0,0.0,-1.28
2023-01-28 13:30:00,2023-01-28,13:30:00,28.562,28.0,0.0,0.0,0.0,0.0,-3.52
2023-01-28 14:00:00,2023-01-28,14:00:00,28.583,28.0,0.0,0.0,0.0,0.0,-4.82
2023-01-28 14:30:00,2023-01-28,14:30:00,28.604,28.0,0.0,0.0,0.0,0.0,-3.88
2023-01-28 15:00:00,2023-01-28,15:00:00,28.625,28.0,0.0,0.0,0.0,0.0,-5.05
2023-01-28 15:30:00,2023-01-28,15:30:00,28.646,28.0,0.0,0.0,0.0,0.0,-5.69
2023-01-28 16:00:00,2023-01-28,16:00:00,28.667,28.0,0.0,0.0,0.0,0.0,-6.97
2023-01-28 16:30:00,2023-01-28,16:30:00,28.688,28.0,0.0,0.0,0.0,0.0,-8.02
2023-01-28 17:00:00,2023-01-28,17:00:00,28.708,28.0,0.0,0.0,0.0,0.0,-8.61
2023-01-28 17:30:00,2023-01-28,17:30:00,28.729,28.0,0.0,0.0,0.0,0.0,-9.09
2023-01-28 18:00:00,2023-01-28,18:00:00,28.75,28.0,0.0,0.0,0.0,0.0,-9.27
2023-01-28 18:30:00,2023-01-28,18:30:00,28.771,28.0,0.0,0.0,0.0,0.0,-9.69
2023-01-28 19:00:00,2023-01-28,19:00:00,28.792,28.0,0.0,0.0,0.0,0.0,-9.79
2023-01-28 19:30:00,2023-01-28,19:30:00,28.812,28.0,0.0,0.0,0.0,0.0,-10.88
2023-01-28 20:00:00,2023-01-28,20:00:00,28.833,28.0,0.0,0.0,0.0,0.0,-11.45
2023-01-28 20:30:00,2023-01-28,20:30:00,28.854,28.0,0.0,0.0,0.0,0.0,-11.17
2023-01-28 21:00:00,2023-01-28,21:00:00,28.875,28.0,0.0,0.0,0.0,0.0,-10.99
2023-01-28 21:30:00,2023-01-28,21:30:00,28.896,28.0,0.0,0.0,0.0,0.0,-11.45
2023-01-28 22:00:00,2023-01-28,22:00:00,28.917,28.0,0.0,0.0,0.0,0.0,-11.53
2023-01-28 22:30:00,2023-01-28,22:30:00,28.938,28.0,0.0,0.0,0.0,0.0,-11.67
2023-01-28 23:00:00,2023-01-28,23:00:00,28.958,28.0,0.0,0.0,0.0,0.0,-11.6
2023-01-28 23:30:00,2023-01-28,23:30:00,28.979,28.0,0.0,0.0,0.0,0.0,-11.65
2023-01-29 00:00:00,2023-01-29,00:00:00,29.0,29.0,0.0,0.0,0.0,0.0,-11.67
2023-01-29 00:30:00,2023-01-29,00:30:00,29.021,29.0,0.0,0.0,0.0,0.0,-11.65
2023-01-29 01:00:00,2023-01-29,01:00:00,29.042,29.0,0.0,0.0,0.0,0.0,-11.62
2023-01-29 01:30:00,2023-01-29,01:30:00,29.062,29.0,0.0,0.0,0.0,0.0,-11.87
2023-01-29 02:00:00,2023-01-29,02:00:00,29.083,29.0,0.0,0.0,0.0,0.0,-11.93
2023-01-29 02:30:00,2023-01-29,02:30:00,29.104,29.0,0.0,0.0,0.0,0.0,-11.97
2023-01-29 03:00:00,2023-01-29,03:00:00,29.125,29.0,0.0,0.0,0.0,0.0,-11.92
2023-01-29 03:30:00,2023-01-29,03:30:00,29.146,29.0,0.0,0.0,0.0,0.0,-11.76
2023-01-29 04:00:00,2023-01-29,04:00:00,29.167,29.0,0.0,0.0,0.0,0.0,-11.47
2023-01-29 04:30:00,2023-01-29,04:30:00,29.188,29.0,0.23,0.22,0.23,0.23,-11.43
2023-01-29 05:00:00,2023-01-29,05:00:00,29.208,29.0,0.13,0.2,0.0,0.2,-11.28
2023-01-29 05:30:00,2023-01-29,05:30:00,29.229,29.0,0.0,0.0,0.0,0.0,-11.35
2023-01-29 06:00:00,2023-01-29,06:00:00,29.25,29.0,0.0,0.0,0.0,0.0,-11.42
2023-01-29 06:30:00,2023-01-29,06:30:00,29.271,29.0,0.0,0.0,0.0,0.0,-11.63
2023-01-29 07:00:00,2023-01-29,07:00:00,29.292,29.0,0.0,0.0,0.0,0.0,-12.55
2023-01-29 07:30:00,2023-01-29,07:30:00,29.312,29.0,0.0,0.0,0.0,0.0,-12.03
2023-01-29 08:00:00,2023-01-29,08:00:00,29.333,29.0,0.0,0.0,0.0,0.0,-11.23
2023-01-29 08:30:00,2023-01-29,08:30:00,29.354,29.0,0.0,0.0,0.0,0.0,-9.02
2023-01-29 09:00:00,2023-01-29,09:00:00,29.375,29.0,0.0,0.0,0.0,0.0,-7.01
2023-01-29 09:30:00,2023-01-29,09:30:00,29.396,29.0,0.0,0.0,0.0,0.0,-4.87
2023-01-29 10:00:00,2023-01-29,10:00:00,29.417,29.0,0.0,0.0,0.0,0.0,-4.07
2023-01-29 10:30:00,2023-01-29,10:30:00,29.438,29.0,0.0,0.0,0.0,0.0,-3.77
2023-01-29 11:00:00,2023-01-29,11:00:00,29.458,29.0,0.0,0.0,0.0,0.0,-1.47
2023-01-29 11:30:00,2023-01-29,11:30:00,29.479,29.0,0.0,0.0,0.0,0.0,-0.68
2023-01-29 12:00:00,2023-01-29,12:00:00,29.5,29.0,0.0,0.0,0.0,0.0,-1.08
2023-01-29 12:30:00,2023-01-29,12:30:00,29.521,29.0,0.0,0.0,0.0,0.0,-1.44
2023-01-29 13:00:00,2023-01-29,13:00:00,29.542,29.0,0.0,0.0,0.0,0.0,-0.2
2023-01-29 13:30:00,2023-01-29,13:30:00,29.562,29.0,0.0,0.0,0.0,0.0,-0.5
2023-01-29 14:00:00,2023-01-29,14:00:00,29.583,29.0,0.0,0.0,0.0,0.0,-2.2
2023-01-29 14:30:00,2023-01-29,14:30:00,29.604,29.0,0.0,0.0,0.0,0.0,-3.1
2023-01-29 15:00:00,2023-01-29,15:00:00,29.625,29.0,0.0,0.0,0.0,0.0,-3.86
2023-01-29 15:30:00,2023-01-29,15:30:00,29.646,29.0,0.0,0.0,0.0,0.0,-4.67
2023-01-29 16:00:00,2023-01-29,16:00:00,29.667,29.0,0.0,0.0,0.0,0.0,-5.54
2023-01-29 16:30:00,2023-01-29,16:30:00,29.688,29.0,0.0,0.0,0.0,0.0,-6.16
2023-01-29 17:00:00,2023-01-29,17:00:00,29.708,29.0,0.0,0.0,0.0,0.0,-7.21
2023-01-29 17:30:00,2023-01-29,17:30:00,29.729,29.0,0.0,0.0,0.0,0.0,-8.35
2023-01-29 18:00:00,2023-01-29,18:00:00,29.75,29.0,0.0,0.0,0.0,0.0,-8.65
2023-01-29 18:30:00,2023-01-29,18:30:00,29.771,29.0,0.0,0.0,0.0,0.0,-8.35
2023-01-29 19:00:00,2023-01-29,19:00:00,29.792,29.0,0.0,0.0,0.0,0.0,-8.92
2023-01-29 19:30:00,2023-01-29,19:30:00,29.812,29.0,0.0,0.0,0.0,0.0,-9.44
2023-01-29 20:00:00,2023-01-29,20:00:00,29.833,29.0,0.0,0.0,0.0,0.0,-9.6
2023-01-29 20:30:00,2023-01-29,20:30:00,29.854,29.0,0.0,0.0,0.0,0.0,-7.96
2023-01-29 21:00:00,2023-01-29,21:00:00,29.875,29.0,0.0,0.0,0.0,0.0,-7.36
2023-01-29 21:30:00,2023-01-29,21:30:00,29.896,29.0,0.0,0.0,0.0,0.0,-7.02
2023-01-29 22:00:00,2023-01-29,22:00:00,29.917,29.0,0.0,0.0,0.0,0.0,-6.95
2023-01-29 22:30:00,2023-01-29,22:30:00,29.938,29.0,0.0,0.0,0.0,0.0,-6.85
2023-01-29 23:00:00,2023-01-29,23:00:00,29.958,29.0,0.0,0.0,0.0,0.0,-7.24
2023-01-29 23:30:00,2023-01-29,23:30:00,29.979,29.0,0.34,0.34,0.34,0.34,-7.75
2023-01-30 00:00:00,2023-01-30,00:00:00,30.0,30.0,0.4,0.4,0.4,0.4,-7.76
2023-01-30 00:30:00,2023-01-30,00:30:00,30.021,30.0,0.39,0.43,0.42,0.32,-7.87
2023-01-30 01:00:00,2023-01-30,01:00:00,30.042,30.0,0.47,0.52,0.52,0.38,-8.12
2023-01-30 01:30:00,2023-01-30,01:30:00,30.062,30.0,0.17,0.29,0.0,0.21,-8.23
2023-01-30 02:00:00,2023-01-30,02:00:00,30.083,30.0,0.0,0.0,0.0,0.0,-7.68
2023-01-30 02:30:00,2023-01-30,02:30:00,30.104,30.0,0.0,0.0,0.0,0.0,-7.29
2023-01-30 03:00:00,2023-01-30,03:00:00,30.125,30.0,0.0,0.0,0.0,0.0,-7.5
2023-01-30 03:30:00,2023-01-30,03:30:00,30.146,30.0,0.0,0.0,0.0,0.0,-7.61
2023-01-30 04:00:00,2023-01-30,04:00:00,30.167,30.0,0.0,0.0,0.0,0.0,-7.67
2023-01-30 04:30:00,2023-01-30,04:30:00,30.188,30.0,0.0,0.0,0.0,0.0,-7.87
2023-01-30 05:00:00,2023-01-30,05:00:00,30.208,30.0,0.0,0.0,0.0,0.0,-8.31
2023-01-30 05:30:00,2023-01-30,05:30:00,30.229,30.0,0.0,0.0,0.0,0.0,-8.48
2023-01-30 06:00:00,2023-01-30,06:00:00,30.25,30.0,0.09,0.0,0.27,0.0,-8.72
2023-01-30 06:30:00,2023-01-30,06:30:00,30.271,30.0,0.35,0.38,0.38,0.28,-8.86
2023-01-30 07:00:00,2023-01-30,07:00:00,30.292,30.0,0.25,0.28,0.27,0.2,-8.96
2023-01-30 07:30:00,2023-01-30,07:30:00,30.312,30.0,0.0,0.0,0.0,0.0,-8.76
2023-01-30 08:00:00,2023-01-30,08:00:00,30.333,30.0,0.0,0.0,0.0,0.0,-8.3
2023-01-30 08:30:00,2023-01-30,08:30:00,30.354,30.0,0.0,0.0,0.0,0.0,-7.63
2023-01-30 09:00:00,2023-01-30,09:00:00,30.375,30.0,0.16,0.29,0.0,0.21,-6.63
2023-01-30 09:30:00,2023-01-30,09:30:00,30.396,30.0,0.0,0.0,0.0,0.0,-5.24
2023-01-30 10:00:00,2023-01-30,10:00:00,30.417,30.0,0.32,0.35,0.35,0.25,-4.65
2023-01-30 10:30:00,2023-01-30,10:30:00,30.438,30.0,0.39,0.43,0.43,0.32,-3.9
2023-01-30 11:00:00,2023-01-30,11:00:00,30.458,30.0,0.36,0.39,0.39,0.29,-3.73
2023-01-30 11:30:00,2023-01-30,11:30:00,30.479,30.0,0.0,0.0,0.0,0.0,-0.73
2023-01-30 12:00:00,2023-01-30,12:00:00,30.5,30.0,0.0,0.0,0.0,0.0,-0.05
2023-01-30 12:30:00,2023-01-30,12:30:00,30.521,30.0,0.0,0.0,0.0,0.0,-1.45
2023-01-30 13:00:00,2023-01-30,13:00:00,30.542,30.0,0.0,0.0,0.0,0.0,-2.68
2023-01-30 13:30:00,2023-01-30,13:30:00,30.562,30.0,0.0,0.0,0.0,0.0,-3.79
2023-01-30 14:00:00,2023-01-30,14:00:00,30.583,30.0,0.41,0.45,0.45,0.33,-4.59
2023-01-30 14:30:00,2023-01-30,14:30:00,30.604,30.0,0.0,0.0,0.0,0.0,-5.06
2023-01-30 15:00:00,2023-01-30,15:00:00,30.625,30.0,0.0,0.0,0.0,0.0,-4.87
2023-01-30 15:30:00,2023-01-30,15:30:00,30.646,30.0,0.0,0.0,0.0,0.0,-5.74
2023-01-30 16:00:00,2023-01-30,16:00:00,30.667,30.0,0.41,0.46,0.45,0.33,-6.6
2023-01-30 16:30:00,2023-01-30,16:30:00,30.688,30.0,0.96,1.06,1.05,0.78,-7.16
2023-01-30 17:00:00,2023-01-30,17:00:00,30.708,30.0,0.56,0.63,0.61,0.46,-7.76
2023-01-30 17:30:00,2023-01-30,17:30:00,30.729,30.0,0.32,0.36,0.34,0.26,-8.23
2023-01-30 18:00:00,2023-01-30,18:00:00,30.75,30.0,0.44,0.49,0.49,0.36,-8.35
2023-01-30 18:30:00,2023-01-30,18:30:00,30.771,30.0,0.31,0.34,0.34,0.25,-8.21
2023-01-30 19:00:00,2023-01-30,19:00:00,30.792,30.0,0.28,0.31,0.31,0.23,-8.31
2023-01-30 19:30:00,2023-01-30,19:30:00,30.812,30.0,0.0,0.0,0.0,0.0,-8.45
2023-01-30 20:00:00,2023-01-30,20:00:00,30.833,30.0,0.0,0.0,0.0,0.0,-8.5
2023-01-30 20:30:00,2023-01-30,20:30:00,30.854,30.0,0.0,0.0,0.0,0.0,-8.55
2023-01-30 21:00:00,2023-01-30,21:00:00,30.875,30.0,0.0,0.0,0.0,0.0,-8.55
2023-01-30 21:30:00,2023-01-30,21:30:00,30.896,30.0,0.28,0.31,0.3,0.23,-8.82
2023-01-30 22:00:00,2023-01-30,22:00:00,30.917,30.0,0.0,0.0,0.0,0.0,-9.13
2023-01-30 22:30:00,2023-01-30,22:30:00,30.938,30.0,0.45,0.5,0.48,0.36,-9.11
2023-01-30 23:00:00,2023-01-30,23:00:00,30.958,30.0,0.0,0.0,0.0,0.0,-9.2
2023-01-30 23:30:00,2023-01-30,23:30:00,30.979,30.0,0.44,0.48,0.48,0.36,-9.41
2023-01-31 00:00:00,2023-01-31,00:00:00,31.0,31.0,0.47,0.52,0.5,0.38,-9.67
2023-01-31 00:30:00,2023-01-31,00:30:00,31.021,31.0,0.0,0.0,0.0,0.0,-11.96
2023-01-31 01:00:00,2023-01-31,01:00:00,31.042,31.0,0.0,0.0,0.0,0.0,-12.79
2023-01-31 01:30:00,2023-01-31,01:30:00,31.062,31.0,0.0,0.0,0.0,0.0,-12.99
2023-01-31 02:00:00,2023-01-31,02:00:00,31.083,31.0,0.0,0.0,0.0,0.0,-13.2
2023-01-31 02:30:00,2023-01-31,02:30:00,31.104,31.0,0.0,0.0,0.0,0.0,-13.43
2023-01-31 03:00:00,2023-01-31,03:00:00,31.125,31.0,0.0,0.0,0.0,0.0,-13.29
2023-01-31 03:30:00,2023-01-31,03:30:00,31.146,31.0,0.0,0.0,0.0,0.0,-13.17
2023-01-31 04:00:00,2023-01-31,04:00:00,31.167,31.0,0.0,0.0,0.0,0.0,-13.56
2023-01-31 04:30:00,2023-01-31,04:30:00,31.188,31.0,0.0,0.0,0.0,0.0,-15.71
2023-01-31 05:00:00,2023-01-31,05:00:00,31.208,31.0,0.0,0.0,0.0,0.0,-16.13
2023-01-31 05:30:00,2023-01-31,05:30:00,31.229,31.0,0.0,0.0,0.0,0.0,-17.02
2023-01-31 06:00:00,2023-01-31,06:00:00,31.25,31.0,0.0,0.0,0.0,0.0,-18.75
2023-01-31 06:30:00,2023-01-31,06:30:00,31.271,31.0,0.0,0.0,0.0,0.0,-19.98
2023-01-31 07:00:00,2023-01-31,07:00:00,31.292,31.0,0.0,0.0,0.0,0.0,-21.29
2023-01-31 07:30:00,2023-01-31,07:30:00,31.312,31.0,0.0,0.0,0.0,0.0,-22.04
2023-01-31 08:00:00,2023-01-31,08:00:00,31.333,31.0,0.0,0.0,0.0,0.0,-21.49
2023-01-31 08:30:00,2023-01-31,08:30:00,31.354,31.0,0.0,0.0,0.0,0.0,-19.08
2023-01-31 09:00:00,2023-01-31,09:00:00,31.375,31.0,0.0,0.0,0.0,0.0,-15.05
2023-01-31 09:30:00,2023-01-31,09:30:00,31.396,31.0,0.0,0.0,0.0,0.0,-11.5
2023-01-31 10:00:00,2023-01-31,10:00:00,31.417,31.0,0.0,0.0,0.0,0.0,-7.98
2023-01-31 10:30:00,2023-01-31,10:30:00,31.438,31.0,0.0,0.0,0.0,0.0,-5.74
2023-01-31 11:00:00,2023-01-31,11:00:00,31.458,31.0,0.0,0.0,0.0,0.0,-3.33
2023-01-31 11:30:00,2023-01-31,11:30:00,31.479,31.0,0.0,0.0,0.0,0.0,-1.16
2023-01-31 12:00:00,2023-01-31,12:00:00,31.5,31.0,0.0,0.0,0.0,0.0,-0.32
2023-01-31 12:30:00,2023-01-31,12:30:00,31.521,31.0,0.0,0.0,0.0,0.0,-0.07
2023-01-31 13:00:00,2023-01-31,13:00:00,31.542,31.0,0.0,0.0,0.0,0.0,0.31
2023-01-31 13:30:00,2023-01-31,13:30:00,31.562,31.0,0.0,0.0,0.0,0.0,0.31
2023-01-31 14:00:00,2023-01-31,14:00:00,31.583,31.0,0.0,0.0,0.0,0.0,-0.1
2023-01-31 14:30:00,2023-01-31,14:30:00,31.604,31.0,0.0,0.0,0.0,0.0,-0.78
2023-01-31 15:00:00,2023-01-31,15:00:00,31.625,31.0,0.0,0.0,0.0,0.0,-2.4
2023-01-31 15:30:00,2023-01-31,15:30:00,31.646,31.0,0.0,0.0,0.0,0.0,-10.01
2023-01-31 16:00:00,2023-01-31,16:00:00,31.667,31.0,0.0,0.0,0.0,0.0,-14.63
2023-01-31 16:30:00,2023-01-31,16:30:00,31.688,31.0,0.0,0.0,0.0,0.0,-16.91
2023-01-31 17:00:00,2023-01-31,17:00:00,31.708,31.0,0.0,0.0,0.0,0.0,-18.39
2023-01-31 17:30:00,2023-01-31,17:30:00,31.729,31.0,0.0,0.0,0.0,0.0,-20.04
2023-01-31 18:00:00,2023-01-31,18:00:00,31.75,31.0,0.0,0.0,0.0,0.0,-20.45
2023-01-31 18:30:00,2023-01-31,18:30:00,31.771,31.0,0.0,0.0,0.0,0.0,-21.52
2023-01-31 19:00:00,2023-01-31,19:00:00,31.792,31.0,0.0,0.0,0.0,0.0,-21.79
2023-01-31 19:30:00,2023-01-31,19:30:00,31.812,31.0,0.0,0.0,0.0,0.0,-22.55
2023-01-31 20:00:00,2023-01-31,20:00:00,31.833,31.0,0.0,0.0,0.0,0.0,-23.03
2023-01-31 20:30:00,2023-01-31,20:30:00,31.854,31.0,0.0,0.0,0.0,0.0,-22.95
2023-01-31 21:00:00,2023-01-31,21:00:00,31.875,31.0,0.0,0.0,0.0,0.0,-23.7
2023-01-31 21:30:00,2023-01-31,21:30:00,31.896,31.0,0.0,0.0,0.0,0.0,-24.62
2023-01-31 22:00:00,2023-01-31,22:00:00,31.917,31.0,0.0,0.0,0.0,0.0,-24.82
2023-01-31 22:30:00,2023-01-31,22:30:00,31.938,31.0,0.0,0.0,0.0,0.0,-25.09
2023-01-31 23:00:00,2023-01-31,23:00:00,31.958,31.0,0.0,0.0,0.0,0.0,-25.13
2023-01-31 23:30:00,2023-01-31,23:30:00,31.979,31.0,0.0,0.0,0.0,0.0,-25.09
2023-02-01 00:00:00,2023-02-01,00:00:00,32.0,32.0,0.0,0.0,0.0,0.0,-25.09
2023-02-01 00:30:00,2023-02-01,00:30:00,32.021,32.0,0.0,0.0,0.0,0.0,-25.12
2023-02-01 01:00:00,2023-02-01,01:00:00,32.042,32.0,0.0,0.0,0.0,0.0,-25.54
2023-02-01 01:30:00,2023-02-01,01:30:00,32.062,32.0,0.0,0.0,0.0,0.0,-25.32
2023-02-01 02:00:00,2023-02-01,02:00:00,32.083,32.0,0.0,0.0,0.0,0.0,-25.61
2023-02-01 02:30:00,2023-02-01,02:30:00,32.104,32.0,0.0,0.0,0.0,0.0,-25.53
2023-02-01 03:00:00,2023-02-01,03:00:00,32.125,32.0,0.0,0.0,0.0,0.0,-25.84
2023-02-01 03:30:00,2023-02-01,03:30:00,32.146,32.0,0.0,0.0,0.0,0.0,-25.99
2023-02-01 04:00:00,2023-02-01,04:00:00,32.167,32.0,0.0,0.0,0.0,0.0,-26.03
2023-02-01 04:30:00,2023-02-01,04:30:00,32.188,32.0,0.0,0.0,0.0,0.0,-26.07
2023-02-01 05:00:00,2023-02-01,05:00:00,32.208,32.0,0.0,0.0,0.0,0.0,-26.08
2023-02-01 05:30:00,2023-02-01,05:30:00,32.229,32.0,0.0,0.0,0.0,0.0,-26.44
2023-02-01 06:00:00,2023-02-01,06:00:00,32.25,32.0,0.0,0.0,0.0,0.0,-26.37
2023-02-01 06:30:00,2023-02-01,06:30:00,32.271,32.0,0.0,0.0,0.0,0.0,-26.46
2023-02-01 07:00:00,2023-02-01,07:00:00,32.292,32.0,0.0,0.0,0.0,0.0,-26.38
2023-02-01 07:30:00,2023-02-01,07:30:00,32.312,32.0,0.0,0.0,0.0,0.0,-25.04
2023-02-01 08:00:00,2023-02-01,08:00:00,32.333,32.0,0.0,0.0,0.0,0.0,-23.55
2023-02-01 08:30:00,2023-02-01,08:30:00,32.354,32.0,0.0,0.0,0.0,0.0,-19.59
2023-02-01 09:00:00,2023-02-01,09:00:00,32.375,32.0,0.0,0.0,0.0,0.0,-15.21
2023-02-01 09:30:00,2023-02-01,09:30:00,32.396,32.0,0.0,0.0,0.0,0.0,-10.83
2023-02-01 10:00:00,2023-02-01,10:00:00,32.417,32.0,0.0,0.0,0.0,0.0,-7.39
2023-02-01 10:30:00,2023-02-01,10:30:00,32.438,32.0,0.0,0.0,0.0,0.0,-3.78
2023-02-01 11:00:00,2023-02-01,11:00:00,32.458,32.0,0.0,0.0,0.0,0.0,-1.45
2023-02-01 11:30:00,2023-02-01,11:30:00,32.479,32.0,0.0,0.0,0.0,0.0,-0.24
2023-02-01 12:00:00,2023-02-01,12:00:00,32.5,32.0,0.0,0.0,0.0,0.0,0.6
2023-02-01 12:30:00,2023-02-01,12:30:00,32.521,32.0,0.0,0.0,0.0,0.0,0.01
2023-02-01 13:00:00,2023-02-01,13:00:00,32.542,32.0,0.0,0.0,0.0,0.0,0.6
2023-02-01 13:30:00,2023-02-01,13:30:00,32.562,32.0,0.0,0.0,0.0,0.0,-0.47
2023-02-01 14:00:00,2023-02-01,14:00:00,32.583,32.0,0.0,0.0,0.0,0.0,-0.81
2023-02-01 14:30:00,2023-02-01,14:30:00,32.604,32.0,0.0,0.0,0.0,0.0,-2.65
2023-02-01 15:00:00,2023-02-01,15:00:00,32.625,32.0,0.0,0.0,0.0,0.0,-4.54
2023-02-01 15:30:00,2023-02-01,15:30:00,32.646,32.0,0.0,0.0,0.0,0.0,-11.72
2023-02-01 16:00:00,2023-02-01,16:00:00,32.667,32.0,0.0,0.0,0.0,0.0,-15.18
2023-02-01 16:30:00,2023-02-01,16:30:00,32.688,32.0,0.0,0.0,0.0,0.0,-16.55
2023-02-01 17:00:00,2023-02-01,17:00:00,32.708,32.0,0.0,0.0,0.0,0.0,-17.51
2023-02-01 17:30:00,2023-02-01,17:30:00,32.729,32.0,0.0,0.0,0.0,0.0,-17.44
2023-02-01 18:00:00,2023-02-01,18:00:00,32.75,32.0,0.0,0.0,0.0,0.0,-16.31
2023-02-01 18:30:00,2023-02-01,18:30:00,32.771,32.0,0.0,0.0,0.0,0.0,-17.22
2023-02-01 19:00:00,2023-02-01,19:00:00,32.792,32.0,0.0,0.0,0.0,0.0,-14.3
2023-02-01 19:30:00,2023-02-01,19:30:00,32.812,32.0,0.0,0.0,0.0,0.0,-13.88
2023-02-01 20:00:00,2023-02-01,20:00:00,32.833,32.0,0.0,0.0,0.0,0.0,-17.76
2023-02-01 20:30:00,2023-02-01,20:30:00,32.854,32.0,0.0,0.0,0.0,0.0,-18.47
2023-02-01 21:00:00,2023-02-01,21:00:00,32.875,32.0,0.0,0.0,0.0,0.0,-18.95
2023-02-01 21:30:00,2023-02-01,21:30:00,32.896,32.0,0.0,0.0,0.0,0.0,-19.87
2023-02-01 22:00:00,2023-02-01,22:00:00,32.917,32.0,0.0,0.0,0.0,0.0,-19.54
2023-02-01 22:30:00,2023-02-01,22:30:00,32.938,32.0,0.0,0.0,0.0,0.0,-20.87
2023-02-01 23:00:00,2023-02-01,23:00:00,32.958,32.0,0.0,0.0,0.0,0.0,-21.29
2023-02-01 23:30:00,2023-02-01,23:30:00,32.979,32.0,0.0,0.0,0.0,0.0,-21.53
2023-02-02 00:00:00,2023-02-02,00:00:00,33.0,33.0,0.0,0.0,0.0,0.0,-21.58
2023-02-02 00:30:00,2023-02-02,00:30:00,33.021,33.0,0.0,0.0,0.0,0.0,-21.72
2023-02-02 01:00:00,2023-02-02,01:00:00,33.042,33.0,0.0,0.0,0.0,0.0,-21.38
2023-02-02 01:30:00,2023-02-02,01:30:00,33.062,33.0,0.0,0.0,0.0,0.0,-21.46
2023-02-02 02:00:00,2023-02-02,02:00:00,33.083,33.0,0.0,0.0,0.0,0.0,-21.61
2023-02-02 02:30:00,2023-02-02,02:30:00,33.104,33.0,0.0,0.0,0.0,0.0,-21.35
2023-02-02 03:00:00,2023-02-02,03:00:00,33.125,33.0,0.0,0.0,0.0,0.0,-21.01
2023-02-02 03:30:00,2023-02-02,03:30:00,33.146,33.0,0.0,0.0,0.0,0.0,-21.29
2023-02-02 04:00:00,2023-02-02,04:00:00,33.167,33.0,0.0,0.0,0.0,0.0,-21.23
2023-02-02 04:30:00,2023-02-02,04:30:00,33.188,33.0,0.0,0.0,0.0,0.0,-21.04
2023-02-02 05:00:00,2023-02-02,05:00:00,33.208,33.0,0.0,0.0,0.0,0.0,-21.15
2023-02-02 05:30:00,2023-02-02,05:30:00,33.229,33.0,0.0,0.0,0.0,0.0,-21.29
2023-02-02 06:00:00,2023-02-02,06:00:00,33.25,33.0,0.0,0.0,0.0,0.0,-21.6
2023-02-02 06:30:00,2023-02-02,06:30:00,33.271,33.0,0.0,0.0,0.0,0.0,-22.3
2023-02-02 07:00:00,2023-02-02,07:00:00,33.292,33.0,0.0,0.0,0.0,0.0,-22.06
2023-02-02 07:30:00,2023-02-02,07:30:00,33.312,33.0,0.0,0.0,0.0,0.0,-21.05
2023-02-02 08:00:00,2023-02-02,08:00:00,33.333,33.0,0.0,0.0,0.0,0.0,-19.98
2023-02-02 08:30:00,2023-02-02,08:30:00,33.354,33.0,0.0,0.0,0.0,0.0,-15.75
2023-02-02 09:00:00,2023-02-02,09:00:00,33.375,33.0,0.0,0.0,0.0,0.0,-12.06
2023-02-02 09:30:00,2023-02-02,09:30:00,33.396,33.0,0.0,0.0,0.0,0.0,-8.44
2023-02-02 10:00:00,2023-02-02,10:00:00,33.417,33.0,0.0,0.0,0.0,0.0,-5.39
2023-02-02 10:30:00,2023-02-02,10:30:00,33.438,33.0,0.0,0.0,0.0,0.0,-2.96
2023-02-02 11:00:00,2023-02-02,11:00:00,33.458,33.0,0.0,0.0,0.0,0.0,-0.69
2023-02-02 11:30:00,2023-02-02,11:30:00,33.479,33.0,0.0,0.0,0.0,0.0,1.76
2023-02-02 12:00:00,2023-02-02,12:00:00,33.5,33.0,0.0,0.0,0.0,0.0,2.48
2023-02-02 12:30:00,2023-02-02,12:30:00,33.521,33.0,0.0,0.0,0.0,0.0,3.83
2023-02-02 13:00:00,2023-02-02,13:00:00,33.542,33.0,0.0,0.0,0.0,0.0,4.02
2023-02-02 13:30:00,2023-02-02,13:30:00,33.562,33.0,0.0,0.0,0.0,0.0,3.7
2023-02-02 14:00:00,2023-02-02,14:00:00,33.583,33.0,0.0,0.0,0.0,0.0,2.4
2023-02-02 14:30:00,2023-02-02,14:30:00,33.604,33.0,0.0,0.0,0.0,0.0,1.42
2023-02-02 15:00:00,2023-02-02,15:00:00,33.625,33.0,0.0,0.0,0.0,0.0,-0.71
2023-02-02 15:30:00,2023-02-02,15:30:00,33.646,33.0,0.0,0.0,0.0,0.0,-7.26
2023-02-02 16:00:00,2023-02-02,16:00:00,33.667,33.0,0.0,0.0,0.0,0.0,-11.84
2023-02-02 16:30:00,2023-02-02,16:30:00,33.688,33.0,0.0,0.0,0.0,0.0,-13.43
2023-02-02 17:00:00,2023-02-02,17:00:00,33.708,33.0,0.0,0.0,0.0,0.0,-11.91
2023-02-02 17:30:00,2023-02-02,17:30:00,33.729,33.0,0.0,0.0,0.0,0.0,-14.66
2023-02-02 18:00:00,2023-02-02,18:00:00,33.75,33.0,0.0,0.0,0.0,0.0,-15.88
2023-02-02 18:30:00,2023-02-02,18:30:00,33.771,33.0,0.0,0.0,0.0,0.0,-16.09
2023-02-02 19:00:00,2023-02-02,19:00:00,33.792,33.0,0.0,0.0,0.0,0.0,-16.69
2023-02-02 19:30:00,2023-02-02,19:30:00,33.812,33.0,0.0,0.0,0.0,0.0,-17.91
2023-02-02 20:00:00,2023-02-02,20:00:00,33.833,33.0,0.0,0.0,0.0,0.0,-18.31
2023-02-02 20:30:00,2023-02-02,20:30:00,33.854,33.0,0.0,0.0,0.0,0.0,-18.75
2023-02-02 21:00:00,2023-02-02,21:00:00,33.875,33.0,0.0,0.0,0.0,0.0,-19.96
2023-02-02 21:30:00,2023-02-02,21:30:00,33.896,33.0,0.0,0.0,0.0,0.0,-20.36
2023-02-02 22:00:00,2023-02-02,22:00:00,33.917,33.0,0.0,0.0,0.0,0.0,-21.33
2023-02-02 22:30:00,2023-02-02,22:30:00,33.938,33.0,0.0,0.0,0.0,0.0,-21.21
2023-02-02 23:00:00,2023-02-02,23:00:00,33.958,33.0,0.0,0.0,0.0,0.0,-21.52
2023-02-02 23:30:00,2023-02-02,23:30:00,33.979,33.0,0.0,0.0,0.0,0.0,-22.27
2023-02-03 00:00:00,2023-02-03,00:00:00,34.0,34.0,0.0,0.0,0.0,0.0,-22.28
2023-02-03 00:30:00,2023-02-03,00:30:00,34.021,34.0,0.0,0.0,0.0,0.0,-22.13
2023-02-03 01:00:00,2023-02-03,01:00:00,34.042,34.0,0.0,0.0,0.0,0.0,-22.06
2023-02-03 01:30:00,2023-02-03,01:30:00,34.062,34.0,0.0,0.0,0.0,0.0,-22.24
2023-02-03 02:00:00,2023-02-03,02:00:00,34.083,34.0,0.0,0.0,0.0,0.0,-22.61
2023-02-03 02:30:00,2023-02-03,02:30:00,34.104,34.0,0.0,0.0,0.0,0.0,-22.88
2023-02-03 03:00:00,2023-02-03,03:00:00,34.125,34.0,0.0,0.0,0.0,0.0,-23.39
2023-02-03 03:30:00,2023-02-03,03:30:00,34.146,34.0,0.0,0.0,0.0,0.0,-23.11
2023-02-03 04:00:00,2023-02-03,04:00:00,34.167,34.0,0.0,0.0,0.0,0.0,-23.91
2023-02-03 04:30:00,2023-02-03,04:30:00,34.188,34.0,0.0,0.0,0.0,0.0,-23.57
2023-02-03 05:00:00,2023-02-03,05:00:00,34.208,34.0,0.0,0.0,0.0,0.0,-23.31
2023-02-03 05:30:00,2023-02-03,05:30:00,34.229,34.0,0.0,0.0,0.0,0.0,-23.46
2023-02-03 06:00:00,2023-02-03,06:00:00,34.25,34.0,0.0,0.0,0.0,0.0,-24.23
2023-02-03 06:30:00,2023-02-03,06:30:00,34.271,34.0,0.0,0.0,0.0,0.0,-23.58
2023-02-03 07:00:00,2023-02-03,07:00:00,34.292,34.0,0.0,0.0,0.0,0.0,-23.46
2023-02-03 07:30:00,2023-02-03,07:30:00,34.312,34.0,0.0,0.0,0.0,0.0,-22.23
2023-02-03 08:00:00,2023-02-03,08:00:00,34.333,34.0,0.0,0.0,0.0,0.0,-20.77
2023-02-03 08:30:00,2023-02-03,08:30:00,34.354,34.0,0.0,0.0,0.0,0.0,-15.75
2023-02-03 09:00:00,2023-02-03,09:00:00,34.375,34.0,0.0,0.0,0.0,0.0,-11.68
2023-02-03 09:30:00,2023-02-03,09:30:00,34.396,34.0,0.0,0.0,0.0,0.0,-8.3
2023-02-03 10:00:00,2023-02-03,10:00:00,34.417,34.0,0.0,0.0,0.0,0.0,-5.38
2023-02-03 10:30:00,2023-02-03,10:30:00,34.438,34.0,0.0,0.0,0.0,0.0,-3.6
2023-02-03 11:00:00,2023-02-03,11:00:00,34.458,34.0,0.0,0.0,0.0,0.0,0.06
2023-02-03 11:30:00,2023-02-03,11:30:00,34.479,34.0,0.0,0.0,0.0,0.0,2.98
2023-02-03 12:00:00,2023-02-03,12:00:00,34.5,34.0,0.0,0.0,0.0,0.0,3.67
2023-02-03 12:30:00,2023-02-03,12:30:00,34.521,34.0,0.0,0.0,0.0,0.0,4.49
2023-02-03 13:00:00,2023-02-03,13:00:00,34.542,34.0,0.0,0.0,0.0,0.0,5.14
2023-02-03 13:30:00,2023-02-03,13:30:00,34.562,34.0,0.0,0.0,0.0,0.0,5.61
2023-02-03 14:00:00,2023-02-03,14:00:00,34.583,34.0,0.0,0.0,0.0,0.0,4.1
2023-02-03 14:30:00,2023-02-03,14:30:00,34.604,34.0,0.0,0.0,0.0,0.0,2.86
2023-02-03 15:00:00,2023-02-03,15:00:00,34.625,34.0,0.0,0.0,0.0,0.0,2.16
2023-02-03 15:30:00,2023-02-03,15:30:00,34.646,34.0,0.0,0.0,0.0,0.0,-3.31
2023-02-03 16:00:00,2023-02-03,16:00:00,34.667,34.0,0.0,0.0,0.0,0.0,-8.79
2023-02-03 16:30:00,2023-02-03,16:30:00,34.688,34.0,0.0,0.0,0.0,0.0,-11.17
2023-02-03 17:00:00,2023-02-03,17:00:00,34.708,34.0,0.0,0.0,0.0,0.0,-12.96
2023-02-03 17:30:00,2023-02-03,17:30:00,34.729,34.0,0.0,0.0,0.0,0.0,-13.83
2023-02-03 18:00:00,2023-02-03,18:00:00,34.75,34.0,0.0,0.0,0.0,0.0,-15.37
2023-02-03 18:30:00,2023-02-03,18:30:00,34.771,34.0,0.0,0.0,0.0,0.0,-15.9
2023-02-03 19:00:00,2023-02-03,19:00:00,34.792,34.0,0.0,0.0,0.0,0.0,-15.99
2023-02-03 19:30:00,2023-02-03,19:30:00,34.812,34.0,0.0,0.0,0.0,0.0,-16.49
2023-02-03 20:00:00,2023-02-03,20:00:00,34.833,34.0,0.0,0.0,0.0,0.0,-16.89
2023-02-03 20:30:00,2023-02-03,20:30:00,34.854,34.0,0.0,0.0,0.0,0.0,-17.32
2023-02-03 21:00:00,2023-02-03,21:00:00,34.875,34.0,0.0,0.0,0.0,0.0,-18.06
2023-02-03 21:30:00,2023-02-03,21:30:00,34.896,34.0,0.0,0.0,0.0,0.0,-17.88
2023-02-03 22:00:00,2023-02-03,22:00:00,34.917,34.0,0.0,0.0,0.0,0.0,-18.05
2023-02-03 22:30:00,2023-02-03,22:30:00,34.938,34.0,0.0,0.0,0.0,0.0,-18.21
2023-02-03 23:00:00,2023-02-03,23:00:00,34.958,34.0,0.0,0.0,0.0,0.0,-18.25
2023-02-03 23:30:00,2023-02-03,23:30:00,34.979,34.0,0.0,0.0,0.0,0.0,-18.58
2023-02-04 00:00:00,2023-02-04,00:00:00,35.0,35.0,0.0,0.0,0.0,0.0,-18.58
2023-02-04 00:30:00,2023-02-04,00:30:00,35.021,35.0,0.0,0.0,0.0,0.0,-19.7
2023-02-04 01:00:00,2023-02-04,01:00:00,35.042,35.0,0.0,0.0,0.0,0.0,-19.18
2023-02-04 01:30:00,2023-02-04,01:30:00,35.062,35.0,0.0,0.0,0.0,0.0,-19.48
2023-02-04 02:00:00,2023-02-04,02:00:00,35.083,35.0,0.0,0.0,0.0,0.0,-19.4
2023-02-04 02:30:00,2023-02-04,02:30:00,35.104,35.0,0.0,0.0,0.0,0.0,-19.51
2023-02-04 03:00:00,2023-02-04,03:00:00,35.125,35.0,0.0,0.0,0.0,0.0,-19.52
2023-02-04 03:30:00,2023-02-04,03:30:00,35.146,35.0,0.0,0.0,0.0,0.0,-19.14
2023-02-04 04:00:00,2023-02-04,04:00:00,35.167,35.0,0.0,0.0,0.0,0.0,-19.73
2023-02-04 04:30:00,2023-02-04,04:30:00,35.188,35.0,0.0,0.0,0.0,0.0,-19.04
2023-02-04 05:00:00,2023-02-04,05:00:00,35.208,35.0,0.0,0.0,0.0,0.0,-18.13
2023-02-04 05:30:00,2023-02-04,05:30:00,35.229,35.0,0.0,0.0,0.0,0.0,-18.11
2023-02-04 06:00:00,2023-02-04,06:00:00,35.25,35.0,0.0,0.0,0.0,0.0,-17.99
2023-02-04 06:30:00,2023-02-04,06:30:00,35.271,35.0,0.0,0.0,0.0,0.0,-18.91
2023-02-04 07:00:00,2023-02-04,07:00:00,35.292,35.0,0.0,0.0,0.0,0.0,-18.74
2023-02-04 07:30:00,2023-02-04,07:30:00,35.312,35.0,0.0,0.0,0.0,0.0,-17.32
2023-02-04 08:00:00,2023-02-04,08:00:00,35.333,35.0,0.0,0.0,0.0,0.0,-14.75
2023-02-04 08:30:00,2023-02-04,08:30:00,35.354,35.0,0.0,0.0,0.0,0.0,-11.14
2023-02-04 09:00:00,2023-02-04,09:00:00,35.375,35.0,0.0,0.0,0.0,0.0,-8.2
2023-02-04 09:30:00,2023-02-04,09:30:00,35.396,35.0,0.0,0.0,0.0,0.0,-5.69
2023-02-04 10:00:00,2023-02-04,10:00:00,35.417,35.0,0.0,0.0,0.0,0.0,-4.82
2023-02-04 10:30:00,2023-02-04,10:30:00,35.438,35.0,0.0,0.0,0.0,0.0,-3.02
2023-02-04 11:00:00,2023-02-04,11:00:00,35.458,35.0,0.0,0.0,0.0,0.0,-0.6
2023-02-04 11:30:00,2023-02-04,11:30:00,35.479,35.0,0.0,0.0,0.0,0.0,2.28
2023-02-04 12:00:00,2023-02-04,12:00:00,35.5,35.0,0.0,0.0,0.0,0.0,4.48
2023-02-04 12:30:00,2023-02-04,12:30:00,35.521,35.0,0.0,0.0,0.0,0.0,5.22
2023-02-04 13:00:00,2023-02-04,13:00:00,35.542,35.0,0.0,0.0,0.0,0.0,4.2
2023-02-04 13:30:00,2023-02-04,13:30:00,35.562,35.0,0.0,0.0,0.0,0.0,3.83
2023-02-04 14:00:00,2023-02-04,14:00:00,35.583,35.0,0.0,0.0,0.0,0.0,3.01
2023-02-04 14:30:00,2023-02-04,14:30:00,35.604,35.0,0.0,0.0,0.0,0.0,2.37
2023-02-04 15:00:00,2023-02-04,15:00:00,35.625,35.0,0.0,0.0,0.0,0.0,1.37
2023-02-04 15:30:00,2023-02-04,15:30:00,35.646,35.0,0.0,0.0,0.0,0.0,-2.53
2023-02-04 16:00:00,2023-02-04,16:00:00,35.667,35.0,0.0,0.0,0.0,0.0,-4.38
2023-02-04 16:30:00,2023-02-04,16:30:00,35.688,35.0,0.0,0.0,0.0,0.0,-5.4
2023-02-04 17:00:00,2023-02-04,17:00:00,35.708,35.0,0.0,0.0,0.0,0.0,-7.25
2023-02-04 17:30:00,2023-02-04,17:30:00,35.729,35.0,0.0,0.0,0.0,0.0,-9.15
2023-02-04 18:00:00,2023-02-04,18:00:00,35.75,35.0,0.0,0.0,0.0,0.0,-11.33
2023-02-04 18:30:00,2023-02-04,18:30:00,35.771,35.0,0.0,0.0,0.0,0.0,-12.81
2023-02-04 19:00:00,2023-02-04,19:00:00,35.792,35.0,0.0,0.0,0.0,0.0,-13.25
2023-02-04 19:30:00,2023-02-04,19:30:00,35.812,35.0,0.0,0.0,0.0,0.0,-13.49
2023-02-04 20:00:00,2023-02-04,20:00:00,35.833,35.0,0.0,0.0,0.0,0.0,-14.68
2023-02-04 20:30:00,2023-02-04,20:30:00,35.854,35.0,0.0,0.0,0.0,0.0,-15.7
2023-02-04 21:00:00,2023-02-04,21:00:00,35.875,35.0,0.0,0.0,0.0,0.0,-14.61
2023-02-04 21:30:00,2023-02-04,21:30:00,35.896,35.0,0.0,0.0,0.0,0.0,-14.26
2023-02-04 22:00:00,2023-02-04,22:00:00,35.917,35.0,0.0,0.0,0.0,0.0,-14.05
2023-02-04 22:30:00,2023-02-04,22:30:00,35.938,35.0,0.0,0.0,0.0,0.0,-14.72
2023-02-04 23:00:00,2023-02-04,23:00:00,35.958,35.0,0.0,0.0,0.0,0.0,-14.9
2023-02-04 23:30:00,2023-02-04,23:30:00,35.979,35.0,0.0,0.0,0.0,0.0,-14.07
2023-02-05 00:00:00,2023-02-05,00:00:00,36.0,36.0,0.0,0.0,0.0,0.0,-13.91
2023-02-05 00:30:00,2023-02-05,00:30:00,36.021,36.0,0.0,0.0,0.0,0.0,-14.1
2023-02-05 01:00:00,2023-02-05,01:00:00,36.042,36.0,0.0,0.0,0.0,0.0,-15.41
2023-02-05 01:30:00,2023-02-05,01:30:00,36.062,36.0,0.0,0.0,0.0,0.0,-15.68
2023-02-05 02:00:00,2023-02-05,02:00:00,36.083,36.0,0.0,0.0,0.0,0.0,-15.59
2023-02-05 02:30:00,2023-02-05,02:30:00,36.104,36.0,0.0,0.0,0.0,0.0,-15.87
2023-02-05 03:00:00,2023-02-05,03:00:00,36.125,36.0,0.0,0.0,0.0,0.0,-15.75
2023-02-05 03:30:00,2023-02-05,03:30:00,36.146,36.0,0.0,0.0,0.0,0.0,-16.05
2023-02-05 04:00:00,2023-02-05,04:00:00,36.167,36.0,0.0,0.0,0.0,0.0,-16.22
2023-02-05 04:30:00,2023-02-05,04:30:00,36.188,36.0,0.0,0.0,0.0,0.0,-17.62
2023-02-05 05:00:00,2023-02-05,05:00:00,36.208,36.0,0.0,0.0,0.0,0.0,-16.3
2023-02-05 05:30:00,2023-02-05,05:30:00,36.229,36.0,0.0,0.0,0.0,0.0,-16.69
2023-02-05 06:00:00,2023-02-05,06:00:00,36.25,36.0,0.0,0.0,0.0,0.0,-16.85
2023-02-05 06:30:00,2023-02-05,06:30:00,36.271,36.0,0.0,0.0,0.0,0.0,-16.99
2023-02-05 07:00:00,2023-02-05,07:00:00,36.292,36.0,0.0,0.0,0.0,0.0,-17.1
2023-02-05 07:30:00,2023-02-05,07:30:00,36.312,36.0,0.0,0.0,0.0,0.0,-15.47
2023-02-05 08:00:00,2023-02-05,08:00:00,36.333,36.0,0.0,0.0,0.0,0.0,-13.33
2023-02-05 08:30:00,2023-02-05,08:30:00,36.354,36.0,0.0,0.0,0.0,0.0,-10.13
2023-02-05 09:00:00,2023-02-05,09:00:00,36.375,36.0,0.0,0.0,0.0,0.0,-5.24
2023-02-05 09:30:00,2023-02-05,09:30:00,36.396,36.0,0.0,0.0,0.0,0.0,-1.58
2023-02-05 10:00:00,2023-02-05,10:00:00,36.417,36.0,0.0,0.0,0.0,0.0,-1.41
2023-02-05 10:30:00,2023-02-05,10:30:00,36.438,36.0,0.0,0.0,0.0,0.0,3.25
2023-02-05 11:00:00,2023-02-05,11:00:00,36.458,36.0,0.0,0.0,0.0,0.0,7.49
2023-02-05 11:30:00,2023-02-05,11:30:00,36.479,36.0,0.0,0.0,0.0,0.0,8.97
2023-02-05 12:00:00,2023-02-05,12:00:00,36.5,36.0,0.0,0.0,0.0,0.0,7.32
2023-02-05 12:30:00,2023-02-05,12:30:00,36.521,36.0,0.0,0.0,0.0,0.0,9.31
2023-02-05 13:00:00,2023-02-05,13:00:00,36.542,36.0,0.0,0.0,0.0,0.0,11.23
2023-02-05 13:30:00,2023-02-05,13:30:00,36.562,36.0,0.0,0.0,0.0,0.0,9.11
2023-02-05 14:00:00,2023-02-05,14:00:00,36.583,36.0,0.0,0.0,0.0,0.0,7.28
2023-02-05 14:30:00,2023-02-05,14:30:00,36.604,36.0,0.0,0.0,0.0,0.0,7.05
2023-02-05 15:00:00,2023-02-05,15:00:00,36.625,36.0,0.0,0.0,0.0,0.0,5.75
2023-02-05 15:30:00,2023-02-05,15:30:00,36.646,36.0,0.0,0.0,0.0,0.0,1.38
2023-02-05 16:00:00,2023-02-05,16:00:00,36.667,36.0,0.0,0.0,0.0,0.0,-0.86
2023-02-05 16:30:00,2023-02-05,16:30:00,36.688,36.0,0.0,0.0,0.0,0.0,-1.84
2023-02-05 17:00:00,2023-02-05,17:00:00,36.708,36.0,0.0,0.0,0.0,0.0,-2.32
2023-02-05 17:30:00,2023-02-05,17:30:00,36.729,36.0,0.0,0.0,0.0,0.0,-2.76
2023-02-05 18:00:00,2023-02-05,18:00:00,36.75,36.0,0.0,0.0,0.0,0.0,-2.9
2023-02-05 18:30:00,2023-02-05,18:30:00,36.771,36.0,0.0,0.0,0.0,0.0,-3.46
2023-02-05 19:00:00,2023-02-05,19:00:00,36.792,36.0,0.0,0.0,0.0,0.0,-3.93
2023-02-05 19:30:00,2023-02-05,19:30:00,36.812,36.0,0.0,0.0,0.0,0.0,-4.28
2023-02-05 20:00:00,2023-02-05,20:00:00,36.833,36.0,0.0,0.0,0.0,0.0,-4.13
2023-02-05 20:30:00,2023-02-05,20:30:00,36.854,36.0,0.0,0.0,0.0,0.0,-3.15
2023-02-05 21:00:00,2023-02-05,21:00:00,36.875,36.0,0.0,0.0,0.0,0.0,-2.71
2023-02-05 21:30:00,2023-02-05,21:30:00,36.896,36.0,0.0,0.0,0.0,0.0,-3.86
2023-02-05 22:00:00,2023-02-05,22:00:00,36.917,36.0,0.0,0.0,0.0,0.0,-3.91
2023-02-05 22:30:00,2023-02-05,22:30:00,36.938,36.0,0.0,0.0,0.0,0.0,-2.65
2023-02-05 23:00:00,2023-02-05,23:00:00,36.958,36.0,0.0,0.0,0.0,0.0,-2.81
2023-02-05 23:30:00,2023-02-05,23:30:00,36.979,36.0,0.54,0.54,0.54,0.55,-4.61
2023-02-06 00:00:00,2023-02-06,00:00:00,37.0,37.0,0.65,0.65,0.64,0.65,-4.71
2023-02-06 00:30:00,2023-02-06,00:30:00,37.021,37.0,0.53,0.6,0.59,0.4,-5.22
2023-02-06 01:00:00,2023-02-06,01:00:00,37.042,37.0,0.0,0.0,0.0,0.0,-5.26
2023-02-06 01:30:00,2023-02-06,01:30:00,37.062,37.0,0.0,0.0,0.0,0.0,-5.45
2023-02-06 02:00:00,2023-02-06,02:00:00,37.083,37.0,0.0,0.0,0.0,0.0,-5.82
2023-02-06 02:30:00,2023-02-06,02:30:00,37.104,37.0,0.0,0.0,0.0,0.0,-6.44
2023-02-06 03:00:00,2023-02-06,03:00:00,37.125,37.0,2.04,2.3,2.27,1.56,-6.51
2023-02-06 03:30:00,2023-02-06,03:30:00,37.146,37.0,0.67,0.75,0.75,0.51,-7.07
2023-02-06 04:00:00,2023-02-06,04:00:00,37.167,37.0,0.0,0.0,0.0,0.0,-7.37
2023-02-06 04:30:00,2023-02-06,04:30:00,37.188,37.0,0.0,0.0,0.0,0.0,-7.71
2023-02-06 05:00:00,2023-02-06,05:00:00,37.208,37.0,0.0,0.0,0.0,0.0,-8.16
2023-02-06 05:30:00,2023-02-06,05:30:00,37.229,37.0,0.0,0.0,0.0,0.0,-8.59
2023-02-06 06:00:00,2023-02-06,06:00:00,37.25,37.0,0.0,0.0,0.0,0.0,-9.04
2023-02-06 06:30:00,2023-02-06,06:30:00,37.271,37.0,0.0,0.0,0.0,0.0,-10.18
2023-02-06 07:00:00,2023-02-06,07:00:00,37.292,37.0,0.0,0.0,0.0,0.0,-9.87
2023-02-06 07:30:00,2023-02-06,07:30:00,37.312,37.0,0.0,0.0,0.0,0.0,-10.06
2023-02-06 08:00:00,2023-02-06,08:00:00,37.333,37.0,0.0,0.0,0.0,0.0,-9.25
2023-02-06 08:30:00,2023-02-06,08:30:00,37.354,37.0,0.0,0.0,0.0,0.0,-7.78
2023-02-06 09:00:00,2023-02-06,09:00:00,37.375,37.0,0.0,0.0,0.0,0.0,-7.45
2023-02-06 09:30:00,2023-02-06,09:30:00,37.396,37.0,0.0,0.0,0.0,0.0,-5.91
2023-02-06 10:00:00,2023-02-06,10:00:00,37.417,37.0,0.0,0.0,0.0,0.0,-3.73
2023-02-06 10:30:00,2023-02-06,10:30:00,37.438,37.0,0.0,0.0,0.0,0.0,-2.55
2023-02-06 11:00:00,2023-02-06,11:00:00,37.458,37.0,0.0,0.0,0.0,0.0,-1.54
2023-02-06 11:30:00,2023-02-06,11:30:00,37.479,37.0,0.0,0.0,0.0,0.0,-0.17
2023-02-06 12:00:00,2023-02-06,12:00:00,37.5,37.0,0.0,0.0,0.0,0.0,0.61
2023-02-06 12:30:00,2023-02-06,12:30:00,37.521,37.0,0.0,0.0,0.0,0.0,-1.51
2023-02-06 13:00:00,2023-02-06,13:00:00,37.542,37.0,0.0,0.0,0.0,0.0,-0.64
2023-02-06 13:30:00,2023-02-06,13:30:00,37.562,37.0,0.0,0.0,0.0,0.0,-1.77
2023-02-06 14:00:00,2023-02-06,14:00:00,37.583,37.0,0.0,0.0,0.0,0.0,-1.33
2023-02-06 14:30:00,2023-02-06,14:30:00,37.604,37.0,0.0,0.0,0.0,0.0,-2.51
2023-02-06 15:00:00,2023-02-06,15:00:00,37.625,37.0,0.0,0.0,0.0,0.0,-4.63
2023-02-06 15:30:00,2023-02-06,15:30:00,37.646,37.0,0.0,0.0,0.0,0.0,-8.03
2023-02-06 16:00:00,2023-02-06,16:00:00,37.667,37.0,0.0,0.0,0.0,0.0,-10.42
2023-02-06 16:30:00,2023-02-06,16:30:00,37.688,37.0,0.0,0.0,0.0,0.0,-12.69
2023-02-06 17:00:00,2023-02-06,17:00:00,37.708,37.0,0.0,0.0,0.0,0.0,-13.07
2023-02-06 17:30:00,2023-02-06,17:30:00,37.729,37.0,0.0,0.0,0.0,0.0,-14.0
2023-02-06 18:00:00,2023-02-06,18:00:00,37.75,37.0,0.0,0.0,0.0,0.0,-14.48
2023-02-06 18:30:00,2023-02-06,18:30:00,37.771,37.0,0.0,0.0,0.0,0.0,-14.73
2023-02-06 19:00:00,2023-02-06,19:00:00,37.792,37.0,0.0,0.0,0.0,0.0,-15.95
2023-02-06 19:30:00,2023-02-06,19:30:00,37.812,37.0,0.0,0.0,0.0,0.0,-15.35
2023-02-06 20:00:00,2023-02-06,20:00:00,37.833,37.0,0.0,0.0,0.0,0.0,-15.62
2023-02-06 20:30:00,2023-02-06,20:30:00,37.854,37.0,0.0,0.0,0.0,0.0,-16.36
2023-02-06 21:00:00,2023-02-06,21:00:00,37.875,37.0,0.0,0.0,0.0,0.0,-16.72
2023-02-06 21:30:00,2023-02-06,21:30:00,37.896,37.0,0.0,0.0,0.0,0.0,-17.27
2023-02-06 22:00:00,2023-02-06,22:00:00,37.917,37.0,0.0,0.0,0.0,0.0,-17.65
2023-02-06 22:30:00,2023-02-06,22:30:00,37.938,37.0,0.0,0.0,0.0,0.0,-19.21
2023-02-06 23:00:00,2023-02-06,23:00:00,37.958,37.0,0.0,0.0,0.0,0.0,-19.84
2023-02-06 23:30:00,2023-02-06,23:30:00,37.979,37.0,0.0,0.0,0.0,0.0,-21.12
2023-02-07 00:00:00,2023-02-07,00:00:00,38.0,38.0,0.0,0.0,0.0,0.0,-21.08
2023-02-07 00:30:00,2023-02-07,00:30:00,38.021,38.0,0.0,0.0,0.0,0.0,-20.8
2023-02-07 01:00:00,2023-02-07,01:00:00,38.042,38.0,0.0,0.0,0.0,0.0,-20.92
2023-02-07 01:30:00,2023-02-07,01:30:00,38.062,38.0,0.0,0.0,0.0,0.0,-21.04
2023-02-07 02:00:00,2023-02-07,02:00:00,38.083,38.0,0.0,0.0,0.0,0.0,-21.77
2023-02-07 02:30:00,2023-02-07,02:30:00,38.104,38.0,0.0,0.0,0.0,0.0,-15.26
2023-02-07 03:00:00,2023-02-07,03:00:00,38.125,38.0,0.0,0.0,0.0,0.0,-17.5
2023-02-07 03:30:00,2023-02-07,03:30:00,38.146,38.0,0.0,0.0,0.0,0.0,-20.24
2023-02-07 04:00:00,2023-02-07,04:00:00,38.167,38.0,0.0,0.0,0.0,0.0,-21.4
2023-02-07 04:30:00,2023-02-07,04:30:00,38.188,38.0,0.0,0.0,0.0,0.0,-22.2
2023-02-07 05:00:00,2023-02-07,05:00:00,38.208,38.0,0.0,0.0,0.0,0.0,-23.44
2023-02-07 05:30:00,2023-02-07,05:30:00,38.229,38.0,0.0,0.0,0.0,0.0,-23.96
2023-02-07 06:00:00,2023-02-07,06:00:00,38.25,38.0,0.0,0.0,0.0,0.0,-24.21
2023-02-07 06:30:00,2023-02-07,06:30:00,38.271,38.0,0.0,0.0,0.0,0.0,-24.29
2023-02-07 07:00:00,2023-02-07,07:00:00,38.292,38.0,0.0,0.0,0.0,0.0,-24.97
2023-02-07 07:30:00,2023-02-07,07:30:00,38.312,38.0,0.0,0.0,0.0,0.0,-23.46
2023-02-07 08:00:00,2023-02-07,08:00:00,38.333,38.0,0.0,0.0,0.0,0.0,-20.8
2023-02-07 08:30:00,2023-02-07,08:30:00,38.354,38.0,0.0,0.0,0.0,0.0,-16.24
2023-02-07 09:00:00,2023-02-07,09:00:00,38.375,38.0,0.0,0.0,0.0,0.0,-12.37
2023-02-07 09:30:00,2023-02-07,09:30:00,38.396,38.0,0.0,0.0,0.0,0.0,-8.57
2023-02-07 10:00:00,2023-02-07,10:00:00,38.417,38.0,0.0,0.0,0.0,0.0,-5.2
2023-02-07 10:30:00,2023-02-07,10:30:00,38.438,38.0,0.0,0.0,0.0,0.0,-1.35
2023-02-07 11:00:00,2023-02-07,11:00:00,38.458,38.0,0.0,0.0,0.0,0.0,1.23
2023-02-07 11:30:00,2023-02-07,11:30:00,38.479,38.0,0.0,0.0,0.0,0.0,2.64
2023-02-07 12:00:00,2023-02-07,12:00:00,38.5,38.0,0.0,0.0,0.0,0.0,3.74
2023-02-07 12:30:00,2023-02-07,12:30:00,38.521,38.0,0.0,0.0,0.0,0.0,3.79
2023-02-07 13:00:00,2023-02-07,13:00:00,38.542,38.0,0.0,0.0,0.0,0.0,3.92
2023-02-07 13:30:00,2023-02-07,13:30:00,38.562,38.0,0.0,0.0,0.0,0.0,2.11
2023-02-07 14:00:00,2023-02-07,14:00:00,38.583,38.0,0.0,0.0,0.0,0.0,-0.49
2023-02-07 14:30:00,2023-02-07,14:30:00,38.604,38.0,0.0,0.0,0.0,0.0,-0.87
2023-02-07 15:00:00,2023-02-07,15:00:00,38.625,38.0,0.0,0.0,0.0,0.0,-2.12
2023-02-07 15:30:00,2023-02-07,15:30:00,38.646,38.0,0.0,0.0,0.0,0.0,-7.48
2023-02-07 16:00:00,2023-02-07,16:00:00,38.667,38.0,0.0,0.0,0.0,0.0,-13.67
2023-02-07 16:30:00,2023-02-07,16:30:00,38.688,38.0,0.0,0.0,0.0,0.0,-15.82
2023-02-07 17:00:00,2023-02-07,17:00:00,38.708,38.0,0.0,0.0,0.0,0.0,-17.04
2023-02-07 17:30:00,2023-02-07,17:30:00,38.729,38.0,0.0,0.0,0.0,0.0,-17.6
2023-02-07 18:00:00,2023-02-07,18:00:00,38.75,38.0,0.0,0.0,0.0,0.0,-18.11
2023-02-07 18:30:00,2023-02-07,18:30:00,38.771,38.0,0.0,0.0,0.0,0.0,-18.24
2023-02-07 19:00:00,2023-02-07,19:00:00,38.792,38.0,0.0,0.0,0.0,0.0,-18.72
2023-02-07 19:30:00,2023-02-07,19:30:00,38.812,38.0,0.0,0.0,0.0,0.0,-19.09
2023-02-07 20:00:00,2023-02-07,20:00:00,38.833,38.0,0.0,0.0,0.0,0.0,-19.62
2023-02-07 20:30:00,2023-02-07,20:30:00,38.854,38.0,0.0,0.0,0.0,0.0,-20.34
2023-02-07 21:00:00,2023-02-07,21:00:00,38.875,38.0,0.0,0.0,0.0,0.0,-21.17
2023-02-07 21:30:00,2023-02-07,21:30:00,38.896,38.0,0.0,0.0,0.0,0.0,-21.61
2023-02-07 22:00:00,2023-02-07,22:00:00,38.917,38.0,0.0,0.0,0.0,0.0,-21.48
2023-02-07 22:30:00,2023-02-07,22:30:00,38.938,38.0,0.0,0.0,0.0,0.0,-21.78
2023-02-07 23:00:00,2023-02-07,23:00:00,38.958,38.0,0.0,0.0,0.0,0.0,-22.47
2023-02-07 23:30:00,2023-02-07,23:30:00,38.979,38.0,0.0,0.0,0.0,0.0,-22.41
2023-02-08 00:00:00,2023-02-08,00:00:00,39.0,39.0,0.0,0.0,0.0,0.0,-22.43
2023-02-08 00:30:00,2023-02-08,00:30:00,39.021,39.0,0.0,0.0,0.0,0.0,-23.03
2023-02-08 01:00:00,2023-02-08,01:00:00,39.042,39.0,0.0,0.0,0.0,0.0,-23.26
2023-02-08 01:30:00,2023-02-08,01:30:00,39.062,39.0,0.0,0.0,0.0,0.0,-23.05
2023-02-08 02:00:00,2023-02-08,02:00:00,39.083,39.0,0.0,0.0,0.0,0.0,-23.71
2023-02-08 02:30:00,2023-02-08,02:30:00,39.104,39.0,0.0,0.0,0.0,0.0,-23.24
2023-02-08 03:00:00,2023-02-08,03:00:00,39.125,39.0,0.0,0.0,0.0,0.0,-23.05
2023-02-08 03:30:00,2023-02-08,03:30:00,39.146,39.0,0.0,0.0,0.0,0.0,-22.91
2023-02-08 04:00:00,2023-02-08,04:00:00,39.167,39.0,0.0,0.0,0.0,0.0,-22.29
2023-02-08 04:30:00,2023-02-08,04:30:00,39.188,39.0,0.0,0.0,0.0,0.0,-21.72
2023-02-08 05:00:00,2023-02-08,05:00:00,39.208,39.0,0.0,0.0,0.0,0.0,-20.85
2023-02-08 05:30:00,2023-02-08,05:30:00,39.229,39.0,0.0,0.0,0.0,0.0,-20.21
2023-02-08 06:00:00,2023-02-08,06:00:00,39.25,39.0,0.0,0.0,0.0,0.0,-19.16
2023-02-08 06:30:00,2023-02-08,06:30:00,39.271,39.0,0.0,0.0,0.0,0.0,-18.66
2023-02-08 07:00:00,2023-02-08,07:00:00,39.292,39.0,0.0,0.0,0.0,0.0,-17.73
2023-02-08 07:30:00,2023-02-08,07:30:00,39.312,39.0,0.0,0.0,0.0,0.0,-16.49
2023-02-08 08:00:00,2023-02-08,08:00:00,39.333,39.0,0.0,0.0,0.0,0.0,-14.68
2023-02-08 08:30:00,2023-02-08,08:30:00,39.354,39.0,0.0,0.0,0.0,0.0,-12.3
2023-02-08 09:00:00,2023-02-08,09:00:00,39.375,39.0,0.0,0.0,0.0,0.0,-10.04
2023-02-08 09:30:00,2023-02-08,09:30:00,39.396,39.0,0.0,0.0,0.0,0.0,-8.44
2023-02-08 10:00:00,2023-02-08,10:00:00,39.417,39.0,0.0,0.0,0.0,0.0,-2.82
2023-02-08 10:30:00,2023-02-08,10:30:00,39.438,39.0,0.0,0.0,0.0,0.0,-0.85
2023-02-08 11:00:00,2023-02-08,11:00:00,39.458,39.0,0.0,0.0,0.0,0.0,2.91
2023-02-08 11:30:00,2023-02-08,11:30:00,39.479,39.0,0.0,0.0,0.0,0.0,4.43
2023-02-08 12:00:00,2023-02-08,12:00:00,39.5,39.0,0.0,0.0,0.0,0.0,2.36
2023-02-08 12:30:00,2023-02-08,12:30:00,39.521,39.0,0.0,0.0,0.0,0.0,1.79
2023-02-08 13:00:00,2023-02-08,13:00:00,39.542,39.0,0.0,0.0,0.0,0.0,2.17
2023-02-08 13:30:00,2023-02-08,13:30:00,39.562,39.0,0.0,0.0,0.0,0.0,2.23
2023-02-08 14:00:00,2023-02-08,14:00:00,39.583,39.0,0.0,0.0,0.0,0.0,0.87
2023-02-08 14:30:00,2023-02-08,14:30:00,39.604,39.0,0.0,0.0,0.0,0.0,-0.79
2023-02-08 15:00:00,2023-02-08,15:00:00,39.625,39.0,0.0,0.0,0.0,0.0,-1.95
2023-02-08 15:30:00,2023-02-08,15:30:00,39.646,39.0,0.0,0.0,0.0,0.0,-2.21
2023-02-08 16:00:00,2023-02-08,16:00:00,39.667,39.0,0.0,0.0,0.0,0.0,-4.81
2023-02-08 16:30:00,2023-02-08,16:30:00,39.688,39.0,0.0,0.0,0.0,0.0,-5.64
2023-02-08 17:00:00,2023-02-08,17:00:00,39.708,39.0,0.0,0.0,0.0,0.0,-6.21
2023-02-08 17:30:00,2023-02-08,17:30:00,39.729,39.0,0.0,0.0,0.0,0.0,-6.64
2023-02-08 18:00:00,2023-02-08,18:00:00,39.75,39.0,0.0,0.0,0.0,0.0,-6.96
2023-02-08 18:30:00,2023-02-08,18:30:00,39.771,39.0,0.0,0.0,0.0,0.0,-7.28
2023-02-08 19:00:00,2023-02-08,19:00:00,39.792,39.0,0.0,0.0,0.0,0.0,-7.48
2023-02-08 19:30:00,2023-02-08,19:30:00,39.812,39.0,0.0,0.0,0.0,0.0,-7.62
2023-02-08 20:00:00,2023-02-08,20:00:00,39.833,39.0,1.04,1.05,1.03,1.05,-8.51
2023-02-08 20:30:00,2023-02-08,20:30:00,39.854,39.0,0.51,0.51,0.5,0.51,-9.1
2023-02-08 21:00:00,2023-02-08,21:00:00,39.875,39.0,0.0,0.0,0.0,0.0,-9.82
2023-02-08 21:30:00,2023-02-08,21:30:00,39.896,39.0,0.0,0.0,0.0,0.0,-10.14
2023-02-08 22:00:00,2023-02-08,22:00:00,39.917,39.0,0.0,0.0,0.0,0.0,-11.13
2023-02-08 22:30:00,2023-02-08,22:30:00,39.938,39.0,0.0,0.0,0.0,0.0,-12.53
2023-02-08 23:00:00,2023-02-08,23:00:00,39.958,39.0,0.0,0.0,0.0,0.0,-12.96
2023-02-08 23:30:00,2023-02-08,23:30:00,39.979,39.0,0.0,0.0,0.0,0.0,-13.2
2023-02-09 00:00:00,2023-02-09,00:00:00,40.0,40.0,0.0,0.0,0.0,0.0,-13.3
2023-02-09 00:30:00,2023-02-09,00:30:00,40.021,40.0,0.0,0.0,0.0,0.0,-15.53
2023-02-09 01:00:00,2023-02-09,01:00:00,40.042,40.0,0.0,0.0,0.0,0.0,-16.44
2023-02-09 01:30:00,2023-02-09,01:30:00,40.062,40.0,0.0,0.0,0.0,0.0,-17.72
2023-02-09 02:00:00,2023-02-09,02:00:00,40.083,40.0,0.0,0.0,0.0,0.0,-17.55
2023-02-09 02:30:00,2023-02-09,02:30:00,40.104,40.0,0.0,0.0,0.0,0.0,-16.25
2023-02-09 03:00:00,2023-02-09,03:00:00,40.125,40.0,0.0,0.0,0.0,0.0,-15.76
2023-02-09 03:30:00,2023-02-09,03:30:00,40.146,40.0,0.0,0.0,0.0,0.0,-15.93
2023-02-09 04:00:00,2023-02-09,04:00:00,40.167,40.0,0.0,0.0,0.0,0.0,-16.53
2023-02-09 04:30:00,2023-02-09,04:30:00,40.188,40.0,0.0,0.0,0.0,0.0,-16.46
2023-02-09 05:00:00,2023-02-09,05:00:00,40.208,40.0,0.0,0.0,0.0,0.0,-15.95
2023-02-09 05:30:00,2023-02-09,05:30:00,40.229,40.0,0.0,0.0,0.0,0.0,-15.39
2023-02-09 06:00:00,2023-02-09,06:00:00,40.25,40.0,0.0,0.0,0.0,0.0,-15.35
2023-02-09 06:30:00,2023-02-09,06:30:00,40.271,40.0,0.0,0.0,0.0,0.0,-15.42
2023-02-09 07:00:00,2023-02-09,07:00:00,40.292,40.0,0.0,0.0,0.0,0.0,-15.25
2023-02-09 07:30:00,2023-02-09,07:30:00,40.312,40.0,0.0,0.0,0.0,0.0,-14.46
2023-02-09 08:00:00,2023-02-09,08:00:00,40.333,40.0,0.0,0.0,0.0,0.0,-14.51
2023-02-09 08:30:00,2023-02-09,08:30:00,40.354,40.0,0.0,0.0,0.0,0.0,-13.22
2023-02-09 09:00:00,2023-02-09,09:00:00,40.375,40.0,0.0,0.0,0.0,0.0,-10.97
2023-02-09 09:30:00,2023-02-09,09:30:00,40.396,40.0,0.0,0.0,0.0,0.0,-9.46
2023-02-09 10:00:00,2023-02-09,10:00:00,40.417,40.0,0.0,0.0,0.0,0.0,-7.53
2023-02-09 10:30:00,2023-02-09,10:30:00,40.438,40.0,0.0,0.0,0.0,0.0,-6.51
2023-02-09 11:00:00,2023-02-09,11:00:00,40.458,40.0,0.0,0.0,0.0,0.0,-5.05
2023-02-09 11:30:00,2023-02-09,11:30:00,40.479,40.0,0.0,0.0,0.0,0.0,-3.3
2023-02-09 12:00:00,2023-02-09,12:00:00,40.5,40.0,0.0,0.0,0.0,0.0,-2.71
2023-02-09 12:30:00,2023-02-09,12:30:00,40.521,40.0,0.0,0.0,0.0,0.0,-2.61
2023-02-09 13:00:00,2023-02-09,13:00:00,40.542,40.0,0.0,0.0,0.0,0.0,-2.37
2023-02-09 13:30:00,2023-02-09,13:30:00,40.562,40.0,0.0,0.0,0.0,0.0,-3.17
2023-02-09 14:00:00,2023-02-09,14:00:00,40.583,40.0,0.0,0.0,0.0,0.0,-4.58
2023-02-09 14:30:00,2023-02-09,14:30:00,40.604,40.0,0.0,0.0,0.0,0.0,-6.83
2023-02-09 15:00:00,2023-02-09,15:00:00,40.625,40.0,0.0,0.0,0.0,0.0,-7.4
2023-02-09 15:30:00,2023-02-09,15:30:00,40.646,40.0,0.0,0.0,0.0,0.0,-11.19
2023-02-09 16:00:00,2023-02-09,16:00:00,40.667,40.0,0.0,0.0,0.0,0.0,-14.39
2023-02-09 16:30:00,2023-02-09,16:30:00,40.688,40.0,0.0,0.0,0.0,0.0,-16.0
2023-02-09 17:00:00,2023-02-09,17:00:00,40.708,40.0,0.0,0.0,0.0,0.0,-17.44
2023-02-09 17:30:00,2023-02-09,17:30:00,40.729,40.0,0.0,0.0,0.0,0.0,-18.35
2023-02-09 18:00:00,2023-02-09,18:00:00,40.75,40.0,0.0,0.0,0.0,0.0,-18.84
2023-02-09 18:30:00,2023-02-09,18:30:00,40.771,40.0,0.0,0.0,0.0,0.0,-19.33
2023-02-09 19:00:00,2023-02-09,19:00:00,40.792,40.0,0.0,0.0,0.0,0.0,-19.26
2023-02-09 19:30:00,2023-02-09,19:30:00,40.812,40.0,0.0,0.0,0.0,0.0,-20.78
2023-02-09 20:00:00,2023-02-09,20:00:00,40.833,40.0,0.0,0.0,0.0,0.0,-21.09
2023-02-09 20:30:00,2023-02-09,20:30:00,40.854,40.0,0.0,0.0,0.0,0.0,-21.38
2023-02-09 21:00:00,2023-02-09,21:00:00,40.875,40.0,0.0,0.0,0.0,0.0,-19.86
2023-02-09 21:30:00,2023-02-09,21:30:00,40.896,40.0,0.0,0.0,0.0,0.0,-19.2
2023-02-09 22:00:00,2023-02-09,22:00:00,40.917,40.0,0.0,0.0,0.0,0.0,-22.33
2023-02-09 22:30:00,2023-02-09,22:30:00,40.938,40.0,0.0,0.0,0.0,0.0,-23.99
2023-02-09 23:00:00,2023-02-09,23:00:00,40.958,40.0,0.0,0.0,0.0,0.0,-24.88
2023-02-09 23:30:00,2023-02-09,23:30:00,40.979,40.0,0.0,0.0,0.0,0.0,-25.22
2023-02-10 00:00:00,2023-02-10,00:00:00,41.0,41.0,0.0,0.0,0.0,0.0,-25.4
2023-02-10 00:30:00,2023-02-10,00:30:00,41.021,41.0,0.0,0.0,0.0,0.0,-26.13
2023-02-10 01:00:00,2023-02-10,01:00:00,41.042,41.0,0.0,0.0,0.0,0.0,-26.3
2023-02-10 01:30:00,2023-02-10,01:30:00,41.062,41.0,0.0,0.0,0.0,0.0,-27.17
2023-02-10 02:00:00,2023-02-10,02:00:00,41.083,41.0,0.0,0.0,0.0,0.0,-27.26
2023-02-10 02:30:00,2023-02-10,02:30:00,41.104,41.0,0.0,0.0,0.0,0.0,-27.4
2023-02-10 03:00:00,2023-02-10,03:00:00,41.125,41.0,0.0,0.0,0.0,0.0,-27.55
2023-02-10 03:30:00,2023-02-10,03:30:00,41.146,41.0,0.0,0.0,0.0,0.0,-27.61
2023-02-10 04:00:00,2023-02-10,04:00:00,41.167,41.0,0.0,0.0,0.0,0.0,-27.92
2023-02-10 04:30:00,2023-02-10,04:30:00,41.188,41.0,0.0,0.0,0.0,0.0,-27.77
2023-02-10 05:00:00,2023-02-10,05:00:00,41.208,41.0,0.0,0.0,0.0,0.0,-27.45
2023-02-10 05:30:00,2023-02-10,05:30:00,41.229,41.0,0.0,0.0,0.0,0.0,-27.35
2023-02-10 06:00:00,2023-02-10,06:00:00,41.25,41.0,0.0,0.0,0.0,0.0,-27.53
2023-02-10 06:30:00,2023-02-10,06:30:00,41.271,41.0,0.0,0.0,0.0,0.0,-27.63
2023-02-10 07:00:00,2023-02-10,07:00:00,41.292,41.0,0.0,0.0,0.0,0.0,-27.55
2023-02-10 07:30:00,2023-02-10,07:30:00,41.312,41.0,0.0,0.0,0.0,0.0,-25.1
2023-02-10 08:00:00,2023-02-10,08:00:00,41.333,41.0,0.0,0.0,0.0,0.0,-22.12
2023-02-10 08:30:00,2023-02-10,08:30:00,41.354,41.0,0.0,0.0,0.0,0.0,-17.95
2023-02-10 09:00:00,2023-02-10,09:00:00,41.375,41.0,0.0,0.0,0.0,0.0,-14.03
2023-02-10 09:30:00,2023-02-10,09:30:00,41.396,41.0,0.0,0.0,0.0,0.0,-9.6
2023-02-10 10:00:00,2023-02-10,10:00:00,41.417,41.0,0.0,0.0,0.0,0.0,-5.26
2023-02-10 10:30:00,2023-02-10,10:30:00,41.438,41.0,0.0,0.0,0.0,0.0,-2.84
2023-02-10 11:00:00,2023-02-10,11:00:00,41.458,41.0,0.0,0.0,0.0,0.0,-0.3
2023-02-10 11:30:00,2023-02-10,11:30:00,41.479,41.0,0.0,0.0,0.0,0.0,1.21
2023-02-10 12:00:00,2023-02-10,12:00:00,41.5,41.0,0.0,0.0,0.0,0.0,1.82
2023-02-10 12:30:00,2023-02-10,12:30:00,41.521,41.0,0.0,0.0,0.0,0.0,2.45
2023-02-10 13:00:00,2023-02-10,13:00:00,41.542,41.0,0.0,0.0,0.0,0.0,-0.04
2023-02-10 13:30:00,2023-02-10,13:30:00,41.562,41.0,0.0,0.0,0.0,0.0,0.67
2023-02-10 14:00:00,2023-02-10,14:00:00,41.583,41.0,0.0,0.0,0.0,0.0,0.2
2023-02-10 14:30:00,2023-02-10,14:30:00,41.604,41.0,0.0,0.0,0.0,0.0,-0.07
2023-02-10 15:00:00,2023-02-10,15:00:00,41.625,41.0,0.0,0.0,0.0,0.0,-0.45
2023-02-10 15:30:00,2023-02-10,15:30:00,41.646,41.0,0.0,0.0,0.0,0.0,-2.86
2023-02-10 16:00:00,2023-02-10,16:00:00,41.667,41.0,0.0,0.0,0.0,0.0,-9.72
2023-02-10 16:30:00,2023-02-10,16:30:00,41.688,41.0,0.0,0.0,0.0,0.0,-12.42
2023-02-10 17:00:00,2023-02-10,17:00:00,41.708,41.0,0.0,0.0,0.0,0.0,-13.87
2023-02-10 17:30:00,2023-02-10,17:30:00,41.729,41.0,0.0,0.0,0.0,0.0,-14.49
2023-02-10 18:00:00,2023-02-10,18:00:00,41.75,41.0,0.0,0.0,0.0,0.0,-15.24
2023-02-10 18:30:00,2023-02-10,18:30:00,41.771,41.0,0.0,0.0,0.0,0.0,-16.1
2023-02-10 19:00:00,2023-02-10,19:00:00,41.792,41.0,0.0,0.0,0.0,0.0,-16.43
2023-02-10 19:30:00,2023-02-10,19:30:00,41.812,41.0,0.0,0.0,0.0,0.0,-16.55
2023-02-10 20:00:00,2023-02-10,20:00:00,41.833,41.0,0.0,0.0,0.0,0.0,-16.7
2023-02-10 20:30:00,2023-02-10,20:30:00,41.854,41.0,0.0,0.0,0.0,0.0,-17.33
2023-02-10 21:00:00,2023-02-10,21:00:00,41.875,41.0,0.0,0.0,0.0,0.0,-17.61
2023-02-10 21:30:00,2023-02-10,21:30:00,41.896,41.0,0.0,0.0,0.0,0.0,-18.05
2023-02-10 22:00:00,2023-02-10,22:00:00,41.917,41.0,0.0,0.0,0.0,0.0,-18.2
2023-02-10 22:30:00,2023-02-10,22:30:00,41.938,41.0,0.0,0.0,0.0,0.0,-18.12
2023-02-10 23:00:00,2023-02-10,23:00:00,41.958,41.0,0.0,0.0,0.0,0.0,-18.4
2023-02-10 23:30:00,2023-02-10,23:30:00,41.979,41.0,0.0,0.0,0.0,0.0,-18.73
2023-02-11 00:00:00,2023-02-11,00:00:00,42.0,42.0,0.0,0.0,0.0,0.0,-18.73
2023-02-11 00:30:00,2023-02-11,00:30:00,42.021,42.0,0.0,0.0,0.0,0.0,-18.94
2023-02-11 01:00:00,2023-02-11,01:00:00,42.042,42.0,0.0,0.0,0.0,0.0,-19.26
2023-02-11 01:30:00,2023-02-11,01:30:00,42.062,42.0,0.0,0.0,0.0,0.0,-19.26
2023-02-11 02:00:00,2023-02-11,02:00:00,42.083,42.0,0.0,0.0,0.0,0.0,-19.46
2023-02-11 02:30:00,2023-02-11,02:30:00,42.104,42.0,0.0,0.0,0.0,0.0,-19.69
2023-02-11 03:00:00,2023-02-11,03:00:00,42.125,42.0,0.0,0.0,0.0,0.0,-19.89
2023-02-11 03:30:00,2023-02-11,03:30:00,42.146,42.0,0.0,0.0,0.0,0.0,-19.97
2023-02-11 04:00:00,2023-02-11,04:00:00,42.167,42.0,0.0,0.0,0.0,0.0,-20.16
2023-02-11 04:30:00,2023-02-11,04:30:00,42.188,42.0,0.0,0.0,0.0,0.0,-20.14
2023-02-11 05:00:00,2023-02-11,05:00:00,42.208,42.0,0.0,0.0,0.0,0.0,-20.2
2023-02-11 05:30:00,2023-02-11,05:30:00,42.229,42.0,0.0,0.0,0.0,0.0,-20.19
2023-02-11 06:00:00,2023-02-11,06:00:00,42.25,42.0,0.0,0.0,0.0,0.0,-20.18
2023-02-11 06:30:00,2023-02-11,06:30:00,42.271,42.0,0.0,0.0,0.0,0.0,-20.42
2023-02-11 07:00:00,2023-02-11,07:00:00,42.292,42.0,0.0,0.0,0.0,0.0,-20.11
2023-02-11 07:30:00,2023-02-11,07:30:00,42.312,42.0,0.0,0.0,0.0,0.0,-17.48
2023-02-11 08:00:00,2023-02-11,08:00:00,42.333,42.0,0.0,0.0,0.0,0.0,-14.1
2023-02-11 08:30:00,2023-02-11,08:30:00,42.354,42.0,0.0,0.0,0.0,0.0,-11.29
2023-02-11 09:00:00,2023-02-11,09:00:00,42.375,42.0,0.0,0.0,0.0,0.0,-6.22
2023-02-11 09:30:00,2023-02-11,09:30:00,42.396,42.0,0.0,0.0,0.0,0.0,-2.66
2023-02-11 10:00:00,2023-02-11,10:00:00,42.417,42.0,0.0,0.0,0.0,0.0,1.56
2023-02-11 10:30:00,2023-02-11,10:30:00,42.438,42.0,0.0,0.0,0.0,0.0,3.52
2023-02-11 11:00:00,2023-02-11,11:00:00,42.458,42.0,0.0,0.0,0.0,0.0,6.6
2023-02-11 11:30:00,2023-02-11,11:30:00,42.479,42.0,0.0,0.0,0.0,0.0,7.05
2023-02-11 12:00:00,2023-02-11,12:00:00,42.5,42.0,0.0,0.0,0.0,0.0,9.33
2023-02-11 12:30:00,2023-02-11,12:30:00,42.521,42.0,0.0,0.0,0.0,0.0,10.45
2023-02-11 13:00:00,2023-02-11,13:00:00,42.542,42.0,0.0,0.0,0.0,0.0,10.2
2023-02-11 13:30:00,2023-02-11,13:30:00,42.562,42.0,0.0,0.0,0.0,0.0,11.8
2023-02-11 14:00:00,2023-02-11,14:00:00,42.583,42.0,0.0,0.0,0.0,0.0,9.09
2023-02-11 14:30:00,2023-02-11,14:30:00,42.604,42.0,0.0,0.0,0.0,0.0,6.54
2023-02-11 15:00:00,2023-02-11,15:00:00,42.625,42.0,0.0,0.0,0.0,0.0,5.43
2023-02-11 15:30:00,2023-02-11,15:30:00,42.646,42.0,0.0,0.0,0.0,0.0,3.8
2023-02-11 16:00:00,2023-02-11,16:00:00,42.667,42.0,0.0,0.0,0.0,0.0,2.12
2023-02-11 16:30:00,2023-02-11,16:30:00,42.688,42.0,0.0,0.0,0.0,0.0,-1.12
2023-02-11 17:00:00,2023-02-11,17:00:00,42.708,42.0,0.0,0.0,0.0,0.0,-4.1
2023-02-11 17:30:00,2023-02-11,17:30:00,42.729,42.0,0.0,0.0,0.0,0.0,-4.08
2023-02-11 18:00:00,2023-02-11,18:00:00,42.75,42.0,0.0,0.0,0.0,0.0,-6.6
2023-02-11 18:30:00,2023-02-11,18:30:00,42.771,42.0,0.0,0.0,0.0,0.0,-7.79
2023-02-11 19:00:00,2023-02-11,19:00:00,42.792,42.0,0.0,0.0,0.0,0.0,-8.71
2023-02-11 19:30:00,2023-02-11,19:30:00,42.812,42.0,0.0,0.0,0.0,0.0,-10.91
2023-02-11 20:00:00,2023-02-11,20:00:00,42.833,42.0,0.0,0.0,0.0,0.0,-11.8
2023-02-11 20:30:00,2023-02-11,20:30:00,42.854,42.0,0.0,0.0,0.0,0.0,-11.94
2023-02-11 21:00:00,2023-02-11,21:00:00,42.875,42.0,0.0,0.0,0.0,0.0,-10.46
2023-02-11 21:30:00,2023-02-11,21:30:00,42.896,42.0,0.0,0.0,0.0,0.0,-11.24
2023-02-11 22:00:00,2023-02-11,22:00:00,42.917,42.0,0.0,0.0,0.0,0.0,-12.14
2023-02-11 22:30:00,2023-02-11,22:30:00,42.938,42.0,0.0,0.0,0.0,0.0,-10.99
2023-02-11 23:00:00,2023-02-11,23:00:00,42.958,42.0,0.0,0.0,0.0,0.0,-11.23
2023-02-11 23:30:00,2023-02-11,23:30:00,42.979,42.0,0.0,0.0,0.0,0.0,-12.53
2023-02-12 00:00:00,2023-02-12,00:00:00,43.0,43.0,0.0,0.0,0.0,0.0,-12.74
2023-02-12 00:30:00,2023-02-12,00:30:00,43.021,43.0,0.0,0.0,0.0,0.0,-10.72
2023-02-12 01:00:00,2023-02-12,01:00:00,43.042,43.0,0.0,0.0,0.0,0.0,-9.47
2023-02-12 01:30:00,2023-02-12,01:30:00,43.062,43.0,0.0,0.0,0.0,0.0,-10.01
2023-02-12 02:00:00,2023-02-12,02:00:00,43.083,43.0,0.0,0.0,0.0,0.0,-10.3
2023-02-12 02:30:00,2023-02-12,02:30:00,43.104,43.0,0.0,0.0,0.0,0.0,-10.3
2023-02-12 03:00:00,2023-02-12,03:00:00,43.125,43.0,0.0,0.0,0.0,0.0,-9.93
2023-02-12 03:30:00,2023-02-12,03:30:00,43.146,43.0,0.0,0.0,0.0,0.0,-9.53
2023-02-12 04:00:00,2023-02-12,04:00:00,43.167,43.0,0.0,0.0,0.0,0.0,-9.99
2023-02-12 04:30:00,2023-02-12,04:30:00,43.188,43.0,0.0,0.0,0.0,0.0,-11.81
2023-02-12 05:00:00,2023-02-12,05:00:00,43.208,43.0,0.0,0.0,0.0,0.0,-10.86
2023-02-12 05:30:00,2023-02-12,05:30:00,43.229,43.0,0.0,0.0,0.0,0.0,-10.46
2023-02-12 06:00:00,2023-02-12,06:00:00,43.25,43.0,0.0,0.0,0.0,0.0,-11.08
2023-02-12 06:30:00,2023-02-12,06:30:00,43.271,43.0,0.0,0.0,0.0,0.0,-11.62
2023-02-12 07:00:00,2023-02-12,07:00:00,43.292,43.0,0.0,0.0,0.0,0.0,-10.84
2023-02-12 07:30:00,2023-02-12,07:30:00,43.312,43.0,0.0,0.0,0.0,0.0,-8.93
2023-02-12 08:00:00,2023-02-12,08:00:00,43.333,43.0,0.0,0.0,0.0,0.0,-6.76
2023-02-12 08:30:00,2023-02-12,08:30:00,43.354,43.0,0.0,0.0,0.0,0.0,-3.0
2023-02-12 09:00:00,2023-02-12,09:00:00,43.375,43.0,0.0,0.0,0.0,0.0,0.71
2023-02-12 09:30:00,2023-02-12,09:30:00,43.396,43.0,0.0,0.0,0.0,0.0,2.85
2023-02-12 10:00:00,2023-02-12,10:00:00,43.417,43.0,0.0,0.0,0.0,0.0,5.26
2023-02-12 10:30:00,2023-02-12,10:30:00,43.438,43.0,0.0,0.0,0.0,0.0,3.54
2023-02-12 11:00:00,2023-02-12,11:00:00,43.458,43.0,0.0,0.0,0.0,0.0,3.72
2023-02-12 11:30:00,2023-02-12,11:30:00,43.479,43.0,0.0,0.0,0.0,0.0,1.92
2023-02-12 12:00:00,2023-02-12,12:00:00,43.5,43.0,0.0,0.0,0.0,0.0,3.02
2023-02-12 12:30:00,2023-02-12,12:30:00,43.521,43.0,0.0,0.0,0.0,0.0,1.86
2023-02-12 13:00:00,2023-02-12,13:00:00,43.542,43.0,0.0,0.0,0.0,0.0,4.08
2023-02-12 13:30:00,2023-02-12,13:30:00,43.562,43.0,0.0,0.0,0.0,0.0,7.75
2023-02-12 14:00:00,2023-02-12,14:00:00,43.583,43.0,0.0,0.0,0.0,0.0,7.17
2023-02-12 14:30:00,2023-02-12,14:30:00,43.604,43.0,0.0,0.0,0.0,0.0,6.18
2023-02-12 15:00:00,2023-02-12,15:00:00,43.625,43.0,0.0,0.0,0.0,0.0,4.61
2023-02-12 15:30:00,2023-02-12,15:30:00,43.646,43.0,0.0,0.0,0.0,0.0,0.24
2023-02-12 16:00:00,2023-02-12,16:00:00,43.667,43.0,0.0,0.0,0.0,0.0,-5.92
2023-02-12 16:30:00,2023-02-12,16:30:00,43.688,43.0,0.0,0.0,0.0,0.0,-8.16
2023-02-12 17:00:00,2023-02-12,17:00:00,43.708,43.0,0.0,0.0,0.0,0.0,-9.55
2023-02-12 17:30:00,2023-02-12,17:30:00,43.729,43.0,0.0,0.0,0.0,0.0,-10.62
2023-02-12 18:00:00,2023-02-12,18:00:00,43.75,43.0,0.0,0.0,0.0,0.0,-12.03
2023-02-12 18:30:00,2023-02-12,18:30:00,43.771,43.0,0.0,0.0,0.0,0.0,-12.18
2023-02-12 19:00:00,2023-02-12,19:00:00,43.792,43.0,0.0,0.0,0.0,0.0,-12.55
2023-02-12 19:30:00,2023-02-12,19:30:00,43.812,43.0,0.0,0.0,0.0,0.0,-13.17
2023-02-12 20:00:00,2023-02-12,20:00:00,43.833,43.0,0.0,0.0,0.0,0.0,-13.46
2023-02-12 20:30:00,2023-02-12,20:30:00,43.854,43.0,0.0,0.0,0.0,0.0,-13.85
2023-02-12 21:00:00,2023-02-12,21:00:00,43.875,43.0,0.0,0.0,0.0,0.0,-13.94
2023-02-12 21:30:00,2023-02-12,21:30:00,43.896,43.0,0.0,0.0,0.0,0.0,-15.55
2023-02-12 22:00:00,2023-02-12,22:00:00,43.917,43.0,0.0,0.0,0.0,0.0,-15.43
2023-02-12 22:30:00,2023-02-12,22:30:00,43.938,43.0,0.0,0.0,0.0,0.0,-16.49
2023-02-12 23:00:00,2023-02-12,23:00:00,43.958,43.0,0.0,0.0,0.0,0.0,-16.79
2023-02-12 23:30:00,2023-02-12,23:30:00,43.979,43.0,0.0,0.0,0.0,0.0,-16.38
2023-02-13 00:00:00,2023-02-13,00:00:00,44.0,44.0,0.0,0.0,0.0,0.0,-16.49
2023-02-13 00:30:00,2023-02-13,00:30:00,44.021,44.0,0.0,0.0,0.0,0.0,-17.31
2023-02-13 01:00:00,2023-02-13,01:00:00,44.042,44.0,0.0,0.0,0.0,0.0,-17.64
2023-02-13 01:30:00,2023-02-13,01:30:00,44.062,44.0,0.0,0.0,0.0,0.0,-17.76
2023-02-13 02:00:00,2023-02-13,02:00:00,44.083,44.0,0.0,0.0,0.0,0.0,-17.9
2023-02-13 02:30:00,2023-02-13,02:30:00,44.104,44.0,0.0,0.0,0.0,0.0,-18.55
2023-02-13 03:00:00,2023-02-13,03:00:00,44.125,44.0,0.0,0.0,0.0,0.0,-18.49
2023-02-13 03:30:00,2023-02-13,03:30:00,44.146,44.0,0.0,0.0,0.0,0.0,-18.74
2023-02-13 04:00:00,2023-02-13,04:00:00,44.167,44.0,0.0,0.0,0.0,0.0,-18.9
2023-02-13 04:30:00,2023-02-13,04:30:00,44.188,44.0,0.0,0.0,0.0,0.0,-19.22
2023-02-13 05:00:00,2023-02-13,05:00:00,44.208,44.0,0.0,0.0,0.0,0.0,-19.06
2023-02-13 05:30:00,2023-02-13,05:30:00,44.229,44.0,0.0,0.0,0.0,0.0,-18.38
2023-02-13 06:00:00,2023-02-13,06:00:00,44.25,44.0,0.0,0.0,0.0,0.0,-19.2
2023-02-13 06:30:00,2023-02-13,06:30:00,44.271,44.0,0.0,0.0,0.0,0.0,-18.43
2023-02-13 07:00:00,2023-02-13,07:00:00,44.292,44.0,0.0,0.0,0.0,0.0,-19.01
2023-02-13 07:30:00,2023-02-13,07:30:00,44.312,44.0,0.0,0.0,0.0,0.0,-16.56
2023-02-13 08:00:00,2023-02-13,08:00:00,44.333,44.0,0.0,0.0,0.0,0.0,-12.42
2023-02-13 08:30:00,2023-02-13,08:30:00,44.354,44.0,0.0,0.0,0.0,0.0,-9.76
2023-02-13 09:00:00,2023-02-13,09:00:00,44.375,44.0,0.0,0.0,0.0,0.0,-2.33
2023-02-13 09:30:00,2023-02-13,09:30:00,44.396,44.0,0.0,0.0,0.0,0.0,-0.37
2023-02-13 10:00:00,2023-02-13,10:00:00,44.417,44.0,0.0,0.0,0.0,0.0,2.66
2023-02-13 10:30:00,2023-02-13,10:30:00,44.438,44.0,0.0,0.0,0.0,0.0,1.66
2023-02-13 11:00:00,2023-02-13,11:00:00,44.458,44.0,0.0,0.0,0.0,0.0,7.38
2023-02-13 11:30:00,2023-02-13,11:30:00,44.479,44.0,0.0,0.0,0.0,0.0,5.83
2023-02-13 12:00:00,2023-02-13,12:00:00,44.5,44.0,0.0,0.0,0.0,0.0,4.85
2023-02-13 12:30:00,2023-02-13,12:30:00,44.521,44.0,0.0,0.0,0.0,0.0,1.76
2023-02-13 13:00:00,2023-02-13,13:00:00,44.542,44.0,0.0,0.0,0.0,0.0,-1.79
2023-02-13 13:30:00,2023-02-13,13:30:00,44.562,44.0,0.52,0.53,0.52,0.51,-2.9
2023-02-13 14:00:00,2023-02-13,14:00:00,44.583,44.0,1.06,1.08,1.06,1.04,-1.73
2023-02-13 14:30:00,2023-02-13,14:30:00,44.604,44.0,0.29,0.29,0.3,0.28,-0.72
2023-02-13 15:00:00,2023-02-13,15:00:00,44.625,44.0,0.0,0.0,0.0,0.0,-0.8
2023-02-13 15:30:00,2023-02-13,15:30:00,44.646,44.0,0.25,0.26,0.25,0.25,-0.94
2023-02-13 16:00:00,2023-02-13,16:00:00,44.667,44.0,0.22,0.23,0.22,0.22,-0.81
2023-02-13 16:30:00,2023-02-13,16:30:00,44.688,44.0,0.0,0.0,0.0,0.0,-1.42
2023-02-13 17:00:00,2023-02-13,17:00:00,44.708,44.0,0.0,0.0,0.0,0.0,-2.91
2023-02-13 17:30:00,2023-02-13,17:30:00,44.729,44.0,0.0,0.0,0.0,0.0,-4.77
2023-02-13 18:00:00,2023-02-13,18:00:00,44.75,44.0,0.0,0.0,0.0,0.0,-7.38
2023-02-13 18:30:00,2023-02-13,18:30:00,44.771,44.0,0.0,0.0,0.0,0.0,-8.12
2023-02-13 19:00:00,2023-02-13,19:00:00,44.792,44.0,0.0,0.0,0.0,0.0,-9.14
2023-02-13 19:30:00,2023-02-13,19:30:00,44.812,44.0,0.0,0.0,0.0,0.0,-9.46
2023-02-13 20:00:00,2023-02-13,20:00:00,44.833,44.0,0.0,0.0,0.0,0.0,-10.02
2023-02-13 20:30:00,2023-02-13,20:30:00,44.854,44.0,0.0,0.0,0.0,0.0,-10.1
2023-02-13 21:00:00,2023-02-13,21:00:00,44.875,44.0,0.0,0.0,0.0,0.0,-9.12
2023-02-13 21:30:00,2023-02-13,21:30:00,44.896,44.0,0.0,0.0,0.0,0.0,-10.41
2023-02-13 22:00:00,2023-02-13,22:00:00,44.917,44.0,0.0,0.0,0.0,0.0,-10.14
2023-02-13 22:30:00,2023-02-13,22:30:00,44.938,44.0,0.0,0.0,0.0,0.0,-11.39
2023-02-13 23:00:00,2023-02-13,23:00:00,44.958,44.0,0.0,0.0,0.0,0.0,-12.49
2023-02-13 23:30:00,2023-02-13,23:30:00,44.979,44.0,0.0,0.0,0.0,0.0,-11.42
2023-02-14 00:00:00,2023-02-14,00:00:00,45.0,45.0,0.0,0.0,0.0,0.0,-11.41
2023-02-14 00:30:00,2023-02-14,00:30:00,45.021,45.0,0.0,0.0,0.0,0.0,-11.8
2023-02-14 01:00:00,2023-02-14,01:00:00,45.042,45.0,0.0,0.0,0.0,0.0,-11.24
2023-02-14 01:30:00,2023-02-14,01:30:00,45.062,45.0,0.0,0.0,0.0,0.0,-11.31
2023-02-14 02:00:00,2023-02-14,02:00:00,45.083,45.0,0.0,0.0,0.0,0.0,-10.42
2023-02-14 02:30:00,2023-02-14,02:30:00,45.104,45.0,0.0,0.0,0.0,0.0,-10.13
2023-02-14 03:00:00,2023-02-14,03:00:00,45.125,45.0,0.0,0.0,0.0,0.0,-7.85
2023-02-14 03:30:00,2023-02-14,03:30:00,45.146,45.0,0.0,0.0,0.0,0.0,-7.42
2023-02-14 04:00:00,2023-02-14,04:00:00,45.167,45.0,0.0,0.0,0.0,0.0,-7.51
2023-02-14 04:30:00,2023-02-14,04:30:00,45.188,45.0,0.0,0.0,0.0,0.0,-7.36
2023-02-14 05:00:00,2023-02-14,05:00:00,45.208,45.0,0.0,0.0,0.0,0.0,-7.23
2023-02-14 05:30:00,2023-02-14,05:30:00,45.229,45.0,0.0,0.0,0.0,0.0,-7.52
2023-02-14 06:00:00,2023-02-14,06:00:00,45.25,45.0,0.0,0.0,0.0,0.0,-7.51
2023-02-14 06:30:00,2023-02-14,06:30:00,45.271,45.0,0.0,0.0,0.0,0.0,-8.92
2023-02-14 07:00:00,2023-02-14,07:00:00,45.292,45.0,0.0,0.0,0.0,0.0,-9.7
2023-02-14 07:30:00,2023-02-14,07:30:00,45.312,45.0,0.0,0.0,0.0,0.0,-8.53
2023-02-14 08:00:00,2023-02-14,08:00:00,45.333,45.0,0.0,0.0,0.0,0.0,-7.05
2023-02-14 08:30:00,2023-02-14,08:30:00,45.354,45.0,0.0,0.0,0.0,0.0,-6.15
2023-02-14 09:00:00,2023-02-14,09:00:00,45.375,45.0,0.0,0.0,0.0,0.0,-4.72
2023-02-14 09:30:00,2023-02-14,09:30:00,45.396,45.0,0.0,0.0,0.0,0.0,-3.65
2023-02-14 10:00:00,2023-02-14,10:00:00,45.417,45.0,0.0,0.0,0.0,0.0,-2.67
2023-02-14 10:30:00,2023-02-14,10:30:00,45.438,45.0,0.0,0.0,0.0,0.0,-2.65
2023-02-14 11:00:00,2023-02-14,11:00:00,45.458,45.0,0.0,0.0,0.0,0.0,-2.96
2023-02-14 11:30:00,2023-02-14,11:30:00,45.479,45.0,0.74,0.79,0.76,0.66,-4.7
2023-02-14 12:00:00,2023-02-14,12:00:00,45.5,45.0,0.44,0.48,0.45,0.4,-2.94
2023-02-14 12:30:00,2023-02-14,12:30:00,45.521,45.0,0.0,0.0,0.0,0.0,-1.55
2023-02-14 13:00:00,2023-02-14,13:00:00,45.542,45.0,0.0,0.0,0.0,0.0,-2.15
2023-02-14 13:30:00,2023-02-14,13:30:00,45.562,45.0,0.24,0.26,0.26,0.21,-2.68
2023-02-14 14:00:00,2023-02-14,14:00:00,45.583,45.0,0.61,0.65,0.64,0.54,-4.18
2023-02-14 14:30:00,2023-02-14,14:30:00,45.604,45.0,0.44,0.47,0.46,0.39,-4.17
2023-02-14 15:00:00,2023-02-14,15:00:00,45.625,45.0,0.42,0.45,0.44,0.38,-3.6
2023-02-14 15:30:00,2023-02-14,15:30:00,45.646,45.0,0.0,0.0,0.0,0.0,-4.37
2023-02-14 16:00:00,2023-02-14,16:00:00,45.667,45.0,0.0,0.0,0.0,0.0,-5.49
2023-02-14 16:30:00,2023-02-14,16:30:00,45.688,45.0,0.0,0.0,0.0,0.0,-6.5
2023-02-14 17:00:00,2023-02-14,17:00:00,45.708,45.0,0.0,0.0,0.0,0.0,-7.82
2023-02-14 17:30:00,2023-02-14,17:30:00,45.729,45.0,0.0,0.0,0.0,0.0,-8.67
2023-02-14 18:00:00,2023-02-14,18:00:00,45.75,45.0,0.0,0.0,0.0,0.0,-8.85
2023-02-14 18:30:00,2023-02-14,18:30:00,45.771,45.0,0.44,0.46,0.46,0.39,-8.86
2023-02-14 19:00:00,2023-02-14,19:00:00,45.792,45.0,0.6,0.64,0.63,0.53,-8.86
2023-02-14 19:30:00,2023-02-14,19:30:00,45.812,45.0,1.24,1.32,1.29,1.1,-8.84
2023-02-14 20:00:00,2023-02-14,20:00:00,45.833,45.0,0.45,0.48,0.47,0.4,-8.92
2023-02-14 20:30:00,2023-02-14,20:30:00,45.854,45.0,0.0,0.0,0.0,0.0,-8.99
2023-02-14 21:00:00,2023-02-14,21:00:00,45.875,45.0,0.37,0.39,0.39,0.33,-8.99
2023-02-14 21:30:00,2023-02-14,21:30:00,45.896,45.0,0.53,0.57,0.56,0.48,-8.96
2023-02-14 22:00:00,2023-02-14,22:00:00,45.917,45.0,0.44,0.47,0.47,0.39,-8.94
2023-02-14 22:30:00,2023-02-14,22:30:00,45.938,45.0,0.0,0.0,0.0,0.0,-8.89
2023-02-14 23:00:00,2023-02-14,23:00:00,45.958,45.0,0.0,0.0,0.0,0.0,-8.94
2023-02-14 23:30:00,2023-02-14,23:30:00,45.979,45.0,0.0,0.0,0.0,0.0,-8.99
2023-02-15 00:00:00,2023-02-15,00:00:00,46.0,46.0,0.0,0.0,0.0,0.0,-9.05
2023-02-15 00:30:00,2023-02-15,00:30:00,46.021,46.0,0.0,0.0,0.0,0.0,-9.24
2023-02-15 01:00:00,2023-02-15,01:00:00,46.042,46.0,0.0,0.0,0.0,0.0,-9.51
2023-02-15 01:30:00,2023-02-15,01:30:00,46.062,46.0,0.0,0.0,0.0,0.0,-9.68
2023-02-15 02:00:00,2023-02-15,02:00:00,46.083,46.0,0.0,0.0,0.0,0.0,-9.67
2023-02-15 02:30:00,2023-02-15,02:30:00,46.104,46.0,0.66,0.74,0.72,0.54,-9.66
2023-02-15 03:00:00,2023-02-15,03:00:00,46.125,46.0,0.57,0.62,0.63,0.45,-10.17
2023-02-15 03:30:00,2023-02-15,03:30:00,46.146,46.0,0.52,0.58,0.57,0.42,-10.67
2023-02-15 04:00:00,2023-02-15,04:00:00,46.167,46.0,0.41,0.45,0.47,0.32,-10.79
2023-02-15 04:30:00,2023-02-15,04:30:00,46.188,46.0,0.0,0.0,0.0,0.0,-10.91
2023-02-15 05:00:00,2023-02-15,05:00:00,46.208,46.0,0.34,0.37,0.37,0.27,-11.23
2023-02-15 05:30:00,2023-02-15,05:30:00,46.229,46.0,0.82,0.91,0.89,0.66,-11.74
2023-02-15 06:00:00,2023-02-15,06:00:00,46.25,46.0,0.29,0.32,0.32,0.23,-12.07
2023-02-15 06:30:00,2023-02-15,06:30:00,46.271,46.0,0.0,0.0,0.0,0.0,-12.08
2023-02-15 07:00:00,2023-02-15,07:00:00,46.292,46.0,0.0,0.0,0.0,0.0,-12.18
2023-02-15 07:30:00,2023-02-15,07:30:00,46.312,46.0,0.33,0.36,0.35,0.26,-12.25
2023-02-15 08:00:00,2023-02-15,08:00:00,46.333,46.0,0.0,0.0,0.0,0.0,-12.11
2023-02-15 08:30:00,2023-02-15,08:30:00,46.354,46.0,0.28,0.31,0.3,0.23,-11.77
2023-02-15 09:00:00,2023-02-15,09:00:00,46.375,46.0,0.0,0.0,0.0,0.0,-11.32
2023-02-15 09:30:00,2023-02-15,09:30:00,46.396,46.0,0.0,0.0,0.0,0.0,-11.1
2023-02-15 10:00:00,2023-02-15,10:00:00,46.417,46.0,0.0,0.0,0.0,0.0,-11.02
2023-02-15 10:30:00,2023-02-15,10:30:00,46.438,46.0,0.0,0.0,0.0,0.0,-10.85
2023-02-15 11:00:00,2023-02-15,11:00:00,46.458,46.0,0.0,0.0,0.0,0.0,-10.1
2023-02-15 11:30:00,2023-02-15,11:30:00,46.479,46.0,0.0,0.0,0.0,0.0,-9.09
2023-02-15 12:00:00,2023-02-15,12:00:00,46.5,46.0,0.0,0.0,0.0,0.0,-8.01
2023-02-15 12:30:00,2023-02-15,12:30:00,46.521,46.0,0.0,0.0,0.0,0.0,-7.63
2023-02-15 13:00:00,2023-02-15,13:00:00,46.542,46.0,0.0,0.0,0.0,0.0,-8.12
2023-02-15 13:30:00,2023-02-15,13:30:00,46.562,46.0,0.0,0.0,0.0,0.0,-7.46
2023-02-15 14:00:00,2023-02-15,14:00:00,46.583,46.0,0.0,0.0,0.0,0.0,-6.0
2023-02-15 14:30:00,2023-02-15,14:30:00,46.604,46.0,0.0,0.0,0.0,0.0,-5.92
2023-02-15 15:00:00,2023-02-15,15:00:00,46.625,46.0,0.0,0.0,0.0,0.0,-6.82
2023-02-15 15:30:00,2023-02-15,15:30:00,46.646,46.0,0.0,0.0,0.0,0.0,-7.19
2023-02-15 16:00:00,2023-02-15,16:00:00,46.667,46.0,0.0,0.0,0.0,0.0,-8.78
2023-02-15 16:30:00,2023-02-15,16:30:00,46.688,46.0,0.0,0.0,0.0,0.0,-10.72
2023-02-15 17:00:00,2023-02-15,17:00:00,46.708,46.0,0.0,0.0,0.0,0.0,-12.2
2023-02-15 17:30:00,2023-02-15,17:30:00,46.729,46.0,0.0,0.0,0.0,0.0,-13.08
2023-02-15 18:00:00,2023-02-15,18:00:00,46.75,46.0,0.0,0.0,0.0,0.0,-13.89
2023-02-15 18:30:00,2023-02-15,18:30:00,46.771,46.0,0.0,0.0,0.0,0.0,-15.26
2023-02-15 19:00:00,2023-02-15,19:00:00,46.792,46.0,0.0,0.0,0.0,0.0,-16.16
2023-02-15 19:30:00,2023-02-15,19:30:00,46.812,46.0,0.0,0.0,0.0,0.0,-15.94
2023-02-15 20:00:00,2023-02-15,20:00:00,46.833,46.0,0.0,0.0,0.0,0.0,-16.18
2023-02-15 20:30:00,2023-02-15,20:30:00,46.854,46.0,0.0,0.0,0.0,0.0,-16.43
2023-02-15 21:00:00,2023-02-15,21:00:00,46.875,46.0,0.0,0.0,0.0,0.0,-17.22
2023-02-15 21:30:00,2023-02-15,21:30:00,46.896,46.0,0.0,0.0,0.0,0.0,-18.05
2023-02-15 22:00:00,2023-02-15,22:00:00,46.917,46.0,0.0,0.0,0.0,0.0,-18.95
2023-02-15 22:30:00,2023-02-15,22:30:00,46.938,46.0,0.0,0.0,0.0,0.0,-20.27
2023-02-15 23:00:00,2023-02-15,23:00:00,46.958,46.0,0.0,0.0,0.0,0.0,-21.6
2023-02-15 23:30:00,2023-02-15,23:30:00,46.979,46.0,0.0,0.0,0.0,0.0,-22.86
2023-02-16 00:00:00,2023-02-16,00:00:00,47.0,47.0,0.0,0.0,0.0,0.0,-23.11
2023-02-16 00:30:00,2023-02-16,00:30:00,47.021,47.0,0.0,0.0,0.0,0.0,-24.85
2023-02-16 01:00:00,2023-02-16,01:00:00,47.042,47.0,0.0,0.0,0.0,0.0,-24.62
2023-02-16 01:30:00,2023-02-16,01:30:00,47.062,47.0,0.0,0.0,0.0,0.0,-24.45
2023-02-16 02:00:00,2023-02-16,02:00:00,47.083,47.0,0.0,0.0,0.0,0.0,-24.3
2023-02-16 02:30:00,2023-02-16,02:30:00,47.104,47.0,0.0,0.0,0.0,0.0,-23.12
2023-02-16 03:00:00,2023-02-16,03:00:00,47.125,47.0,0.0,0.0,0.0,0.0,-22.57
2023-02-16 03:30:00,2023-02-16,03:30:00,47.146,47.0,0.0,0.0,0.0,0.0,-23.95
2023-02-16 04:00:00,2023-02-16,04:00:00,47.167,47.0,0.0,0.0,0.0,0.0,-25.22
2023-02-16 04:30:00,2023-02-16,04:30:00,47.188,47.0,0.0,0.0,0.0,0.0,-26.11
2023-02-16 05:00:00,2023-02-16,05:00:00,47.208,47.0,0.0,0.0,0.0,0.0,-26.92
2023-02-16 05:30:00,2023-02-16,05:30:00,47.229,47.0,0.0,0.0,0.0,0.0,-27.7
2023-02-16 06:00:00,2023-02-16,06:00:00,47.25,47.0,0.0,0.0,0.0,0.0,-27.58
2023-02-16 06:30:00,2023-02-16,06:30:00,47.271,47.0,0.0,0.0,0.0,0.0,-27.9
2023-02-16 07:00:00,2023-02-16,07:00:00,47.292,47.0,0.0,0.0,0.0,0.0,-28.0
2023-02-16 07:30:00,2023-02-16,07:30:00,47.312,47.0,0.0,0.0,0.0,0.0,-27.14
2023-02-16 08:00:00,2023-02-16,08:00:00,47.333,47.0,0.0,0.0,0.0,0.0,-25.03
2023-02-16 08:30:00,2023-02-16,08:30:00,47.354,47.0,0.0,0.0,0.0,0.0,-20.1
2023-02-16 09:00:00,2023-02-16,09:00:00,47.375,47.0,0.0,0.0,0.0,0.0,-15.71
2023-02-16 09:30:00,2023-02-16,09:30:00,47.396,47.0,0.0,0.0,0.0,0.0,-13.06
2023-02-16 10:00:00,2023-02-16,10:00:00,47.417,47.0,0.0,0.0,0.0,0.0,-9.61
2023-02-16 10:30:00,2023-02-16,10:30:00,47.438,47.0,0.0,0.0,0.0,0.0,-7.12
2023-02-16 11:00:00,2023-02-16,11:00:00,47.458,47.0,0.0,0.0,0.0,0.0,-4.34
2023-02-16 11:30:00,2023-02-16,11:30:00,47.479,47.0,0.0,0.0,0.0,0.0,-4.07
2023-02-16 12:00:00,2023-02-16,12:00:00,47.5,47.0,0.0,0.0,0.0,0.0,-3.18
2023-02-16 12:30:00,2023-02-16,12:30:00,47.521,47.0,0.0,0.0,0.0,0.0,-1.71
2023-02-16 13:00:00,2023-02-16,13:00:00,47.542,47.0,0.0,0.0,0.0,0.0,-1.76
2023-02-16 13:30:00,2023-02-16,13:30:00,47.562,47.0,0.0,0.0,0.0,0.0,-1.79
2023-02-16 14:00:00,2023-02-16,14:00:00,47.583,47.0,0.0,0.0,0.0,0.0,-2.29
2023-02-16 14:30:00,2023-02-16,14:30:00,47.604,47.0,0.0,0.0,0.0,0.0,-3.51
2023-02-16 15:00:00,2023-02-16,15:00:00,47.625,47.0,0.0,0.0,0.0,0.0,-4.98
2023-02-16 15:30:00,2023-02-16,15:30:00,47.646,47.0,0.0,0.0,0.0,0.0,-7.62
2023-02-16 16:00:00,2023-02-16,16:00:00,47.667,47.0,0.0,0.0,0.0,0.0,-14.53
2023-02-16 16:30:00,2023-02-16,16:30:00,47.688,47.0,0.0,0.0,0.0,0.0,-17.86
2023-02-16 17:00:00,2023-02-16,17:00:00,47.708,47.0,0.0,0.0,0.0,0.0,-19.55
2023-02-16 17:30:00,2023-02-16,17:30:00,47.729,47.0,0.0,0.0,0.0,0.0,-21.01
2023-02-16 18:00:00,2023-02-16,18:00:00,47.75,47.0,0.0,0.0,0.0,0.0,-22.18
2023-02-16 18:30:00,2023-02-16,18:30:00,47.771,47.0,0.0,0.0,0.0,0.0,-23.07
2023-02-16 19:00:00,2023-02-16,19:00:00,47.792,47.0,0.0,0.0,0.0,0.0,-23.67
2023-02-16 19:30:00,2023-02-16,19:30:00,47.812,47.0,0.0,0.0,0.0,0.0,-23.96
2023-02-16 20:00:00,2023-02-16,20:00:00,47.833,47.0,0.0,0.0,0.0,0.0,-24.25
2023-02-16 20:30:00,2023-02-16,20:30:00,47.854,47.0,0.0,0.0,0.0,0.0,-24.42
2023-02-16 21:00:00,2023-02-16,21:00:00,47.875,47.0,0.0,0.0,0.0,0.0,-25.05
2023-02-16 21:30:00,2023-02-16,21:30:00,47.896,47.0,0.0,0.0,0.0,0.0,-25.78
2023-02-16 22:00:00,2023-02-16,22:00:00,47.917,47.0,0.0,0.0,0.0,0.0,-25.87
2023-02-16 22:30:00,2023-02-16,22:30:00,47.938,47.0,0.0,0.0,0.0,0.0,-26.26
2023-02-16 23:00:00,2023-02-16,23:00:00,47.958,47.0,0.0,0.0,0.0,0.0,-26.3
2023-02-16 23:30:00,2023-02-16,23:30:00,47.979,47.0,0.0,0.0,0.0,0.0,-26.72
2023-02-17 00:00:00,2023-02-17,00:00:00,48.0,48.0,0.0,0.0,0.0,0.0,-26.42
2023-02-17 00:30:00,2023-02-17,00:30:00,48.021,48.0,0.0,0.0,0.0,0.0,-26.85
2023-02-17 01:00:00,2023-02-17,01:00:00,48.042,48.0,0.0,0.0,0.0,0.0,-26.75
2023-02-17 01:30:00,2023-02-17,01:30:00,48.062,48.0,0.0,0.0,0.0,0.0,-26.76
2023-02-17 02:00:00,2023-02-17,02:00:00,48.083,48.0,0.0,0.0,0.0,0.0,-27.18
2023-02-17 02:30:00,2023-02-17,02:30:00,48.104,48.0,0.0,0.0,0.0,0.0,-26.99
2023-02-17 03:00:00,2023-02-17,03:00:00,48.125,48.0,0.0,0.0,0.0,0.0,-27.19
2023-02-17 03:30:00,2023-02-17,03:30:00,48.146,48.0,0.0,0.0,0.0,0.0,-27.13
2023-02-17 04:00:00,2023-02-17,04:00:00,48.167,48.0,0.0,0.0,0.0,0.0,-27.38
2023-02-17 04:30:00,2023-02-17,04:30:00,48.188,48.0,0.0,0.0,0.0,0.0,-27.25
2023-02-17 05:00:00,2023-02-17,05:00:00,48.208,48.0,0.0,0.0,0.0,0.0,-27.28
2023-02-17 05:30:00,2023-02-17,05:30:00,48.229,48.0,0.0,0.0,0.0,0.0,-27.52
2023-02-17 06:00:00,2023-02-17,06:00:00,48.25,48.0,0.0,0.0,0.0,0.0,-27.29
2023-02-17 06:30:00,2023-02-17,06:30:00,48.271,48.0,0.0,0.0,0.0,0.0,-27.55
2023-02-17 07:00:00,2023-02-17,07:00:00,48.292,48.0,0.0,0.0,0.0,0.0,-27.53
2023-02-17 07:30:00,2023-02-17,07:30:00,48.312,48.0,0.0,0.0,0.0,0.0,-25.6
2023-02-17 08:00:00,2023-02-17,08:00:00,48.333,48.0,0.0,0.0,0.0,0.0,-21.5
2023-02-17 08:30:00,2023-02-17,08:30:00,48.354,48.0,0.0,0.0,0.0,0.0,-16.52
2023-02-17 09:00:00,2023-02-17,09:00:00,48.375,48.0,0.0,0.0,0.0,0.0,-11.89
2023-02-17 09:30:00,2023-02-17,09:30:00,48.396,48.0,0.0,0.0,0.0,0.0,-8.61
2023-02-17 10:00:00,2023-02-17,10:00:00,48.417,48.0,0.0,0.0,0.0,0.0,-5.63
2023-02-17 10:30:00,2023-02-17,10:30:00,48.438,48.0,0.0,0.0,0.0,0.0,-1.48
2023-02-17 11:00:00,2023-02-17,11:00:00,48.458,48.0,0.0,0.0,0.0,0.0,0.59
2023-02-17 11:30:00,2023-02-17,11:30:00,48.479,48.0,0.0,0.0,0.0,0.0,1.94
2023-02-17 12:00:00,2023-02-17,12:00:00,48.5,48.0,0.0,0.0,0.0,0.0,3.9
2023-02-17 12:30:00,2023-02-17,12:30:00,48.521,48.0,0.0,0.0,0.0,0.0,5.22
2023-02-17 13:00:00,2023-02-17,13:00:00,48.542,48.0,0.0,0.0,0.0,0.0,5.5
2023-02-17 13:30:00,2023-02-17,13:30:00,48.562,48.0,0.0,0.0,0.0,0.0,4.7
2023-02-17 14:00:00,2023-02-17,14:00:00,48.583,48.0,0.0,0.0,0.0,0.0,3.24
2023-02-17 14:30:00,2023-02-17,14:30:00,48.604,48.0,0.0,0.0,0.0,0.0,2.38
2023-02-17 15:00:00,2023-02-17,15:00:00,48.625,48.0,0.0,0.0,0.0,0.0,0.33
2023-02-17 15:30:00,2023-02-17,15:30:00,48.646,48.0,0.0,0.0,0.0,0.0,-1.31
2023-02-17 16:00:00,2023-02-17,16:00:00,48.667,48.0,0.0,0.0,0.0,0.0,-5.85
2023-02-17 16:30:00,2023-02-17,16:30:00,48.688,48.0,0.0,0.0,0.0,0.0,-10.99
2023-02-17 17:00:00,2023-02-17,17:00:00,48.708,48.0,0.0,0.0,0.0,0.0,-13.71
2023-02-17 17:30:00,2023-02-17,17:30:00,48.729,48.0,0.0,0.0,0.0,0.0,-15.91
2023-02-17 18:00:00,2023-02-17,18:00:00,48.75,48.0,0.0,0.0,0.0,0.0,-16.68
2023-02-17 18:30:00,2023-02-17,18:30:00,48.771,48.0,0.0,0.0,0.0,0.0,-16.52
2023-02-17 19:00:00,2023-02-17,19:00:00,48.792,48.0,0.0,0.0,0.0,0.0,-16.54
2023-02-17 19:30:00,2023-02-17,19:30:00,48.812,48.0,0.0,0.0,0.0,0.0,-17.83
2023-02-17 20:00:00,2023-02-17,20:00:00,48.833,48.0,0.0,0.0,0.0,0.0,-18.05
2023-02-17 20:30:00,2023-02-17,20:30:00,48.854,48.0,0.0,0.0,0.0,0.0,-17.9
2023-02-17 21:00:00,2023-02-17,21:00:00,48.875,48.0,0.0,0.0,0.0,0.0,-18.82
2023-02-17 21:30:00,2023-02-17,21:30:00,48.896,48.0,0.0,0.0,0.0,0.0,-19.07
2023-02-17 22:00:00,2023-02-17,22:00:00,48.917,48.0,0.0,0.0,0.0,0.0,-19.16
2023-02-17 22:30:00,2023-02-17,22:30:00,48.938,48.0,0.0,0.0,0.0,0.0,-19.61
2023-02-17 23:00:00,2023-02-17,23:00:00,48.958,48.0,0.0,0.0,0.0,0.0,-20.54
2023-02-17 23:30:00,2023-02-17,23:30:00,48.979,48.0,0.0,0.0,0.0,0.0,-20.27
2023-02-18 00:00:00,2023-02-18,00:00:00,49.0,49.0,0.0,0.0,0.0,0.0,-20.32
2023-02-18 00:30:00,2023-02-18,00:30:00,49.021,49.0,0.0,0.0,0.0,0.0,-20.56
2023-02-18 01:00:00,2023-02-18,01:00:00,49.042,49.0,0.0,0.0,0.0,0.0,-19.61
2023-02-18 01:30:00,2023-02-18,01:30:00,49.062,49.0,0.0,0.0,0.0,0.0,-19.43
2023-02-18 02:00:00,2023-02-18,02:00:00,49.083,49.0,0.0,0.0,0.0,0.0,-20.36
2023-02-18 02:30:00,2023-02-18,02:30:00,49.104,49.0,0.0,0.0,0.0,0.0,-21.2
2023-02-18 03:00:00,2023-02-18,03:00:00,49.125,49.0,0.0,0.0,0.0,0.0,-20.42
2023-02-18 03:30:00,2023-02-18,03:30:00,49.146,49.0,0.0,0.0,0.0,0.0,-20.52
2023-02-18 04:00:00,2023-02-18,04:00:00,49.167,49.0,0.0,0.0,0.0,0.0,-20.78
2023-02-18 04:30:00,2023-02-18,04:30:00,49.188,49.0,0.0,0.0,0.0,0.0,-21.28
2023-02-18 05:00:00,2023-02-18,05:00:00,49.208,49.0,0.0,0.0,0.0,0.0,-21.32
2023-02-18 05:30:00,2023-02-18,05:30:00,49.229,49.0,0.0,0.0,0.0,0.0,-22.16
2023-02-18 06:00:00,2023-02-18,06:00:00,49.25,49.0,0.0,0.0,0.0,0.0,-21.97
2023-02-18 06:30:00,2023-02-18,06:30:00,49.271,49.0,0.0,0.0,0.0,0.0,-20.39
2023-02-18 07:00:00,2023-02-18,07:00:00,49.292,49.0,0.0,0.0,0.0,0.0,-20.71
2023-02-18 07:30:00,2023-02-18,07:30:00,49.312,49.0,0.0,0.0,0.0,0.0,-20.66
2023-02-18 08:00:00,2023-02-18,08:00:00,49.333,49.0,0.0,0.0,0.0,0.0,-16.72
2023-02-18 08:30:00,2023-02-18,08:30:00,49.354,49.0,0.0,0.0,0.0,0.0,-11.76
2023-02-18 09:00:00,2023-02-18,09:00:00,49.375,49.0,0.0,0.0,0.0,0.0,-8.12
2023-02-18 09:30:00,2023-02-18,09:30:00,49.396,49.0,0.0,0.0,0.0,0.0,-5.84
2023-02-18 10:00:00,2023-02-18,10:00:00,49.417,49.0,0.0,0.0,0.0,0.0,-3.33
2023-02-18 10:30:00,2023-02-18,10:30:00,49.438,49.0,0.0,0.0,0.0,0.0,-4.0
2023-02-18 11:00:00,2023-02-18,11:00:00,49.458,49.0,0.0,0.0,0.0,0.0,-2.85
2023-02-18 11:30:00,2023-02-18,11:30:00,49.479,49.0,0.0,0.0,0.0,0.0,2.24
2023-02-18 12:00:00,2023-02-18,12:00:00,49.5,49.0,0.0,0.0,0.0,0.0,4.72
2023-02-18 12:30:00,2023-02-18,12:30:00,49.521,49.0,0.0,0.0,0.0,0.0,4.96
2023-02-18 13:00:00,2023-02-18,13:00:00,49.542,49.0,0.0,0.0,0.0,0.0,1.81
2023-02-18 13:30:00,2023-02-18,13:30:00,49.562,49.0,0.0,0.0,0.0,0.0,1.4
2023-02-18 14:00:00,2023-02-18,14:00:00,49.583,49.0,0.0,0.0,0.0,0.0,0.28
2023-02-18 14:30:00,2023-02-18,14:30:00,49.604,49.0,0.0,0.0,0.0,0.0,1.21
2023-02-18 15:00:00,2023-02-18,15:00:00,49.625,49.0,0.0,0.0,0.0,0.0,0.78
2023-02-18 15:30:00,2023-02-18,15:30:00,49.646,49.0,0.0,0.0,0.0,0.0,-0.07
2023-02-18 16:00:00,2023-02-18,16:00:00,49.667,49.0,0.0,0.0,0.0,0.0,-4.99
2023-02-18 16:30:00,2023-02-18,16:30:00,49.688,49.0,0.0,0.0,0.0,0.0,-5.43
2023-02-18 17:00:00,2023-02-18,17:00:00,49.708,49.0,0.0,0.0,0.0,0.0,-7.81
2023-02-18 17:30:00,2023-02-18,17:30:00,49.729,49.0,0.0,0.0,0.0,0.0,-9.5
2023-02-18 18:00:00,2023-02-18,18:00:00,49.75,49.0,0.0,0.0,0.0,0.0,-9.77
2023-02-18 18:30:00,2023-02-18,18:30:00,49.771,49.0,0.0,0.0,0.0,0.0,-10.34
2023-02-18 19:00:00,2023-02-18,19:00:00,49.792,49.0,0.0,0.0,0.0,0.0,-9.75
2023-02-18 19:30:00,2023-02-18,19:30:00,49.812,49.0,0.0,0.0,0.0,0.0,-11.98
2023-02-18 20:00:00,2023-02-18,20:00:00,49.833,49.0,0.0,0.0,0.0,0.0,-13.17
2023-02-18 20:30:00,2023-02-18,20:30:00,49.854,49.0,0.0,0.0,0.0,0.0,-13.48
2023-02-18 21:00:00,2023-02-18,21:00:00,49.875,49.0,0.0,0.0,0.0,0.0,-12.71
2023-02-18 21:30:00,2023-02-18,21:30:00,49.896,49.0,0.0,0.0,0.0,0.0,-12.03
2023-02-18 22:00:00,2023-02-18,22:00:00,49.917,49.0,0.0,0.0,0.0,0.0,-12.05
2023-02-18 22:30:00,2023-02-18,22:30:00,49.938,49.0,0.0,0.0,0.0,0.0,-11.64
2023-02-18 23:00:00,2023-02-18,23:00:00,49.958,49.0,0.0,0.0,0.0,0.0,-11.38
2023-02-18 23:30:00,2023-02-18,23:30:00,49.979,49.0,0.0,0.0,0.0,0.0,-10.51
2023-02-19 00:00:00,2023-02-19,00:00:00,50.0,50.0,0.0,0.0,0.0,0.0,-10.09
2023-02-19 00:30:00,2023-02-19,00:30:00,50.021,50.0,0.0,0.0,0.0,0.0,-6.76
2023-02-19 01:00:00,2023-02-19,01:00:00,50.042,50.0,0.0,0.0,0.0,0.0,-6.6
2023-02-19 01:30:00,2023-02-19,01:30:00,50.062,50.0,0.0,0.0,0.0,0.0,-6.7
2023-02-19 02:00:00,2023-02-19,02:00:00,50.083,50.0,0.0,0.0,0.0,0.0,-6.69
2023-02-19 02:30:00,2023-02-19,02:30:00,50.104,50.0,0.0,0.0,0.0,0.0,-6.56
2023-02-19 03:00:00,2023-02-19,03:00:00,50.125,50.0,0.0,0.0,0.0,0.0,-6.69
2023-02-19 03:30:00,2023-02-19,03:30:00,50.146,50.0,0.0,0.0,0.0,0.0,-6.58
2023-02-19 04:00:00,2023-02-19,04:00:00,50.167,50.0,0.0,0.0,0.0,0.0,-6.53
2023-02-19 04:30:00,2023-02-19,04:30:00,50.188,50.0,0.0,0.0,0.0,0.0,-6.54
2023-02-19 05:00:00,2023-02-19,05:00:00,50.208,50.0,0.0,0.0,0.0,0.0,-6.62
2023-02-19 05:30:00,2023-02-19,05:30:00,50.229,50.0,0.0,0.0,0.0,0.0,-6.71
2023-02-19 06:00:00,2023-02-19,06:00:00,50.25,50.0,0.0,0.0,0.0,0.0,-6.91
2023-02-19 06:30:00,2023-02-19,06:30:00,50.271,50.0,0.0,0.0,0.0,0.0,-7.06
2023-02-19 07:00:00,2023-02-19,07:00:00,50.292,50.0,0.0,0.0,0.0,0.0,-6.75
2023-02-19 07:30:00,2023-02-19,07:30:00,50.312,50.0,0.0,0.0,0.0,0.0,-6.39
2023-02-19 08:00:00,2023-02-19,08:00:00,50.333,50.0,0.0,0.0,0.0,0.0,-5.55
2023-02-19 08:30:00,2023-02-19,08:30:00,50.354,50.0,0.0,0.0,0.0,0.0,-5.35
2023-02-19 09:00:00,2023-02-19,09:00:00,50.375,50.0,0.0,0.0,0.0,0.0,-5.66
2023-02-19 09:30:00,2023-02-19,09:30:00,50.396,50.0,0.45,0.45,0.45,0.46,-5.39
2023-02-19 10:00:00,2023-02-19,10:00:00,50.417,50.0,0.25,0.25,0.24,0.26,-4.6
2023-02-19 10:30:00,2023-02-19,10:30:00,50.438,50.0,0.23,0.23,0.22,0.23,-2.81
2023-02-19 11:00:00,2023-02-19,11:00:00,50.458,50.0,0.0,0.0,0.0,0.0,-1.83
2023-02-19 11:30:00,2023-02-19,11:30:00,50.479,50.0,0.14,0.0,0.2,0.2,-2.75
2023-02-19 12:00:00,2023-02-19,12:00:00,50.5,50.0,0.24,0.23,0.24,0.25,-3.2
2023-02-19 12:30:00,2023-02-19,12:30:00,50.521,50.0,0.0,0.0,0.0,0.0,-3.17
2023-02-19 13:00:00,2023-02-19,13:00:00,50.542,50.0,0.0,0.0,0.0,0.0,-2.12
2023-02-19 13:30:00,2023-02-19,13:30:00,50.562,50.0,0.0,0.0,0.0,0.0,-1.72
2023-02-19 14:00:00,2023-02-19,14:00:00,50.583,50.0,0.0,0.0,0.0,0.0,-0.06
2023-02-19 14:30:00,2023-02-19,14:30:00,50.604,50.0,0.0,0.0,0.0,0.0,-0.23
2023-02-19 15:00:00,2023-02-19,15:00:00,50.625,50.0,0.0,0.0,0.0,0.0,-0.57
2023-02-19 15:30:00,2023-02-19,15:30:00,50.646,50.0,0.0,0.0,0.0,0.0,-0.99
2023-02-19 16:00:00,2023-02-19,16:00:00,50.667,50.0,0.0,0.0,0.0,0.0,-5.27
2023-02-19 16:30:00,2023-02-19,16:30:00,50.688,50.0,0.0,0.0,0.0,0.0,-7.28
2023-02-19 17:00:00,2023-02-19,17:00:00,50.708,50.0,0.0,0.0,0.0,0.0,-7.47
2023-02-19 17:30:00,2023-02-19,17:30:00,50.729,50.0,0.0,0.0,0.0,0.0,-7.77
2023-02-19 18:00:00,2023-02-19,18:00:00,50.75,50.0,0.0,0.0,0.0,0.0,-8.26
2023-02-19 18:30:00,2023-02-19,18:30:00,50.771,50.0,0.0,0.0,0.0,0.0,-8.27
2023-02-19 19:00:00,2023-02-19,19:00:00,50.792,50.0,0.0,0.0,0.0,0.0,-8.02
2023-02-19 19:30:00,2023-02-19,19:30:00,50.812,50.0,0.0,0.0,0.0,0.0,-8.3
2023-02-19 20:00:00,2023-02-19,20:00:00,50.833,50.0,0.0,0.0,0.0,0.0,-9.2
2023-02-19 20:30:00,2023-02-19,20:30:00,50.854,50.0,0.0,0.0,0.0,0.0,-9.61
2023-02-19 21:00:00,2023-02-19,21:00:00,50.875,50.0,0.0,0.0,0.0,0.0,-9.15
2023-02-19 21:30:00,2023-02-19,21:30:00,50.896,50.0,0.0,0.0,0.0,0.0,-10.1
2023-02-19 22:00:00,2023-02-19,22:00:00,50.917,50.0,0.0,0.0,0.0,0.0,-10.31
2023-02-19 22:30:00,2023-02-19,22:30:00,50.938,50.0,0.0,0.0,0.0,0.0,-10.09
2023-02-19 23:00:00,2023-02-19,23:00:00,50.958,50.0,0.0,0.0,0.0,0.0,-8.88
2023-02-19 23:30:00,2023-02-19,23:30:00,50.979,50.0,0.0,0.0,0.0,0.0,-9.12
2023-02-20 00:00:00,2023-02-20,00:00:00,51.0,51.0,0.0,0.0,0.0,0.0,-8.58
2023-02-20 00:30:00,2023-02-20,00:30:00,51.021,51.0,0.0,0.0,0.0,0.0,-8.74
2023-02-20 01:00:00,2023-02-20,01:00:00,51.042,51.0,0.0,0.0,0.0,0.0,-7.69
2023-02-20 01:30:00,2023-02-20,01:30:00,51.062,51.0,0.0,0.0,0.0,0.0,-7.11
2023-02-20 02:00:00,2023-02-20,02:00:00,51.083,51.0,0.0,0.0,0.0,0.0,-6.54
2023-02-20 02:30:00,2023-02-20,02:30:00,51.104,51.0,0.0,0.0,0.0,0.0,-6.64
2023-02-20 03:00:00,2023-02-20,03:00:00,51.125,51.0,0.0,0.0,0.0,0.0,-6.79
2023-02-20 03:30:00,2023-02-20,03:30:00,51.146,51.0,0.0,0.0,0.0,0.0,-6.38
2023-02-20 04:00:00,2023-02-20,04:00:00,51.167,51.0,0.0,0.0,0.0,0.0,-5.56
2023-02-20 04:30:00,2023-02-20,04:30:00,51.188,51.0,0.0,0.0,0.0,0.0,-5.16
2023-02-20 05:00:00,2023-02-20,05:00:00,51.208,51.0,0.0,0.0,0.0,0.0,-5.32
2023-02-20 05:30:00,2023-02-20,05:30:00,51.229,51.0,0.0,0.0,0.0,0.0,-5.57
2023-02-20 06:00:00,2023-02-20,06:00:00,51.25,51.0,0.0,0.0,0.0,0.0,-5.46
2023-02-20 06:30:00,2023-02-20,06:30:00,51.271,51.0,0.0,0.0,0.0,0.0,-5.51
2023-02-20 07:00:00,2023-02-20,07:00:00,51.292,51.0,0.0,0.0,0.0,0.0,-5.16
2023-02-20 07:30:00,2023-02-20,07:30:00,51.312,51.0,0.0,0.0,0.0,0.0,-3.26
2023-02-20 08:00:00,2023-02-20,08:00:00,51.333,51.0,0.0,0.0,0.0,0.0,0.21
2023-02-20 08:30:00,2023-02-20,08:30:00,51.354,51.0,0.0,0.0,0.0,0.0,-0.7
2023-02-20 09:00:00,2023-02-20,09:00:00,51.375,51.0,0.0,0.0,0.0,0.0,-1.04
2023-02-20 09:30:00,2023-02-20,09:30:00,51.396,51.0,0.0,0.0,0.0,0.0,-0.6
2023-02-20 10:00:00,2023-02-20,10:00:00,51.417,51.0,0.0,0.0,0.0,0.0,-0.91
2023-02-20 10:30:00,2023-02-20,10:30:00,51.438,51.0,0.0,0.0,0.0,0.0,-1.42
2023-02-20 11:00:00,2023-02-20,11:00:00,51.458,51.0,0.32,0.31,0.31,0.32,-1.27
2023-02-20 11:30:00,2023-02-20,11:30:00,51.479,51.0,0.61,0.61,0.6,0.62,-0.71
2023-02-20 12:00:00,2023-02-20,12:00:00,51.5,51.0,0.41,0.4,0.41,0.42,0.12
2023-02-20 12:30:00,2023-02-20,12:30:00,51.521,51.0,0.0,0.0,0.0,0.0,-0.52
2023-02-20 13:00:00,2023-02-20,13:00:00,51.542,51.0,0.0,0.0,0.0,0.0,-1.06
2023-02-20 13:30:00,2023-02-20,13:30:00,51.562,51.0,0.0,0.0,0.0,0.0,-0.49
2023-02-20 14:00:00,2023-02-20,14:00:00,51.583,51.0,0.0,0.0,0.0,0.0,0.21
2023-02-20 14:30:00,2023-02-20,14:30:00,51.604,51.0,0.0,0.0,0.0,0.0,0.01
2023-02-20 15:00:00,2023-02-20,15:00:00,51.625,51.0,0.0,0.0,0.0,0.0,-0.66
2023-02-20 15:30:00,2023-02-20,15:30:00,51.646,51.0,0.0,0.0,0.0,0.0,-1.14
2023-02-20 16:00:00,2023-02-20,16:00:00,51.667,51.0,0.0,0.0,0.0,0.0,-1.77
2023-02-20 16:30:00,2023-02-20,16:30:00,51.688,51.0,0.0,0.0,0.0,0.0,-2.56
2023-02-20 17:00:00,2023-02-20,17:00:00,51.708,51.0,0.0,0.0,0.0,0.0,-3.16
2023-02-20 17:30:00,2023-02-20,17:30:00,51.729,51.0,0.0,0.0,0.0,0.0,-4.08
2023-02-20 18:00:00,2023-02-20,18:00:00,51.75,51.0,0.0,0.0,0.0,0.0,-4.47
2023-02-20 18:30:00,2023-02-20,18:30:00,51.771,51.0,0.0,0.0,0.0,0.0,-4.83
2023-02-20 19:00:00,2023-02-20,19:00:00,51.792,51.0,0.0,0.0,0.0,0.0,-5.09
2023-02-20 19:30:00,2023-02-20,19:30:00,51.812,51.0,0.0,0.0,0.0,0.0,-5.51
2023-02-20 20:00:00,2023-02-20,20:00:00,51.833,51.0,0.0,0.0,0.0,0.0,-5.75
2023-02-20 20:30:00,2023-02-20,20:30:00,51.854,51.0,0.0,0.0,0.0,0.0,-5.85
2023-02-20 21:00:00,2023-02-20,21:00:00,51.875,51.0,0.0,0.0,0.0,0.0,-5.89
2023-02-20 21:30:00,2023-02-20,21:30:00,51.896,51.0,0.0,0.0,0.0,0.0,-6.42
2023-02-20 22:00:00,2023-02-20,22:00:00,51.917,51.0,0.0,0.0,0.0,0.0,-6.73
2023-02-20 22:30:00,2023-02-20,22:30:00,51.938,51.0,0.0,0.0,0.0,0.0,-4.65
2023-02-20 23:00:00,2023-02-20,23:00:00,51.958,51.0,0.0,0.0,0.0,0.0,-4.53
2023-02-20 23:30:00,2023-02-20,23:30:00,51.979,51.0,0.0,0.0,0.0,0.0,-5.35
2023-02-21 00:00:00,2023-02-21,00:00:00,52.0,52.0,0.0,0.0,0.0,0.0,-5.72
2023-02-21 00:30:00,2023-02-21,00:30:00,52.021,52.0,0.0,0.0,0.0,0.0,-5.93
2023-02-21 01:00:00,2023-02-21,01:00:00,52.042,52.0,0.0,0.0,0.0,0.0,-6.31
2023-02-21 01:30:00,2023-02-21,01:30:00,52.062,52.0,0.0,0.0,0.0,0.0,-5.96
2023-02-21 02:00:00,2023-02-21,02:00:00,52.083,52.0,0.0,0.0,0.0,0.0,-6.66
2023-02-21 02:30:00,2023-02-21,02:30:00,52.104,52.0,0.0,0.0,0.0,0.0,-7.62
2023-02-21 03:00:00,2023-02-21,03:00:00,52.125,52.0,0.0,0.0,0.0,0.0,-7.74
2023-02-21 03:30:00,2023-02-21,03:30:00,52.146,52.0,0.0,0.0,0.0,0.0,-7.74
2023-02-21 04:00:00,2023-02-21,04:00:00,52.167,52.0,0.0,0.0,0.0,0.0,-8.7
2023-02-21 04:30:00,2023-02-21,04:30:00,52.188,52.0,0.0,0.0,0.0,0.0,-9.89
2023-02-21 05:00:00,2023-02-21,05:00:00,52.208,52.0,0.0,0.0,0.0,0.0,-10.42
2023-02-21 05:30:00,2023-02-21,05:30:00,52.229,52.0,0.0,0.0,0.0,0.0,-9.57
2023-02-21 06:00:00,2023-02-21,06:00:00,52.25,52.0,0.0,0.0,0.0,0.0,-8.79
2023-02-21 06:30:00,2023-02-21,06:30:00,52.271,52.0,0.0,0.0,0.0,0.0,-8.25
2023-02-21 07:00:00,2023-02-21,07:00:00,52.292,52.0,0.0,0.0,0.0,0.0,-7.33
2023-02-21 07:30:00,2023-02-21,07:30:00,52.312,52.0,0.0,0.0,0.0,0.0,-7.15
2023-02-21 08:00:00,2023-02-21,08:00:00,52.333,52.0,0.0,0.0,0.0,0.0,-6.58
2023-02-21 08:30:00,2023-02-21,08:30:00,52.354,52.0,0.0,0.0,0.0,0.0,-4.36
2023-02-21 09:00:00,2023-02-21,09:00:00,52.375,52.0,0.0,0.0,0.0,0.0,-2.36
2023-02-21 09:30:00,2023-02-21,09:30:00,52.396,52.0,0.0,0.0,0.0,0.0,2.53
2023-02-21 10:00:00,2023-02-21,10:00:00,52.417,52.0,0.0,0.0,0.0,0.0,5.34
2023-02-21 10:30:00,2023-02-21,10:30:00,52.438,52.0,0.0,0.0,0.0,0.0,8.17
2023-02-21 11:00:00,2023-02-21,11:00:00,52.458,52.0,0.0,0.0,0.0,0.0,9.87
2023-02-21 11:30:00,2023-02-21,11:30:00,52.479,52.0,0.0,0.0,0.0,0.0,10.02
2023-02-21 12:00:00,2023-02-21,12:00:00,52.5,52.0,0.0,0.0,0.0,0.0,9.89
2023-02-21 12:30:00,2023-02-21,12:30:00,52.521,52.0,0.0,0.0,0.0,0.0,10.19
2023-02-21 13:00:00,2023-02-21,13:00:00,52.542,52.0,0.0,0.0,0.0,0.0,9.26
2023-02-21 13:30:00,2023-02-21,13:30:00,52.562,52.0,0.0,0.0,0.0,0.0,9.01
2023-02-21 14:00:00,2023-02-21,14:00:00,52.583,52.0,0.0,0.0,0.0,0.0,9.53
2023-02-21 14:30:00,2023-02-21,14:30:00,52.604,52.0,0.0,0.0,0.0,0.0,3.8
2023-02-21 15:00:00,2023-02-21,15:00:00,52.625,52.0,0.0,0.0,0.0,0.0,1.97
2023-02-21 15:30:00,2023-02-21,15:30:00,52.646,52.0,0.0,0.0,0.0,0.0,0.34
2023-02-21 16:00:00,2023-02-21,16:00:00,52.667,52.0,0.0,0.0,0.0,0.0,-0.42
2023-02-21 16:30:00,2023-02-21,16:30:00,52.688,52.0,0.0,0.0,0.0,0.0,-2.94
2023-02-21 17:00:00,2023-02-21,17:00:00,52.708,52.0,0.0,0.0,0.0,0.0,-3.3
2023-02-21 17:30:00,2023-02-21,17:30:00,52.729,52.0,0.0,0.0,0.0,0.0,-2.38
2023-02-21 18:00:00,2023-02-21,18:00:00,52.75,52.0,0.0,0.0,0.0,0.0,-2.4
2023-02-21 18:30:00,2023-02-21,18:30:00,52.771,52.0,0.0,0.0,0.0,0.0,-2.7
2023-02-21 19:00:00,2023-02-21,19:00:00,52.792,52.0,0.0,0.0,0.0,0.0,-3.0
2023-02-21 19:30:00,2023-02-21,19:30:00,52.812,52.0,0.0,0.0,0.0,0.0,-3.23
2023-02-21 20:00:00,2023-02-21,20:00:00,52.833,52.0,0.0,0.0,0.0,0.0,-3.74
2023-02-21 20:30:00,2023-02-21,20:30:00,52.854,52.0,0.0,0.0,0.0,0.0,-2.54
2023-02-21 21:00:00,2023-02-21,21:00:00,52.875,52.0,0.32,0.32,0.32,0.32,-4.25
2023-02-21 21:30:00,2023-02-21,21:30:00,52.896,52.0,0.41,0.41,0.4,0.41,-4.45
2023-02-21 22:00:00,2023-02-21,22:00:00,52.917,52.0,0.53,0.54,0.52,0.54,-4.63
2023-02-21 22:30:00,2023-02-21,22:30:00,52.938,52.0,0.6,0.6,0.59,0.6,-4.74
2023-02-21 23:00:00,2023-02-21,23:00:00,52.958,52.0,0.61,0.62,0.6,0.62,-4.71
2023-02-21 23:30:00,2023-02-21,23:30:00,52.979,52.0,0.67,0.67,0.67,0.67,-4.79
2023-02-22 00:00:00,2023-02-22,00:00:00,53.0,53.0,0.69,0.7,0.68,0.7,-4.79
2023-02-22 00:30:00,2023-02-22,00:30:00,53.021,53.0,0.84,0.87,0.85,0.82,-4.82
2023-02-22 01:00:00,2023-02-22,01:00:00,53.042,53.0,0.71,0.73,0.72,0.68,-4.86
2023-02-22 01:30:00,2023-02-22,01:30:00,53.062,53.0,0.82,0.84,0.83,0.79,-4.84
2023-02-22 02:00:00,2023-02-22,02:00:00,53.083,53.0,0.94,0.96,0.94,0.91,-4.82
2023-02-22 02:30:00,2023-02-22,02:30:00,53.104,53.0,0.64,0.66,0.64,0.62,-4.91
2023-02-22 03:00:00,2023-02-22,03:00:00,53.125,53.0,0.22,0.23,0.23,0.21,-5.01
2023-02-22 03:30:00,2023-02-22,03:30:00,53.146,53.0,0.64,0.65,0.64,0.61,-4.98
2023-02-22 04:00:00,2023-02-22,04:00:00,53.167,53.0,1.15,1.18,1.16,1.11,-5.01
2023-02-22 04:30:00,2023-02-22,04:30:00,53.188,53.0,0.71,0.73,0.72,0.69,-5.09
2023-02-22 05:00:00,2023-02-22,05:00:00,53.208,53.0,0.52,0.53,0.53,0.5,-5.18
2023-02-22 05:30:00,2023-02-22,05:30:00,53.229,53.0,0.64,0.66,0.64,0.62,-5.22
2023-02-22 06:00:00,2023-02-22,06:00:00,53.25,53.0,0.49,0.51,0.5,0.48,-5.25
2023-02-22 06:30:00,2023-02-22,06:30:00,53.271,53.0,0.29,0.29,0.29,0.28,-5.33
2023-02-22 07:00:00,2023-02-22,07:00:00,53.292,53.0,0.24,0.25,0.25,0.23,-4.95
2023-02-22 07:30:00,2023-02-22,07:30:00,53.312,53.0,0.0,0.0,0.0,0.0,-4.5
2023-02-22 08:00:00,2023-02-22,08:00:00,53.333,53.0,0.0,0.0,0.0,0.0,-3.93
2023-02-22 08:30:00,2023-02-22,08:30:00,53.354,53.0,0.0,0.0,0.0,0.0,-3.08
2023-02-22 09:00:00,2023-02-22,09:00:00,53.375,53.0,0.0,0.0,0.0,0.0,-3.68
2023-02-22 09:30:00,2023-02-22,09:30:00,53.396,53.0,0.0,0.0,0.0,0.0,-4.36
2023-02-22 10:00:00,2023-02-22,10:00:00,53.417,53.0,0.71,0.73,0.71,0.69,-4.42
2023-02-22 10:30:00,2023-02-22,10:30:00,53.438,53.0,0.51,0.52,0.54,0.48,-4.76
2023-02-22 11:00:00,2023-02-22,11:00:00,53.458,53.0,2.14,2.19,2.16,2.06,-5.41
2023-02-22 11:30:00,2023-02-22,11:30:00,53.479,53.0,1.23,1.26,1.25,1.18,-5.5
2023-02-22 12:00:00,2023-02-22,12:00:00,53.5,53.0,0.58,0.59,0.59,0.56,-4.91
2023-02-22 12:30:00,2023-02-22,12:30:00,53.521,53.0,0.0,0.0,0.0,0.0,-3.84
2023-02-22 13:00:00,2023-02-22,13:00:00,53.542,53.0,0.0,0.0,0.0,0.0,-3.56
2023-02-22 13:30:00,2023-02-22,13:30:00,53.562,53.0,0.0,0.0,0.0,0.0,-4.4
2023-02-22 14:00:00,2023-02-22,14:00:00,53.583,53.0,0.0,0.0,0.0,0.0,-5.03
2023-02-22 14:30:00,2023-02-22,14:30:00,53.604,53.0,0.0,0.0,0.0,0.0,-4.18
2023-02-22 15:00:00,2023-02-22,15:00:00,53.625,53.0,0.0,0.0,0.0,0.0,-6.41
2023-02-22 15:30:00,2023-02-22,15:30:00,53.646,53.0,0.0,0.0,0.0,0.0,-7.33
2023-02-22 16:00:00,2023-02-22,16:00:00,53.667,53.0,0.0,0.0,0.0,0.0,-8.95
2023-02-22 16:30:00,2023-02-22,16:30:00,53.688,53.0,0.28,0.28,0.29,0.26,-10.19
2023-02-22 17:00:00,2023-02-22,17:00:00,53.708,53.0,0.24,0.24,0.26,0.23,-10.73
2023-02-22 17:30:00,2023-02-22,17:30:00,53.729,53.0,0.37,0.38,0.37,0.36,-11.24
2023-02-22 18:00:00,2023-02-22,18:00:00,53.75,53.0,1.1,1.13,1.12,1.06,-11.83
2023-02-22 18:30:00,2023-02-22,18:30:00,53.771,53.0,0.78,0.8,0.79,0.75,-12.33
2023-02-22 19:00:00,2023-02-22,19:00:00,53.792,53.0,0.42,0.42,0.43,0.4,-12.54
2023-02-22 19:30:00,2023-02-22,19:30:00,53.812,53.0,0.92,0.95,0.93,0.89,-12.66
2023-02-22 20:00:00,2023-02-22,20:00:00,53.833,53.0,0.0,0.0,0.0,0.0,-12.83
2023-02-22 20:30:00,2023-02-22,20:30:00,53.854,53.0,0.0,0.0,0.0,0.0,-12.95
2023-02-22 21:00:00,2023-02-22,21:00:00,53.875,53.0,0.46,0.48,0.47,0.45,-13.11
2023-02-22 21:30:00,2023-02-22,21:30:00,53.896,53.0,0.34,0.35,0.34,0.33,-13.37
2023-02-22 22:00:00,2023-02-22,22:00:00,53.917,53.0,0.0,0.0,0.0,0.0,-13.61
2023-02-22 22:30:00,2023-02-22,22:30:00,53.938,53.0,0.39,0.4,0.39,0.38,-13.87
2023-02-22 23:00:00,2023-02-22,23:00:00,53.958,53.0,0.29,0.3,0.3,0.28,-14.19
2023-02-22 23:30:00,2023-02-22,23:30:00,53.979,53.0,0.0,0.0,0.0,0.0,-14.45
2023-02-23 00:00:00,2023-02-23,00:00:00,54.0,54.0,0.0,0.0,0.0,0.0,-14.44
2023-02-23 00:30:00,2023-02-23,00:30:00,54.021,54.0,0.0,0.0,0.0,0.0,-14.56
2023-02-23 01:00:00,2023-02-23,01:00:00,54.042,54.0,0.0,0.0,0.0,0.0,-14.66
2023-02-23 01:30:00,2023-02-23,01:30:00,54.062,54.0,0.25,0.25,0.24,0.25,-14.77
2023-02-23 02:00:00,2023-02-23,02:00:00,54.083,54.0,0.0,0.0,0.0,0.0,-14.9
2023-02-23 02:30:00,2023-02-23,02:30:00,54.104,54.0,0.0,0.0,0.0,0.0,-14.96
2023-02-23 03:00:00,2023-02-23,03:00:00,54.125,54.0,0.2,0.2,0.21,0.2,-15.08
2023-02-23 03:30:00,2023-02-23,03:30:00,54.146,54.0,0.33,0.33,0.32,0.34,-15.15
2023-02-23 04:00:00,2023-02-23,04:00:00,54.167,54.0,0.0,0.0,0.0,0.0,-15.08
2023-02-23 04:30:00,2023-02-23,04:30:00,54.188,54.0,0.0,0.0,0.0,0.0,-15.1
2023-02-23 05:00:00,2023-02-23,05:00:00,54.208,54.0,0.0,0.0,0.0,0.0,-15.43
2023-02-23 05:30:00,2023-02-23,05:30:00,54.229,54.0,0.0,0.0,0.0,0.0,-15.54
2023-02-23 06:00:00,2023-02-23,06:00:00,54.25,54.0,0.0,0.0,0.0,0.0,-15.67
2023-02-23 06:30:00,2023-02-23,06:30:00,54.271,54.0,0.0,0.0,0.0,0.0,-16.12
2023-02-23 07:00:00,2023-02-23,07:00:00,54.292,54.0,0.0,0.0,0.0,0.0,-16.09
2023-02-23 07:30:00,2023-02-23,07:30:00,54.312,54.0,0.0,0.0,0.0,0.0,-15.35
2023-02-23 08:00:00,2023-02-23,08:00:00,54.333,54.0,0.0,0.0,0.0,0.0,-14.0
2023-02-23 08:30:00,2023-02-23,08:30:00,54.354,54.0,0.0,0.0,0.0,0.0,-13.26
2023-02-23 09:00:00,2023-02-23,09:00:00,54.375,54.0,0.0,0.0,0.0,0.0,-12.05
2023-02-23 09:30:00,2023-02-23,09:30:00,54.396,54.0,0.0,0.0,0.0,0.0,-10.69
2023-02-23 10:00:00,2023-02-23,10:00:00,54.417,54.0,0.0,0.0,0.0,0.0,-10.13
2023-02-23 10:30:00,2023-02-23,10:30:00,54.438,54.0,0.21,0.2,0.21,0.21,-9.17
2023-02-23 11:00:00,2023-02-23,11:00:00,54.458,54.0,0.0,0.0,0.0,0.0,-7.61
2023-02-23 11:30:00,2023-02-23,11:30:00,54.479,54.0,0.0,0.0,0.0,0.0,-6.86
2023-02-23 12:00:00,2023-02-23,12:00:00,54.5,54.0,0.0,0.0,0.0,0.0,-6.41
2023-02-23 12:30:00,2023-02-23,12:30:00,54.521,54.0,0.0,0.0,0.0,0.0,-5.45
2023-02-23 13:00:00,2023-02-23,13:00:00,54.542,54.0,0.0,0.0,0.0,0.0,-4.45
2023-02-23 13:30:00,2023-02-23,13:30:00,54.562,54.0,0.0,0.0,0.0,0.0,-3.76
2023-02-23 14:00:00,2023-02-23,14:00:00,54.583,54.0,0.0,0.0,0.0,0.0,-4.43
2023-02-23 14:30:00,2023-02-23,14:30:00,54.604,54.0,0.0,0.0,0.0,0.0,-5.18
2023-02-23 15:00:00,2023-02-23,15:00:00,54.625,54.0,0.0,0.0,0.0,0.0,-5.63
2023-02-23 15:30:00,2023-02-23,15:30:00,54.646,54.0,0.0,0.0,0.0,0.0,-6.79
2023-02-23 16:00:00,2023-02-23,16:00:00,54.667,54.0,0.0,0.0,0.0,0.0,-7.79
2023-02-23 16:30:00,2023-02-23,16:30:00,54.688,54.0,0.0,0.0,0.0,0.0,-8.89
2023-02-23 17:00:00,2023-02-23,17:00:00,54.708,54.0,0.0,0.0,0.0,0.0,-9.6
2023-02-23 17:30:00,2023-02-23,17:30:00,54.729,54.0,0.0,0.0,0.0,0.0,-10.57
2023-02-23 18:00:00,2023-02-23,18:00:00,54.75,54.0,0.0,0.0,0.0,0.0,-10.93
2023-02-23 18:30:00,2023-02-23,18:30:00,54.771,54.0,0.0,0.0,0.0,0.0,-11.11
2023-02-23 19:00:00,2023-02-23,19:00:00,54.792,54.0,0.0,0.0,0.0,0.0,-11.82
2023-02-23 19:30:00,2023-02-23,19:30:00,54.812,54.0,0.0,0.0,0.0,0.0,-12.88
2023-02-23 20:00:00,2023-02-23,20:00:00,54.833,54.0,0.0,0.0,0.0,0.0,-13.57
2023-02-23 20:30:00,2023-02-23,20:30:00,54.854,54.0,0.0,0.0,0.0,0.0,-13.59
2023-02-23 21:00:00,2023-02-23,21:00:00,54.875,54.0,0.0,0.0,0.0,0.0,-14.05
2023-02-23 21:30:00,2023-02-23,21:30:00,54.896,54.0,0.0,0.0,0.0,0.0,-14.13
2023-02-23 22:00:00,2023-02-23,22:00:00,54.917,54.0,0.0,0.0,0.0,0.0,-14.1
2023-02-23 22:30:00,2023-02-23,22:30:00,54.938,54.0,0.0,0.0,0.0,0.0,-14.01
2023-02-23 23:00:00,2023-02-23,23:00:00,54.958,54.0,0.0,0.0,0.0,0.0,-13.96
2023-02-23 23:30:00,2023-02-23,23:30:00,54.979,54.0,0.0,0.0,0.0,0.0,-15.37
2023-02-24 00:00:00,2023-02-24,00:00:00,55.0,55.0,0.0,0.0,0.0,0.0,-15.61
2023-02-24 00:30:00,2023-02-24,00:30:00,55.021,55.0,0.0,0.0,0.0,0.0,-17.26
2023-02-24 01:00:00,2023-02-24,01:00:00,55.042,55.0,0.0,0.0,0.0,0.0,-16.7
2023-02-24 01:30:00,2023-02-24,01:30:00,55.062,55.0,0.0,0.0,0.0,0.0,-16.41
2023-02-24 02:00:00,2023-02-24,02:00:00,55.083,55.0,0.0,0.0,0.0,0.0,-16.38
2023-02-24 02:30:00,2023-02-24,02:30:00,55.104,55.0,0.0,0.0,0.0,0.0,-16.49
2023-02-24 03:00:00,2023-02-24,03:00:00,55.125,55.0,0.0,0.0,0.0,0.0,-16.63
2023-02-24 03:30:00,2023-02-24,03:30:00,55.146,55.0,0.0,0.0,0.0,0.0,-15.87
2023-02-24 04:00:00,2023-02-24,04:00:00,55.167,55.0,0.0,0.0,0.0,0.0,-15.2
2023-02-24 04:30:00,2023-02-24,04:30:00,55.188,55.0,0.0,0.0,0.0,0.0,-14.61
2023-02-24 05:00:00,2023-02-24,05:00:00,55.208,55.0,0.0,0.0,0.0,0.0,-14.15
2023-02-24 05:30:00,2023-02-24,05:30:00,55.229,55.0,0.0,0.0,0.0,0.0,-13.61
2023-02-24 06:00:00,2023-02-24,06:00:00,55.25,55.0,0.0,0.0,0.0,0.0,-13.02
2023-02-24 06:30:00,2023-02-24,06:30:00,55.271,55.0,0.0,0.0,0.0,0.0,-12.56
2023-02-24 07:00:00,2023-02-24,07:00:00,55.292,55.0,0.28,0.3,0.3,0.23,-11.22
2023-02-24 07:30:00,2023-02-24,07:30:00,55.312,55.0,0.44,0.48,0.47,0.37,-9.87
2023-02-24 08:00:00,2023-02-24,08:00:00,55.333,55.0,0.95,1.04,0.99,0.82,-9.62
2023-02-24 08:30:00,2023-02-24,08:30:00,55.354,55.0,0.4,0.43,0.42,0.34,-8.83
2023-02-24 09:00:00,2023-02-24,09:00:00,55.375,55.0,0.48,0.52,0.51,0.41,-7.17
2023-02-24 09:30:00,2023-02-24,09:30:00,55.396,55.0,0.29,0.31,0.31,0.25,-6.53
2023-02-24 10:00:00,2023-02-24,10:00:00,55.417,55.0,0.82,0.9,0.87,0.7,-6.72
2023-02-24 10:30:00,2023-02-24,10:30:00,55.438,55.0,0.34,0.37,0.37,0.29,-5.78
2023-02-24 11:00:00,2023-02-24,11:00:00,55.458,55.0,0.0,0.0,0.0,0.0,-4.8
2023-02-24 11:30:00,2023-02-24,11:30:00,55.479,55.0,0.0,0.0,0.0,0.0,-4.7
2023-02-24 12:00:00,2023-02-24,12:00:00,55.5,55.0,0.0,0.0,0.0,0.0,-3.05
2023-02-24 12:30:00,2023-02-24,12:30:00,55.521,55.0,0.0,0.0,0.0,0.0,-1.51
2023-02-24 13:00:00,2023-02-24,13:00:00,55.542,55.0,0.0,0.0,0.0,0.0,-1.08
2023-02-24 13:30:00,2023-02-24,13:30:00,55.562,55.0,0.0,0.0,0.0,0.0,-1.62
2023-02-24 14:00:00,2023-02-24,14:00:00,55.583,55.0,0.0,0.0,0.0,0.0,-0.83
2023-02-24 14:30:00,2023-02-24,14:30:00,55.604,55.0,0.0,0.0,0.0,0.0,-0.81
2023-02-24 15:00:00,2023-02-24,15:00:00,55.625,55.0,0.0,0.0,0.0,0.0,-1.57
2023-02-24 15:30:00,2023-02-24,15:30:00,55.646,55.0,0.0,0.0,0.0,0.0,-2.41
2023-02-24 16:00:00,2023-02-24,16:00:00,55.667,55.0,0.0,0.0,0.0,0.0,-4.88
2023-02-24 16:30:00,2023-02-24,16:30:00,55.688,55.0,0.0,0.0,0.0,0.0,-6.99
2023-02-24 17:00:00,2023-02-24,17:00:00,55.708,55.0,0.0,0.0,0.0,0.0,-8.54
2023-02-24 17:30:00,2023-02-24,17:30:00,55.729,55.0,0.0,0.0,0.0,0.0,-10.4
2023-02-24 18:00:00,2023-02-24,18:00:00,55.75,55.0,0.0,0.0,0.0,0.0,-11.83
2023-02-24 18:30:00,2023-02-24,18:30:00,55.771,55.0,0.0,0.0,0.0,0.0,-11.77
2023-02-24 19:00:00,2023-02-24,19:00:00,55.792,55.0,0.0,0.0,0.0,0.0,-12.66
2023-02-24 19:30:00,2023-02-24,19:30:00,55.812,55.0,0.0,0.0,0.0,0.0,-13.17
2023-02-24 20:00:00,2023-02-24,20:00:00,55.833,55.0,0.0,0.0,0.0,0.0,-13.41
2023-02-24 20:30:00,2023-02-24,20:30:00,55.854,55.0,0.0,0.0,0.0,0.0,-14.87
2023-02-24 21:00:00,2023-02-24,21:00:00,55.875,55.0,0.0,0.0,0.0,0.0,-14.58
2023-02-24 21:30:00,2023-02-24,21:30:00,55.896,55.0,0.0,0.0,0.0,0.0,-14.41
2023-02-24 22:00:00,2023-02-24,22:00:00,55.917,55.0,0.0,0.0,0.0,0.0,-13.74
2023-02-24 22:30:00,2023-02-24,22:30:00,55.938,55.0,0.0,0.0,0.0,0.0,-13.47
2023-02-24 23:00:00,2023-02-24,23:00:00,55.958,55.0,0.0,0.0,0.0,0.0,-13.19
2023-02-24 23:30:00,2023-02-24,23:30:00,55.979,55.0,0.0,0.0,0.0,0.0,-13.32
2023-02-25 00:00:00,2023-02-25,00:00:00,56.0,56.0,0.0,0.0,0.0,0.0,-13.17
2023-02-25 00:30:00,2023-02-25,00:30:00,56.021,56.0,0.0,0.0,0.0,0.0,-11.33
2023-02-25 01:00:00,2023-02-25,01:00:00,56.042,56.0,0.0,0.0,0.0,0.0,-10.74
2023-02-25 01:30:00,2023-02-25,01:30:00,56.062,56.0,0.0,0.0,0.0,0.0,-10.64
2023-02-25 02:00:00,2023-02-25,02:00:00,56.083,56.0,0.0,0.0,0.0,0.0,-10.82
2023-02-25 02:30:00,2023-02-25,02:30:00,56.104,56.0,0.0,0.0,0.0,0.0,-11.33
2023-02-25 03:00:00,2023-02-25,03:00:00,56.125,56.0,0.0,0.0,0.0,0.0,-11.77
2023-02-25 03:30:00,2023-02-25,03:30:00,56.146,56.0,0.0,0.0,0.0,0.0,-11.74
2023-02-25 04:00:00,2023-02-25,04:00:00,56.167,56.0,0.0,0.0,0.0,0.0,-12.4
2023-02-25 04:30:00,2023-02-25,04:30:00,56.188,56.0,0.0,0.0,0.0,0.0,-13.85
2023-02-25 05:00:00,2023-02-25,05:00:00,56.208,56.0,0.0,0.0,0.0,0.0,-14.39
2023-02-25 05:30:00,2023-02-25,05:30:00,56.229,56.0,0.0,0.0,0.0,0.0,-14.34
2023-02-25 06:00:00,2023-02-25,06:00:00,56.25,56.0,0.0,0.0,0.0,0.0,-14.29
2023-02-25 06:30:00,2023-02-25,06:30:00,56.271,56.0,0.0,0.0,0.0,0.0,-13.74
2023-02-25 07:00:00,2023-02-25,07:00:00,56.292,56.0,0.0,0.0,0.0,0.0,-12.55
2023-02-25 07:30:00,2023-02-25,07:30:00,56.312,56.0,0.0,0.0,0.0,0.0,-10.65
2023-02-25 08:00:00,2023-02-25,08:00:00,56.333,56.0,0.0,0.0,0.0,0.0,-7.41
2023-02-25 08:30:00,2023-02-25,08:30:00,56.354,56.0,0.0,0.0,0.0,0.0,-3.74
2023-02-25 09:00:00,2023-02-25,09:00:00,56.375,56.0,0.0,0.0,0.0,0.0,-0.74
2023-02-25 09:30:00,2023-02-25,09:30:00,56.396,56.0,0.0,0.0,0.0,0.0,-0.38
2023-02-25 10:00:00,2023-02-25,10:00:00,56.417,56.0,0.0,0.0,0.0,0.0,2.46
2023-02-25 10:30:00,2023-02-25,10:30:00,56.438,56.0,0.0,0.0,0.0,0.0,5.07
2023-02-25 11:00:00,2023-02-25,11:00:00,56.458,56.0,0.0,0.0,0.0,0.0,5.8
2023-02-25 11:30:00,2023-02-25,11:30:00,56.479,56.0,0.0,0.0,0.0,0.0,8.19
2023-02-25 12:00:00,2023-02-25,12:00:00,56.5,56.0,0.0,0.0,0.0,0.0,9.92
2023-02-25 12:30:00,2023-02-25,12:30:00,56.521,56.0,0.0,0.0,0.0,0.0,9.53
2023-02-25 13:00:00,2023-02-25,13:00:00,56.542,56.0,0.0,0.0,0.0,0.0,9.64
2023-02-25 13:30:00,2023-02-25,13:30:00,56.562,56.0,0.0,0.0,0.0,0.0,9.08
2023-02-25 14:00:00,2023-02-25,14:00:00,56.583,56.0,0.0,0.0,0.0,0.0,8.21
2023-02-25 14:30:00,2023-02-25,14:30:00,56.604,56.0,0.0,0.0,0.0,0.0,6.72
2023-02-25 15:00:00,2023-02-25,15:00:00,56.625,56.0,0.0,0.0,0.0,0.0,6.43
2023-02-25 15:30:00,2023-02-25,15:30:00,56.646,56.0,0.0,0.0,0.0,0.0,5.79
2023-02-25 16:00:00,2023-02-25,16:00:00,56.667,56.0,0.0,0.0,0.0,0.0,3.4
2023-02-25 16:30:00,2023-02-25,16:30:00,56.688,56.0,0.0,0.0,0.0,0.0,-3.46
2023-02-25 17:00:00,2023-02-25,17:00:00,56.708,56.0,0.0,0.0,0.0,0.0,-6.75
2023-02-25 17:30:00,2023-02-25,17:30:00,56.729,56.0,0.0,0.0,0.0,0.0,-8.73
2023-02-25 18:00:00,2023-02-25,18:00:00,56.75,56.0,0.0,0.0,0.0,0.0,-9.58
2023-02-25 18:30:00,2023-02-25,18:30:00,56.771,56.0,0.0,0.0,0.0,0.0,-10.66
2023-02-25 19:00:00,2023-02-25,19:00:00,56.792,56.0,0.0,0.0,0.0,0.0,-11.56
2023-02-25 19:30:00,2023-02-25,19:30:00,56.812,56.0,0.0,0.0,0.0,0.0,-12.37
2023-02-25 20:00:00,2023-02-25,20:00:00,56.833,56.0,0.0,0.0,0.0,0.0,-13.17
2023-02-25 20:30:00,2023-02-25,20:30:00,56.854,56.0,0.0,0.0,0.0,0.0,-13.03
2023-02-25 21:00:00,2023-02-25,21:00:00,56.875,56.0,0.0,0.0,0.0,0.0,-14.53
2023-02-25 21:30:00,2023-02-25,21:30:00,56.896,56.0,0.0,0.0,0.0,0.0,-14.11
2023-02-25 22:00:00,2023-02-25,22:00:00,56.917,56.0,0.0,0.0,0.0,0.0,-14.24
2023-02-25 22:30:00,2023-02-25,22:30:00,56.938,56.0,0.0,0.0,0.0,0.0,-14.44
2023-02-25 23:00:00,2023-02-25,23:00:00,56.958,56.0,0.0,0.0,0.0,0.0,-14.03
2023-02-25 23:30:00,2023-02-25,23:30:00,56.979,56.0,0.0,0.0,0.0,0.0,-13.97
2023-02-26 00:00:00,2023-02-26,00:00:00,57.0,57.0,0.0,0.0,0.0,0.0,-13.96
2023-02-26 00:30:00,2023-02-26,00:30:00,57.021,57.0,0.0,0.0,0.0,0.0,-14.9
2023-02-26 01:00:00,2023-02-26,01:00:00,57.042,57.0,0.0,0.0,0.0,0.0,-15.28
2023-02-26 01:30:00,2023-02-26,01:30:00,57.062,57.0,0.0,0.0,0.0,0.0,-14.63
2023-02-26 02:00:00,2023-02-26,02:00:00,57.083,57.0,0.0,0.0,0.0,0.0,-15.31
2023-02-26 02:30:00,2023-02-26,02:30:00,57.104,57.0,0.0,0.0,0.0,0.0,-15.08
2023-02-26 03:00:00,2023-02-26,03:00:00,57.125,57.0,0.0,0.0,0.0,0.0,-14.54
2023-02-26 03:30:00,2023-02-26,03:30:00,57.146,57.0,0.0,0.0,0.0,0.0,-14.21
2023-02-26 04:00:00,2023-02-26,04:00:00,57.167,57.0,0.0,0.0,0.0,0.0,-13.28
2023-02-26 04:30:00,2023-02-26,04:30:00,57.188,57.0,0.0,0.0,0.0,0.0,-13.74
2023-02-26 05:00:00,2023-02-26,05:00:00,57.208,57.0,0.0,0.0,0.0,0.0,-13.86
2023-02-26 05:30:00,2023-02-26,05:30:00,57.229,57.0,0.0,0.0,0.0,0.0,-13.35
2023-02-26 06:00:00,2023-02-26,06:00:00,57.25,57.0,0.0,0.0,0.0,0.0,-12.46
2023-02-26 06:30:00,2023-02-26,06:30:00,57.271,57.0,0.0,0.0,0.0,0.0,-11.22
2023-02-26 07:00:00,2023-02-26,07:00:00,57.292,57.0,0.0,0.0,0.0,0.0,-11.13
2023-02-26 07:30:00,2023-02-26,07:30:00,57.312,57.0,0.0,0.0,0.0,0.0,-6.96
2023-02-26 08:00:00,2023-02-26,08:00:00,57.333,57.0,0.0,0.0,0.0,0.0,-4.82
2023-02-26 08:30:00,2023-02-26,08:30:00,57.354,57.0,0.0,0.0,0.0,0.0,-3.57
2023-02-26 09:00:00,2023-02-26,09:00:00,57.375,57.0,0.0,0.0,0.0,0.0,-0.77
2023-02-26 09:30:00,2023-02-26,09:30:00,57.396,57.0,0.0,0.0,0.0,0.0,1.62
2023-02-26 10:00:00,2023-02-26,10:00:00,57.417,57.0,0.0,0.0,0.0,0.0,1.1
2023-02-26 10:30:00,2023-02-26,10:30:00,57.438,57.0,0.0,0.0,0.0,0.0,1.28
2023-02-26 11:00:00,2023-02-26,11:00:00,57.458,57.0,0.0,0.0,0.0,0.0,1.11
2023-02-26 11:30:00,2023-02-26,11:30:00,57.479,57.0,0.0,0.0,0.0,0.0,-0.32
2023-02-26 12:00:00,2023-02-26,12:00:00,57.5,57.0,0.0,0.0,0.0,0.0,1.48
2023-02-26 12:30:00,2023-02-26,12:30:00,57.521,57.0,0.23,0.24,0.23,0.21,-0.71
2023-02-26 13:00:00,2023-02-26,13:00:00,57.542,57.0,0.71,0.74,0.73,0.67,-0.34
2023-02-26 13:30:00,2023-02-26,13:30:00,57.562,57.0,0.38,0.4,0.38,0.36,-0.61
2023-02-26 14:00:00,2023-02-26,14:00:00,57.583,57.0,0.43,0.45,0.44,0.4,-0.68
2023-02-26 14:30:00,2023-02-26,14:30:00,57.604,57.0,0.51,0.54,0.52,0.48,-1.19
2023-02-26 15:00:00,2023-02-26,15:00:00,57.625,57.0,0.86,0.89,0.88,0.8,-2.07
2023-02-26 15:30:00,2023-02-26,15:30:00,57.646,57.0,0.0,0.0,0.0,0.0,-1.68
2023-02-26 16:00:00,2023-02-26,16:00:00,57.667,57.0,0.0,0.0,0.0,0.0,-3.48
2023-02-26 16:30:00,2023-02-26,16:30:00,57.688,57.0,0.0,0.0,0.0,0.0,-4.82
2023-02-26 17:00:00,2023-02-26,17:00:00,57.708,57.0,0.0,0.0,0.0,0.0,-5.59
2023-02-26 17:30:00,2023-02-26,17:30:00,57.729,57.0,0.0,0.0,0.0,0.0,-6.21
2023-02-26 18:00:00,2023-02-26,18:00:00,57.75,57.0,0.0,0.0,0.0,0.0,-6.65
2023-02-26 18:30:00,2023-02-26,18:30:00,57.771,57.0,0.0,0.0,0.0,0.0,-7.26
2023-02-26 19:00:00,2023-02-26,19:00:00,57.792,57.0,0.0,0.0,0.0,0.0,-7.54
2023-02-26 19:30:00,2023-02-26,19:30:00,57.812,57.0,0.0,0.0,0.0,0.0,-8.52
2023-02-26 20:00:00,2023-02-26,20:00:00,57.833,57.0,0.0,0.0,0.0,0.0,-8.65
2023-02-26 20:30:00,2023-02-26,20:30:00,57.854,57.0,0.0,0.0,0.0,0.0,-8.19
2023-02-26 21:00:00,2023-02-26,21:00:00,57.875,57.0,0.0,0.0,0.0,0.0,-8.02
2023-02-26 21:30:00,2023-02-26,21:30:00,57.896,57.0,0.0,0.0,0.0,0.0,-8.1
2023-02-26 22:00:00,2023-02-26,22:00:00,57.917,57.0,0.0,0.0,0.0,0.0,-8.32
2023-02-26 22:30:00,2023-02-26,22:30:00,57.938,57.0,0.0,0.0,0.0,0.0,-8.31
2023-02-26 23:00:00,2023-02-26,23:00:00,57.958,57.0,0.0,0.0,0.0,0.0,-8.83
2023-02-26 23:30:00,2023-02-26,23:30:00,57.979,57.0,0.0,0.0,0.0,0.0,-9.4
2023-02-27 00:00:00,2023-02-27,00:00:00,58.0,58.0,0.0,0.0,0.0,0.0,-9.43
2023-02-27 00:30:00,2023-02-27,00:30:00,58.021,58.0,0.0,0.0,0.0,0.0,-12.75
2023-02-27 01:00:00,2023-02-27,01:00:00,58.042,58.0,0.0,0.0,0.0,0.0,-12.93
2023-02-27 01:30:00,2023-02-27,01:30:00,58.062,58.0,0.0,0.0,0.0,0.0,-14.72
2023-02-27 02:00:00,2023-02-27,02:00:00,58.083,58.0,0.0,0.0,0.0,0.0,-16.23
2023-02-27 02:30:00,2023-02-27,02:30:00,58.104,58.0,0.0,0.0,0.0,0.0,-17.78
2023-02-27 03:00:00,2023-02-27,03:00:00,58.125,58.0,0.0,0.0,0.0,0.0,-18.42
2023-02-27 03:30:00,2023-02-27,03:30:00,58.146,58.0,0.0,0.0,0.0,0.0,-18.7
2023-02-27 04:00:00,2023-02-27,04:00:00,58.167,58.0,0.0,0.0,0.0,0.0,-19.68
2023-02-27 04:30:00,2023-02-27,04:30:00,58.188,58.0,0.0,0.0,0.0,0.0,-20.5
2023-02-27 05:00:00,2023-02-27,05:00:00,58.208,58.0,0.0,0.0,0.0,0.0,-21.0
2023-02-27 05:30:00,2023-02-27,05:30:00,58.229,58.0,0.0,0.0,0.0,0.0,-21.54
2023-02-27 06:00:00,2023-02-27,06:00:00,58.25,58.0,0.0,0.0,0.0,0.0,-19.57
2023-02-27 06:30:00,2023-02-27,06:30:00,58.271,58.0,0.0,0.0,0.0,0.0,-18.77
2023-02-27 07:00:00,2023-02-27,07:00:00,58.292,58.0,0.0,0.0,0.0,0.0,-16.48
2023-02-27 07:30:00,2023-02-27,07:30:00,58.312,58.0,0.0,0.0,0.0,0.0,-14.28
2023-02-27 08:00:00,2023-02-27,08:00:00,58.333,58.0,0.0,0.0,0.0,0.0,-12.35
2023-02-27 08:30:00,2023-02-27,08:30:00,58.354,58.0,0.0,0.0,0.0,0.0,-10.74
2023-02-27 09:00:00,2023-02-27,09:00:00,58.375,58.0,0.0,0.0,0.0,0.0,-8.05
2023-02-27 09:30:00,2023-02-27,09:30:00,58.396,58.0,0.0,0.0,0.0,0.0,-5.74
2023-02-27 10:00:00,2023-02-27,10:00:00,58.417,58.0,0.0,0.0,0.0,0.0,-3.97
2023-02-27 10:30:00,2023-02-27,10:30:00,58.438,58.0,0.0,0.0,0.0,0.0,-0.34
2023-02-27 11:00:00,2023-02-27,11:00:00,58.458,58.0,0.0,0.0,0.0,0.0,3.77
2023-02-27 11:30:00,2023-02-27,11:30:00,58.479,58.0,0.0,0.0,0.0,0.0,2.15
2023-02-27 12:00:00,2023-02-27,12:00:00,58.5,58.0,0.0,0.0,0.0,0.0,2.45
2023-02-27 12:30:00,2023-02-27,12:30:00,58.521,58.0,0.0,0.0,0.0,0.0,1.54
2023-02-27 13:00:00,2023-02-27,13:00:00,58.542,58.0,0.0,0.0,0.0,0.0,3.42
2023-02-27 13:30:00,2023-02-27,13:30:00,58.562,58.0,0.0,0.0,0.0,0.0,5.45
2023-02-27 14:00:00,2023-02-27,14:00:00,58.583,58.0,0.0,0.0,0.0,0.0,3.61
2023-02-27 14:30:00,2023-02-27,14:30:00,58.604,58.0,0.0,0.0,0.0,0.0,3.4
2023-02-27 15:00:00,2023-02-27,15:00:00,58.625,58.0,0.0,0.0,0.0,0.0,2.45
2023-02-27 15:30:00,2023-02-27,15:30:00,58.646,58.0,0.0,0.0,0.0,0.0,0.9
2023-02-27 16:00:00,2023-02-27,16:00:00,58.667,58.0,0.0,0.0,0.0,0.0,-1.14
2023-02-27 16:30:00,2023-02-27,16:30:00,58.688,58.0,0.0,0.0,0.0,0.0,-8.77
2023-02-27 17:00:00,2023-02-27,17:00:00,58.708,58.0,0.0,0.0,0.0,0.0,-12.51
2023-02-27 17:30:00,2023-02-27,17:30:00,58.729,58.0,0.0,0.0,0.0,0.0,-13.35
2023-02-27 18:00:00,2023-02-27,18:00:00,58.75,58.0,0.0,0.0,0.0,0.0,-15.57
2023-02-27 18:30:00,2023-02-27,18:30:00,58.771,58.0,0.0,0.0,0.0,0.0,-16.09
2023-02-27 19:00:00,2023-02-27,19:00:00,58.792,58.0,0.0,0.0,0.0,0.0,-15.57
2023-02-27 19:30:00,2023-02-27,19:30:00,58.812,58.0,0.0,0.0,0.0,0.0,-14.6
2023-02-27 20:00:00,2023-02-27,20:00:00,58.833,58.0,0.0,0.0,0.0,0.0,-15.61
2023-02-27 20:30:00,2023-02-27,20:30:00,58.854,58.0,0.0,0.0,0.0,0.0,-13.64
2023-02-27 21:00:00,2023-02-27,21:00:00,58.875,58.0,0.0,0.0,0.0,0.0,-12.39
2023-02-27 21:30:00,2023-02-27,21:30:00,58.896,58.0,0.0,0.0,0.0,0.0,-13.0
2023-02-27 22:00:00,2023-02-27,22:00:00,58.917,58.0,0.0,0.0,0.0,0.0,-12.22
2023-02-27 22:30:00,2023-02-27,22:30:00,58.938,58.0,0.23,0.24,0.22,0.23,-10.62
2023-02-27 23:00:00,2023-02-27,23:00:00,58.958,58.0,0.55,0.55,0.55,0.56,-11.11
2023-02-27 23:30:00,2023-02-27,23:30:00,58.979,58.0,0.48,0.48,0.48,0.48,-11.27
2023-02-28 00:00:00,2023-02-28,00:00:00,59.0,59.0,0.45,0.44,0.45,0.45,-11.36
2023-02-28 00:30:00,2023-02-28,00:30:00,59.021,59.0,0.0,0.0,0.0,0.0,-9.97
2023-02-28 01:00:00,2023-02-28,01:00:00,59.042,59.0,0.0,0.0,0.0,0.0,-10.04
2023-02-28 01:30:00,2023-02-28,01:30:00,59.062,59.0,0.55,0.58,0.57,0.5,-10.08
2023-02-28 02:00:00,2023-02-28,02:00:00,59.083,59.0,0.26,0.28,0.28,0.24,-9.16
2023-02-28 02:30:00,2023-02-28,02:30:00,59.104,59.0,0.0,0.0,0.0,0.0,-8.63
2023-02-28 03:00:00,2023-02-28,03:00:00,59.125,59.0,0.24,0.26,0.24,0.22,-8.63
2023-02-28 03:30:00,2023-02-28,03:30:00,59.146,59.0,0.39,0.41,0.4,0.35,-8.64
2023-02-28 04:00:00,2023-02-28,04:00:00,59.167,59.0,0.29,0.3,0.3,0.26,-8.75
2023-02-28 04:30:00,2023-02-28,04:30:00,59.188,59.0,0.36,0.37,0.37,0.32,-8.76
2023-02-28 05:00:00,2023-02-28,05:00:00,59.208,59.0,0.64,0.68,0.66,0.58,-8.98
2023-02-28 05:30:00,2023-02-28,05:30:00,59.229,59.0,0.67,0.71,0.69,0.61,-9.17
2023-02-28 06:00:00,2023-02-28,06:00:00,59.25,59.0,0.71,0.75,0.74,0.64,-9.32
2023-02-28 06:30:00,2023-02-28,06:30:00,59.271,59.0,0.6,0.64,0.61,0.55,-9.65
2023-02-28 07:00:00,2023-02-28,07:00:00,59.292,59.0,0.26,0.28,0.27,0.24,-9.91
2023-02-28 07:30:00,2023-02-28,07:30:00,59.312,59.0,0.0,0.0,0.0,0.0,-9.65
2023-02-28 08:00:00,2023-02-28,08:00:00,59.333,59.0,0.0,0.0,0.0,0.0,-9.02
2023-02-28 08:30:00,2023-02-28,08:30:00,59.354,59.0,0.0,0.0,0.0,0.0,-8.61
2023-02-28 09:00:00,2023-02-28,09:00:00,59.375,59.0,0.56,0.59,0.58,0.51,-8.34
2023-02-28 09:30:00,2023-02-28,09:30:00,59.396,59.0,0.26,0.28,0.27,0.24,-7.76
2023-02-28 10:00:00,2023-02-28,10:00:00,59.417,59.0,0.36,0.38,0.37,0.33,-7.69
2023-02-28 10:30:00,2023-02-28,10:30:00,59.438,59.0,0.71,0.75,0.74,0.65,-7.27
2023-02-28 11:00:00,2023-02-28,11:00:00,59.458,59.0,0.85,0.9,0.88,0.78,-5.56
2023-02-28 11:30:00,2023-02-28,11:30:00,59.479,59.0,0.52,0.55,0.54,0.48,-5.21
2023-02-28 12:00:00,2023-02-28,12:00:00,59.5,59.0,1.06,1.11,1.09,0.96,-4.21
2023-02-28 12:30:00,2023-02-28,12:30:00,59.521,59.0,0.5,0.54,0.51,0.46,-4.63
2023-02-28 13:00:00,2023-02-28,13:00:00,59.542,59.0,0.44,0.47,0.46,0.4,-5.17
2023-02-28 13:30:00,2023-02-28,13:30:00,59.562,59.0,0.3,0.31,0.31,0.27,-5.42
2023-02-28 14:00:00,2023-02-28,14:00:00,59.583,59.0,0.0,0.0,0.0,0.0,-5.41
2023-02-28 14:30:00,2023-02-28,14:30:00,59.604,59.0,0.0,0.0,0.0,0.0,-6.32
2023-02-28 15:00:00,2023-02-28,15:00:00,59.625,59.0,0.29,0.31,0.29,0.26,-7.35
2023-02-28 15:30:00,2023-02-28,15:30:00,59.646,59.0,0.35,0.37,0.36,0.32,-7.93
2023-02-28 16:00:00,2023-02-28,16:00:00,59.667,59.0,0.5,0.52,0.52,0.45,-8.61
2023-02-28 16:30:00,2023-02-28,16:30:00,59.688,59.0,0.0,0.0,0.0,0.0,-9.04
2023-02-28 17:00:00,2023-02-28,17:00:00,59.708,59.0,0.0,0.0,0.0,0.0,-9.83
2023-02-28 17:30:00,2023-02-28,17:30:00,59.729,59.0,0.0,0.0,0.0,0.0,-10.49
2023-02-28 18:00:00,2023-02-28,18:00:00,59.75,59.0,0.0,0.0,0.0,0.0,-11.01
2023-02-28 18:30:00,2023-02-28,18:30:00,59.771,59.0,0.0,0.0,0.0,0.0,-11.16
2023-02-28 19:00:00,2023-02-28,19:00:00,59.792,59.0,0.0,0.0,0.0,0.0,-12.06
2023-02-28 19:30:00,2023-02-28,19:30:00,59.812,59.0,0.0,0.0,0.0,0.0,-13.37
2023-02-28 20:00:00,2023-02-28,20:00:00,59.833,59.0,0.0,0.0,0.0,0.0,-15.14
2023-02-28 20:30:00,2023-02-28,20:30:00,59.854,59.0,0.0,0.0,0.0,0.0,-16.51
2023-02-28 21:00:00,2023-02-28,21:00:00,59.875,59.0,0.0,0.0,0.0,0.0,-18.61
2023-02-28 21:30:00,2023-02-28,21:30:00,59.896,59.0,0.0,0.0,0.0,0.0,-20.55
2023-02-28 22:00:00,2023-02-28,22:00:00,59.917,59.0,0.0,0.0,0.0,0.0,-21.33
2023-02-28 22:30:00,2023-02-28,22:30:00,59.938,59.0,0.0,0.0,0.0,0.0,-21.37
2023-02-28 23:00:00,2023-02-28,23:00:00,59.958,59.0,0.0,0.0,0.0,0.0,-20.8
2023-02-28 23:30:00,2023-02-28,23:30:00,59.979,59.0,0.0,0.0,0.0,0.0,-20.32
2023-03-01 00:00:00,2023-03-01,00:00:00,60.0,60.0,0.0,0.0,0.0,0.0,-20.32
2023-03-01 00:30:00,2023-03-01,00:30:00,60.021,60.0,0.0,0.0,0.0,0.0,-19.59
2023-03-01 01:00:00,2023-03-01,01:00:00,60.042,60.0,0.0,0.0,0.0,0.0,-18.52
2023-03-01 01:30:00,2023-03-01,01:30:00,60.062,60.0,0.0,0.0,0.0,0.0,-17.47
2023-03-01 02:00:00,2023-03-01,02:00:00,60.083,60.0,0.0,0.0,0.0,0.0,-16.82
2023-03-01 02:30:00,2023-03-01,02:30:00,60.104,60.0,0.26,0.28,0.28,0.21,-16.5
2023-03-01 03:00:00,2023-03-01,03:00:00,60.125,60.0,0.0,0.0,0.0,0.0,-15.96
2023-03-01 03:30:00,2023-03-01,03:30:00,60.146,60.0,0.0,0.0,0.0,0.0,-15.71
2023-03-01 04:00:00,2023-03-01,04:00:00,60.167,60.0,0.33,0.36,0.36,0.28,-15.34
2023-03-01 04:30:00,2023-03-01,04:30:00,60.188,60.0,0.5,0.54,0.53,0.41,-15.14
2023-03-01 05:00:00,2023-03-01,05:00:00,60.208,60.0,0.48,0.53,0.52,0.4,-14.98
2023-03-01 05:30:00,2023-03-01,05:30:00,60.229,60.0,0.5,0.55,0.54,0.42,-14.79
2023-03-01 06:00:00,2023-03-01,06:00:00,60.25,60.0,0.31,0.34,0.34,0.26,-14.51
2023-03-01 06:30:00,2023-03-01,06:30:00,60.271,60.0,0.27,0.3,0.29,0.23,-14.25
2023-03-01 07:00:00,2023-03-01,07:00:00,60.292,60.0,0.37,0.41,0.4,0.31,-13.89
2023-03-01 07:30:00,2023-03-01,07:30:00,60.312,60.0,0.36,0.39,0.39,0.3,-13.18
2023-03-01 08:00:00,2023-03-01,08:00:00,60.333,60.0,0.44,0.48,0.46,0.36,-11.99
2023-03-01 08:30:00,2023-03-01,08:30:00,60.354,60.0,0.34,0.37,0.37,0.28,-10.04
2023-03-01 09:00:00,2023-03-01,09:00:00,60.375,60.0,0.0,0.0,0.0,0.0,-8.52
2023-03-01 09:30:00,2023-03-01,09:30:00,60.396,60.0,0.0,0.0,0.0,0.0,-7.15
2023-03-01 10:00:00,2023-03-01,10:00:00,60.417,60.0,0.34,0.37,0.36,0.28,-5.6
2023-03-01 10:30:00,2023-03-01,10:30:00,60.438,60.0,0.0,0.0,0.0,0.0,-2.48
2023-03-01 11:00:00,2023-03-01,11:00:00,60.458,60.0,0.0,0.0,0.0,0.0,-1.47
2023-03-01 11:30:00,2023-03-01,11:30:00,60.479,60.0,0.0,0.0,0.0,0.0,-2.25
2023-03-01 12:00:00,2023-03-01,12:00:00,60.5,60.0,0.0,0.0,0.0,0.0,-2.13
2023-03-01 12:30:00,2023-03-01,12:30:00,60.521,60.0,0.0,0.0,0.0,0.0,-1.66
2023-03-01 13:00:00,2023-03-01,13:00:00,60.542,60.0,0.28,0.31,0.3,0.23,-2.11
2023-03-01 13:30:00,2023-03-01,13:30:00,60.562,60.0,0.27,0.29,0.29,0.22,-2.9
2023-03-01 14:00:00,2023-03-01,14:00:00,60.583,60.0,0.61,0.67,0.64,0.51,-3.1
2023-03-01 14:30:00,2023-03-01,14:30:00,60.604,60.0,0.8,0.88,0.85,0.67,-3.25
2023-03-01 15:00:00,2023-03-01,15:00:00,60.625,60.0,0.26,0.28,0.28,0.21,-2.55
2023-03-01 15:30:00,2023-03-01,15:30:00,60.646,60.0,0.31,0.34,0.33,0.26,-3.0
2023-03-01 16:00:00,2023-03-01,16:00:00,60.667,60.0,0.0,0.0,0.0,0.0,-3.21
2023-03-01 16:30:00,2023-03-01,16:30:00,60.688,60.0,0.0,0.0,0.0,0.0,-4.17
2023-03-01 17:00:00,2023-03-01,17:00:00,60.708,60.0,0.0,0.0,0.0,0.0,-5.72
2023-03-01 17:30:00,2023-03-01,17:30:00,60.729,60.0,0.0,0.0,0.0,0.0,-7.09
2023-03-01 18:00:00,2023-03-01,18:00:00,60.75,60.0,0.0,0.0,0.0,0.0,-8.1
2023-03-01 18:30:00,2023-03-01,18:30:00,60.771,60.0,0.0,0.0,0.0,0.0,-8.73
2023-03-01 19:00:00,2023-03-01,19:00:00,60.792,60.0,0.0,0.0,0.0,0.0,-8.6
2023-03-01 19:30:00,2023-03-01,19:30:00,60.812,60.0,0.26,0.28,0.28,0.21,-8.43
2023-03-01 20:00:00,2023-03-01,20:00:00,60.833,60.0,0.38,0.41,0.4,0.31,-8.35
2023-03-01 20:30:00,2023-03-01,20:30:00,60.854,60.0,0.27,0.3,0.28,0.22,-8.42
2023-03-01 21:00:00,2023-03-01,21:00:00,60.875,60.0,0.0,0.0,0.0,0.0,-8.57
2023-03-01 21:30:00,2023-03-01,21:30:00,60.896,60.0,0.0,0.0,0.0,0.0,-8.95
2023-03-01 22:00:00,2023-03-01,22:00:00,60.917,60.0,0.0,0.0,0.0,0.0,-9.75
2023-03-01 22:30:00,2023-03-01,22:30:00,60.938,60.0,0.0,0.0,0.0,0.0,-9.79
2023-03-01 23:00:00,2023-03-01,23:00:00,60.958,60.0,0.0,0.0,0.0,0.0,-9.7
2023-03-01 23:30:00,2023-03-01,23:30:00,60.979,60.0,0.0,0.0,0.0,0.0,-10.1
2023-03-02 00:00:00,2023-03-02,00:00:00,61.0,61.0,0.0,0.0,0.0,0.0,-10.27
2023-03-02 00:30:00,2023-03-02,00:30:00,61.021,61.0,0.0,0.0,0.0,0.0,-13.88
2023-03-02 01:00:00,2023-03-02,01:00:00,61.042,61.0,0.0,0.0,0.0,0.0,-15.39
2023-03-02 01:30:00,2023-03-02,01:30:00,61.062,61.0,0.0,0.0,0.0,0.0,-16.86
2023-03-02 02:00:00,2023-03-02,02:00:00,61.083,61.0,0.0,0.0,0.0,0.0,-17.79
2023-03-02 02:30:00,2023-03-02,02:30:00,61.104,61.0,0.0,0.0,0.0,0.0,-18.68
2023-03-02 03:00:00,2023-03-02,03:00:00,61.125,61.0,0.0,0.0,0.0,0.0,-19.19
2023-03-02 03:30:00,2023-03-02,03:30:00,61.146,61.0,0.0,0.0,0.0,0.0,-19.83
2023-03-02 04:00:00,2023-03-02,04:00:00,61.167,61.0,0.0,0.0,0.0,0.0,-21.04
2023-03-02 04:30:00,2023-03-02,04:30:00,61.188,61.0,0.0,0.0,0.0,0.0,-21.51
2023-03-02 05:00:00,2023-03-02,05:00:00,61.208,61.0,0.0,0.0,0.0,0.0,-21.99
2023-03-02 05:30:00,2023-03-02,05:30:00,61.229,61.0,0.0,0.0,0.0,0.0,-22.06
2023-03-02 06:00:00,2023-03-02,06:00:00,61.25,61.0,0.0,0.0,0.0,0.0,-22.07
2023-03-02 06:30:00,2023-03-02,06:30:00,61.271,61.0,0.0,0.0,0.0,0.0,-22.23
2023-03-02 07:00:00,2023-03-02,07:00:00,61.292,61.0,0.0,0.0,0.0,0.0,-21.21
2023-03-02 07:30:00,2023-03-02,07:30:00,61.312,61.0,0.0,0.0,0.0,0.0,-18.7
2023-03-02 08:00:00,2023-03-02,08:00:00,61.333,61.0,0.0,0.0,0.0,0.0,-14.47
2023-03-02 08:30:00,2023-03-02,08:30:00,61.354,61.0,0.0,0.0,0.0,0.0,-10.14
2023-03-02 09:00:00,2023-03-02,09:00:00,61.375,61.0,0.0,0.0,0.0,0.0,-6.91
2023-03-02 09:30:00,2023-03-02,09:30:00,61.396,61.0,0.0,0.0,0.0,0.0,-3.4
2023-03-02 10:00:00,2023-03-02,10:00:00,61.417,61.0,0.0,0.0,0.0,0.0,-0.76
2023-03-02 10:30:00,2023-03-02,10:30:00,61.438,61.0,0.0,0.0,0.0,0.0,0.58
2023-03-02 11:00:00,2023-03-02,11:00:00,61.458,61.0,0.0,0.0,0.0,0.0,0.61
2023-03-02 11:30:00,2023-03-02,11:30:00,61.479,61.0,0.0,0.0,0.0,0.0,1.34
2023-03-02 12:00:00,2023-03-02,12:00:00,61.5,61.0,0.0,0.0,0.0,0.0,3.96
2023-03-02 12:30:00,2023-03-02,12:30:00,61.521,61.0,0.0,0.0,0.0,0.0,3.96
2023-03-02 13:00:00,2023-03-02,13:00:00,61.542,61.0,0.0,0.0,0.0,0.0,4.34
2023-03-02 13:30:00,2023-03-02,13:30:00,61.562,61.0,0.0,0.0,0.0,0.0,3.34
2023-03-02 14:00:00,2023-03-02,14:00:00,61.583,61.0,0.0,0.0,0.0,0.0,2.1
2023-03-02 14:30:00,2023-03-02,14:30:00,61.604,61.0,0.0,0.0,0.0,0.0,2.29
2023-03-02 15:00:00,2023-03-02,15:00:00,61.625,61.0,0.0,0.0,0.0,0.0,0.49
2023-03-02 15:30:00,2023-03-02,15:30:00,61.646,61.0,0.0,0.0,0.0,0.0,1.41
2023-03-02 16:00:00,2023-03-02,16:00:00,61.667,61.0,0.0,0.0,0.0,0.0,0.27
2023-03-02 16:30:00,2023-03-02,16:30:00,61.688,61.0,0.0,0.0,0.0,0.0,-5.47
2023-03-02 17:00:00,2023-03-02,17:00:00,61.708,61.0,0.0,0.0,0.0,0.0,-7.71
2023-03-02 17:30:00,2023-03-02,17:30:00,61.729,61.0,0.0,0.0,0.0,0.0,-9.15
2023-03-02 18:00:00,2023-03-02,18:00:00,61.75,61.0,0.0,0.0,0.0,0.0,-11.52
2023-03-02 18:30:00,2023-03-02,18:30:00,61.771,61.0,0.0,0.0,0.0,0.0,-11.24
2023-03-02 19:00:00,2023-03-02,19:00:00,61.792,61.0,0.0,0.0,0.0,0.0,-10.55
2023-03-02 19:30:00,2023-03-02,19:30:00,61.812,61.0,0.0,0.0,0.0,0.0,-9.83
2023-03-02 20:00:00,2023-03-02,20:00:00,61.833,61.0,0.0,0.0,0.0,0.0,-9.81
2023-03-02 20:30:00,2023-03-02,20:30:00,61.854,61.0,0.0,0.0,0.0,0.0,-10.44
2023-03-02 21:00:00,2023-03-02,21:00:00,61.875,61.0,0.0,0.0,0.0,0.0,-10.71
2023-03-02 21:30:00,2023-03-02,21:30:00,61.896,61.0,0.0,0.0,0.0,0.0,-11.93
2023-03-02 22:00:00,2023-03-02,22:00:00,61.917,61.0,0.0,0.0,0.0,0.0,-13.37
2023-03-02 22:30:00,2023-03-02,22:30:00,61.938,61.0,0.0,0.0,0.0,0.0,-16.25
2023-03-02 23:00:00,2023-03-02,23:00:00,61.958,61.0,0.0,0.0,0.0,0.0,-17.82
2023-03-02 23:30:00,2023-03-02,23:30:00,61.979,61.0,0.0,0.0,0.0,0.0,-18.76
2023-03-03 00:00:00,2023-03-03,00:00:00,62.0,62.0,0.0,0.0,0.0,0.0,-18.88
2023-03-03 00:30:00,2023-03-03,00:30:00,62.021,62.0,0.0,0.0,0.0,0.0,-19.81
2023-03-03 01:00:00,2023-03-03,01:00:00,62.042,62.0,0.0,0.0,0.0,0.0,-20.08
2023-03-03 01:30:00,2023-03-03,01:30:00,62.062,62.0,0.0,0.0,0.0,0.0,-20.32
2023-03-03 02:00:00,2023-03-03,02:00:00,62.083,62.0,0.0,0.0,0.0,0.0,-20.4
2023-03-03 02:30:00,2023-03-03,02:30:00,62.104,62.0,0.0,0.0,0.0,0.0,-20.7
2023-03-03 03:00:00,2023-03-03,03:00:00,62.125,62.0,0.0,0.0,0.0,0.0,-20.55
2023-03-03 03:30:00,2023-03-03,03:30:00,62.146,62.0,0.0,0.0,0.0,0.0,-20.95
2023-03-03 04:00:00,2023-03-03,04:00:00,62.167,62.0,0.0,0.0,0.0,0.0,-20.79
2023-03-03 04:30:00,2023-03-03,04:30:00,62.188,62.0,0.0,0.0,0.0,0.0,-20.32
2023-03-03 05:00:00,2023-03-03,05:00:00,62.208,62.0,0.0,0.0,0.0,0.0,-17.55
2023-03-03 05:30:00,2023-03-03,05:30:00,62.229,62.0,0.0,0.0,0.0,0.0,-16.26
2023-03-03 06:00:00,2023-03-03,06:00:00,62.25,62.0,0.0,0.0,0.0,0.0,-15.59
2023-03-03 06:30:00,2023-03-03,06:30:00,62.271,62.0,0.0,0.0,0.0,0.0,-14.62
2023-03-03 07:00:00,2023-03-03,07:00:00,62.292,62.0,0.0,0.0,0.0,0.0,-13.56
2023-03-03 07:30:00,2023-03-03,07:30:00,62.312,62.0,0.0,0.0,0.0,0.0,-12.31
2023-03-03 08:00:00,2023-03-03,08:00:00,62.333,62.0,0.0,0.0,0.0,0.0,-10.66
2023-03-03 08:30:00,2023-03-03,08:30:00,62.354,62.0,0.0,0.0,0.0,0.0,-7.97
2023-03-03 09:00:00,2023-03-03,09:00:00,62.375,62.0,0.0,0.0,0.0,0.0,-4.81
2023-03-03 09:30:00,2023-03-03,09:30:00,62.396,62.0,0.0,0.0,0.0,0.0,-1.39
2023-03-03 10:00:00,2023-03-03,10:00:00,62.417,62.0,0.0,0.0,0.0,0.0,-0.12
2023-03-03 10:30:00,2023-03-03,10:30:00,62.438,62.0,0.0,0.0,0.0,0.0,4.46
2023-03-03 11:00:00,2023-03-03,11:00:00,62.458,62.0,0.0,0.0,0.0,0.0,6.07
2023-03-03 11:30:00,2023-03-03,11:30:00,62.479,62.0,0.0,0.0,0.0,0.0,4.28
2023-03-03 12:00:00,2023-03-03,12:00:00,62.5,62.0,0.0,0.0,0.0,0.0,1.36
2023-03-03 12:30:00,2023-03-03,12:30:00,62.521,62.0,0.0,0.0,0.0,0.0,2.03
2023-03-03 13:00:00,2023-03-03,13:00:00,62.542,62.0,0.0,0.0,0.0,0.0,4.28
2023-03-03 13:30:00,2023-03-03,13:30:00,62.562,62.0,0.0,0.0,0.0,0.0,-1.73
2023-03-03 14:00:00,2023-03-03,14:00:00,62.583,62.0,0.0,0.0,0.0,0.0,-0.79
2023-03-03 14:30:00,2023-03-03,14:30:00,62.604,62.0,0.0,0.0,0.0,0.0,-0.81
2023-03-03 15:00:00,2023-03-03,15:00:00,62.625,62.0,0.0,0.0,0.0,0.0,-1.55
2023-03-03 15:30:00,2023-03-03,15:30:00,62.646,62.0,0.0,0.0,0.0,0.0,-3.29
2023-03-03 16:00:00,2023-03-03,16:00:00,62.667,62.0,0.0,0.0,0.0,0.0,-4.84
2023-03-03 16:30:00,2023-03-03,16:30:00,62.688,62.0,0.0,0.0,0.0,0.0,-5.69
2023-03-03 17:00:00,2023-03-03,17:00:00,62.708,62.0,0.0,0.0,0.0,0.0,-7.48
2023-03-03 17:30:00,2023-03-03,17:30:00,62.729,62.0,0.0,0.0,0.0,0.0,-8.39
2023-03-03 18:00:00,2023-03-03,18:00:00,62.75,62.0,0.0,0.0,0.0,0.0,-8.89
2023-03-03 18:30:00,2023-03-03,18:30:00,62.771,62.0,0.0,0.0,0.0,0.0,-9.51
2023-03-03 19:00:00,2023-03-03,19:00:00,62.792,62.0,0.0,0.0,0.0,0.0,-9.65
2023-03-03 19:30:00,2023-03-03,19:30:00,62.812,62.0,0.0,0.0,0.0,0.0,-9.4
2023-03-03 20:00:00,2023-03-03,20:00:00,62.833,62.0,0.0,0.0,0.0,0.0,-10.5
2023-03-03 20:30:00,2023-03-03,20:30:00,62.854,62.0,0.0,0.0,0.0,0.0,-10.54
2023-03-03 21:00:00,2023-03-03,21:00:00,62.875,62.0,0.0,0.0,0.0,0.0,-10.34
2023-03-03 21:30:00,2023-03-03,21:30:00,62.896,62.0,0.0,0.0,0.0,0.0,-10.22
2023-03-03 22:00:00,2023-03-03,22:00:00,62.917,62.0,0.49,0.49,0.48,0.49,-10.1
2023-03-03 22:30:00,2023-03-03,22:30:00,62.938,62.0,0.38,0.38,0.38,0.38,-10.22
2023-03-03 23:00:00,2023-03-03,23:00:00,62.958,62.0,0.0,0.0,0.0,0.0,-10.34
2023-03-03 23:30:00,2023-03-03,23:30:00,62.979,62.0,0.0,0.0,0.0,0.0,-10.38
2023-03-04 00:00:00,2023-03-04,00:00:00,63.0,63.0,0.0,0.0,0.0,0.0,-10.36
2023-03-04 00:30:00,2023-03-04,00:30:00,63.021,63.0,0.0,0.0,0.0,0.0,-11.92
2023-03-04 01:00:00,2023-03-04,01:00:00,63.042,63.0,0.0,0.0,0.0,0.0,-11.99
2023-03-04 01:30:00,2023-03-04,01:30:00,63.062,63.0,0.0,0.0,0.0,0.0,-13.54
2023-03-04 02:00:00,2023-03-04,02:00:00,63.083,63.0,0.0,0.0,0.0,0.0,-16.05
2023-03-04 02:30:00,2023-03-04,02:30:00,63.104,63.0,0.0,0.0,0.0,0.0,-18.3
2023-03-04 03:00:00,2023-03-04,03:00:00,63.125,63.0,0.0,0.0,0.0,0.0,-19.42
2023-03-04 03:30:00,2023-03-04,03:30:00,63.146,63.0,0.0,0.0,0.0,0.0,-20.0
2023-03-04 04:00:00,2023-03-04,04:00:00,63.167,63.0,0.0,0.0,0.0,0.0,-20.44
2023-03-04 04:30:00,2023-03-04,04:30:00,63.188,63.0,0.0,0.0,0.0,0.0,-21.04
2023-03-04 05:00:00,2023-03-04,05:00:00,63.208,63.0,0.0,0.0,0.0,0.0,-20.4
2023-03-04 05:30:00,2023-03-04,05:30:00,63.229,63.0,0.0,0.0,0.0,0.0,-19.31
2023-03-04 06:00:00,2023-03-04,06:00:00,63.25,63.0,0.0,0.0,0.0,0.0,-19.37
2023-03-04 06:30:00,2023-03-04,06:30:00,63.271,63.0,0.0,0.0,0.0,0.0,-18.47
2023-03-04 07:00:00,2023-03-04,07:00:00,63.292,63.0,0.0,0.0,0.0,0.0,-17.15
2023-03-04 07:30:00,2023-03-04,07:30:00,63.312,63.0,0.0,0.0,0.0,0.0,-15.51
2023-03-04 08:00:00,2023-03-04,08:00:00,63.333,63.0,0.0,0.0,0.0,0.0,-13.0
2023-03-04 08:30:00,2023-03-04,08:30:00,63.354,63.0,0.0,0.0,0.0,0.0,-10.05
2023-03-04 09:00:00,2023-03-04,09:00:00,63.375,63.0,0.0,0.0,0.0,0.0,-6.93
2023-03-04 09:30:00,2023-03-04,09:30:00,63.396,63.0,0.0,0.0,0.0,0.0,-5.02
2023-03-04 10:00:00,2023-03-04,10:00:00,63.417,63.0,0.0,0.0,0.0,0.0,-3.06
2023-03-04 10:30:00,2023-03-04,10:30:00,63.438,63.0,0.0,0.0,0.0,0.0,-1.69
2023-03-04 11:00:00,2023-03-04,11:00:00,63.458,63.0,0.0,0.0,0.0,0.0,1.6
2023-03-04 11:30:00,2023-03-04,11:30:00,63.479,63.0,0.0,0.0,0.0,0.0,3.67
2023-03-04 12:00:00,2023-03-04,12:00:00,63.5,63.0,0.0,0.0,0.0,0.0,4.61
2023-03-04 12:30:00,2023-03-04,12:30:00,63.521,63.0,0.0,0.0,0.0,0.0,6.37
2023-03-04 13:00:00,2023-03-04,13:00:00,63.542,63.0,0.0,0.0,0.0,0.0,6.95
2023-03-04 13:30:00,2023-03-04,13:30:00,63.562,63.0,0.0,0.0,0.0,0.0,6.02
2023-03-04 14:00:00,2023-03-04,14:00:00,63.583,63.0,0.0,0.0,0.0,0.0,-0.13
2023-03-04 14:30:00,2023-03-04,14:30:00,63.604,63.0,0.0,0.0,0.0,0.0,0.24
2023-03-04 15:00:00,2023-03-04,15:00:00,63.625,63.0,0.0,0.0,0.0,0.0,-0.26
2023-03-04 15:30:00,2023-03-04,15:30:00,63.646,63.0,0.0,0.0,0.0,0.0,-2.21
2023-03-04 16:00:00,2023-03-04,16:00:00,63.667,63.0,0.0,0.0,0.0,0.0,-4.18
2023-03-04 16:30:00,2023-03-04,16:30:00,63.688,63.0,0.0,0.0,0.0,0.0,-5.16
2023-03-04 17:00:00,2023-03-04,17:00:00,63.708,63.0,0.0,0.0,0.0,0.0,-5.69
2023-03-04 17:30:00,2023-03-04,17:30:00,63.729,63.0,0.0,0.0,0.0,0.0,-4.42
2023-03-04 18:00:00,2023-03-04,18:00:00,63.75,63.0,0.0,0.0,0.0,0.0,-6.14
2023-03-04 18:30:00,2023-03-04,18:30:00,63.771,63.0,0.0,0.0,0.0,0.0,-7.25
2023-03-04 19:00:00,2023-03-04,19:00:00,63.792,63.0,0.0,0.0,0.0,0.0,-7.5
2023-03-04 19:30:00,2023-03-04,19:30:00,63.812,63.0,0.0,0.0,0.0,0.0,-7.61
2023-03-04 20:00:00,2023-03-04,20:00:00,63.833,63.0,0.0,0.0,0.0,0.0,-7.04
2023-03-04 20:30:00,2023-03-04,20:30:00,63.854,63.0,0.0,0.0,0.0,0.0,-4.96
2023-03-04 21:00:00,2023-03-04,21:00:00,63.875,63.0,0.0,0.0,0.0,0.0,-4.12
2023-03-04 21:30:00,2023-03-04,21:30:00,63.896,63.0,0.0,0.0,0.0,0.0,-4.42
2023-03-04 22:00:00,2023-03-04,22:00:00,63.917,63.0,0.0,0.0,0.0,0.0,-4.61
2023-03-04 22:30:00,2023-03-04,22:30:00,63.938,63.0,0.0,0.0,0.0,0.0,-5.13
2023-03-04 23:00:00,2023-03-04,23:00:00,63.958,63.0,0.0,0.0,0.0,0.0,-5.45
2023-03-04 23:30:00,2023-03-04,23:30:00,63.979,63.0,0.0,0.0,0.0,0.0,-5.01
2023-03-05 00:00:00,2023-03-05,00:00:00,64.0,64.0,0.0,0.0,0.0,0.0,-5.04
2023-03-05 00:30:00,2023-03-05,00:30:00,64.021,64.0,0.0,0.0,0.0,0.0,-5.29
2023-03-05 01:00:00,2023-03-05,01:00:00,64.042,64.0,0.0,0.0,0.0,0.0,-5.62
2023-03-05 01:30:00,2023-03-05,01:30:00,64.062,64.0,0.0,0.0,0.0,0.0,-6.14
2023-03-05 02:00:00,2023-03-05,02:00:00,64.083,64.0,0.0,0.0,0.0,0.0,-6.42
2023-03-05 02:30:00,2023-03-05,02:30:00,64.104,64.0,0.0,0.0,0.0,0.0,-6.5
2023-03-05 03:00:00,2023-03-05,03:00:00,64.125,64.0,0.0,0.0,0.0,0.0,-6.67
2023-03-05 03:30:00,2023-03-05,03:30:00,64.146,64.0,0.0,0.0,0.0,0.0,-7.03
2023-03-05 04:00:00,2023-03-05,04:00:00,64.167,64.0,0.0,0.0,0.0,0.0,-7.63
2023-03-05 04:30:00,2023-03-05,04:30:00,64.188,64.0,0.0,0.0,0.0,0.0,-8.1
2023-03-05 05:00:00,2023-03-05,05:00:00,64.208,64.0,0.0,0.0,0.0,0.0,-8.07
2023-03-05 05:30:00,2023-03-05,05:30:00,64.229,64.0,0.0,0.0,0.0,0.0,-8.73
2023-03-05 06:00:00,2023-03-05,06:00:00,64.25,64.0,0.0,0.0,0.0,0.0,-7.87
2023-03-05 06:30:00,2023-03-05,06:30:00,64.271,64.0,0.0,0.0,0.0,0.0,-6.86
2023-03-05 07:00:00,2023-03-05,07:00:00,64.292,64.0,0.0,0.0,0.0,0.0,-6.28
2023-03-05 07:30:00,2023-03-05,07:30:00,64.312,64.0,0.0,0.0,0.0,0.0,-5.41
2023-03-05 08:00:00,2023-03-05,08:00:00,64.333,64.0,0.0,0.0,0.0,0.0,-4.26
2023-03-05 08:30:00,2023-03-05,08:30:00,64.354,64.0,0.0,0.0,0.0,0.0,-2.89
2023-03-05 09:00:00,2023-03-05,09:00:00,64.375,64.0,0.0,0.0,0.0,0.0,-1.28
2023-03-05 09:30:00,2023-03-05,09:30:00,64.396,64.0,0.0,0.0,0.0,0.0,-0.4
2023-03-05 10:00:00,2023-03-05,10:00:00,64.417,64.0,0.0,0.0,0.0,0.0,2.94
2023-03-05 10:30:00,2023-03-05,10:30:00,64.438,64.0,0.0,0.0,0.0,0.0,3.83
2023-03-05 11:00:00,2023-03-05,11:00:00,64.458,64.0,0.0,0.0,0.0,0.0,8.14
2023-03-05 11:30:00,2023-03-05,11:30:00,64.479,64.0,0.0,0.0,0.0,0.0,5.06
2023-03-05 12:00:00,2023-03-05,12:00:00,64.5,64.0,0.0,0.0,0.0,0.0,1.65
2023-03-05 12:30:00,2023-03-05,12:30:00,64.521,64.0,0.0,0.0,0.0,0.0,1.64
2023-03-05 13:00:00,2023-03-05,13:00:00,64.542,64.0,0.0,0.0,0.0,0.0,0.76
2023-03-05 13:30:00,2023-03-05,13:30:00,64.562,64.0,0.0,0.0,0.0,0.0,-0.16
2023-03-05 14:00:00,2023-03-05,14:00:00,64.583,64.0,0.0,0.0,0.0,0.0,-0.37
2023-03-05 14:30:00,2023-03-05,14:30:00,64.604,64.0,0.0,0.0,0.0,0.0,-0.8
2023-03-05 15:00:00,2023-03-05,15:00:00,64.625,64.0,0.0,0.0,0.0,0.0,-0.45
2023-03-05 15:30:00,2023-03-05,15:30:00,64.646,64.0,0.0,0.0,0.0,0.0,-0.87
2023-03-05 16:00:00,2023-03-05,16:00:00,64.667,64.0,0.0,0.0,0.0,0.0,-2.02
2023-03-05 16:30:00,2023-03-05,16:30:00,64.688,64.0,0.0,0.0,0.0,0.0,-2.88
2023-03-05 17:00:00,2023-03-05,17:00:00,64.708,64.0,0.0,0.0,0.0,0.0,-3.67
2023-03-05 17:30:00,2023-03-05,17:30:00,64.729,64.0,0.0,0.0,0.0,0.0,-3.55
2023-03-05 18:00:00,2023-03-05,18:00:00,64.75,64.0,0.0,0.0,0.0,0.0,-4.7
2023-03-05 18:30:00,2023-03-05,18:30:00,64.771,64.0,0.0,0.0,0.0,0.0,-5.5
2023-03-05 19:00:00,2023-03-05,19:00:00,64.792,64.0,0.0,0.0,0.0,0.0,-6.16
2023-03-05 19:30:00,2023-03-05,19:30:00,64.812,64.0,0.0,0.0,0.0,0.0,-6.35
2023-03-05 20:00:00,2023-03-05,20:00:00,64.833,64.0,0.0,0.0,0.0,0.0,-5.99
2023-03-05 20:30:00,2023-03-05,20:30:00,64.854,64.0,0.0,0.0,0.0,0.0,-5.58
2023-03-05 21:00:00,2023-03-05,21:00:00,64.875,64.0,0.0,0.0,0.0,0.0,-5.2
2023-03-05 21:30:00,2023-03-05,21:30:00,64.896,64.0,0.0,0.0,0.0,0.0,-5.39
2023-03-05 22:00:00,2023-03-05,22:00:00,64.917,64.0,0.0,0.0,0.0,0.0,-5.4
2023-03-05 22:30:00,2023-03-05,22:30:00,64.938,64.0,0.0,0.0,0.0,0.0,-5.75
2023-03-05 23:00:00,2023-03-05,23:00:00,64.958,64.0,0.0,0.0,0.0,0.0,-6.33
2023-03-05 23:30:00,2023-03-05,23:30:00,64.979,64.0,0.0,0.0,0.0,0.0,-6.41
2023-03-06 00:00:00,2023-03-06,00:00:00,65.0,65.0,0.0,0.0,0.0,0.0,-6.26
2023-03-06 00:30:00,2023-03-06,00:30:00,65.021,65.0,0.0,0.0,0.0,0.0,-6.87
2023-03-06 01:00:00,2023-03-06,01:00:00,65.042,65.0,0.0,0.0,0.0,0.0,-8.14
2023-03-06 01:30:00,2023-03-06,01:30:00,65.062,65.0,0.0,0.0,0.0,0.0,-8.72
2023-03-06 02:00:00,2023-03-06,02:00:00,65.083,65.0,0.0,0.0,0.0,0.0,-8.88
2023-03-06 02:30:00,2023-03-06,02:30:00,65.104,65.0,0.0,0.0,0.0,0.0,-8.94
2023-03-06 03:00:00,2023-03-06,03:00:00,65.125,65.0,0.0,0.0,0.0,0.0,-11.25
2023-03-06 03:30:00,2023-03-06,03:30:00,65.146,65.0,0.0,0.0,0.0,0.0,-10.46
2023-03-06 04:00:00,2023-03-06,04:00:00,65.167,65.0,0.0,0.0,0.0,0.0,-7.86
2023-03-06 04:30:00,2023-03-06,04:30:00,65.188,65.0,0.0,0.0,0.0,0.0,-10.04
2023-03-06 05:00:00,2023-03-06,05:00:00,65.208,65.0,0.0,0.0,0.0,0.0,-10.07
2023-03-06 05:30:00,2023-03-06,05:30:00,65.229,65.0,0.0,0.0,0.0,0.0,-10.4
2023-03-06 06:00:00,2023-03-06,06:00:00,65.25,65.0,0.0,0.0,0.0,0.0,-10.19
2023-03-06 06:30:00,2023-03-06,06:30:00,65.271,65.0,0.0,0.0,0.0,0.0,-9.73
2023-03-06 07:00:00,2023-03-06,07:00:00,65.292,65.0,0.0,0.0,0.0,0.0,-9.05
2023-03-06 07:30:00,2023-03-06,07:30:00,65.312,65.0,0.0,0.0,0.0,0.0,-6.76
2023-03-06 08:00:00,2023-03-06,08:00:00,65.333,65.0,0.0,0.0,0.0,0.0,-3.65
2023-03-06 08:30:00,2023-03-06,08:30:00,65.354,65.0,0.0,0.0,0.0,0.0,-2.42
2023-03-06 09:00:00,2023-03-06,09:00:00,65.375,65.0,0.0,0.0,0.0,0.0,0.62
2023-03-06 09:30:00,2023-03-06,09:30:00,65.396,65.0,0.0,0.0,0.0,0.0,3.72
2023-03-06 10:00:00,2023-03-06,10:00:00,65.417,65.0,0.0,0.0,0.0,0.0,5.33
2023-03-06 10:30:00,2023-03-06,10:30:00,65.438,65.0,0.0,0.0,0.0,0.0,7.05
2023-03-06 11:00:00,2023-03-06,11:00:00,65.458,65.0,0.0,0.0,0.0,0.0,6.78
2023-03-06 11:30:00,2023-03-06,11:30:00,65.479,65.0,0.0,0.0,0.0,0.0,7.46
2023-03-06 12:00:00,2023-03-06,12:00:00,65.5,65.0,0.0,0.0,0.0,0.0,8.48
2023-03-06 12:30:00,2023-03-06,12:30:00,65.521,65.0,0.0,0.0,0.0,0.0,10.74
2023-03-06 13:00:00,2023-03-06,13:00:00,65.542,65.0,0.0,0.0,0.0,0.0,8.91
2023-03-06 13:30:00,2023-03-06,13:30:00,65.562,65.0,0.0,0.0,0.0,0.0,7.79
2023-03-06 14:00:00,2023-03-06,14:00:00,65.583,65.0,0.0,0.0,0.0,0.0,8.5
2023-03-06 14:30:00,2023-03-06,14:30:00,65.604,65.0,0.0,0.0,0.0,0.0,6.87
2023-03-06 15:00:00,2023-03-06,15:00:00,65.625,65.0,0.0,0.0,0.0,0.0,4.81
2023-03-06 15:30:00,2023-03-06,15:30:00,65.646,65.0,0.0,0.0,0.0,0.0,2.79
2023-03-06 16:00:00,2023-03-06,16:00:00,65.667,65.0,0.0,0.0,0.0,0.0,0.86
2023-03-06 16:30:00,2023-03-06,16:30:00,65.688,65.0,0.0,0.0,0.0,0.0,-0.31
2023-03-06 17:00:00,2023-03-06,17:00:00,65.708,65.0,0.0,0.0,0.0,0.0,-1.47
2023-03-06 17:30:00,2023-03-06,17:30:00,65.729,65.0,0.0,0.0,0.0,0.0,-2.43
2023-03-06 18:00:00,2023-03-06,18:00:00,65.75,65.0,0.0,0.0,0.0,0.0,-2.57
2023-03-06 18:30:00,2023-03-06,18:30:00,65.771,65.0,0.0,0.0,0.0,0.0,-2.62
2023-03-06 19:00:00,2023-03-06,19:00:00,65.792,65.0,0.0,0.0,0.0,0.0,-2.37
2023-03-06 19:30:00,2023-03-06,19:30:00,65.812,65.0,0.0,0.0,0.0,0.0,-2.13
2023-03-06 20:00:00,2023-03-06,20:00:00,65.833,65.0,0.0,0.0,0.0,0.0,-1.8
2023-03-06 20:30:00,2023-03-06,20:30:00,65.854,65.0,0.0,0.0,0.0,0.0,-1.87
2023-03-06 21:00:00,2023-03-06,21:00:00,65.875,65.0,0.0,0.0,0.0,0.0,-3.27
2023-03-06 21:30:00,2023-03-06,21:30:00,65.896,65.0,0.0,0.0,0.0,0.0,-5.25
2023-03-06 22:00:00,2023-03-06,22:00:00,65.917,65.0,0.0,0.0,0.0,0.0,-6.25
2023-03-06 22:30:00,2023-03-06,22:30:00,65.938,65.0,0.0,0.0,0.0,0.0,-6.42
2023-03-06 23:00:00,2023-03-06,23:00:00,65.958,65.0,0.0,0.0,0.0,0.0,-4.55
2023-03-06 23:30:00,2023-03-06,23:30:00,65.979,65.0,0.0,0.0,0.0,0.0,-4.26
2023-03-07 00:00:00,2023-03-07,00:00:00,66.0,66.0,0.0,0.0,0.0,0.0,-3.83
2023-03-07 00:30:00,2023-03-07,00:30:00,66.021,66.0,0.0,0.0,0.0,0.0,-3.24
2023-03-07 01:00:00,2023-03-07,01:00:00,66.042,66.0,0.0,0.0,0.0,0.0,-3.8
2023-03-07 01:30:00,2023-03-07,01:30:00,66.062,66.0,0.0,0.0,0.0,0.0,-3.8
2023-03-07 02:00:00,2023-03-07,02:00:00,66.083,66.0,0.0,0.0,0.0,0.0,-4.34
2023-03-07 02:30:00,2023-03-07,02:30:00,66.104,66.0,0.0,0.0,0.0,0.0,-3.82
2023-03-07 03:00:00,2023-03-07,03:00:00,66.125,66.0,0.0,0.0,0.0,0.0,-4.06
2023-03-07 03:30:00,2023-03-07,03:30:00,66.146,66.0,0.0,0.0,0.0,0.0,-3.73
2023-03-07 04:00:00,2023-03-07,04:00:00,66.167,66.0,0.0,0.0,0.0,0.0,-3.5
2023-03-07 04:30:00,2023-03-07,04:30:00,66.188,66.0,0.0,0.0,0.0,0.0,-3.3
2023-03-07 05:00:00,2023-03-07,05:00:00,66.208,66.0,0.0,0.0,0.0,0.0,-3.7
2023-03-07 05:30:00,2023-03-07,05:30:00,66.229,66.0,0.0,0.0,0.0,0.0,-4.49
2023-03-07 06:00:00,2023-03-07,06:00:00,66.25,66.0,0.0,0.0,0.0,0.0,-4.89
2023-03-07 06:30:00,2023-03-07,06:30:00,66.271,66.0,0.0,0.0,0.0,0.0,-4.76
2023-03-07 07:00:00,2023-03-07,07:00:00,66.292,66.0,0.0,0.0,0.0,0.0,-4.51
2023-03-07 07:30:00,2023-03-07,07:30:00,66.312,66.0,0.0,0.0,0.0,0.0,-3.64
2023-03-07 08:00:00,2023-03-07,08:00:00,66.333,66.0,0.0,0.0,0.0,0.0,-2.12
2023-03-07 08:30:00,2023-03-07,08:30:00,66.354,66.0,0.0,0.0,0.0,0.0,-0.1
2023-03-07 09:00:00,2023-03-07,09:00:00,66.375,66.0,0.0,0.0,0.0,0.0,2.4
2023-03-07 09:30:00,2023-03-07,09:30:00,66.396,66.0,0.0,0.0,0.0,0.0,3.9
2023-03-07 10:00:00,2023-03-07,10:00:00,66.417,66.0,0.0,0.0,0.0,0.0,5.02
2023-03-07 10:30:00,2023-03-07,10:30:00,66.438,66.0,0.0,0.0,0.0,0.0,5.11
2023-03-07 11:00:00,2023-03-07,11:00:00,66.458,66.0,0.0,0.0,0.0,0.0,8.11
2023-03-07 11:30:00,2023-03-07,11:30:00,66.479,66.0,0.0,0.0,0.0,0.0,5.84
2023-03-07 12:00:00,2023-03-07,12:00:00,66.5,66.0,0.0,0.0,0.0,0.0,6.32
2023-03-07 12:30:00,2023-03-07,12:30:00,66.521,66.0,0.0,0.0,0.0,0.0,7.76
2023-03-07 13:00:00,2023-03-07,13:00:00,66.542,66.0,0.0,0.0,0.0,0.0,6.91
2023-03-07 13:30:00,2023-03-07,13:30:00,66.562,66.0,0.0,0.0,0.0,0.0,6.25
2023-03-07 14:00:00,2023-03-07,14:00:00,66.583,66.0,0.0,0.0,0.0,0.0,7.79
2023-03-07 14:30:00,2023-03-07,14:30:00,66.604,66.0,0.0,0.0,0.0,0.0,7.41
2023-03-07 15:00:00,2023-03-07,15:00:00,66.625,66.0,0.0,0.0,0.0,0.0,6.38
2023-03-07 15:30:00,2023-03-07,15:30:00,66.646,66.0,0.0,0.0,0.0,0.0,3.75
2023-03-07 16:00:00,2023-03-07,16:00:00,66.667,66.0,0.0,0.0,0.0,0.0,3.36
2023-03-07 16:30:00,2023-03-07,16:30:00,66.688,66.0,0.0,0.0,0.0,0.0,-1.05
2023-03-07 17:00:00,2023-03-07,17:00:00,66.708,66.0,0.0,0.0,0.0,0.0,-3.2
2023-03-07 17:30:00,2023-03-07,17:30:00,66.729,66.0,0.0,0.0,0.0,0.0,-4.92
2023-03-07 18:00:00,2023-03-07,18:00:00,66.75,66.0,0.0,0.0,0.0,0.0,-7.36
2023-03-07 18:30:00,2023-03-07,18:30:00,66.771,66.0,0.0,0.0,0.0,0.0,-9.18
2023-03-07 19:00:00,2023-03-07,19:00:00,66.792,66.0,0.0,0.0,0.0,0.0,-10.24
2023-03-07 19:30:00,2023-03-07,19:30:00,66.812,66.0,0.0,0.0,0.0,0.0,-10.69
2023-03-07 20:00:00,2023-03-07,20:00:00,66.833,66.0,0.0,0.0,0.0,0.0,-12.06
2023-03-07 20:30:00,2023-03-07,20:30:00,66.854,66.0,0.0,0.0,0.0,0.0,-12.58
2023-03-07 21:00:00,2023-03-07,21:00:00,66.875,66.0,0.0,0.0,0.0,0.0,-13.47
2023-03-07 21:30:00,2023-03-07,21:30:00,66.896,66.0,0.0,0.0,0.0,0.0,-14.05
2023-03-07 22:00:00,2023-03-07,22:00:00,66.917,66.0,0.0,0.0,0.0,0.0,-14.78
2023-03-07 22:30:00,2023-03-07,22:30:00,66.938,66.0,0.0,0.0,0.0,0.0,-15.41
2023-03-07 23:00:00,2023-03-07,23:00:00,66.958,66.0,0.0,0.0,0.0,0.0,-16.4
2023-03-07 23:30:00,2023-03-07,23:30:00,66.979,66.0,0.0,0.0,0.0,0.0,-16.71
2023-03-08 00:00:00,2023-03-08,00:00:00,67.0,67.0,0.0,0.0,0.0,0.0,-16.78
2023-03-08 00:30:00,2023-03-08,00:30:00,67.021,67.0,0.0,0.0,0.0,0.0,-16.49
2023-03-08 01:00:00,2023-03-08,01:00:00,67.042,67.0,0.0,0.0,0.0,0.0,-16.7
2023-03-08 01:30:00,2023-03-08,01:30:00,67.062,67.0,0.0,0.0,0.0,0.0,-16.14
2023-03-08 02:00:00,2023-03-08,02:00:00,67.083,67.0,0.0,0.0,0.0,0.0,-15.69
2023-03-08 02:30:00,2023-03-08,02:30:00,67.104,67.0,0.0,0.0,0.0,0.0,-15.41
2023-03-08 03:00:00,2023-03-08,03:00:00,67.125,67.0,0.0,0.0,0.0,0.0,-15.95
2023-03-08 03:30:00,2023-03-08,03:30:00,67.146,67.0,0.0,0.0,0.0,0.0,-15.72
2023-03-08 04:00:00,2023-03-08,04:00:00,67.167,67.0,0.0,0.0,0.0,0.0,-15.21
2023-03-08 04:30:00,2023-03-08,04:30:00,67.188,67.0,0.0,0.0,0.0,0.0,-14.89
2023-03-08 05:00:00,2023-03-08,05:00:00,67.208,67.0,0.0,0.0,0.0,0.0,-14.51
2023-03-08 05:30:00,2023-03-08,05:30:00,67.229,67.0,0.0,0.0,0.0,0.0,-14.35
2023-03-08 06:00:00,2023-03-08,06:00:00,67.25,67.0,0.0,0.0,0.0,0.0,-14.11
2023-03-08 06:30:00,2023-03-08,06:30:00,67.271,67.0,0.0,0.0,0.0,0.0,-13.76
2023-03-08 07:00:00,2023-03-08,07:00:00,67.292,67.0,0.0,0.0,0.0,0.0,-12.9
2023-03-08 07:30:00,2023-03-08,07:30:00,67.312,67.0,0.0,0.0,0.0,0.0,-10.8
2023-03-08 08:00:00,2023-03-08,08:00:00,67.333,67.0,0.0,0.0,0.0,0.0,-8.41
2023-03-08 08:30:00,2023-03-08,08:30:00,67.354,67.0,0.0,0.0,0.0,0.0,-5.67
2023-03-08 09:00:00,2023-03-08,09:00:00,67.375,67.0,0.0,0.0,0.0,0.0,-2.79
2023-03-08 09:30:00,2023-03-08,09:30:00,67.396,67.0,0.0,0.0,0.0,0.0,-0.51
2023-03-08 10:00:00,2023-03-08,10:00:00,67.417,67.0,0.0,0.0,0.0,0.0,2.17
2023-03-08 10:30:00,2023-03-08,10:30:00,67.438,67.0,0.0,0.0,0.0,0.0,2.59
2023-03-08 11:00:00,2023-03-08,11:00:00,67.458,67.0,0.0,0.0,0.0,0.0,1.84
2023-03-08 11:30:00,2023-03-08,11:30:00,67.479,67.0,0.0,0.0,0.0,0.0,2.53
2023-03-08 12:00:00,2023-03-08,12:00:00,67.5,67.0,0.0,0.0,0.0,0.0,3.03
2023-03-08 12:30:00,2023-03-08,12:30:00,67.521,67.0,0.0,0.0,0.0,0.0,3.85
2023-03-08 13:00:00,2023-03-08,13:00:00,67.542,67.0,0.0,0.0,0.0,0.0,3.53
2023-03-08 13:30:00,2023-03-08,13:30:00,67.562,67.0,0.0,0.0,0.0,0.0,1.95
2023-03-08 14:00:00,2023-03-08,14:00:00,67.583,67.0,0.0,0.0,0.0,0.0,0.93
2023-03-08 14:30:00,2023-03-08,14:30:00,67.604,67.0,0.0,0.0,0.0,0.0,0.51
2023-03-08 15:00:00,2023-03-08,15:00:00,67.625,67.0,0.0,0.0,0.0,0.0,-0.07
2023-03-08 15:30:00,2023-03-08,15:30:00,67.646,67.0,0.0,0.0,0.0,0.0,-0.64
2023-03-08 16:00:00,2023-03-08,16:00:00,67.667,67.0,0.0,0.0,0.0,0.0,-1.29
2023-03-08 16:30:00,2023-03-08,16:30:00,67.688,67.0,0.0,0.0,0.0,0.0,-1.66
2023-03-08 17:00:00,2023-03-08,17:00:00,67.708,67.0,0.0,0.0,0.0,0.0,-1.9
2023-03-08 17:30:00,2023-03-08,17:30:00,67.729,67.0,0.0,0.0,0.0,0.0,-2.32
2023-03-08 18:00:00,2023-03-08,18:00:00,67.75,67.0,0.0,0.0,0.0,0.0,-2.86
2023-03-08 18:30:00,2023-03-08,18:30:00,67.771,67.0,0.0,0.0,0.0,0.0,-2.55
2023-03-08 19:00:00,2023-03-08,19:00:00,67.792,67.0,0.0,0.0,0.0,0.0,-2.4
2023-03-08 19:30:00,2023-03-08,19:30:00,67.812,67.0,0.0,0.0,0.0,0.0,-2.52
2023-03-08 20:00:00,2023-03-08,20:00:00,67.833,67.0,0.0,0.0,0.0,0.0,-3.01
2023-03-08 20:30:00,2023-03-08,20:30:00,67.854,67.0,0.0,0.0,0.0,0.0,-3.08
2023-03-08 21:00:00,2023-03-08,21:00:00,67.875,67.0,0.0,0.0,0.0,0.0,-3.97
2023-03-08 21:30:00,2023-03-08,21:30:00,67.896,67.0,0.0,0.0,0.0,0.0,-3.54
2023-03-08 22:00:00,2023-03-08,22:00:00,67.917,67.0,0.0,0.0,0.0,0.0,-3.56
2023-03-08 22:30:00,2023-03-08,22:30:00,67.938,67.0,0.0,0.0,0.0,0.0,-3.93
2023-03-08 23:00:00,2023-03-08,23:00:00,67.958,67.0,0.0,0.0,0.0,0.0,-4.5
2023-03-08 23:30:00,2023-03-08,23:30:00,67.979,67.0,0.0,0.0,0.0,0.0,-5.26
2023-03-09 00:00:00,2023-03-09,00:00:00,68.0,68.0,0.0,0.0,0.0,0.0,-5.43
2023-03-09 00:30:00,2023-03-09,00:30:00,68.021,68.0,0.0,0.0,0.0,0.0,-6.67
2023-03-09 01:00:00,2023-03-09,01:00:00,68.042,68.0,0.0,0.0,0.0,0.0,-7.43
2023-03-09 01:30:00,2023-03-09,01:30:00,68.062,68.0,0.0,0.0,0.0,0.0,-7.17
2023-03-09 02:00:00,2023-03-09,02:00:00,68.083,68.0,0.0,0.0,0.0,0.0,-7.52
2023-03-09 02:30:00,2023-03-09,02:30:00,68.104,68.0,0.0,0.0,0.0,0.0,-8.1
2023-03-09 03:00:00,2023-03-09,03:00:00,68.125,68.0,0.0,0.0,0.0,0.0,-8.5
2023-03-09 03:30:00,2023-03-09,03:30:00,68.146,68.0,0.0,0.0,0.0,0.0,-8.75
2023-03-09 04:00:00,2023-03-09,04:00:00,68.167,68.0,0.0,0.0,0.0,0.0,-8.71
2023-03-09 04:30:00,2023-03-09,04:30:00,68.188,68.0,0.0,0.0,0.0,0.0,-9.12
2023-03-09 05:00:00,2023-03-09,05:00:00,68.208,68.0,0.0,0.0,0.0,0.0,-9.5
2023-03-09 05:30:00,2023-03-09,05:30:00,68.229,68.0,0.0,0.0,0.0,0.0,-10.43
2023-03-09 06:00:00,2023-03-09,06:00:00,68.25,68.0,0.0,0.0,0.0,0.0,-12.25
2023-03-09 06:30:00,2023-03-09,06:30:00,68.271,68.0,0.0,0.0,0.0,0.0,-12.76
2023-03-09 07:00:00,2023-03-09,07:00:00,68.292,68.0,0.0,0.0,0.0,0.0,-11.09
2023-03-09 07:30:00,2023-03-09,07:30:00,68.312,68.0,0.0,0.0,0.0,0.0,-9.43
2023-03-09 08:00:00,2023-03-09,08:00:00,68.333,68.0,0.0,0.0,0.0,0.0,-6.15
2023-03-09 08:30:00,2023-03-09,08:30:00,68.354,68.0,0.0,0.0,0.0,0.0,-4.39
2023-03-09 09:00:00,2023-03-09,09:00:00,68.375,68.0,0.0,0.0,0.0,0.0,-2.13
2023-03-09 09:30:00,2023-03-09,09:30:00,68.396,68.0,0.0,0.0,0.0,0.0,0.2
2023-03-09 10:00:00,2023-03-09,10:00:00,68.417,68.0,0.0,0.0,0.0,0.0,2.36
2023-03-09 10:30:00,2023-03-09,10:30:00,68.438,68.0,0.0,0.0,0.0,0.0,5.05
2023-03-09 11:00:00,2023-03-09,11:00:00,68.458,68.0,0.0,0.0,0.0,0.0,5.73
2023-03-09 11:30:00,2023-03-09,11:30:00,68.479,68.0,0.0,0.0,0.0,0.0,6.26
2023-03-09 12:00:00,2023-03-09,12:00:00,68.5,68.0,0.0,0.0,0.0,0.0,7.42
2023-03-09 12:30:00,2023-03-09,12:30:00,68.521,68.0,0.0,0.0,0.0,0.0,7.82
2023-03-09 13:00:00,2023-03-09,13:00:00,68.542,68.0,0.0,0.0,0.0,0.0,6.89
2023-03-09 13:30:00,2023-03-09,13:30:00,68.562,68.0,0.0,0.0,0.0,0.0,6.97
2023-03-09 14:00:00,2023-03-09,14:00:00,68.583,68.0,0.0,0.0,0.0,0.0,6.92
2023-03-09 14:30:00,2023-03-09,14:30:00,68.604,68.0,0.0,0.0,0.0,0.0,4.98
2023-03-09 15:00:00,2023-03-09,15:00:00,68.625,68.0,0.0,0.0,0.0,0.0,5.35
2023-03-09 15:30:00,2023-03-09,15:30:00,68.646,68.0,0.0,0.0,0.0,0.0,3.97
2023-03-09 16:00:00,2023-03-09,16:00:00,68.667,68.0,0.0,0.0,0.0,0.0,2.21
2023-03-09 16:30:00,2023-03-09,16:30:00,68.688,68.0,0.0,0.0,0.0,0.0,-2.43
2023-03-09 17:00:00,2023-03-09,17:00:00,68.708,68.0,0.0,0.0,0.0,0.0,-7.7
2023-03-09 17:30:00,2023-03-09,17:30:00,68.729,68.0,0.0,0.0,0.0,0.0,-10.17
2023-03-09 18:00:00,2023-03-09,18:00:00,68.75,68.0,0.0,0.0,0.0,0.0,-11.82
2023-03-09 18:30:00,2023-03-09,18:30:00,68.771,68.0,0.0,0.0,0.0,0.0,-12.5
2023-03-09 19:00:00,2023-03-09,19:00:00,68.792,68.0,0.0,0.0,0.0,0.0,-13.37
2023-03-09 19:30:00,2023-03-09,19:30:00,68.812,68.0,0.0,0.0,0.0,0.0,-14.2
2023-03-09 20:00:00,2023-03-09,20:00:00,68.833,68.0,0.0,0.0,0.0,0.0,-14.05
2023-03-09 20:30:00,2023-03-09,20:30:00,68.854,68.0,0.0,0.0,0.0,0.0,-14.71
2023-03-09 21:00:00,2023-03-09,21:00:00,68.875,68.0,0.0,0.0,0.0,0.0,-14.69
2023-03-09 21:30:00,2023-03-09,21:30:00,68.896,68.0,0.0,0.0,0.0,0.0,-14.86
2023-03-09 22:00:00,2023-03-09,22:00:00,68.917,68.0,0.0,0.0,0.0,0.0,-14.91
2023-03-09 22:30:00,2023-03-09,22:30:00,68.938,68.0,0.0,0.0,0.0,0.0,-16.09
2023-03-09 23:00:00,2023-03-09,23:00:00,68.958,68.0,0.0,0.0,0.0,0.0,-17.09
2023-03-09 23:30:00,2023-03-09,23:30:00,68.979,68.0,0.0,0.0,0.0,0.0,-17.63
2023-03-10 00:00:00,2023-03-10,00:00:00,69.0,69.0,0.0,0.0,0.0,0.0,-17.5
2023-03-10 00:30:00,2023-03-10,00:30:00,69.021,69.0,0.0,0.0,0.0,0.0,-16.41
2023-03-10 01:00:00,2023-03-10,01:00:00,69.042,69.0,0.0,0.0,0.0,0.0,-15.67
2023-03-10 01:30:00,2023-03-10,01:30:00,69.062,69.0,0.0,0.0,0.0,0.0,-14.26
2023-03-10 02:00:00,2023-03-10,02:00:00,69.083,69.0,0.0,0.0,0.0,0.0,-12.59
2023-03-10 02:30:00,2023-03-10,02:30:00,69.104,69.0,0.0,0.0,0.0,0.0,-11.5
2023-03-10 03:00:00,2023-03-10,03:00:00,69.125,69.0,0.0,0.0,0.0,0.0,-10.81
2023-03-10 03:30:00,2023-03-10,03:30:00,69.146,69.0,0.0,0.0,0.0,0.0,-10.38
2023-03-10 04:00:00,2023-03-10,04:00:00,69.167,69.0,0.0,0.0,0.0,0.0,-8.56
2023-03-10 04:30:00,2023-03-10,04:30:00,69.188,69.0,0.0,0.0,0.0,0.0,-6.82
2023-03-10 05:00:00,2023-03-10,05:00:00,69.208,69.0,0.28,0.28,0.27,0.28,-8.0
2023-03-10 05:30:00,2023-03-10,05:30:00,69.229,69.0,0.66,0.67,0.66,0.67,-8.27
2023-03-10 06:00:00,2023-03-10,06:00:00,69.25,69.0,0.73,0.73,0.72,0.73,-8.66
2023-03-10 06:30:00,2023-03-10,06:30:00,69.271,69.0,0.75,0.76,0.74,0.76,-8.25
2023-03-10 07:00:00,2023-03-10,07:00:00,69.292,69.0,0.47,0.47,0.46,0.47,-7.5
2023-03-10 07:30:00,2023-03-10,07:30:00,69.312,69.0,0.34,0.34,0.34,0.34,-6.46
2023-03-10 08:00:00,2023-03-10,08:00:00,69.333,69.0,0.2,0.21,0.2,0.21,-4.51
2023-03-10 08:30:00,2023-03-10,08:30:00,69.354,69.0,0.0,0.0,0.0,0.0,-2.86
2023-03-10 09:00:00,2023-03-10,09:00:00,69.375,69.0,0.23,0.23,0.23,0.23,-1.98
2023-03-10 09:30:00,2023-03-10,09:30:00,69.396,69.0,0.31,0.31,0.31,0.31,-0.8
2023-03-10 10:00:00,2023-03-10,10:00:00,69.417,69.0,0.35,0.36,0.35,0.36,-0.91
2023-03-10 10:30:00,2023-03-10,10:30:00,69.438,69.0,0.53,0.53,0.52,0.53,-0.63
2023-03-10 11:00:00,2023-03-10,11:00:00,69.458,69.0,0.54,0.55,0.54,0.55,-0.84
2023-03-10 11:30:00,2023-03-10,11:30:00,69.479,69.0,1.25,1.26,1.22,1.26,-0.98
2023-03-10 12:00:00,2023-03-10,12:00:00,69.5,69.0,1.39,1.4,1.37,1.4,-1.68
2023-03-10 12:30:00,2023-03-10,12:30:00,69.521,69.0,1.82,1.84,1.8,1.84,-1.53
2023-03-10 13:00:00,2023-03-10,13:00:00,69.542,69.0,1.48,1.49,1.46,1.49,-1.34
2023-03-10 13:30:00,2023-03-10,13:30:00,69.562,69.0,1.7,1.71,1.67,1.71,-0.99
2023-03-10 14:00:00,2023-03-10,14:00:00,69.583,69.0,1.86,1.87,1.85,1.87,-1.26
2023-03-10 14:30:00,2023-03-10,14:30:00,69.604,69.0,1.6,1.61,1.58,1.61,-1.32
2023-03-10 15:00:00,2023-03-10,15:00:00,69.625,69.0,1.32,1.33,1.3,1.33,-1.37
2023-03-10 15:30:00,2023-03-10,15:30:00,69.646,69.0,0.94,0.94,0.93,0.94,-1.76
2023-03-10 16:00:00,2023-03-10,16:00:00,69.667,69.0,1.11,1.12,1.08,1.12,-2.26
2023-03-10 16:30:00,2023-03-10,16:30:00,69.688,69.0,1.08,1.08,1.07,1.08,-3.18
2023-03-10 17:00:00,2023-03-10,17:00:00,69.708,69.0,0.65,0.65,0.63,0.65,-3.5
2023-03-10 17:30:00,2023-03-10,17:30:00,69.729,69.0,0.23,0.23,0.23,0.23,-3.94
2023-03-10 18:00:00,2023-03-10,18:00:00,69.75,69.0,0.51,0.52,0.5,0.52,-4.33
2023-03-10 18:30:00,2023-03-10,18:30:00,69.771,69.0,1.26,1.27,1.24,1.27,-4.56
2023-03-10 19:00:00,2023-03-10,19:00:00,69.792,69.0,0.94,0.95,0.93,0.95,-4.67
2023-03-10 19:30:00,2023-03-10,19:30:00,69.812,69.0,0.79,0.8,0.78,0.8,-4.74
2023-03-10 20:00:00,2023-03-10,20:00:00,69.833,69.0,1.12,1.12,1.1,1.12,-4.72
2023-03-10 20:30:00,2023-03-10,20:30:00,69.854,69.0,1.42,1.43,1.4,1.43,-4.6
2023-03-10 21:00:00,2023-03-10,21:00:00,69.875,69.0,2.53,2.54,2.5,2.54,-4.55
2023-03-10 21:30:00,2023-03-10,21:30:00,69.896,69.0,2.77,2.78,2.74,2.78,-4.48
2023-03-10 22:00:00,2023-03-10,22:00:00,69.917,69.0,2.02,2.04,1.99,2.04,-4.36
2023-03-10 22:30:00,2023-03-10,22:30:00,69.938,69.0,2.79,2.81,2.76,2.81,-4.17
2023-03-10 23:00:00,2023-03-10,23:00:00,69.958,69.0,2.14,2.15,2.12,2.15,-4.11
2023-03-10 23:30:00,2023-03-10,23:30:00,69.979,69.0,1.97,1.99,1.94,1.99,-4.07
2023-03-11 00:00:00,2023-03-11,00:00:00,70.0,70.0,1.83,1.84,1.79,1.84,-4.06
2023-03-11 00:30:00,2023-03-11,00:30:00,70.021,70.0,1.75,1.79,1.76,1.69,-4.09
2023-03-11 01:00:00,2023-03-11,01:00:00,70.042,70.0,1.4,1.44,1.4,1.36,-4.13
2023-03-11 01:30:00,2023-03-11,01:30:00,70.062,70.0,0.99,1.02,1.0,0.96,-3.89
2023-03-11 02:00:00,2023-03-11,02:00:00,70.083,70.0,0.79,0.82,0.8,0.77,-3.11
2023-03-11 02:30:00,2023-03-11,02:30:00,70.104,70.0,0.68,0.7,0.7,0.66,-2.63
2023-03-11 03:00:00,2023-03-11,03:00:00,70.125,70.0,0.65,0.67,0.65,0.63,-2.54
2023-03-11 03:30:00,2023-03-11,03:30:00,70.146,70.0,0.67,0.69,0.67,0.65,-2.56
2023-03-11 04:00:00,2023-03-11,04:00:00,70.167,70.0,0.36,0.37,0.36,0.35,-2.58
2023-03-11 04:30:00,2023-03-11,04:30:00,70.188,70.0,0.71,0.73,0.7,0.69,-2.62
2023-03-11 05:00:00,2023-03-11,05:00:00,70.208,70.0,0.32,0.33,0.33,0.31,-2.63
2023-03-11 05:30:00,2023-03-11,05:30:00,70.229,70.0,0.46,0.48,0.46,0.45,-2.65
2023-03-11 06:00:00,2023-03-11,06:00:00,70.25,70.0,0.7,0.71,0.71,0.67,-2.8
2023-03-11 06:30:00,2023-03-11,06:30:00,70.271,70.0,1.16,1.19,1.16,1.12,-2.94
2023-03-11 07:00:00,2023-03-11,07:00:00,70.292,70.0,1.52,1.56,1.52,1.47,-3.64
2023-03-11 07:30:00,2023-03-11,07:30:00,70.312,70.0,0.93,0.95,0.93,0.9,-3.55
2023-03-11 08:00:00,2023-03-11,08:00:00,70.333,70.0,0.72,0.74,0.72,0.7,-3.37
2023-03-11 08:30:00,2023-03-11,08:30:00,70.354,70.0,0.3,0.3,0.3,0.28,-2.51
2023-03-11 09:00:00,2023-03-11,09:00:00,70.375,70.0,0.0,0.0,0.0,0.0,-2.1
2023-03-11 09:30:00,2023-03-11,09:30:00,70.396,70.0,0.0,0.0,0.0,0.0,-0.83
2023-03-11 10:00:00,2023-03-11,10:00:00,70.417,70.0,0.0,0.0,0.0,0.0,-0.37
2023-03-11 10:30:00,2023-03-11,10:30:00,70.438,70.0,0.69,0.63,0.83,0.6,-0.45
2023-03-11 11:00:00,2023-03-11,11:00:00,70.458,70.0,0.0,0.0,0.0,0.0,2.31
2023-03-11 11:30:00,2023-03-11,11:30:00,70.479,70.0,0.0,0.0,0.0,0.0,2.81
2023-03-11 12:00:00,2023-03-11,12:00:00,70.5,70.0,0.0,0.0,0.0,0.0,2.77
2023-03-11 12:30:00,2023-03-11,12:30:00,70.521,70.0,0.0,0.0,0.0,0.0,6.04
2023-03-11 13:00:00,2023-03-11,13:00:00,70.542,70.0,0.0,0.0,0.0,0.0,7.6
2023-03-11 13:30:00,2023-03-11,13:30:00,70.562,70.0,0.0,0.0,0.0,0.0,3.66
2023-03-11 14:00:00,2023-03-11,14:00:00,70.583,70.0,0.0,0.0,0.0,0.0,2.88
2023-03-11 14:30:00,2023-03-11,14:30:00,70.604,70.0,0.0,0.0,0.0,0.0,2.54
2023-03-11 15:00:00,2023-03-11,15:00:00,70.625,70.0,0.0,0.0,0.0,0.0,3.04
2023-03-11 15:30:00,2023-03-11,15:30:00,70.646,70.0,0.0,0.0,0.0,0.0,-0.64
2023-03-11 16:00:00,2023-03-11,16:00:00,70.667,70.0,0.0,0.0,0.0,0.0,-0.82
2023-03-11 16:30:00,2023-03-11,16:30:00,70.688,70.0,0.0,0.0,0.0,0.0,-2.78
2023-03-11 17:00:00,2023-03-11,17:00:00,70.708,70.0,0.0,0.0,0.0,0.0,-4.62
2023-03-11 17:30:00,2023-03-11,17:30:00,70.729,70.0,0.0,0.0,0.0,0.0,-5.68
2023-03-11 18:00:00,2023-03-11,18:00:00,70.75,70.0,0.0,0.0,0.0,0.0,-7.62
2023-03-11 18:30:00,2023-03-11,18:30:00,70.771,70.0,0.0,0.0,0.0,0.0,-7.18
2023-03-11 19:00:00,2023-03-11,19:00:00,70.792,70.0,0.0,0.0,0.0,0.0,-7.02
2023-03-11 19:30:00,2023-03-11,19:30:00,70.812,70.0,0.0,0.0,0.0,0.0,-6.85
2023-03-11 20:00:00,2023-03-11,20:00:00,70.833,70.0,0.0,0.0,0.0,0.0,-6.45
2023-03-11 20:30:00,2023-03-11,20:30:00,70.854,70.0,0.0,0.0,0.0,0.0,-5.89
2023-03-11 21:00:00,2023-03-11,21:00:00,70.875,70.0,0.64,0.65,0.64,0.62,-5.64
2023-03-11 21:30:00,2023-03-11,21:30:00,70.896,70.0,0.0,0.0,0.0,0.0,-6.1
2023-03-11 22:00:00,2023-03-11,22:00:00,70.917,70.0,0.0,0.0,0.0,0.0,-6.91
2023-03-11 22:30:00,2023-03-11,22:30:00,70.938,70.0,0.0,0.0,0.0,0.0,-7.94
2023-03-11 23:00:00,2023-03-11,23:00:00,70.958,70.0,0.0,0.0,0.0,0.0,-8.13
2023-03-11 23:30:00,2023-03-11,23:30:00,70.979,70.0,0.0,0.0,0.0,0.0,-7.76
2023-03-12 00:00:00,2023-03-12,00:00:00,71.0,71.0,0.0,0.0,0.0,0.0,-7.69
2023-03-12 00:30:00,2023-03-12,00:30:00,71.021,71.0,0.0,0.0,0.0,0.0,-9.56
2023-03-12 01:00:00,2023-03-12,01:00:00,71.042,71.0,0.0,0.0,0.0,0.0,-8.17
2023-03-12 01:30:00,2023-03-12,01:30:00,71.062,71.0,0.0,0.0,0.0,0.0,-7.78
2023-03-12 02:00:00,2023-03-12,02:00:00,71.083,71.0,0.0,0.0,0.0,0.0,-9.2
2023-03-12 02:30:00,2023-03-12,02:30:00,71.104,71.0,0.0,0.0,0.0,0.0,-8.35
2023-03-12 03:00:00,2023-03-12,03:00:00,71.125,71.0,0.0,0.0,0.0,0.0,-8.08
2023-03-12 03:30:00,2023-03-12,03:30:00,71.146,71.0,0.0,0.0,0.0,0.0,-9.03
2023-03-12 04:00:00,2023-03-12,04:00:00,71.167,71.0,0.0,0.0,0.0,0.0,-9.01
2023-03-12 04:30:00,2023-03-12,04:30:00,71.188,71.0,0.0,0.0,0.0,0.0,-9.69
2023-03-12 05:00:00,2023-03-12,05:00:00,71.208,71.0,0.0,0.0,0.0,0.0,-8.91
2023-03-12 05:30:00,2023-03-12,05:30:00,71.229,71.0,0.26,0.28,0.27,0.22,-8.15
2023-03-12 06:00:00,2023-03-12,06:00:00,71.25,71.0,0.38,0.41,0.4,0.33,-8.05
2023-03-12 06:30:00,2023-03-12,06:30:00,71.271,71.0,0.0,0.0,0.0,0.0,-7.33
2023-03-12 07:00:00,2023-03-12,07:00:00,71.292,71.0,0.3,0.32,0.31,0.25,-6.25
2023-03-12 07:30:00,2023-03-12,07:30:00,71.312,71.0,0.0,0.0,0.0,0.0,-4.82
2023-03-12 08:00:00,2023-03-12,08:00:00,71.333,71.0,0.0,0.0,0.0,0.0,-2.85
2023-03-12 08:30:00,2023-03-12,08:30:00,71.354,71.0,0.0,0.0,0.0,0.0,-1.12
2023-03-12 09:00:00,2023-03-12,09:00:00,71.375,71.0,0.23,0.25,0.25,0.2,1.14
2023-03-12 09:30:00,2023-03-12,09:30:00,71.396,71.0,0.0,0.0,0.0,0.0,1.66
2023-03-12 10:00:00,2023-03-12,10:00:00,71.417,71.0,0.0,0.0,0.0,0.0,3.33
2023-03-12 10:30:00,2023-03-12,10:30:00,71.438,71.0,0.0,0.0,0.0,0.0,7.07
2023-03-12 11:00:00,2023-03-12,11:00:00,71.458,71.0,0.0,0.0,0.0,0.0,8.32
2023-03-12 11:30:00,2023-03-12,11:30:00,71.479,71.0,0.0,0.0,0.0,0.0,7.93
2023-03-12 12:00:00,2023-03-12,12:00:00,71.5,71.0,0.0,0.0,0.0,0.0,3.94
2023-03-12 12:30:00,2023-03-12,12:30:00,71.521,71.0,0.64,0.69,0.66,0.55,4.12
2023-03-12 13:00:00,2023-03-12,13:00:00,71.542,71.0,0.37,0.4,0.38,0.32,2.93
2023-03-12 13:30:00,2023-03-12,13:30:00,71.562,71.0,0.6,0.65,0.63,0.52,-0.46
2023-03-12 14:00:00,2023-03-12,14:00:00,71.583,71.0,0.49,0.53,0.51,0.43,1.96
2023-03-12 14:30:00,2023-03-12,14:30:00,71.604,71.0,0.0,0.0,0.0,0.0,3.45
2023-03-12 15:00:00,2023-03-12,15:00:00,71.625,71.0,0.0,0.0,0.0,0.0,4.44
2023-03-12 15:30:00,2023-03-12,15:30:00,71.646,71.0,0.0,0.0,0.0,0.0,0.8
2023-03-12 16:00:00,2023-03-12,16:00:00,71.667,71.0,0.71,0.76,0.75,0.61,-1.19
2023-03-12 16:30:00,2023-03-12,16:30:00,71.688,71.0,0.7,0.77,0.73,0.62,-0.6
2023-03-12 17:00:00,2023-03-12,17:00:00,71.708,71.0,0.0,0.0,0.0,0.0,-1.06
2023-03-12 17:30:00,2023-03-12,17:30:00,71.729,71.0,0.0,0.0,0.0,0.0,-2.59
2023-03-12 18:00:00,2023-03-12,18:00:00,71.75,71.0,0.0,0.0,0.0,0.0,-4.05
2023-03-12 18:30:00,2023-03-12,18:30:00,71.771,71.0,0.0,0.0,0.0,0.0,-4.65
2023-03-12 19:00:00,2023-03-12,19:00:00,71.792,71.0,0.0,0.0,0.0,0.0,-5.28
2023-03-12 19:30:00,2023-03-12,19:30:00,71.812,71.0,0.0,0.0,0.0,0.0,-5.26
2023-03-12 20:00:00,2023-03-12,20:00:00,71.833,71.0,0.0,0.0,0.0,0.0,-5.1
2023-03-12 20:30:00,2023-03-12,20:30:00,71.854,71.0,0.68,0.74,0.72,0.59,-4.72
2023-03-12 21:00:00,2023-03-12,21:00:00,71.875,71.0,1.77,1.91,1.88,1.53,-4.56
2023-03-12 21:30:00,2023-03-12,21:30:00,71.896,71.0,1.49,1.61,1.58,1.29,-4.6
2023-03-12 22:00:00,2023-03-12,22:00:00,71.917,71.0,0.0,0.0,0.0,0.0,-5.61
2023-03-12 22:30:00,2023-03-12,22:30:00,71.938,71.0,0.0,0.0,0.0,0.0,-6.48
2023-03-12 23:00:00,2023-03-12,23:00:00,71.958,71.0,0.0,0.0,0.0,0.0,-6.21
2023-03-12 23:30:00,2023-03-12,23:30:00,71.979,71.0,0.0,0.0,0.0,0.0,-6.34
2023-03-13 00:00:00,2023-03-13,00:00:00,72.0,72.0,0.0,0.0,0.0,0.0,-6.52
2023-03-13 00:30:00,2023-03-13,00:30:00,72.021,72.0,0.0,0.0,0.0,0.0,-9.09
2023-03-13 01:00:00,2023-03-13,01:00:00,72.042,72.0,0.0,0.0,0.0,0.0,-8.14
2023-03-13 01:30:00,2023-03-13,01:30:00,72.062,72.0,0.0,0.0,0.0,0.0,-8.59
2023-03-13 02:00:00,2023-03-13,02:00:00,72.083,72.0,0.0,0.0,0.0,0.0,-11.21
2023-03-13 02:30:00,2023-03-13,02:30:00,72.104,72.0,0.0,0.0,0.0,0.0,-13.17
2023-03-13 03:00:00,2023-03-13,03:00:00,72.125,72.0,0.0,0.0,0.0,0.0,-13.08
2023-03-13 03:30:00,2023-03-13,03:30:00,72.146,72.0,0.0,0.0,0.0,0.0,-11.22
2023-03-13 04:00:00,2023-03-13,04:00:00,72.167,72.0,0.0,0.0,0.0,0.0,-10.06
2023-03-13 04:30:00,2023-03-13,04:30:00,72.188,72.0,0.0,0.0,0.0,0.0,-10.8
2023-03-13 05:00:00,2023-03-13,05:00:00,72.208,72.0,0.0,0.0,0.0,0.0,-11.33
2023-03-13 05:30:00,2023-03-13,05:30:00,72.229,72.0,0.0,0.0,0.0,0.0,-10.01
2023-03-13 06:00:00,2023-03-13,06:00:00,72.25,72.0,0.0,0.0,0.0,0.0,-9.54
2023-03-13 06:30:00,2023-03-13,06:30:00,72.271,72.0,0.0,0.0,0.0,0.0,-10.31
2023-03-13 07:00:00,2023-03-13,07:00:00,72.292,72.0,0.0,0.0,0.0,0.0,-10.33
2023-03-13 07:30:00,2023-03-13,07:30:00,72.312,72.0,0.0,0.0,0.0,0.0,-8.31
2023-03-13 08:00:00,2023-03-13,08:00:00,72.333,72.0,0.0,0.0,0.0,0.0,-5.59
2023-03-13 08:30:00,2023-03-13,08:30:00,72.354,72.0,0.0,0.0,0.0,0.0,-3.23
2023-03-13 09:00:00,2023-03-13,09:00:00,72.375,72.0,0.0,0.0,0.0,0.0,0.13
2023-03-13 09:30:00,2023-03-13,09:30:00,72.396,72.0,0.0,0.0,0.0,0.0,3.62
2023-03-13 10:00:00,2023-03-13,10:00:00,72.417,72.0,0.0,0.0,0.0,0.0,8.18
2023-03-13 10:30:00,2023-03-13,10:30:00,72.438,72.0,0.0,0.0,0.0,0.0,6.21
2023-03-13 11:00:00,2023-03-13,11:00:00,72.458,72.0,0.0,0.0,0.0,0.0,9.85
2023-03-13 11:30:00,2023-03-13,11:30:00,72.479,72.0,0.0,0.0,0.0,0.0,11.71
2023-03-13 12:00:00,2023-03-13,12:00:00,72.5,72.0,0.0,0.0,0.0,0.0,15.15
2023-03-13 12:30:00,2023-03-13,12:30:00,72.521,72.0,0.0,0.0,0.0,0.0,13.53
2023-03-13 13:00:00,2023-03-13,13:00:00,72.542,72.0,0.0,0.0,0.0,0.0,14.51
2023-03-13 13:30:00,2023-03-13,13:30:00,72.562,72.0,0.0,0.0,0.0,0.0,14.12
2023-03-13 14:00:00,2023-03-13,14:00:00,72.583,72.0,0.0,0.0,0.0,0.0,11.47
2023-03-13 14:30:00,2023-03-13,14:30:00,72.604,72.0,0.0,0.0,0.0,0.0,12.57
2023-03-13 15:00:00,2023-03-13,15:00:00,72.625,72.0,0.0,0.0,0.0,0.0,10.55
2023-03-13 15:30:00,2023-03-13,15:30:00,72.646,72.0,0.0,0.0,0.0,0.0,5.91
2023-03-13 16:00:00,2023-03-13,16:00:00,72.667,72.0,0.0,0.0,0.0,0.0,4.32
2023-03-13 16:30:00,2023-03-13,16:30:00,72.688,72.0,0.0,0.0,0.0,0.0,0.41
2023-03-13 17:00:00,2023-03-13,17:00:00,72.708,72.0,0.0,0.0,0.0,0.0,-2.84
2023-03-13 17:30:00,2023-03-13,17:30:00,72.729,72.0,0.0,0.0,0.0,0.0,-4.43
2023-03-13 18:00:00,2023-03-13,18:00:00,72.75,72.0,0.0,0.0,0.0,0.0,-5.68
2023-03-13 18:30:00,2023-03-13,18:30:00,72.771,72.0,0.0,0.0,0.0,0.0,-6.95
2023-03-13 19:00:00,2023-03-13,19:00:00,72.792,72.0,0.0,0.0,0.0,0.0,-8.75
2023-03-13 19:30:00,2023-03-13,19:30:00,72.812,72.0,0.0,0.0,0.0,0.0,-9.41
2023-03-13 20:00:00,2023-03-13,20:00:00,72.833,72.0,0.0,0.0,0.0,0.0,-10.64
2023-03-13 20:30:00,2023-03-13,20:30:00,72.854,72.0,0.0,0.0,0.0,0.0,-11.84
2023-03-13 21:00:00,2023-03-13,21:00:00,72.875,72.0,0.0,0.0,0.0,0.0,-12.24
2023-03-13 21:30:00,2023-03-13,21:30:00,72.896,72.0,0.0,0.0,0.0,0.0,-12.36
2023-03-13 22:00:00,2023-03-13,22:00:00,72.917,72.0,0.0,0.0,0.0,0.0,-13.04
2023-03-13 22:30:00,2023-03-13,22:30:00,72.938,72.0,0.0,0.0,0.0,0.0,-11.8
2023-03-13 23:00:00,2023-03-13,23:00:00,72.958,72.0,0.0,0.0,0.0,0.0,-11.9
2023-03-13 23:30:00,2023-03-13,23:30:00,72.979,72.0,0.0,0.0,0.0,0.0,-13.77
2023-03-14 00:00:00,2023-03-14,00:00:00,73.0,73.0,0.0,0.0,0.0,0.0,-13.67
2023-03-14 00:30:00,2023-03-14,00:30:00,73.021,73.0,0.0,0.0,0.0,0.0,-12.16
2023-03-14 01:00:00,2023-03-14,01:00:00,73.042,73.0,0.0,0.0,0.0,0.0,-12.28
2023-03-14 01:30:00,2023-03-14,01:30:00,73.062,73.0,0.0,0.0,0.0,0.0,-13.33
2023-03-14 02:00:00,2023-03-14,02:00:00,73.083,73.0,0.0,0.0,0.0,0.0,-14.37
2023-03-14 02:30:00,2023-03-14,02:30:00,73.104,73.0,0.0,0.0,0.0,0.0,-13.49
2023-03-14 03:00:00,2023-03-14,03:00:00,73.125,73.0,0.0,0.0,0.0,0.0,-11.64
2023-03-14 03:30:00,2023-03-14,03:30:00,73.146,73.0,0.0,0.0,0.0,0.0,-12.02
2023-03-14 04:00:00,2023-03-14,04:00:00,73.167,73.0,0.0,0.0,0.0,0.0,-11.37
2023-03-14 04:30:00,2023-03-14,04:30:00,73.188,73.0,0.0,0.0,0.0,0.0,-10.56
2023-03-14 05:00:00,2023-03-14,05:00:00,73.208,73.0,0.0,0.0,0.0,0.0,-12.52
2023-03-14 05:30:00,2023-03-14,05:30:00,73.229,73.0,0.0,0.0,0.0,0.0,-13.02
2023-03-14 06:00:00,2023-03-14,06:00:00,73.25,73.0,0.0,0.0,0.0,0.0,-13.92
2023-03-14 06:30:00,2023-03-14,06:30:00,73.271,73.0,0.0,0.0,0.0,0.0,-12.77
2023-03-14 07:00:00,2023-03-14,07:00:00,73.292,73.0,0.0,0.0,0.0,0.0,-11.24
2023-03-14 07:30:00,2023-03-14,07:30:00,73.312,73.0,0.0,0.0,0.0,0.0,-10.05
2023-03-14 08:00:00,2023-03-14,08:00:00,73.333,73.0,0.0,0.0,0.0,0.0,-7.31
2023-03-14 08:30:00,2023-03-14,08:30:00,73.354,73.0,0.0,0.0,0.0,0.0,-5.95
2023-03-14 09:00:00,2023-03-14,09:00:00,73.375,73.0,0.0,0.0,0.0,0.0,-0.02
2023-03-14 09:30:00,2023-03-14,09:30:00,73.396,73.0,0.0,0.0,0.0,0.0,4.2
2023-03-14 10:00:00,2023-03-14,10:00:00,73.417,73.0,0.0,0.0,0.0,0.0,6.07
2023-03-14 10:30:00,2023-03-14,10:30:00,73.438,73.0,0.0,0.0,0.0,0.0,6.2
2023-03-14 11:00:00,2023-03-14,11:00:00,73.458,73.0,0.0,0.0,0.0,0.0,6.94
2023-03-14 11:30:00,2023-03-14,11:30:00,73.479,73.0,0.0,0.0,0.0,0.0,4.54
2023-03-14 12:00:00,2023-03-14,12:00:00,73.5,73.0,0.0,0.0,0.0,0.0,8.78
2023-03-14 12:30:00,2023-03-14,12:30:00,73.521,73.0,0.0,0.0,0.0,0.0,7.87
2023-03-14 13:00:00,2023-03-14,13:00:00,73.542,73.0,0.0,0.0,0.0,0.0,8.25
2023-03-14 13:30:00,2023-03-14,13:30:00,73.562,73.0,0.0,0.0,0.0,0.0,11.09
2023-03-14 14:00:00,2023-03-14,14:00:00,73.583,73.0,0.0,0.0,0.0,0.0,11.32
2023-03-14 14:30:00,2023-03-14,14:30:00,73.604,73.0,0.0,0.0,0.0,0.0,6.95
2023-03-14 15:00:00,2023-03-14,15:00:00,73.625,73.0,0.0,0.0,0.0,0.0,9.06
2023-03-14 15:30:00,2023-03-14,15:30:00,73.646,73.0,0.07,0.0,0.2,0.0,4.71
2023-03-14 16:00:00,2023-03-14,16:00:00,73.667,73.0,0.0,0.0,0.0,0.0,2.48
2023-03-14 16:30:00,2023-03-14,16:30:00,73.688,73.0,0.0,0.0,0.0,0.0,-0.3
2023-03-14 17:00:00,2023-03-14,17:00:00,73.708,73.0,0.0,0.0,0.0,0.0,-1.09
2023-03-14 17:30:00,2023-03-14,17:30:00,73.729,73.0,0.0,0.0,0.0,0.0,-2.71
2023-03-14 18:00:00,2023-03-14,18:00:00,73.75,73.0,0.0,0.0,0.0,0.0,-3.73
2023-03-14 18:30:00,2023-03-14,18:30:00,73.771,73.0,0.0,0.0,0.0,0.0,-4.57
2023-03-14 19:00:00,2023-03-14,19:00:00,73.792,73.0,0.0,0.0,0.0,0.0,-4.95
2023-03-14 19:30:00,2023-03-14,19:30:00,73.812,73.0,0.0,0.0,0.0,0.0,-5.51
2023-03-14 20:00:00,2023-03-14,20:00:00,73.833,73.0,0.0,0.0,0.0,0.0,-4.28
2023-03-14 20:30:00,2023-03-14,20:30:00,73.854,73.0,0.0,0.0,0.0,0.0,-3.94
2023-03-14 21:00:00,2023-03-14,21:00:00,73.875,73.0,0.0,0.0,0.0,0.0,-3.62
2023-03-14 21:30:00,2023-03-14,21:30:00,73.896,73.0,0.0,0.0,0.0,0.0,-3.39
2023-03-14 22:00:00,2023-03-14,22:00:00,73.917,73.0,0.0,0.0,0.0,0.0,-3.44
2023-03-14 22:30:00,2023-03-14,22:30:00,73.938,73.0,0.0,0.0,0.0,0.0,-3.72
2023-03-14 23:00:00,2023-03-14,23:00:00,73.958,73.0,0.0,0.0,0.0,0.0,-3.91
2023-03-14 23:30:00,2023-03-14,23:30:00,73.979,73.0,0.3,0.29,0.3,0.31,-3.86
2023-03-15 00:00:00,2023-03-15,00:00:00,74.0,74.0,0.39,0.38,0.39,0.39,-3.88
2023-03-15 00:30:00,2023-03-15,00:30:00,74.021,74.0,0.28,0.28,0.28,0.28,-3.97
2023-03-15 01:00:00,2023-03-15,01:00:00,74.042,74.0,0.0,0.0,0.0,0.0,-4.17
2023-03-15 01:30:00,2023-03-15,01:30:00,74.062,74.0,0.0,0.0,0.0,0.0,-4.24
2023-03-15 02:00:00,2023-03-15,02:00:00,74.083,74.0,0.0,0.0,0.0,0.0,-4.08
2023-03-15 02:30:00,2023-03-15,02:30:00,74.104,74.0,0.0,0.0,0.0,0.0,-4.14
2023-03-15 03:00:00,2023-03-15,03:00:00,74.125,74.0,0.0,0.0,0.0,0.0,-4.28
2023-03-15 03:30:00,2023-03-15,03:30:00,74.146,74.0,0.0,0.0,0.0,0.0,-4.3
2023-03-15 04:00:00,2023-03-15,04:00:00,74.167,74.0,0.0,0.0,0.0,0.0,-4.3
2023-03-15 04:30:00,2023-03-15,04:30:00,74.188,74.0,0.0,0.0,0.0,0.0,-4.3
2023-03-15 05:00:00,2023-03-15,05:00:00,74.208,74.0,0.0,0.0,0.0,0.0,-4.2
2023-03-15 05:30:00,2023-03-15,05:30:00,74.229,74.0,0.22,0.22,0.22,0.22,-4.13
2023-03-15 06:00:00,2023-03-15,06:00:00,74.25,74.0,0.71,0.71,0.69,0.71,-4.05
2023-03-15 06:30:00,2023-03-15,06:30:00,74.271,74.0,0.89,0.9,0.88,0.9,-3.61
2023-03-15 07:00:00,2023-03-15,07:00:00,74.292,74.0,0.57,0.57,0.56,0.57,-2.98
2023-03-15 07:30:00,2023-03-15,07:30:00,74.312,74.0,0.44,0.44,0.43,0.44,-1.83
2023-03-15 08:00:00,2023-03-15,08:00:00,74.333,74.0,0.49,0.49,0.48,0.49,-0.78
2023-03-15 08:30:00,2023-03-15,08:30:00,74.354,74.0,0.56,0.57,0.56,0.57,0.43
2023-03-15 09:00:00,2023-03-15,09:00:00,74.375,74.0,0.39,0.39,0.39,0.39,0.99
2023-03-15 09:30:00,2023-03-15,09:30:00,74.396,74.0,0.54,0.55,0.53,0.55,0.63
2023-03-15 10:00:00,2023-03-15,10:00:00,74.417,74.0,0.61,0.61,0.6,0.61,0.35
2023-03-15 10:30:00,2023-03-15,10:30:00,74.438,74.0,0.49,0.5,0.48,0.49,1.86
2023-03-15 11:00:00,2023-03-15,11:00:00,74.458,74.0,0.22,0.22,0.21,0.22,4.1
2023-03-15 11:30:00,2023-03-15,11:30:00,74.479,74.0,0.0,0.0,0.0,0.0,7.03
2023-03-15 12:00:00,2023-03-15,12:00:00,74.5,74.0,0.0,0.0,0.0,0.0,6.11
2023-03-15 12:30:00,2023-03-15,12:30:00,74.521,74.0,0.39,0.39,0.39,0.39,5.91
2023-03-15 13:00:00,2023-03-15,13:00:00,74.542,74.0,0.51,0.51,0.49,0.51,4.43
2023-03-15 13:30:00,2023-03-15,13:30:00,74.562,74.0,0.85,0.86,0.83,0.86,2.71
2023-03-15 14:00:00,2023-03-15,14:00:00,74.583,74.0,0.79,0.8,0.78,0.8,1.12
2023-03-15 14:30:00,2023-03-15,14:30:00,74.604,74.0,0.52,0.52,0.51,0.52,1.96
2023-03-15 15:00:00,2023-03-15,15:00:00,74.625,74.0,0.6,0.61,0.59,0.61,1.87
2023-03-15 15:30:00,2023-03-15,15:30:00,74.646,74.0,0.59,0.6,0.58,0.6,0.62
2023-03-15 16:00:00,2023-03-15,16:00:00,74.667,74.0,0.45,0.46,0.45,0.45,0.24
2023-03-15 16:30:00,2023-03-15,16:30:00,74.688,74.0,0.35,0.35,0.34,0.35,-0.3
2023-03-15 17:00:00,2023-03-15,17:00:00,74.708,74.0,0.39,0.39,0.38,0.39,-0.69
2023-03-15 17:30:00,2023-03-15,17:30:00,74.729,74.0,0.5,0.51,0.5,0.51,-0.72
2023-03-15 18:00:00,2023-03-15,18:00:00,74.75,74.0,0.48,0.49,0.47,0.49,-0.91
2023-03-15 18:30:00,2023-03-15,18:30:00,74.771,74.0,0.37,0.37,0.36,0.37,-1.07
2023-03-15 19:00:00,2023-03-15,19:00:00,74.792,74.0,0.3,0.3,0.29,0.3,-1.11
2023-03-15 19:30:00,2023-03-15,19:30:00,74.812,74.0,0.44,0.44,0.43,0.44,-1.51
2023-03-15 20:00:00,2023-03-15,20:00:00,74.833,74.0,0.26,0.26,0.26,0.26,-1.72
2023-03-15 20:30:00,2023-03-15,20:30:00,74.854,74.0,0.0,0.0,0.0,0.0,-1.98
2023-03-15 21:00:00,2023-03-15,21:00:00,74.875,74.0,0.0,0.0,0.0,0.0,-2.08
2023-03-15 21:30:00,2023-03-15,21:30:00,74.896,74.0,0.0,0.0,0.0,0.0,-2.26
2023-03-15 22:00:00,2023-03-15,22:00:00,74.917,74.0,0.8,0.8,0.79,0.8,-2.14
2023-03-15 22:30:00,2023-03-15,22:30:00,74.938,74.0,0.65,0.66,0.64,0.66,-2.15
2023-03-15 23:00:00,2023-03-15,23:00:00,74.958,74.0,1.16,1.17,1.15,1.17,-2.11
2023-03-15 23:30:00,2023-03-15,23:30:00,74.979,74.0,1.17,1.18,1.16,1.18,-2.13
2023-03-16 00:00:00,2023-03-16,00:00:00,75.0,75.0,1.06,1.07,1.05,1.07,-2.14
2023-03-16 00:30:00,2023-03-16,00:30:00,75.021,75.0,0.91,0.91,0.9,0.92,-2.78
2023-03-16 01:00:00,2023-03-16,01:00:00,75.042,75.0,0.21,0.21,0.2,0.21,-3.17
2023-03-16 01:30:00,2023-03-16,01:30:00,75.062,75.0,0.0,0.0,0.0,0.0,-3.69
2023-03-16 02:00:00,2023-03-16,02:00:00,75.083,75.0,0.0,0.0,0.0,0.0,-4.04
2023-03-16 02:30:00,2023-03-16,02:30:00,75.104,75.0,0.0,0.0,0.0,0.0,-4.9
2023-03-16 03:00:00,2023-03-16,03:00:00,75.125,75.0,0.0,0.0,0.0,0.0,-5.8
2023-03-16 03:30:00,2023-03-16,03:30:00,75.146,75.0,0.0,0.0,0.0,0.0,-6.58
2023-03-16 04:00:00,2023-03-16,04:00:00,75.167,75.0,0.0,0.0,0.0,0.0,-7.35
2023-03-16 04:30:00,2023-03-16,04:30:00,75.188,75.0,0.0,0.0,0.0,0.0,-7.75
2023-03-16 05:00:00,2023-03-16,05:00:00,75.208,75.0,0.0,0.0,0.0,0.0,-8.05
2023-03-16 05:30:00,2023-03-16,05:30:00,75.229,75.0,0.0,0.0,0.0,0.0,-7.84
2023-03-16 06:00:00,2023-03-16,06:00:00,75.25,75.0,0.0,0.0,0.0,0.0,-7.7
2023-03-16 06:30:00,2023-03-16,06:30:00,75.271,75.0,0.0,0.0,0.0,0.0,-7.58
2023-03-16 07:00:00,2023-03-16,07:00:00,75.292,75.0,0.0,0.0,0.0,0.0,-7.31
2023-03-16 07:30:00,2023-03-16,07:30:00,75.312,75.0,0.0,0.0,0.0,0.0,-5.51
2023-03-16 08:00:00,2023-03-16,08:00:00,75.333,75.0,0.0,0.0,0.0,0.0,-3.43
2023-03-16 08:30:00,2023-03-16,08:30:00,75.354,75.0,0.0,0.0,0.0,0.0,-4.76
2023-03-16 09:00:00,2023-03-16,09:00:00,75.375,75.0,0.0,0.0,0.0,0.0,-1.26
2023-03-16 09:30:00,2023-03-16,09:30:00,75.396,75.0,0.0,0.0,0.0,0.0,0.56
2023-03-16 10:00:00,2023-03-16,10:00:00,75.417,75.0,0.0,0.0,0.0,0.0,2.37
2023-03-16 10:30:00,2023-03-16,10:30:00,75.438,75.0,0.0,0.0,0.0,0.0,2.78
2023-03-16 11:00:00,2023-03-16,11:00:00,75.458,75.0,0.0,0.0,0.0,0.0,3.64
2023-03-16 11:30:00,2023-03-16,11:30:00,75.479,75.0,0.0,0.0,0.0,0.0,5.26
2023-03-16 12:00:00,2023-03-16,12:00:00,75.5,75.0,0.0,0.0,0.0,0.0,4.37
2023-03-16 12:30:00,2023-03-16,12:30:00,75.521,75.0,0.0,0.0,0.0,0.0,4.3
2023-03-16 13:00:00,2023-03-16,13:00:00,75.542,75.0,0.0,0.0,0.0,0.0,4.56
2023-03-16 13:30:00,2023-03-16,13:30:00,75.562,75.0,0.0,0.0,0.0,0.0,4.73
2023-03-16 14:00:00,2023-03-16,14:00:00,75.583,75.0,0.0,0.0,0.0,0.0,4.5
2023-03-16 14:30:00,2023-03-16,14:30:00,75.604,75.0,0.0,0.0,0.0,0.0,2.88
2023-03-16 15:00:00,2023-03-16,15:00:00,75.625,75.0,0.0,0.0,0.0,0.0,1.75
2023-03-16 15:30:00,2023-03-16,15:30:00,75.646,75.0,0.0,0.0,0.0,0.0,0.91
2023-03-16 16:00:00,2023-03-16,16:00:00,75.667,75.0,0.0,0.0,0.0,0.0,-1.08
2023-03-16 16:30:00,2023-03-16,16:30:00,75.688,75.0,0.0,0.0,0.0,0.0,-2.9
2023-03-16 17:00:00,2023-03-16,17:00:00,75.708,75.0,0.0,0.0,0.0,0.0,-8.5
2023-03-16 17:30:00,2023-03-16,17:30:00,75.729,75.0,0.33,0.33,0.32,0.34,-10.07
2023-03-16 18:00:00,2023-03-16,18:00:00,75.75,75.0,0.25,0.26,0.23,0.25,-10.79
2023-03-16 18:30:00,2023-03-16,18:30:00,75.771,75.0,0.0,0.0,0.0,0.0,-11.62
2023-03-16 19:00:00,2023-03-16,19:00:00,75.792,75.0,0.0,0.0,0.0,0.0,-12.12
2023-03-16 19:30:00,2023-03-16,19:30:00,75.812,75.0,0.0,0.0,0.0,0.0,-12.9
2023-03-16 20:00:00,2023-03-16,20:00:00,75.833,75.0,0.0,0.0,0.0,0.0,-14.44
2023-03-16 20:30:00,2023-03-16,20:30:00,75.854,75.0,0.0,0.0,0.0,0.0,-15.55
2023-03-16 21:00:00,2023-03-16,21:00:00,75.875,75.0,0.0,0.0,0.0,0.0,-15.53
2023-03-16 21:30:00,2023-03-16,21:30:00,75.896,75.0,0.0,0.0,0.0,0.0,-17.09
2023-03-16 22:00:00,2023-03-16,22:00:00,75.917,75.0,0.0,0.0,0.0,0.0,-18.25
2023-03-16 22:30:00,2023-03-16,22:30:00,75.938,75.0,0.0,0.0,0.0,0.0,-18.64
2023-03-16 23:00:00,2023-03-16,23:00:00,75.958,75.0,0.0,0.0,0.0,0.0,-18.7
2023-03-16 23:30:00,2023-03-16,23:30:00,75.979,75.0,0.0,0.0,0.0,0.0,-16.1
2023-03-17 00:00:00,2023-03-17,00:00:00,76.0,76.0,0.0,0.0,0.0,0.0,-15.79
2023-03-17 00:30:00,2023-03-17,00:30:00,76.021,76.0,0.0,0.0,0.0,0.0,-14.83
2023-03-17 01:00:00,2023-03-17,01:00:00,76.042,76.0,0.0,0.0,0.0,0.0,-15.12
2023-03-17 01:30:00,2023-03-17,01:30:00,76.062,76.0,0.0,0.0,0.0,0.0,-16.68
2023-03-17 02:00:00,2023-03-17,02:00:00,76.083,76.0,0.0,0.0,0.0,0.0,-16.5
2023-03-17 02:30:00,2023-03-17,02:30:00,76.104,76.0,0.0,0.0,0.0,0.0,-16.41
2023-03-17 03:00:00,2023-03-17,03:00:00,76.125,76.0,0.0,0.0,0.0,0.0,-15.33
2023-03-17 03:30:00,2023-03-17,03:30:00,76.146,76.0,0.0,0.0,0.0,0.0,-14.69
2023-03-17 04:00:00,2023-03-17,04:00:00,76.167,76.0,0.0,0.0,0.0,0.0,-13.62
2023-03-17 04:30:00,2023-03-17,04:30:00,76.188,76.0,0.0,0.0,0.0,0.0,-13.11
2023-03-17 05:00:00,2023-03-17,05:00:00,76.208,76.0,0.0,0.0,0.0,0.0,-13.07
2023-03-17 05:30:00,2023-03-17,05:30:00,76.229,76.0,0.0,0.0,0.0,0.0,-13.05
2023-03-17 06:00:00,2023-03-17,06:00:00,76.25,76.0,0.0,0.0,0.0,0.0,-13.16
2023-03-17 06:30:00,2023-03-17,06:30:00,76.271,76.0,0.0,0.0,0.0,0.0,-13.5
2023-03-17 07:00:00,2023-03-17,07:00:00,76.292,76.0,0.0,0.0,0.0,0.0,-11.93
2023-03-17 07:30:00,2023-03-17,07:30:00,76.312,76.0,0.0,0.0,0.0,0.0,-9.07
2023-03-17 08:00:00,2023-03-17,08:00:00,76.333,76.0,0.0,0.0,0.0,0.0,-7.22
2023-03-17 08:30:00,2023-03-17,08:30:00,76.354,76.0,0.0,0.0,0.0,0.0,-0.02
2023-03-17 09:00:00,2023-03-17,09:00:00,76.375,76.0,0.0,0.0,0.0,0.0,-1.4
2023-03-17 09:30:00,2023-03-17,09:30:00,76.396,76.0,0.0,0.0,0.0,0.0,3.27
2023-03-17 10:00:00,2023-03-17,10:00:00,76.417,76.0,0.0,0.0,0.0,0.0,6.38
2023-03-17 10:30:00,2023-03-17,10:30:00,76.438,76.0,0.0,0.0,0.0,0.0,9.35
2023-03-17 11:00:00,2023-03-17,11:00:00,76.458,76.0,0.0,0.0,0.0,0.0,11.09
2023-03-17 11:30:00,2023-03-17,11:30:00,76.479,76.0,0.0,0.0,0.0,0.0,7.01
2023-03-17 12:00:00,2023-03-17,12:00:00,76.5,76.0,0.0,0.0,0.0,0.0,5.57
2023-03-17 12:30:00,2023-03-17,12:30:00,76.521,76.0,0.0,0.0,0.0,0.0,6.27
2023-03-17 13:00:00,2023-03-17,13:00:00,76.542,76.0,0.0,0.0,0.0,0.0,7.73
2023-03-17 13:30:00,2023-03-17,13:30:00,76.562,76.0,0.0,0.0,0.0,0.0,6.82
2023-03-17 14:00:00,2023-03-17,14:00:00,76.583,76.0,0.0,0.0,0.0,0.0,3.27
2023-03-17 14:30:00,2023-03-17,14:30:00,76.604,76.0,0.0,0.0,0.0,0.0,1.63
2023-03-17 15:00:00,2023-03-17,15:00:00,76.625,76.0,0.0,0.0,0.0,0.0,0.96
2023-03-17 15:30:00,2023-03-17,15:30:00,76.646,76.0,0.0,0.0,0.0,0.0,-0.94
2023-03-17 16:00:00,2023-03-17,16:00:00,76.667,76.0,0.0,0.0,0.0,0.0,-2.47
2023-03-17 16:30:00,2023-03-17,16:30:00,76.688,76.0,0.0,0.0,0.0,0.0,-4.73
2023-03-17 17:00:00,2023-03-17,17:00:00,76.708,76.0,0.0,0.0,0.0,0.0,-10.4
2023-03-17 17:30:00,2023-03-17,17:30:00,76.729,76.0,0.0,0.0,0.0,0.0,-13.69
2023-03-17 18:00:00,2023-03-17,18:00:00,76.75,76.0,0.0,0.0,0.0,0.0,-15.76
2023-03-17 18:30:00,2023-03-17,18:30:00,76.771,76.0,0.0,0.0,0.0,0.0,-17.11
2023-03-17 19:00:00,2023-03-17,19:00:00,76.792,76.0,0.0,0.0,0.0,0.0,-17.23
2023-03-17 19:30:00,2023-03-17,19:30:00,76.812,76.0,0.0,0.0,0.0,0.0,-17.81
2023-03-17 20:00:00,2023-03-17,20:00:00,76.833,76.0,0.0,0.0,0.0,0.0,-18.67
2023-03-17 20:30:00,2023-03-17,20:30:00,76.854,76.0,0.0,0.0,0.0,0.0,-18.88
2023-03-17 21:00:00,2023-03-17,21:00:00,76.875,76.0,0.0,0.0,0.0,0.0,-19.01
2023-03-17 21:30:00,2023-03-17,21:30:00,76.896,76.0,0.0,0.0,0.0,0.0,-19.25
2023-03-17 22:00:00,2023-03-17,22:00:00,76.917,76.0,0.0,0.0,0.0,0.0,-20.19
2023-03-17 22:30:00,2023-03-17,22:30:00,76.938,76.0,0.0,0.0,0.0,0.0,-21.59
2023-03-17 23:00:00,2023-03-17,23:00:00,76.958,76.0,0.0,0.0,0.0,0.0,-22.88
2023-03-17 23:30:00,2023-03-17,23:30:00,76.979,76.0,0.0,0.0,0.0,0.0,-23.46
2023-03-18 00:00:00,2023-03-18,00:00:00,77.0,77.0,0.0,0.0,0.0,0.0,-23.35
2023-03-18 00:30:00,2023-03-18,00:30:00,77.021,77.0,0.0,0.0,0.0,0.0,-24.47
2023-03-18 01:00:00,2023-03-18,01:00:00,77.042,77.0,0.0,0.0,0.0,0.0,-25.96
2023-03-18 01:30:00,2023-03-18,01:30:00,77.062,77.0,0.0,0.0,0.0,0.0,-26.6
2023-03-18 02:00:00,2023-03-18,02:00:00,77.083,77.0,0.0,0.0,0.0,0.0,-26.61
2023-03-18 02:30:00,2023-03-18,02:30:00,77.104,77.0,0.0,0.0,0.0,0.0,-26.75
2023-03-18 03:00:00,2023-03-18,03:00:00,77.125,77.0,0.0,0.0,0.0,0.0,-26.21
2023-03-18 03:30:00,2023-03-18,03:30:00,77.146,77.0,0.0,0.0,0.0,0.0,-25.82
2023-03-18 04:00:00,2023-03-18,04:00:00,77.167,77.0,0.0,0.0,0.0,0.0,-25.97
2023-03-18 04:30:00,2023-03-18,04:30:00,77.188,77.0,0.0,0.0,0.0,0.0,-26.47
2023-03-18 05:00:00,2023-03-18,05:00:00,77.208,77.0,0.0,0.0,0.0,0.0,-26.73
2023-03-18 05:30:00,2023-03-18,05:30:00,77.229,77.0,0.0,0.0,0.0,0.0,-27.16
2023-03-18 06:00:00,2023-03-18,06:00:00,77.25,77.0,0.0,0.0,0.0,0.0,-27.57
2023-03-18 06:30:00,2023-03-18,06:30:00,77.271,77.0,0.0,0.0,0.0,0.0,-26.54
2023-03-18 07:00:00,2023-03-18,07:00:00,77.292,77.0,0.0,0.0,0.0,0.0,-23.65
2023-03-18 07:30:00,2023-03-18,07:30:00,77.312,77.0,0.0,0.0,0.0,0.0,-17.66
2023-03-18 08:00:00,2023-03-18,08:00:00,77.333,77.0,0.0,0.0,0.0,0.0,-11.96
2023-03-18 08:30:00,2023-03-18,08:30:00,77.354,77.0,0.0,0.0,0.0,0.0,-6.55
2023-03-18 09:00:00,2023-03-18,09:00:00,77.375,77.0,0.0,0.0,0.0,0.0,-2.5
2023-03-18 09:30:00,2023-03-18,09:30:00,77.396,77.0,0.0,0.0,0.0,0.0,0.53
2023-03-18 10:00:00,2023-03-18,10:00:00,77.417,77.0,0.0,0.0,0.0,0.0,3.83
2023-03-18 10:30:00,2023-03-18,10:30:00,77.438,77.0,0.0,0.0,0.0,0.0,6.39
2023-03-18 11:00:00,2023-03-18,11:00:00,77.458,77.0,0.0,0.0,0.0,0.0,6.32
2023-03-18 11:30:00,2023-03-18,11:30:00,77.479,77.0,0.0,0.0,0.0,0.0,5.49
2023-03-18 12:00:00,2023-03-18,12:00:00,77.5,77.0,0.0,0.0,0.0,0.0,6.29
2023-03-18 12:30:00,2023-03-18,12:30:00,77.521,77.0,0.0,0.0,0.0,0.0,6.87
2023-03-18 13:00:00,2023-03-18,13:00:00,77.542,77.0,0.0,0.0,0.0,0.0,7.09
2023-03-18 13:30:00,2023-03-18,13:30:00,77.562,77.0,0.0,0.0,0.0,0.0,6.32
2023-03-18 14:00:00,2023-03-18,14:00:00,77.583,77.0,0.0,0.0,0.0,0.0,6.46
2023-03-18 14:30:00,2023-03-18,14:30:00,77.604,77.0,0.0,0.0,0.0,0.0,6.72
2023-03-18 15:00:00,2023-03-18,15:00:00,77.625,77.0,0.0,0.0,0.0,0.0,4.88
2023-03-18 15:30:00,2023-03-18,15:30:00,77.646,77.0,0.0,0.0,0.0,0.0,1.74
2023-03-18 16:00:00,2023-03-18,16:00:00,77.667,77.0,0.0,0.0,0.0,0.0,-0.43
2023-03-18 16:30:00,2023-03-18,16:30:00,77.688,77.0,0.0,0.0,0.0,0.0,-2.8
2023-03-18 17:00:00,2023-03-18,17:00:00,77.708,77.0,0.0,0.0,0.0,0.0,-11.33
2023-03-18 17:30:00,2023-03-18,17:30:00,77.729,77.0,0.0,0.0,0.0,0.0,-15.02
2023-03-18 18:00:00,2023-03-18,18:00:00,77.75,77.0,0.0,0.0,0.0,0.0,-15.55
2023-03-18 18:30:00,2023-03-18,18:30:00,77.771,77.0,0.0,0.0,0.0,0.0,-16.18
2023-03-18 19:00:00,2023-03-18,19:00:00,77.792,77.0,0.0,0.0,0.0,0.0,-18.34
2023-03-18 19:30:00,2023-03-18,19:30:00,77.812,77.0,0.0,0.0,0.0,0.0,-18.6
2023-03-18 20:00:00,2023-03-18,20:00:00,77.833,77.0,0.0,0.0,0.0,0.0,-20.16
2023-03-18 20:30:00,2023-03-18,20:30:00,77.854,77.0,0.0,0.0,0.0,0.0,-20.62
2023-03-18 21:00:00,2023-03-18,21:00:00,77.875,77.0,0.0,0.0,0.0,0.0,-21.29
2023-03-18 21:30:00,2023-03-18,21:30:00,77.896,77.0,0.0,0.0,0.0,0.0,-21.89
2023-03-18 22:00:00,2023-03-18,22:00:00,77.917,77.0,0.0,0.0,0.0,0.0,-22.53
2023-03-18 22:30:00,2023-03-18,22:30:00,77.938,77.0,0.0,0.0,0.0,0.0,-23.53
2023-03-18 23:00:00,2023-03-18,23:00:00,77.958,77.0,0.0,0.0,0.0,0.0,-23.72
2023-03-18 23:30:00,2023-03-18,23:30:00,77.979,77.0,0.0,0.0,0.0,0.0,-24.21
2023-03-19 00:00:00,2023-03-19,00:00:00,78.0,78.0,0.0,0.0,0.0,0.0,-24.04
2023-03-19 00:30:00,2023-03-19,00:30:00,78.021,78.0,0.0,0.0,0.0,0.0,-24.94
2023-03-19 01:00:00,2023-03-19,01:00:00,78.042,78.0,0.0,0.0,0.0,0.0,-24.89
2023-03-19 01:30:00,2023-03-19,01:30:00,78.062,78.0,0.0,0.0,0.0,0.0,-25.78
2023-03-19 02:00:00,2023-03-19,02:00:00,78.083,78.0,0.0,0.0,0.0,0.0,-26.11
2023-03-19 02:30:00,2023-03-19,02:30:00,78.104,78.0,0.0,0.0,0.0,0.0,-25.87
2023-03-19 03:00:00,2023-03-19,03:00:00,78.125,78.0,0.0,0.0,0.0,0.0,-26.57
2023-03-19 03:30:00,2023-03-19,03:30:00,78.146,78.0,0.0,0.0,0.0,0.0,-26.52
2023-03-19 04:00:00,2023-03-19,04:00:00,78.167,78.0,0.0,0.0,0.0,0.0,-26.3
2023-03-19 04:30:00,2023-03-19,04:30:00,78.188,78.0,0.0,0.0,0.0,0.0,-26.92
2023-03-19 05:00:00,2023-03-19,05:00:00,78.208,78.0,0.0,0.0,0.0,0.0,-26.64
2023-03-19 05:30:00,2023-03-19,05:30:00,78.229,78.0,0.0,0.0,0.0,0.0,-26.66
2023-03-19 06:00:00,2023-03-19,06:00:00,78.25,78.0,0.0,0.0,0.0,0.0,-26.65
2023-03-19 06:30:00,2023-03-19,06:30:00,78.271,78.0,0.0,0.0,0.0,0.0,-25.83
2023-03-19 07:00:00,2023-03-19,07:00:00,78.292,78.0,0.0,0.0,0.0,0.0,-22.52
2023-03-19 07:30:00,2023-03-19,07:30:00,78.312,78.0,0.0,0.0,0.0,0.0,-16.5
2023-03-19 08:00:00,2023-03-19,08:00:00,78.333,78.0,0.0,0.0,0.0,0.0,-10.84
2023-03-19 08:30:00,2023-03-19,08:30:00,78.354,78.0,0.0,0.0,0.0,0.0,-5.32
2023-03-19 09:00:00,2023-03-19,09:00:00,78.375,78.0,0.0,0.0,0.0,0.0,-1.51
2023-03-19 09:30:00,2023-03-19,09:30:00,78.396,78.0,0.0,0.0,0.0,0.0,1.99
2023-03-19 10:00:00,2023-03-19,10:00:00,78.417,78.0,0.0,0.0,0.0,0.0,3.14
2023-03-19 10:30:00,2023-03-19,10:30:00,78.438,78.0,0.0,0.0,0.0,0.0,4.89
2023-03-19 11:00:00,2023-03-19,11:00:00,78.458,78.0,0.0,0.0,0.0,0.0,9.09
2023-03-19 11:30:00,2023-03-19,11:30:00,78.479,78.0,0.0,0.0,0.0,0.0,8.93
2023-03-19 12:00:00,2023-03-19,12:00:00,78.5,78.0,0.0,0.0,0.0,0.0,9.29
2023-03-19 12:30:00,2023-03-19,12:30:00,78.521,78.0,0.0,0.0,0.0,0.0,7.62
2023-03-19 13:00:00,2023-03-19,13:00:00,78.542,78.0,0.0,0.0,0.0,0.0,7.48
2023-03-19 13:30:00,2023-03-19,13:30:00,78.562,78.0,0.0,0.0,0.0,0.0,6.05
2023-03-19 14:00:00,2023-03-19,14:00:00,78.583,78.0,0.0,0.0,0.0,0.0,7.29
2023-03-19 14:30:00,2023-03-19,14:30:00,78.604,78.0,0.0,0.0,0.0,0.0,7.33
2023-03-19 15:00:00,2023-03-19,15:00:00,78.625,78.0,0.0,0.0,0.0,0.0,8.99
2023-03-19 15:30:00,2023-03-19,15:30:00,78.646,78.0,0.0,0.0,0.0,0.0,5.58
2023-03-19 16:00:00,2023-03-19,16:00:00,78.667,78.0,0.0,0.0,0.0,0.0,2.63
2023-03-19 16:30:00,2023-03-19,16:30:00,78.688,78.0,0.0,0.0,0.0,0.0,-2.56
2023-03-19 17:00:00,2023-03-19,17:00:00,78.708,78.0,0.0,0.0,0.0,0.0,-6.63
2023-03-19 17:30:00,2023-03-19,17:30:00,78.729,78.0,0.0,0.0,0.0,0.0,-8.75
2023-03-19 18:00:00,2023-03-19,18:00:00,78.75,78.0,0.0,0.0,0.0,0.0,-11.11
2023-03-19 18:30:00,2023-03-19,18:30:00,78.771,78.0,0.0,0.0,0.0,0.0,-12.6
2023-03-19 19:00:00,2023-03-19,19:00:00,78.792,78.0,0.0,0.0,0.0,0.0,-13.03
2023-03-19 19:30:00,2023-03-19,19:30:00,78.812,78.0,0.0,0.0,0.0,0.0,-14.12
2023-03-19 20:00:00,2023-03-19,20:00:00,78.833,78.0,0.0,0.0,0.0,0.0,-13.56
2023-03-19 20:30:00,2023-03-19,20:30:00,78.854,78.0,0.0,0.0,0.0,0.0,-11.69
2023-03-19 21:00:00,2023-03-19,21:00:00,78.875,78.0,0.0,0.0,0.0,0.0,-12.16
2023-03-19 21:30:00,2023-03-19,21:30:00,78.896,78.0,0.0,0.0,0.0,0.0,-13.97
2023-03-19 22:00:00,2023-03-19,22:00:00,78.917,78.0,0.0,0.0,0.0,0.0,-14.4
2023-03-19 22:30:00,2023-03-19,22:30:00,78.938,78.0,0.0,0.0,0.0,0.0,-14.51
2023-03-19 23:00:00,2023-03-19,23:00:00,78.958,78.0,0.0,0.0,0.0,0.0,-14.14
2023-03-19 23:30:00,2023-03-19,23:30:00,78.979,78.0,0.0,0.0,0.0,0.0,-13.64
2023-03-20 00:00:00,2023-03-20,00:00:00,79.0,79.0,0.0,0.0,0.0,0.0,-13.29
2023-03-20 00:30:00,2023-03-20,00:30:00,79.021,79.0,0.0,0.0,0.0,0.0,-14.02
2023-03-20 01:00:00,2023-03-20,01:00:00,79.042,79.0,0.0,0.0,0.0,0.0,-14.23
2023-03-20 01:30:00,2023-03-20,01:30:00,79.062,79.0,0.0,0.0,0.0,0.0,-14.18
2023-03-20 02:00:00,2023-03-20,02:00:00,79.083,79.0,0.0,0.0,0.0,0.0,-13.2
2023-03-20 02:30:00,2023-03-20,02:30:00,79.104,79.0,0.0,0.0,0.0,0.0,-12.31
2023-03-20 03:00:00,2023-03-20,03:00:00,79.125,79.0,0.0,0.0,0.0,0.0,-11.68
2023-03-20 03:30:00,2023-03-20,03:30:00,79.146,79.0,0.0,0.0,0.0,0.0,-11.01
2023-03-20 04:00:00,2023-03-20,04:00:00,79.167,79.0,0.0,0.0,0.0,0.0,-10.75
2023-03-20 04:30:00,2023-03-20,04:30:00,79.188,79.0,0.22,0.23,0.22,0.22,-10.5
2023-03-20 05:00:00,2023-03-20,05:00:00,79.208,79.0,0.23,0.24,0.24,0.22,-10.38
2023-03-20 05:30:00,2023-03-20,05:30:00,79.229,79.0,0.59,0.6,0.6,0.56,-10.28
2023-03-20 06:00:00,2023-03-20,06:00:00,79.25,79.0,0.52,0.54,0.52,0.49,-10.13
2023-03-20 06:30:00,2023-03-20,06:30:00,79.271,79.0,0.59,0.61,0.6,0.56,-9.47
2023-03-20 07:00:00,2023-03-20,07:00:00,79.292,79.0,0.51,0.52,0.51,0.48,-7.96
2023-03-20 07:30:00,2023-03-20,07:30:00,79.312,79.0,0.48,0.49,0.49,0.45,-6.46
2023-03-20 08:00:00,2023-03-20,08:00:00,79.333,79.0,0.28,0.28,0.28,0.26,-4.71
2023-03-20 08:30:00,2023-03-20,08:30:00,79.354,79.0,0.0,0.0,0.0,0.0,-2.71
2023-03-20 09:00:00,2023-03-20,09:00:00,79.375,79.0,0.0,0.0,0.0,0.0,-1.06
2023-03-20 09:30:00,2023-03-20,09:30:00,79.396,79.0,0.0,0.0,0.0,0.0,-0.35
2023-03-20 10:00:00,2023-03-20,10:00:00,79.417,79.0,0.38,0.39,0.39,0.36,0.17
2023-03-20 10:30:00,2023-03-20,10:30:00,79.438,79.0,0.0,0.0,0.0,0.0,0.93
2023-03-20 11:00:00,2023-03-20,11:00:00,79.458,79.0,0.0,0.0,0.0,0.0,2.79
2023-03-20 11:30:00,2023-03-20,11:30:00,79.479,79.0,0.0,0.0,0.0,0.0,4.42
2023-03-20 12:00:00,2023-03-20,12:00:00,79.5,79.0,0.26,0.27,0.26,0.25,2.26
2023-03-20 12:30:00,2023-03-20,12:30:00,79.521,79.0,0.35,0.36,0.35,0.33,2.68
2023-03-20 13:00:00,2023-03-20,13:00:00,79.542,79.0,0.37,0.38,0.37,0.35,4.83
2023-03-20 13:30:00,2023-03-20,13:30:00,79.562,79.0,0.0,0.0,0.0,0.0,5.02
2023-03-20 14:00:00,2023-03-20,14:00:00,79.583,79.0,0.0,0.0,0.0,0.0,2.77
2023-03-20 14:30:00,2023-03-20,14:30:00,79.604,79.0,0.41,0.43,0.41,0.4,2.06
2023-03-20 15:00:00,2023-03-20,15:00:00,79.625,79.0,0.0,0.0,0.0,0.0,0.71
2023-03-20 15:30:00,2023-03-20,15:30:00,79.646,79.0,0.0,0.0,0.0,0.0,0.05
2023-03-20 16:00:00,2023-03-20,16:00:00,79.667,79.0,0.36,0.37,0.37,0.34,-1.02
2023-03-20 16:30:00,2023-03-20,16:30:00,79.688,79.0,0.0,0.0,0.0,0.0,-2.02
2023-03-20 17:00:00,2023-03-20,17:00:00,79.708,79.0,0.0,0.0,0.0,0.0,-3.08
2023-03-20 17:30:00,2023-03-20,17:30:00,79.729,79.0,0.29,0.3,0.29,0.28,-3.85
2023-03-20 18:00:00,2023-03-20,18:00:00,79.75,79.0,0.39,0.4,0.4,0.37,-4.61
2023-03-20 18:30:00,2023-03-20,18:30:00,79.771,79.0,0.43,0.45,0.43,0.42,-4.88
2023-03-20 19:00:00,2023-03-20,19:00:00,79.792,79.0,0.73,0.76,0.74,0.7,-4.8
2023-03-20 19:30:00,2023-03-20,19:30:00,79.812,79.0,0.75,0.78,0.76,0.72,-4.89
2023-03-20 20:00:00,2023-03-20,20:00:00,79.833,79.0,0.67,0.69,0.68,0.64,-4.96
2023-03-20 20:30:00,2023-03-20,20:30:00,79.854,79.0,0.53,0.55,0.53,0.51,-5.06
2023-03-20 21:00:00,2023-03-20,21:00:00,79.875,79.0,0.45,0.47,0.46,0.43,-5.11
2023-03-20 21:30:00,2023-03-20,21:30:00,79.896,79.0,0.93,0.96,0.94,0.89,-5.06
2023-03-20 22:00:00,2023-03-20,22:00:00,79.917,79.0,1.76,1.81,1.79,1.67,-5.08
2023-03-20 22:30:00,2023-03-20,22:30:00,79.938,79.0,1.0,1.04,1.01,0.96,-5.13
2023-03-20 23:00:00,2023-03-20,23:00:00,79.958,79.0,0.54,0.56,0.55,0.52,-5.2
2023-03-20 23:30:00,2023-03-20,23:30:00,79.979,79.0,0.39,0.41,0.4,0.37,-5.24
2023-03-21 00:00:00,2023-03-21,00:00:00,80.0,80.0,0.48,0.5,0.49,0.46,-5.22
2023-03-21 00:30:00,2023-03-21,00:30:00,80.021,80.0,0.0,0.0,0.0,0.0,-5.37
2023-03-21 01:00:00,2023-03-21,01:00:00,80.042,80.0,0.0,0.0,0.0,0.0,-6.0
2023-03-21 01:30:00,2023-03-21,01:30:00,80.062,80.0,0.0,0.0,0.0,0.0,-6.5
2023-03-21 02:00:00,2023-03-21,02:00:00,80.083,80.0,0.37,0.39,0.38,0.34,-7.29
2023-03-21 02:30:00,2023-03-21,02:30:00,80.104,80.0,0.0,0.0,0.0,0.0,-8.29
2023-03-21 03:00:00,2023-03-21,03:00:00,80.125,80.0,0.0,0.0,0.0,0.0,-8.33
2023-03-21 03:30:00,2023-03-21,03:30:00,80.146,80.0,0.0,0.0,0.0,0.0,-9.58
2023-03-21 04:00:00,2023-03-21,04:00:00,80.167,80.0,0.0,0.0,0.0,0.0,-10.58
2023-03-21 04:30:00,2023-03-21,04:30:00,80.188,80.0,0.0,0.0,0.0,0.0,-12.04
2023-03-21 05:00:00,2023-03-21,05:00:00,80.208,80.0,0.0,0.0,0.0,0.0,-14.0
2023-03-21 05:30:00,2023-03-21,05:30:00,80.229,80.0,0.0,0.0,0.0,0.0,-15.01
2023-03-21 06:00:00,2023-03-21,06:00:00,80.25,80.0,0.0,0.0,0.0,0.0,-15.47
2023-03-21 06:30:00,2023-03-21,06:30:00,80.271,80.0,0.0,0.0,0.0,0.0,-14.3
2023-03-21 07:00:00,2023-03-21,07:00:00,80.292,80.0,0.0,0.0,0.0,0.0,-12.63
2023-03-21 07:30:00,2023-03-21,07:30:00,80.312,80.0,0.0,0.0,0.0,0.0,-10.52
2023-03-21 08:00:00,2023-03-21,08:00:00,80.333,80.0,0.0,0.0,0.0,0.0,-7.65
2023-03-21 08:30:00,2023-03-21,08:30:00,80.354,80.0,0.0,0.0,0.0,0.0,-4.87
2023-03-21 09:00:00,2023-03-21,09:00:00,80.375,80.0,0.0,0.0,0.0,0.0,-2.19
2023-03-21 09:30:00,2023-03-21,09:30:00,80.396,80.0,0.0,0.0,0.0,0.0,-0.94
2023-03-21 10:00:00,2023-03-21,10:00:00,80.417,80.0,0.0,0.0,0.0,0.0,0.05
2023-03-21 10:30:00,2023-03-21,10:30:00,80.438,80.0,0.0,0.0,0.0,0.0,-0.27
2023-03-21 11:00:00,2023-03-21,11:00:00,80.458,80.0,0.0,0.0,0.0,0.0,0.0
2023-03-21 11:30:00,2023-03-21,11:30:00,80.479,80.0,0.24,0.39,0.0,0.34,0.46
2023-03-21 12:00:00,2023-03-21,12:00:00,80.5,80.0,0.0,0.0,0.0,0.0,1.4
2023-03-21 12:30:00,2023-03-21,12:30:00,80.521,80.0,0.0,0.0,0.0,0.0,4.19
2023-03-21 13:00:00,2023-03-21,13:00:00,80.542,80.0,0.0,0.0,0.0,0.0,3.56
2023-03-21 13:30:00,2023-03-21,13:30:00,80.562,80.0,0.0,0.0,0.0,0.0,3.77
2023-03-21 14:00:00,2023-03-21,14:00:00,80.583,80.0,0.0,0.0,0.0,0.0,3.51
2023-03-21 14:30:00,2023-03-21,14:30:00,80.604,80.0,0.0,0.0,0.0,0.0,1.34
2023-03-21 15:00:00,2023-03-21,15:00:00,80.625,80.0,0.0,0.0,0.0,0.0,-0.75
2023-03-21 15:30:00,2023-03-21,15:30:00,80.646,80.0,0.0,0.0,0.0,0.0,-1.39
2023-03-21 16:00:00,2023-03-21,16:00:00,80.667,80.0,0.0,0.0,0.0,0.0,-2.23
2023-03-21 16:30:00,2023-03-21,16:30:00,80.688,80.0,0.14,0.23,0.0,0.2,-2.94
2023-03-21 17:00:00,2023-03-21,17:00:00,80.708,80.0,0.31,0.33,0.32,0.29,-3.87
2023-03-21 17:30:00,2023-03-21,17:30:00,80.729,80.0,0.4,0.42,0.4,0.37,-4.87
2023-03-21 18:00:00,2023-03-21,18:00:00,80.75,80.0,0.62,0.65,0.64,0.56,-5.09
2023-03-21 18:30:00,2023-03-21,18:30:00,80.771,80.0,1.09,1.14,1.13,0.99,-5.21
2023-03-21 19:00:00,2023-03-21,19:00:00,80.792,80.0,0.34,0.36,0.34,0.31,-5.42
2023-03-21 19:30:00,2023-03-21,19:30:00,80.812,80.0,0.62,0.66,0.64,0.57,-5.35
2023-03-21 20:00:00,2023-03-21,20:00:00,80.833,80.0,0.96,1.01,1.0,0.88,-5.34
2023-03-21 20:30:00,2023-03-21,20:30:00,80.854,80.0,0.99,1.05,1.02,0.91,-5.43
2023-03-21 21:00:00,2023-03-21,21:00:00,80.875,80.0,0.31,0.32,0.32,0.28,-5.6
2023-03-21 21:30:00,2023-03-21,21:30:00,80.896,80.0,0.44,0.46,0.46,0.4,-5.64
2023-03-21 22:00:00,2023-03-21,22:00:00,80.917,80.0,0.57,0.6,0.58,0.52,-5.65
2023-03-21 22:30:00,2023-03-21,22:30:00,80.938,80.0,1.29,1.36,1.33,1.18,-5.6
2023-03-21 23:00:00,2023-03-21,23:00:00,80.958,80.0,1.05,1.1,1.09,0.96,-5.62
2023-03-21 23:30:00,2023-03-21,23:30:00,80.979,80.0,0.53,0.56,0.54,0.48,-3.96
2023-03-22 00:00:00,2023-03-22,00:00:00,81.0,81.0,0.53,0.56,0.55,0.48,-3.68
2023-03-22 00:30:00,2023-03-22,00:30:00,81.021,81.0,0.45,0.46,0.46,0.43,-2.89
2023-03-22 01:00:00,2023-03-22,01:00:00,81.042,81.0,0.0,0.0,0.0,0.0,-3.15
2023-03-22 01:30:00,2023-03-22,01:30:00,81.062,81.0,0.0,0.0,0.0,0.0,-2.83
2023-03-22 02:00:00,2023-03-22,02:00:00,81.083,81.0,0.39,0.41,0.39,0.38,-3.35
2023-03-22 02:30:00,2023-03-22,02:30:00,81.104,81.0,1.84,1.9,1.86,1.77,-3.77
2023-03-22 03:00:00,2023-03-22,03:00:00,81.125,81.0,0.6,0.61,0.61,0.57,-3.81
2023-03-22 03:30:00,2023-03-22,03:30:00,81.146,81.0,0.31,0.32,0.31,0.3,-3.98
2023-03-22 04:00:00,2023-03-22,04:00:00,81.167,81.0,0.35,0.36,0.35,0.34,-3.92
2023-03-22 04:30:00,2023-03-22,04:30:00,81.188,81.0,0.25,0.26,0.26,0.24,-3.99
2023-03-22 05:00:00,2023-03-22,05:00:00,81.208,81.0,0.28,0.28,0.29,0.26,-3.96
2023-03-22 05:30:00,2023-03-22,05:30:00,81.229,81.0,1.22,1.26,1.22,1.17,-3.65
2023-03-22 06:00:00,2023-03-22,06:00:00,81.25,81.0,1.29,1.33,1.31,1.23,-3.8
2023-03-22 06:30:00,2023-03-22,06:30:00,81.271,81.0,0.72,0.74,0.73,0.69,-3.69
2023-03-22 07:00:00,2023-03-22,07:00:00,81.292,81.0,0.0,0.0,0.0,0.0,-3.24
2023-03-22 07:30:00,2023-03-22,07:30:00,81.312,81.0,0.0,0.0,0.0,0.0,-2.74
2023-03-22 08:00:00,2023-03-22,08:00:00,81.333,81.0,0.0,0.0,0.0,0.0,-1.86
2023-03-22 08:30:00,2023-03-22,08:30:00,81.354,81.0,0.25,0.26,0.25,0.24,-1.19
2023-03-22 09:00:00,2023-03-22,09:00:00,81.375,81.0,0.49,0.5,0.5,0.47,-1.56
2023-03-22 09:30:00,2023-03-22,09:30:00,81.396,81.0,2.52,2.59,2.55,2.41,-1.89
2023-03-22 10:00:00,2023-03-22,10:00:00,81.417,81.0,2.47,2.54,2.5,2.37,-1.1
2023-03-22 10:30:00,2023-03-22,10:30:00,81.438,81.0,1.07,1.1,1.08,1.03,-0.86
2023-03-22 11:00:00,2023-03-22,11:00:00,81.458,81.0,1.98,2.04,2.01,1.9,-0.52
2023-03-22 11:30:00,2023-03-22,11:30:00,81.479,81.0,0.48,0.49,0.49,0.45,0.41
2023-03-22 12:00:00,2023-03-22,12:00:00,81.5,81.0,0.0,0.0,0.0,0.0,0.07
2023-03-22 12:30:00,2023-03-22,12:30:00,81.521,81.0,0.49,0.5,0.49,0.47,0.37
2023-03-22 13:00:00,2023-03-22,13:00:00,81.542,81.0,0.0,0.0,0.0,0.0,0.06
2023-03-22 13:30:00,2023-03-22,13:30:00,81.562,81.0,0.54,0.55,0.54,0.52,-0.53
2023-03-22 14:00:00,2023-03-22,14:00:00,81.583,81.0,0.38,0.39,0.38,0.36,-0.33
2023-03-22 14:30:00,2023-03-22,14:30:00,81.604,81.0,1.1,1.14,1.1,1.06,-0.78
2023-03-22 15:00:00,2023-03-22,15:00:00,81.625,81.0,0.91,0.94,0.91,0.87,-1.05
2023-03-22 15:30:00,2023-03-22,15:30:00,81.646,81.0,0.92,0.95,0.92,0.89,-1.33
2023-03-22 16:00:00,2023-03-22,16:00:00,81.667,81.0,0.72,0.74,0.72,0.69,-1.85
2023-03-22 16:30:00,2023-03-22,16:30:00,81.688,81.0,0.0,0.0,0.0,0.0,-2.32
2023-03-22 17:00:00,2023-03-22,17:00:00,81.708,81.0,0.0,0.0,0.0,0.0,-2.89
2023-03-22 17:30:00,2023-03-22,17:30:00,81.729,81.0,0.0,0.0,0.0,0.0,-3.35
2023-03-22 18:00:00,2023-03-22,18:00:00,81.75,81.0,0.32,0.34,0.31,0.32,-3.55
2023-03-22 18:30:00,2023-03-22,18:30:00,81.771,81.0,0.0,0.0,0.0,0.0,-4.0
2023-03-22 19:00:00,2023-03-22,19:00:00,81.792,81.0,0.0,0.0,0.0,0.0,-4.18
2023-03-22 19:30:00,2023-03-22,19:30:00,81.812,81.0,0.0,0.0,0.0,0.0,-4.48
2023-03-22 20:00:00,2023-03-22,20:00:00,81.833,81.0,0.0,0.0,0.0,0.0,-4.75
2023-03-22 20:30:00,2023-03-22,20:30:00,81.854,81.0,0.26,0.27,0.25,0.25,-4.99
2023-03-22 21:00:00,2023-03-22,21:00:00,81.875,81.0,0.0,0.0,0.0,0.0,-5.45
2023-03-22 21:30:00,2023-03-22,21:30:00,81.896,81.0,0.0,0.0,0.0,0.0,-5.8
2023-03-22 22:00:00,2023-03-22,22:00:00,81.917,81.0,0.0,0.0,0.0,0.0,-6.18
2023-03-22 22:30:00,2023-03-22,22:30:00,81.938,81.0,0.0,0.0,0.0,0.0,-6.32
2023-03-22 23:00:00,2023-03-22,23:00:00,81.958,81.0,0.0,0.0,0.0,0.0,-6.51
2023-03-22 23:30:00,2023-03-22,23:30:00,81.979,81.0,0.0,0.0,0.0,0.0,-7.0
2023-03-23 00:00:00,2023-03-23,00:00:00,82.0,82.0,0.0,0.0,0.0,0.0,-7.18
2023-03-23 00:30:00,2023-03-23,00:30:00,82.021,82.0,0.0,0.0,0.0,0.0,-7.86
2023-03-23 01:00:00,2023-03-23,01:00:00,82.042,82.0,0.0,0.0,0.0,0.0,-7.77
2023-03-23 01:30:00,2023-03-23,01:30:00,82.062,82.0,0.0,0.0,0.0,0.0,-7.51
2023-03-23 02:00:00,2023-03-23,02:00:00,82.083,82.0,0.0,0.0,0.0,0.0,-7.37
2023-03-23 02:30:00,2023-03-23,02:30:00,82.104,82.0,0.0,0.0,0.0,0.0,-7.25
2023-03-23 03:00:00,2023-03-23,03:00:00,82.125,82.0,0.0,0.0,0.0,0.0,-7.26
2023-03-23 03:30:00,2023-03-23,03:30:00,82.146,82.0,0.0,0.0,0.0,0.0,-7.21
2023-03-23 04:00:00,2023-03-23,04:00:00,82.167,82.0,0.0,0.0,0.0,0.0,-7.42
2023-03-23 04:30:00,2023-03-23,04:30:00,82.188,82.0,0.0,0.0,0.0,0.0,-7.58
2023-03-23 05:00:00,2023-03-23,05:00:00,82.208,82.0,0.0,0.0,0.0,0.0,-7.61
2023-03-23 05:30:00,2023-03-23,05:30:00,82.229,82.0,0.0,0.0,0.0,0.0,-7.91
2023-03-23 06:00:00,2023-03-23,06:00:00,82.25,82.0,0.0,0.0,0.0,0.0,-7.97
2023-03-23 06:30:00,2023-03-23,06:30:00,82.271,82.0,0.0,0.0,0.0,0.0,-8.06
2023-03-23 07:00:00,2023-03-23,07:00:00,82.292,82.0,0.0,0.0,0.0,0.0,-7.54
2023-03-23 07:30:00,2023-03-23,07:30:00,82.312,82.0,0.0,0.0,0.0,0.0,-5.24
2023-03-23 08:00:00,2023-03-23,08:00:00,82.333,82.0,0.0,0.0,0.0,0.0,-5.14
2023-03-23 08:30:00,2023-03-23,08:30:00,82.354,82.0,0.0,0.0,0.0,0.0,-4.42
2023-03-23 09:00:00,2023-03-23,09:00:00,82.375,82.0,0.0,0.0,0.0,0.0,-2.82
2023-03-23 09:30:00,2023-03-23,09:30:00,82.396,82.0,1.64,1.73,1.63,1.57,-0.8
2023-03-23 10:00:00,2023-03-23,10:00:00,82.417,82.0,0.0,0.0,0.0,0.0,-0.48
2023-03-23 10:30:00,2023-03-23,10:30:00,82.438,82.0,0.4,0.42,0.4,0.38,0.4
2023-03-23 11:00:00,2023-03-23,11:00:00,82.458,82.0,1.24,1.29,1.27,1.18,2.12
2023-03-23 11:30:00,2023-03-23,11:30:00,82.479,82.0,0.68,0.71,0.69,0.64,1.02
2023-03-23 12:00:00,2023-03-23,12:00:00,82.5,82.0,0.0,0.0,0.0,0.0,3.21
2023-03-23 12:30:00,2023-03-23,12:30:00,82.521,82.0,0.0,0.0,0.0,0.0,0.34
2023-03-23 13:00:00,2023-03-23,13:00:00,82.542,82.0,0.0,0.0,0.0,0.0,0.58
2023-03-23 13:30:00,2023-03-23,13:30:00,82.562,82.0,0.0,0.0,0.0,0.0,1.02
2023-03-23 14:00:00,2023-03-23,14:00:00,82.583,82.0,0.0,0.0,0.0,0.0,1.73
2023-03-23 14:30:00,2023-03-23,14:30:00,82.604,82.0,0.0,0.0,0.0,0.0,4.54
2023-03-23 15:00:00,2023-03-23,15:00:00,82.625,82.0,0.0,0.0,0.0,0.0,4.43
2023-03-23 15:30:00,2023-03-23,15:30:00,82.646,82.0,0.0,0.0,0.0,0.0,5.0
2023-03-23 16:00:00,2023-03-23,16:00:00,82.667,82.0,0.0,0.0,0.0,0.0,-0.76
2023-03-23 16:30:00,2023-03-23,16:30:00,82.688,82.0,0.0,0.0,0.0,0.0,-1.88
2023-03-23 17:00:00,2023-03-23,17:00:00,82.708,82.0,0.0,0.0,0.0,0.0,-5.9
2023-03-23 17:30:00,2023-03-23,17:30:00,82.729,82.0,0.0,0.0,0.0,0.0,-8.45
2023-03-23 18:00:00,2023-03-23,18:00:00,82.75,82.0,0.0,0.0,0.0,0.0,-9.22
2023-03-23 18:30:00,2023-03-23,18:30:00,82.771,82.0,0.0,0.0,0.0,0.0,-8.76
2023-03-23 19:00:00,2023-03-23,19:00:00,82.792,82.0,0.0,0.0,0.0,0.0,-8.24
2023-03-23 19:30:00,2023-03-23,19:30:00,82.812,82.0,0.0,0.0,0.0,0.0,-9.95
2023-03-23 20:00:00,2023-03-23,20:00:00,82.833,82.0,0.0,0.0,0.0,0.0,-10.53
2023-03-23 20:30:00,2023-03-23,20:30:00,82.854,82.0,0.0,0.0,0.0,0.0,-10.05
2023-03-23 21:00:00,2023-03-23,21:00:00,82.875,82.0,0.0,0.0,0.0,0.0,-11.41
2023-03-23 21:30:00,2023-03-23,21:30:00,82.896,82.0,0.0,0.0,0.0,0.0,-11.22
2023-03-23 22:00:00,2023-03-23,22:00:00,82.917,82.0,0.0,0.0,0.0,0.0,-12.73
2023-03-23 22:30:00,2023-03-23,22:30:00,82.938,82.0,0.0,0.0,0.0,0.0,-11.85
2023-03-23 23:00:00,2023-03-23,23:00:00,82.958,82.0,0.0,0.0,0.0,0.0,-12.21
2023-03-23 23:30:00,2023-03-23,23:30:00,82.979,82.0,0.0,0.0,0.0,0.0,-14.66
2023-03-24 00:00:00,2023-03-24,00:00:00,83.0,83.0,0.0,0.0,0.0,0.0,-14.89
2023-03-24 00:30:00,2023-03-24,00:30:00,83.021,83.0,0.0,0.0,0.0,0.0,-14.66
2023-03-24 01:00:00,2023-03-24,01:00:00,83.042,83.0,0.0,0.0,0.0,0.0,-12.79
2023-03-24 01:30:00,2023-03-24,01:30:00,83.062,83.0,0.0,0.0,0.0,0.0,-11.86
2023-03-24 02:00:00,2023-03-24,02:00:00,83.083,83.0,0.0,0.0,0.0,0.0,-11.81
2023-03-24 02:30:00,2023-03-24,02:30:00,83.104,83.0,0.0,0.0,0.0,0.0,-12.93
2023-03-24 03:00:00,2023-03-24,03:00:00,83.125,83.0,0.0,0.0,0.0,0.0,-13.92
2023-03-24 03:30:00,2023-03-24,03:30:00,83.146,83.0,0.0,0.0,0.0,0.0,-14.2
2023-03-24 04:00:00,2023-03-24,04:00:00,83.167,83.0,0.0,0.0,0.0,0.0,-12.64
2023-03-24 04:30:00,2023-03-24,04:30:00,83.188,83.0,0.0,0.0,0.0,0.0,-12.16
2023-03-24 05:00:00,2023-03-24,05:00:00,83.208,83.0,0.0,0.0,0.0,0.0,-11.96
2023-03-24 05:30:00,2023-03-24,05:30:00,83.229,83.0,0.0,0.0,0.0,0.0,-12.48
2023-03-24 06:00:00,2023-03-24,06:00:00,83.25,83.0,0.0,0.0,0.0,0.0,-13.09
2023-03-24 06:30:00,2023-03-24,06:30:00,83.271,83.0,0.0,0.0,0.0,0.0,-12.08
2023-03-24 07:00:00,2023-03-24,07:00:00,83.292,83.0,0.0,0.0,0.0,0.0,-11.12
2023-03-24 07:30:00,2023-03-24,07:30:00,83.312,83.0,0.0,0.0,0.0,0.0,-8.85
2023-03-24 08:00:00,2023-03-24,08:00:00,83.333,83.0,0.0,0.0,0.0,0.0,-5.96
2023-03-24 08:30:00,2023-03-24,08:30:00,83.354,83.0,0.0,0.0,0.0,0.0,-2.27
2023-03-24 09:00:00,2023-03-24,09:00:00,83.375,83.0,0.0,0.0,0.0,0.0,5.89
2023-03-24 09:30:00,2023-03-24,09:30:00,83.396,83.0,0.0,0.0,0.0,0.0,6.71
2023-03-24 10:00:00,2023-03-24,10:00:00,83.417,83.0,0.0,0.0,0.0,0.0,4.94
2023-03-24 10:30:00,2023-03-24,10:30:00,83.438,83.0,0.0,0.0,0.0,0.0,-1.34
2023-03-24 11:00:00,2023-03-24,11:00:00,83.458,83.0,0.0,0.0,0.0,0.0,3.22
2023-03-24 11:30:00,2023-03-24,11:30:00,83.479,83.0,0.0,0.0,0.0,0.0,7.17
2023-03-24 12:00:00,2023-03-24,12:00:00,83.5,83.0,0.0,0.0,0.0,0.0,5.43
2023-03-24 12:30:00,2023-03-24,12:30:00,83.521,83.0,0.0,0.0,0.0,0.0,5.66
2023-03-24 13:00:00,2023-03-24,13:00:00,83.542,83.0,0.0,0.0,0.0,0.0,2.68
2023-03-24 13:30:00,2023-03-24,13:30:00,83.562,83.0,0.0,0.0,0.0,0.0,3.7
2023-03-24 14:00:00,2023-03-24,14:00:00,83.583,83.0,0.0,0.0,0.0,0.0,1.44
2023-03-24 14:30:00,2023-03-24,14:30:00,83.604,83.0,0.0,0.0,0.0,0.0,10.17
2023-03-24 15:00:00,2023-03-24,15:00:00,83.625,83.0,0.0,0.0,0.0,0.0,4.21
2023-03-24 15:30:00,2023-03-24,15:30:00,83.646,83.0,0.0,0.0,0.0,0.0,-1.44
2023-03-24 16:00:00,2023-03-24,16:00:00,83.667,83.0,0.0,0.0,0.0,0.0,-2.45
2023-03-24 16:30:00,2023-03-24,16:30:00,83.688,83.0,0.0,0.0,0.0,0.0,-3.5
2023-03-24 17:00:00,2023-03-24,17:00:00,83.708,83.0,0.0,0.0,0.0,0.0,-5.01
2023-03-24 17:30:00,2023-03-24,17:30:00,83.729,83.0,0.0,0.0,0.0,0.0,-5.97
2023-03-24 18:00:00,2023-03-24,18:00:00,83.75,83.0,0.57,0.57,0.57,0.56,-6.55
2023-03-24 18:30:00,2023-03-24,18:30:00,83.771,83.0,0.89,0.9,0.89,0.89,-6.8
2023-03-24 19:00:00,2023-03-24,19:00:00,83.792,83.0,1.69,1.71,1.69,1.68,-6.96
2023-03-24 19:30:00,2023-03-24,19:30:00,83.812,83.0,1.83,1.84,1.82,1.82,-7.88
2023-03-24 20:00:00,2023-03-24,20:00:00,83.833,83.0,2.22,2.24,2.21,2.21,-8.84
2023-03-24 20:30:00,2023-03-24,20:30:00,83.854,83.0,0.83,0.84,0.82,0.83,-8.91
2023-03-24 21:00:00,2023-03-24,21:00:00,83.875,83.0,1.76,1.77,1.75,1.74,-8.78
2023-03-24 21:30:00,2023-03-24,21:30:00,83.896,83.0,4.14,4.18,4.12,4.12,-9.58
2023-03-24 22:00:00,2023-03-24,22:00:00,83.917,83.0,0.62,0.62,0.62,0.61,-10.04
2023-03-24 22:30:00,2023-03-24,22:30:00,83.938,83.0,3.48,3.52,3.45,3.46,-10.73
2023-03-24 23:00:00,2023-03-24,23:00:00,83.958,83.0,2.23,2.25,2.22,2.22,-10.45
2023-03-24 23:30:00,2023-03-24,23:30:00,83.979,83.0,0.26,0.27,0.26,0.26,-10.27
2023-03-25 00:00:00,2023-03-25,00:00:00,84.0,84.0,0.55,0.56,0.55,0.55,-10.34
2023-03-25 00:30:00,2023-03-25,00:30:00,84.021,84.0,0.35,0.36,0.36,0.33,-10.92
2023-03-25 01:00:00,2023-03-25,01:00:00,84.042,84.0,0.0,0.0,0.0,0.0,-10.89
2023-03-25 01:30:00,2023-03-25,01:30:00,84.062,84.0,0.0,0.0,0.0,0.0,-10.99
2023-03-25 02:00:00,2023-03-25,02:00:00,84.083,84.0,0.0,0.0,0.0,0.0,-11.43
2023-03-25 02:30:00,2023-03-25,02:30:00,84.104,84.0,0.0,0.0,0.0,0.0,-11.78
2023-03-25 03:00:00,2023-03-25,03:00:00,84.125,84.0,0.0,0.0,0.0,0.0,-12.23
2023-03-25 03:30:00,2023-03-25,03:30:00,84.146,84.0,0.0,0.0,0.0,0.0,-12.21
2023-03-25 04:00:00,2023-03-25,04:00:00,84.167,84.0,0.0,0.0,0.0,0.0,-12.34
2023-03-25 04:30:00,2023-03-25,04:30:00,84.188,84.0,0.0,0.0,0.0,0.0,-12.66
2023-03-25 05:00:00,2023-03-25,05:00:00,84.208,84.0,0.0,0.0,0.0,0.0,-12.86
2023-03-25 05:30:00,2023-03-25,05:30:00,84.229,84.0,0.0,0.0,0.0,0.0,-13.32
2023-03-25 06:00:00,2023-03-25,06:00:00,84.25,84.0,0.47,0.49,0.48,0.44,-13.95
2023-03-25 06:30:00,2023-03-25,06:30:00,84.271,84.0,0.32,0.33,0.33,0.3,-14.32
2023-03-25 07:00:00,2023-03-25,07:00:00,84.292,84.0,0.0,0.0,0.0,0.0,-13.71
2023-03-25 07:30:00,2023-03-25,07:30:00,84.312,84.0,0.58,0.6,0.59,0.55,-10.91
2023-03-25 08:00:00,2023-03-25,08:00:00,84.333,84.0,0.7,0.72,0.72,0.66,-9.03
2023-03-25 08:30:00,2023-03-25,08:30:00,84.354,84.0,0.63,0.65,0.66,0.59,-7.17
2023-03-25 09:00:00,2023-03-25,09:00:00,84.375,84.0,0.87,0.88,0.9,0.81,-6.8
2023-03-25 09:30:00,2023-03-25,09:30:00,84.396,84.0,0.61,0.62,0.66,0.56,-6.64
2023-03-25 10:00:00,2023-03-25,10:00:00,84.417,84.0,1.08,1.11,1.13,1.01,-7.88
2023-03-25 10:30:00,2023-03-25,10:30:00,84.438,84.0,1.09,1.11,1.15,1.01,-8.21
2023-03-25 11:00:00,2023-03-25,11:00:00,84.458,84.0,1.49,1.53,1.53,1.4,-8.92
2023-03-25 11:30:00,2023-03-25,11:30:00,84.479,84.0,0.54,0.55,0.58,0.5,-9.03
2023-03-25 12:00:00,2023-03-25,12:00:00,84.5,84.0,0.0,0.0,0.0,0.0,-8.97
2023-03-25 12:30:00,2023-03-25,12:30:00,84.521,84.0,0.0,0.0,0.0,0.0,-8.95
2023-03-25 13:00:00,2023-03-25,13:00:00,84.542,84.0,0.0,0.0,0.0,0.0,-8.88
2023-03-25 13:30:00,2023-03-25,13:30:00,84.562,84.0,0.0,0.0,0.0,0.0,-8.93
2023-03-25 14:00:00,2023-03-25,14:00:00,84.583,84.0,0.0,0.0,0.0,0.0,-8.99
2023-03-25 14:30:00,2023-03-25,14:30:00,84.604,84.0,0.0,0.0,0.0,0.0,-8.99
2023-03-25 15:00:00,2023-03-25,15:00:00,84.625,84.0,0.0,0.0,0.0,0.0,-8.93
2023-03-25 15:30:00,2023-03-25,15:30:00,84.646,84.0,0.0,0.0,0.0,0.0,-8.93
2023-03-25 16:00:00,2023-03-25,16:00:00,84.667,84.0,0.0,0.0,0.0,0.0,-8.86
2023-03-25 16:30:00,2023-03-25,16:30:00,84.688,84.0,0.0,0.0,0.0,0.0,-8.86
2023-03-25 17:00:00,2023-03-25,17:00:00,84.708,84.0,0.0,0.0,0.0,0.0,-8.9
2023-03-25 17:30:00,2023-03-25,17:30:00,84.729,84.0,0.0,0.0,0.0,0.0,-8.94
2023-03-25 18:00:00,2023-03-25,18:00:00,84.75,84.0,0.0,0.0,0.0,0.0,-8.96
2023-03-25 18:30:00,2023-03-25,18:30:00,84.771,84.0,0.0,0.0,0.0,0.0,-8.92
2023-03-25 19:00:00,2023-03-25,19:00:00,84.792,84.0,0.0,0.0,0.0,0.0,-8.95
2023-03-25 19:30:00,2023-03-25,19:30:00,84.812,84.0,0.0,0.0,0.0,0.0,-9.01
2023-03-25 20:00:00,2023-03-25,20:00:00,84.833,84.0,0.0,0.0,0.0,0.0,-9.05
2023-03-25 20:30:00,2023-03-25,20:30:00,84.854,84.0,0.0,0.0,0.0,0.0,-9.07
2023-03-25 21:00:00,2023-03-25,21:00:00,84.875,84.0,0.0,0.0,0.0,0.0,-9.14
2023-03-25 21:30:00,2023-03-25,21:30:00,84.896,84.0,0.0,0.0,0.0,0.0,-9.2
2023-03-25 22:00:00,2023-03-25,22:00:00,84.917,84.0,0.0,0.0,0.0,0.0,-9.25
2023-03-25 22:30:00,2023-03-25,22:30:00,84.938,84.0,0.0,0.0,0.0,0.0,-9.27
2023-03-25 23:00:00,2023-03-25,23:00:00,84.958,84.0,0.0,0.0,0.0,0.0,-9.29
2023-03-25 23:30:00,2023-03-25,23:30:00,84.979,84.0,0.0,0.0,0.0,0.0,-9.41
2023-03-26 00:00:00,2023-03-26,00:00:00,85.0,85.0,0.0,0.0,0.0,0.0,-9.44
2023-03-26 00:30:00,2023-03-26,00:30:00,85.021,85.0,0.0,0.0,0.0,0.0,-9.51
2023-03-26 01:00:00,2023-03-26,01:00:00,85.042,85.0,0.0,0.0,0.0,0.0,-9.72
2023-03-26 01:30:00,2023-03-26,01:30:00,85.062,85.0,0.0,0.0,0.0,0.0,-9.85
2023-03-26 02:00:00,2023-03-26,02:00:00,85.083,85.0,0.0,0.0,0.0,0.0,-9.92
2023-03-26 02:30:00,2023-03-26,02:30:00,85.104,85.0,0.0,0.0,0.0,0.0,-9.95
2023-03-26 03:00:00,2023-03-26,03:00:00,85.125,85.0,0.0,0.0,0.0,0.0,-10.11
2023-03-26 03:30:00,2023-03-26,03:30:00,85.146,85.0,0.0,0.0,0.0,0.0,-10.16
2023-03-26 04:00:00,2023-03-26,04:00:00,85.167,85.0,0.0,0.0,0.0,0.0,-10.27
2023-03-26 04:30:00,2023-03-26,04:30:00,85.188,85.0,0.0,0.0,0.0,0.0,-10.31
2023-03-26 05:00:00,2023-03-26,05:00:00,85.208,85.0,0.0,0.0,0.0,0.0,-10.32
2023-03-26 05:30:00,2023-03-26,05:30:00,85.229,85.0,0.0,0.0,0.0,0.0,-10.26
2023-03-26 06:00:00,2023-03-26,06:00:00,85.25,85.0,0.0,0.0,0.0,0.0,-10.25
2023-03-26 06:30:00,2023-03-26,06:30:00,85.271,85.0,0.0,0.0,0.0,0.0,-10.2
2023-03-26 07:00:00,2023-03-26,07:00:00,85.292,85.0,0.0,0.0,0.0,0.0,-10.1
2023-03-26 07:30:00,2023-03-26,07:30:00,85.312,85.0,0.0,0.0,0.0,0.0,-10.0
2023-03-26 08:00:00,2023-03-26,08:00:00,85.333,85.0,0.0,0.0,0.0,0.0,-9.89
2023-03-26 08:30:00,2023-03-26,08:30:00,85.354,85.0,0.0,0.0,0.0,0.0,-9.73
2023-03-26 09:00:00,2023-03-26,09:00:00,85.375,85.0,0.0,0.0,0.0,0.0,-9.51
2023-03-26 09:30:00,2023-03-26,09:30:00,85.396,85.0,0.0,0.0,0.0,0.0,-9.41
2023-03-26 10:00:00,2023-03-26,10:00:00,85.417,85.0,0.0,0.0,0.0,0.0,-9.29
2023-03-26 10:30:00,2023-03-26,10:30:00,85.438,85.0,0.0,0.0,0.0,0.0,-9.21
2023-03-26 11:00:00,2023-03-26,11:00:00,85.458,85.0,0.0,0.0,0.0,0.0,-9.07
2023-03-26 11:30:00,2023-03-26,11:30:00,85.479,85.0,0.0,0.0,0.0,0.0,-9.02
2023-03-26 12:00:00,2023-03-26,12:00:00,85.5,85.0,0.0,0.0,0.0,0.0,-8.9
2023-03-26 12:30:00,2023-03-26,12:30:00,85.521,85.0,0.0,0.0,0.0,0.0,-8.81
2023-03-26 13:00:00,2023-03-26,13:00:00,85.542,85.0,0.0,0.0,0.0,0.0,-8.73
2023-03-26 13:30:00,2023-03-26,13:30:00,85.562,85.0,0.0,0.0,0.0,0.0,-8.63
2023-03-26 14:00:00,2023-03-26,14:00:00,85.583,85.0,0.0,0.0,0.0,0.0,-8.52
2023-03-26 14:30:00,2023-03-26,14:30:00,85.604,85.0,0.0,0.0,0.0,0.0,-8.43
2023-03-26 15:00:00,2023-03-26,15:00:00,85.625,85.0,0.0,0.0,0.0,0.0,-8.45
2023-03-26 15:30:00,2023-03-26,15:30:00,85.646,85.0,0.0,0.0,0.0,0.0,-8.44
2023-03-26 16:00:00,2023-03-26,16:00:00,85.667,85.0,0.0,0.0,0.0,0.0,-8.44
2023-03-26 16:30:00,2023-03-26,16:30:00,85.688,85.0,0.0,0.0,0.0,0.0,-8.46
2023-03-26 17:00:00,2023-03-26,17:00:00,85.708,85.0,0.0,0.0,0.0,0.0,-8.49
2023-03-26 17:30:00,2023-03-26,17:30:00,85.729,85.0,0.0,0.0,0.0,0.0,-8.53
2023-03-26 18:00:00,2023-03-26,18:00:00,85.75,85.0,0.0,0.0,0.0,0.0,-8.57
2023-03-26 18:30:00,2023-03-26,18:30:00,85.771,85.0,0.0,0.0,0.0,0.0,-8.6
2023-03-26 19:00:00,2023-03-26,19:00:00,85.792,85.0,0.0,0.0,0.0,0.0,-8.6
2023-03-26 19:30:00,2023-03-26,19:30:00,85.812,85.0,0.0,0.0,0.0,0.0,-8.61
2023-03-26 20:00:00,2023-03-26,20:00:00,85.833,85.0,0.0,0.0,0.0,0.0,-8.61
2023-03-26 20:30:00,2023-03-26,20:30:00,85.854,85.0,0.0,0.0,0.0,0.0,-8.61
2023-03-26 21:00:00,2023-03-26,21:00:00,85.875,85.0,0.0,0.0,0.0,0.0,-8.63
2023-03-26 21:30:00,2023-03-26,21:30:00,85.896,85.0,0.0,0.0,0.0,0.0,-8.65
2023-03-26 22:00:00,2023-03-26,22:00:00,85.917,85.0,0.0,0.0,0.0,0.0,-8.68
2023-03-26 22:30:00,2023-03-26,22:30:00,85.938,85.0,0.0,0.0,0.0,0.0,-8.69
2023-03-26 23:00:00,2023-03-26,23:00:00,85.958,85.0,0.0,0.0,0.0,0.0,-8.7
2023-03-26 23:30:00,2023-03-26,23:30:00,85.979,85.0,0.0,0.0,0.0,0.0,-8.72
2023-03-27 00:00:00,2023-03-27,00:00:00,86.0,86.0,0.0,0.0,0.0,0.0,-8.72
2023-03-27 00:30:00,2023-03-27,00:30:00,86.021,86.0,0.0,0.0,0.0,0.0,-8.72
2023-03-27 01:00:00,2023-03-27,01:00:00,86.042,86.0,0.0,0.0,0.0,0.0,-8.7
2023-03-27 01:30:00,2023-03-27,01:30:00,86.062,86.0,0.0,0.0,0.0,0.0,-8.69
2023-03-27 02:00:00,2023-03-27,02:00:00,86.083,86.0,0.0,0.0,0.0,0.0,-8.69
2023-03-27 02:30:00,2023-03-27,02:30:00,86.104,86.0,0.0,0.0,0.0,0.0,-8.79
2023-03-27 03:00:00,2023-03-27,03:00:00,86.125,86.0,0.0,0.0,0.0,0.0,-8.88
2023-03-27 03:30:00,2023-03-27,03:30:00,86.146,86.0,0.0,0.0,0.0,0.0,-8.96
2023-03-27 04:00:00,2023-03-27,04:00:00,86.167,86.0,0.0,0.0,0.0,0.0,-9.08
2023-03-27 04:30:00,2023-03-27,04:30:00,86.188,86.0,0.0,0.0,0.0,0.0,-9.11
2023-03-27 05:00:00,2023-03-27,05:00:00,86.208,86.0,0.0,0.0,0.0,0.0,-9.09
2023-03-27 05:30:00,2023-03-27,05:30:00,86.229,86.0,0.0,0.0,0.0,0.0,-9.14
2023-03-27 06:00:00,2023-03-27,06:00:00,86.25,86.0,0.0,0.0,0.0,0.0,-9.14
2023-03-27 06:30:00,2023-03-27,06:30:00,86.271,86.0,0.0,0.0,0.0,0.0,-9.13
2023-03-27 07:00:00,2023-03-27,07:00:00,86.292,86.0,0.0,0.0,0.0,0.0,-9.18
2023-03-27 07:30:00,2023-03-27,07:30:00,86.312,86.0,0.0,0.0,0.0,0.0,-9.18
2023-03-27 08:00:00,2023-03-27,08:00:00,86.333,86.0,0.0,0.0,0.0,0.0,-9.19
2023-03-27 08:30:00,2023-03-27,08:30:00,86.354,86.0,0.0,0.0,0.0,0.0,-9.17
2023-03-27 09:00:00,2023-03-27,09:00:00,86.375,86.0,0.0,0.0,0.0,0.0,-9.2
2023-03-27 09:30:00,2023-03-27,09:30:00,86.396,86.0,0.0,0.0,0.0,0.0,-9.18
2023-03-27 10:00:00,2023-03-27,10:00:00,86.417,86.0,0.0,0.0,0.0,0.0,-9.17
2023-03-27 10:30:00,2023-03-27,10:30:00,86.438,86.0,0.0,0.0,0.0,0.0,-9.15
2023-03-27 11:00:00,2023-03-27,11:00:00,86.458,86.0,0.0,0.0,0.0,0.0,-9.13
2023-03-27 11:30:00,2023-03-27,11:30:00,86.479,86.0,0.0,0.0,0.0,0.0,-9.07
2023-03-27 12:00:00,2023-03-27,12:00:00,86.5,86.0,0.0,0.0,0.0,0.0,-9.02
2023-03-27 12:30:00,2023-03-27,12:30:00,86.521,86.0,0.0,0.0,0.0,0.0,-9.0
2023-03-27 13:00:00,2023-03-27,13:00:00,86.542,86.0,0.0,0.0,0.0,0.0,-9.03
2023-03-27 13:30:00,2023-03-27,13:30:00,86.562,86.0,0.0,0.0,0.0,0.0,-9.03
2023-03-27 14:00:00,2023-03-27,14:00:00,86.583,86.0,0.0,0.0,0.0,0.0,-9.02
2023-03-27 14:30:00,2023-03-27,14:30:00,86.604,86.0,0.0,0.0,0.0,0.0,-9.03
2023-03-27 15:00:00,2023-03-27,15:00:00,86.625,86.0,0.0,0.0,0.0,0.0,-9.01
2023-03-27 15:30:00,2023-03-27,15:30:00,86.646,86.0,0.0,0.0,0.0,0.0,-9.01
2023-03-27 16:00:00,2023-03-27,16:00:00,86.667,86.0,0.0,0.0,0.0,0.0,-9.03
2023-03-27 16:30:00,2023-03-27,16:30:00,86.688,86.0,0.0,0.0,0.0,0.0,-9.04
2023-03-27 17:00:00,2023-03-27,17:00:00,86.708,86.0,0.0,0.0,0.0,0.0,-9.06
2023-03-27 17:30:00,2023-03-27,17:30:00,86.729,86.0,0.0,0.0,0.0,0.0,-9.07
2023-03-27 18:00:00,2023-03-27,18:00:00,86.75,86.0,0.0,0.0,0.0,0.0,-9.09
2023-03-27 18:30:00,2023-03-27,18:30:00,86.771,86.0,0.0,0.0,0.0,0.0,-9.1
2023-03-27 19:00:00,2023-03-27,19:00:00,86.792,86.0,0.0,0.0,0.0,0.0,-9.13
2023-03-27 19:30:00,2023-03-27,19:30:00,86.812,86.0,0.0,0.0,0.0,0.0,-9.13
2023-03-27 20:00:00,2023-03-27,20:00:00,86.833,86.0,0.0,0.0,0.0,0.0,-9.16
2023-03-27 20:30:00,2023-03-27,20:30:00,86.854,86.0,0.0,0.0,0.0,0.0,-9.22
2023-03-27 21:00:00,2023-03-27,21:00:00,86.875,86.0,0.0,0.0,0.0,0.0,-9.26
2023-03-27 21:30:00,2023-03-27,21:30:00,86.896,86.0,0.0,0.0,0.0,0.0,-9.28
2023-03-27 22:00:00,2023-03-27,22:00:00,86.917,86.0,0.0,0.0,0.0,0.0,-9.31
2023-03-27 22:30:00,2023-03-27,22:30:00,86.938,86.0,0.0,0.0,0.0,0.0,-9.33
2023-03-27 23:00:00,2023-03-27,23:00:00,86.958,86.0,0.0,0.0,0.0,0.0,-9.38
2023-03-27 23:30:00,2023-03-27,23:30:00,86.979,86.0,0.0,0.0,0.0,0.0,-9.47
2023-03-28 00:00:00,2023-03-28,00:00:00,87.0,87.0,0.0,0.0,0.0,0.0,-9.47
2023-03-28 00:30:00,2023-03-28,00:30:00,87.021,87.0,0.0,0.0,0.0,0.0,-9.67
2023-03-28 01:00:00,2023-03-28,01:00:00,87.042,87.0,0.0,0.0,0.0,0.0,-9.73
2023-03-28 01:30:00,2023-03-28,01:30:00,87.062,87.0,0.0,0.0,0.0,0.0,-9.76
2023-03-28 02:00:00,2023-03-28,02:00:00,87.083,87.0,0.0,0.0,0.0,0.0,-9.82
2023-03-28 02:30:00,2023-03-28,02:30:00,87.104,87.0,0.0,0.0,0.0,0.0,-9.86
2023-03-28 03:00:00,2023-03-28,03:00:00,87.125,87.0,0.0,0.0,0.0,0.0,-9.9
2023-03-28 03:30:00,2023-03-28,03:30:00,87.146,87.0,0.0,0.0,0.0,0.0,-9.96
2023-03-28 04:00:00,2023-03-28,04:00:00,87.167,87.0,0.0,0.0,0.0,0.0,-10.01
2023-03-28 04:30:00,2023-03-28,04:30:00,87.188,87.0,0.0,0.0,0.0,0.0,-10.03
2023-03-28 05:00:00,2023-03-28,05:00:00,87.208,87.0,0.0,0.0,0.0,0.0,-10.07
2023-03-28 05:30:00,2023-03-28,05:30:00,87.229,87.0,0.0,0.0,0.0,0.0,-10.13
2023-03-28 06:00:00,2023-03-28,06:00:00,87.25,87.0,0.0,0.0,0.0,0.0,-10.18
2023-03-28 06:30:00,2023-03-28,06:30:00,87.271,87.0,0.0,0.0,0.0,0.0,-10.21
2023-03-28 07:00:00,2023-03-28,07:00:00,87.292,87.0,0.0,0.0,0.0,0.0,-10.22
2023-03-28 07:30:00,2023-03-28,07:30:00,87.312,87.0,0.0,0.0,0.0,0.0,-10.18
2023-03-28 08:00:00,2023-03-28,08:00:00,87.333,87.0,0.0,0.0,0.0,0.0,-10.13
2023-03-28 08:30:00,2023-03-28,08:30:00,87.354,87.0,0.0,0.0,0.0,0.0,-10.09
2023-03-28 09:00:00,2023-03-28,09:00:00,87.375,87.0,0.0,0.0,0.0,0.0,-10.02
2023-03-28 09:30:00,2023-03-28,09:30:00,87.396,87.0,0.0,0.0,0.0,0.0,-9.95
2023-03-28 10:00:00,2023-03-28,10:00:00,87.417,87.0,0.0,0.0,0.0,0.0,-9.87
2023-03-28 10:30:00,2023-03-28,10:30:00,87.438,87.0,0.0,0.0,0.0,0.0,-9.77
2023-03-28 11:00:00,2023-03-28,11:00:00,87.458,87.0,0.0,0.0,0.0,0.0,-9.64
2023-03-28 11:30:00,2023-03-28,11:30:00,87.479,87.0,0.0,0.0,0.0,0.0,-9.53
2023-03-28 12:00:00,2023-03-28,12:00:00,87.5,87.0,12.64,12.65,12.68,12.57,1.11
2023-03-28 12:30:00,2023-03-28,12:30:00,87.521,87.0,0.0,0.0,0.0,0.0,8.4
2023-03-28 13:00:00,2023-03-28,13:00:00,87.542,87.0,0.0,0.0,0.0,0.0,11.25
2023-03-28 13:30:00,2023-03-28,13:30:00,87.562,87.0,0.0,0.0,0.0,0.0,11.83
2023-03-28 14:00:00,2023-03-28,14:00:00,87.583,87.0,0.0,0.0,0.0,0.0,12.11
2023-03-28 14:30:00,2023-03-28,14:30:00,87.604,87.0,0.0,0.0,0.0,0.0,9.63
2023-03-28 15:00:00,2023-03-28,15:00:00,87.625,87.0,0.0,0.0,0.0,0.0,9.97
2023-03-28 15:30:00,2023-03-28,15:30:00,87.646,87.0,0.0,0.0,0.0,0.0,7.92
2023-03-28 16:00:00,2023-03-28,16:00:00,87.667,87.0,0.0,0.0,0.0,0.0,4.08
2023-03-28 16:30:00,2023-03-28,16:30:00,87.688,87.0,0.0,0.0,0.0,0.0,2.2
2023-03-28 17:00:00,2023-03-28,17:00:00,87.708,87.0,0.0,0.0,0.0,0.0,-4.57
2023-03-28 17:30:00,2023-03-28,17:30:00,87.729,87.0,0.0,0.0,0.0,0.0,-6.27
2023-03-28 18:00:00,2023-03-28,18:00:00,87.75,87.0,0.0,0.0,0.0,0.0,-6.91
2023-03-28 18:30:00,2023-03-28,18:30:00,87.771,87.0,0.0,0.0,0.0,0.0,-7.42
2023-03-28 19:00:00,2023-03-28,19:00:00,87.792,87.0,0.0,0.0,0.0,0.0,-8.24
2023-03-28 19:30:00,2023-03-28,19:30:00,87.812,87.0,0.0,0.0,0.0,0.0,-8.39
2023-03-28 20:00:00,2023-03-28,20:00:00,87.833,87.0,0.0,0.0,0.0,0.0,-8.81
2023-03-28 20:30:00,2023-03-28,20:30:00,87.854,87.0,0.0,0.0,0.0,0.0,-9.8
2023-03-28 21:00:00,2023-03-28,21:00:00,87.875,87.0,0.0,0.0,0.0,0.0,-11.45
2023-03-28 21:30:00,2023-03-28,21:30:00,87.896,87.0,0.0,0.0,0.0,0.0,-12.64
2023-03-28 22:00:00,2023-03-28,22:00:00,87.917,87.0,0.0,0.0,0.0,0.0,-13.06
2023-03-28 22:30:00,2023-03-28,22:30:00,87.938,87.0,0.0,0.0,0.0,0.0,-13.77
2023-03-28 23:00:00,2023-03-28,23:00:00,87.958,87.0,0.0,0.0,0.0,0.0,-13.51
2023-03-28 23:30:00,2023-03-28,23:30:00,87.979,87.0,0.0,0.0,0.0,0.0,-13.88
2023-03-29 00:00:00,2023-03-29,00:00:00,88.0,88.0,0.0,0.0,0.0,0.0,-14.23
2023-03-29 00:30:00,2023-03-29,00:30:00,88.021,88.0,0.0,0.0,0.0,0.0,-15.46
2023-03-29 01:00:00,2023-03-29,01:00:00,88.042,88.0,0.0,0.0,0.0,0.0,-15.53
2023-03-29 01:30:00,2023-03-29,01:30:00,88.062,88.0,0.0,0.0,0.0,0.0,-14.97
2023-03-29 02:00:00,2023-03-29,02:00:00,88.083,88.0,0.0,0.0,0.0,0.0,-14.94
2023-03-29 02:30:00,2023-03-29,02:30:00,88.104,88.0,0.0,0.0,0.0,0.0,-14.23
2023-03-29 03:00:00,2023-03-29,03:00:00,88.125,88.0,0.0,0.0,0.0,0.0,-14.89
2023-03-29 03:30:00,2023-03-29,03:30:00,88.146,88.0,0.0,0.0,0.0,0.0,-15.11
2023-03-29 04:00:00,2023-03-29,04:00:00,88.167,88.0,0.0,0.0,0.0,0.0,-14.98
2023-03-29 04:30:00,2023-03-29,04:30:00,88.188,88.0,0.0,0.0,0.0,0.0,-15.31
2023-03-29 05:00:00,2023-03-29,05:00:00,88.208,88.0,0.0,0.0,0.0,0.0,-14.84
2023-03-29 05:30:00,2023-03-29,05:30:00,88.229,88.0,0.0,0.0,0.0,0.0,-14.03
2023-03-29 06:00:00,2023-03-29,06:00:00,88.25,88.0,0.0,0.0,0.0,0.0,-13.02
2023-03-29 06:30:00,2023-03-29,06:30:00,88.271,88.0,0.0,0.0,0.0,0.0,-11.65
2023-03-29 07:00:00,2023-03-29,07:00:00,88.292,88.0,0.0,0.0,0.0,0.0,-9.57
2023-03-29 07:30:00,2023-03-29,07:30:00,88.312,88.0,0.0,0.0,0.0,0.0,-6.8
2023-03-29 08:00:00,2023-03-29,08:00:00,88.333,88.0,0.0,0.0,0.0,0.0,-2.93
2023-03-29 08:30:00,2023-03-29,08:30:00,88.354,88.0,0.0,0.0,0.0,0.0,0.11
2023-03-29 09:00:00,2023-03-29,09:00:00,88.375,88.0,0.0,0.0,0.0,0.0,3.46
2023-03-29 09:30:00,2023-03-29,09:30:00,88.396,88.0,0.0,0.0,0.0,0.0,6.58
2023-03-29 10:00:00,2023-03-29,10:00:00,88.417,88.0,0.0,0.0,0.0,0.0,8.82
2023-03-29 10:30:00,2023-03-29,10:30:00,88.438,88.0,0.0,0.0,0.0,0.0,11.53
2023-03-29 11:00:00,2023-03-29,11:00:00,88.458,88.0,0.0,0.0,0.0,0.0,13.18
2023-03-29 11:30:00,2023-03-29,11:30:00,88.479,88.0,0.0,0.0,0.0,0.0,13.19
2023-03-29 12:00:00,2023-03-29,12:00:00,88.5,88.0,0.0,0.0,0.0,0.0,8.91
2023-03-29 12:30:00,2023-03-29,12:30:00,88.521,88.0,0.0,0.0,0.0,0.0,7.72
2023-03-29 13:00:00,2023-03-29,13:00:00,88.542,88.0,0.0,0.0,0.0,0.0,6.76
2023-03-29 13:30:00,2023-03-29,13:30:00,88.562,88.0,0.0,0.0,0.0,0.0,8.11
2023-03-29 14:00:00,2023-03-29,14:00:00,88.583,88.0,0.0,0.0,0.0,0.0,6.7
2023-03-29 14:30:00,2023-03-29,14:30:00,88.604,88.0,0.0,0.0,0.0,0.0,5.82
2023-03-29 15:00:00,2023-03-29,15:00:00,88.625,88.0,0.0,0.0,0.0,0.0,3.82
2023-03-29 15:30:00,2023-03-29,15:30:00,88.646,88.0,0.0,0.0,0.0,0.0,3.76
2023-03-29 16:00:00,2023-03-29,16:00:00,88.667,88.0,0.0,0.0,0.0,0.0,2.54
2023-03-29 16:30:00,2023-03-29,16:30:00,88.688,88.0,0.0,0.0,0.0,0.0,2.49
2023-03-29 17:00:00,2023-03-29,17:00:00,88.708,88.0,0.0,0.0,0.0,0.0,-0.35
2023-03-29 17:30:00,2023-03-29,17:30:00,88.729,88.0,0.0,0.0,0.0,0.0,-3.96
2023-03-29 18:00:00,2023-03-29,18:00:00,88.75,88.0,0.0,0.0,0.0,0.0,-5.72
2023-03-29 18:30:00,2023-03-29,18:30:00,88.771,88.0,0.0,0.0,0.0,0.0,-6.77
2023-03-29 19:00:00,2023-03-29,19:00:00,88.792,88.0,0.0,0.0,0.0,0.0,-7.28
2023-03-29 19:30:00,2023-03-29,19:30:00,88.812,88.0,0.0,0.0,0.0,0.0,-6.58
2023-03-29 20:00:00,2023-03-29,20:00:00,88.833,88.0,0.0,0.0,0.0,0.0,-6.68
2023-03-29 20:30:00,2023-03-29,20:30:00,88.854,88.0,0.0,0.0,0.0,0.0,-6.75
2023-03-29 21:00:00,2023-03-29,21:00:00,88.875,88.0,0.0,0.0,0.0,0.0,-7.22
2023-03-29 21:30:00,2023-03-29,21:30:00,88.896,88.0,0.0,0.0,0.0,0.0,-7.35
2023-03-29 22:00:00,2023-03-29,22:00:00,88.917,88.0,0.0,0.0,0.0,0.0,-7.64
2023-03-29 22:30:00,2023-03-29,22:30:00,88.938,88.0,0.0,0.0,0.0,0.0,-7.9
2023-03-29 23:00:00,2023-03-29,23:00:00,88.958,88.0,0.0,0.0,0.0,0.0,-7.87
2023-03-29 23:30:00,2023-03-29,23:30:00,88.979,88.0,0.0,0.0,0.0,0.0,-7.69
2023-03-30 00:00:00,2023-03-30,00:00:00,89.0,89.0,0.0,0.0,0.0,0.0,-7.58
2023-03-30 00:30:00,2023-03-30,00:30:00,89.021,89.0,0.0,0.0,0.0,0.0,-8.11
2023-03-30 01:00:00,2023-03-30,01:00:00,89.042,89.0,0.0,0.0,0.0,0.0,-8.79
2023-03-30 01:30:00,2023-03-30,01:30:00,89.062,89.0,0.0,0.0,0.0,0.0,-8.67
2023-03-30 02:00:00,2023-03-30,02:00:00,89.083,89.0,0.0,0.0,0.0,0.0,-8.72
2023-03-30 02:30:00,2023-03-30,02:30:00,89.104,89.0,0.0,0.0,0.0,0.0,-8.6
2023-03-30 03:00:00,2023-03-30,03:00:00,89.125,89.0,0.0,0.0,0.0,0.0,-8.65
2023-03-30 03:30:00,2023-03-30,03:30:00,89.146,89.0,0.0,0.0,0.0,0.0,-8.55
2023-03-30 04:00:00,2023-03-30,04:00:00,89.167,89.0,0.0,0.0,0.0,0.0,-8.54
2023-03-30 04:30:00,2023-03-30,04:30:00,89.188,89.0,0.0,0.0,0.0,0.0,-8.59
2023-03-30 05:00:00,2023-03-30,05:00:00,89.208,89.0,0.0,0.0,0.0,0.0,-8.67
2023-03-30 05:30:00,2023-03-30,05:30:00,89.229,89.0,0.0,0.0,0.0,0.0,-8.95
2023-03-30 06:00:00,2023-03-30,06:00:00,89.25,89.0,0.0,0.0,0.0,0.0,-8.8
2023-03-30 06:30:00,2023-03-30,06:30:00,89.271,89.0,0.0,0.0,0.0,0.0,-7.87
2023-03-30 07:00:00,2023-03-30,07:00:00,89.292,89.0,0.0,0.0,0.0,0.0,-5.5
2023-03-30 07:30:00,2023-03-30,07:30:00,89.312,89.0,0.0,0.0,0.0,0.0,-1.26
2023-03-30 08:00:00,2023-03-30,08:00:00,89.333,89.0,0.0,0.0,0.0,0.0,2.77
2023-03-30 08:30:00,2023-03-30,08:30:00,89.354,89.0,0.0,0.0,0.0,0.0,2.57
2023-03-30 09:00:00,2023-03-30,09:00:00,89.375,89.0,0.0,0.0,0.0,0.0,2.53
2023-03-30 09:30:00,2023-03-30,09:30:00,89.396,89.0,0.0,0.0,0.0,0.0,1.0
2023-03-30 10:00:00,2023-03-30,10:00:00,89.417,89.0,0.29,0.3,0.29,0.29,0.12
2023-03-30 10:30:00,2023-03-30,10:30:00,89.438,89.0,0.36,0.36,0.36,0.35,0.27
2023-03-30 11:00:00,2023-03-30,11:00:00,89.458,89.0,0.42,0.42,0.42,0.41,0.2
2023-03-30 11:30:00,2023-03-30,11:30:00,89.479,89.0,0.0,0.0,0.0,0.0,-0.33
2023-03-30 12:00:00,2023-03-30,12:00:00,89.5,89.0,0.0,0.0,0.0,0.0,0.54
2023-03-30 12:30:00,2023-03-30,12:30:00,89.521,89.0,0.0,0.0,0.0,0.0,1.62
2023-03-30 13:00:00,2023-03-30,13:00:00,89.542,89.0,0.0,0.0,0.0,0.0,1.8
2023-03-30 13:30:00,2023-03-30,13:30:00,89.562,89.0,0.0,0.0,0.0,0.0,-0.94
2023-03-30 14:00:00,2023-03-30,14:00:00,89.583,89.0,1.28,1.3,1.28,1.27,-2.71
2023-03-30 14:30:00,2023-03-30,14:30:00,89.604,89.0,0.7,0.7,0.7,0.69,-3.14
2023-03-30 15:00:00,2023-03-30,15:00:00,89.625,89.0,0.68,0.69,0.66,0.68,-3.77
2023-03-30 15:30:00,2023-03-30,15:30:00,89.646,89.0,1.2,1.22,1.19,1.2,-5.36
2023-03-30 16:00:00,2023-03-30,16:00:00,89.667,89.0,0.63,0.63,0.62,0.62,-4.82
2023-03-30 16:30:00,2023-03-30,16:30:00,89.688,89.0,0.55,0.56,0.55,0.55,-5.48
2023-03-30 17:00:00,2023-03-30,17:00:00,89.708,89.0,0.0,0.0,0.0,0.0,-5.24
2023-03-30 17:30:00,2023-03-30,17:30:00,89.729,89.0,0.0,0.0,0.0,0.0,-5.99
2023-03-30 18:00:00,2023-03-30,18:00:00,89.75,89.0,0.0,0.0,0.0,0.0,-6.8
2023-03-30 18:30:00,2023-03-30,18:30:00,89.771,89.0,0.0,0.0,0.0,0.0,-7.64
2023-03-30 19:00:00,2023-03-30,19:00:00,89.792,89.0,0.42,0.42,0.42,0.41,-7.58
2023-03-30 19:30:00,2023-03-30,19:30:00,89.812,89.0,0.0,0.0,0.0,0.0,-7.81
2023-03-30 20:00:00,2023-03-30,20:00:00,89.833,89.0,0.34,0.34,0.33,0.34,-7.84
2023-03-30 20:30:00,2023-03-30,20:30:00,89.854,89.0,0.35,0.35,0.36,0.34,-7.97
2023-03-30 21:00:00,2023-03-30,21:00:00,89.875,89.0,1.06,1.07,1.05,1.05,-7.92
2023-03-30 21:30:00,2023-03-30,21:30:00,89.896,89.0,0.82,0.83,0.82,0.81,-7.89
2023-03-30 22:00:00,2023-03-30,22:00:00,89.917,89.0,2.08,2.11,2.06,2.07,-8.58
2023-03-30 22:30:00,2023-03-30,22:30:00,89.938,89.0,0.88,0.89,0.88,0.88,-8.8
2023-03-30 23:00:00,2023-03-30,23:00:00,89.958,89.0,0.56,0.57,0.55,0.56,-8.87
2023-03-30 23:30:00,2023-03-30,23:30:00,89.979,89.0,0.79,0.8,0.79,0.78,-8.9
2023-03-31 00:00:00,2023-03-31,00:00:00,90.0,90.0,0.81,0.82,0.81,0.81,-8.91
2023-03-31 00:30:00,2023-03-31,00:30:00,90.021,90.0,0.0,0.0,0.0,0.0,-9.25
2023-03-31 01:00:00,2023-03-31,01:00:00,90.042,90.0,0.36,0.36,0.36,0.35,-9.14
2023-03-31 01:30:00,2023-03-31,01:30:00,90.062,90.0,0.45,0.45,0.45,0.45,-9.1
2023-03-31 02:00:00,2023-03-31,02:00:00,90.083,90.0,0.83,0.83,0.83,0.82,-9.17
2023-03-31 02:30:00,2023-03-31,02:30:00,90.104,90.0,1.76,1.78,1.76,1.75,-9.28
2023-03-31 03:00:00,2023-03-31,03:00:00,90.125,90.0,24.77,25.01,24.63,24.67,-9.82
2023-03-31 03:30:00,2023-03-31,03:30:00,90.146,90.0,0.0,0.0,0.0,0.0,-9.59
2023-03-31 04:00:00,2023-03-31,04:00:00,90.167,90.0,0.0,0.0,0.0,0.0,-9.52
2023-03-31 04:30:00,2023-03-31,04:30:00,90.188,90.0,0.0,0.0,0.0,0.0,-9.52
2023-03-31 05:00:00,2023-03-31,05:00:00,90.208,90.0,0.0,0.0,0.0,0.0,-9.51
2023-03-31 05:30:00,2023-03-31,05:30:00,90.229,90.0,0.0,0.0,0.0,0.0,-9.53
2023-03-31 06:00:00,2023-03-31,06:00:00,90.25,90.0,0.0,0.0,0.0,0.0,-9.59
2023-03-31 06:30:00,2023-03-31,06:30:00,90.271,90.0,0.0,0.0,0.0,0.0,-9.6
2023-03-31 07:00:00,2023-03-31,07:00:00,90.292,90.0,0.0,0.0,0.0,0.0,-9.54
2023-03-31 07:30:00,2023-03-31,07:30:00,90.312,90.0,0.0,0.0,0.0,0.0,-9.48
2023-03-31 08:00:00,2023-03-31,08:00:00,90.333,90.0,0.0,0.0,0.0,0.0,-9.42
2023-03-31 08:30:00,2023-03-31,08:30:00,90.354,90.0,0.0,0.0,0.0,0.0,-9.37
2023-03-31 09:00:00,2023-03-31,09:00:00,90.375,90.0,0.0,0.0,0.0,0.0,-9.34
2023-03-31 09:30:00,2023-03-31,09:30:00,90.396,90.0,0.0,0.0,0.0,0.0,-9.3
2023-03-31 10:00:00,2023-03-31,10:00:00,90.417,90.0,0.0,0.0,0.0,0.0,-9.25
2023-03-31 10:30:00,2023-03-31,10:30:00,90.438,90.0,0.0,0.0,0.0,0.0,-9.2
2023-03-31 11:00:00,2023-03-31,11:00:00,90.458,90.0,0.0,0.0,0.0,0.0,-9.14
2023-03-31 11:30:00,2023-03-31,11:30:00,90.479,90.0,0.0,0.0,0.0,0.0,-9.08
2023-03-31 12:00:00,2023-03-31,12:00:00,90.5,90.0,0.0,0.0,0.0,0.0,-9.04
2023-03-31 12:30:00,2023-03-31,12:30:00,90.521,90.0,0.0,0.0,0.0,0.0,-9.0
2023-03-31 13:00:00,2023-03-31,13:00:00,90.542,90.0,0.0,0.0,0.0,0.0,-8.96
2023-03-31 13:30:00,2023-03-31,13:30:00,90.562,90.0,0.0,0.0,0.0,0.0,-8.9
2023-03-31 14:00:00,2023-03-31,14:00:00,90.583,90.0,0.0,0.0,0.0,0.0,-8.86
2023-03-31 14:30:00,2023-03-31,14:30:00,90.604,90.0,0.0,0.0,0.0,0.0,-8.81
2023-03-31 15:00:00,2023-03-31,15:00:00,90.625,90.0,0.0,0.0,0.0,0.0,-8.77
2023-03-31 15:30:00,2023-03-31,15:30:00,90.646,90.0,0.0,0.0,0.0,0.0,-8.73
2023-03-31 16:00:00,2023-03-31,16:00:00,90.667,90.0,0.0,0.0,0.0,0.0,-8.69
2023-03-31 16:30:00,2023-03-31,16:30:00,90.688,90.0,0.0,0.0,0.0,0.0,-8.66
2023-03-31 17:00:00,2023-03-31,17:00:00,90.708,90.0,0.0,0.0,0.0,0.0,-8.63
2023-03-31 17:30:00,2023-03-31,17:30:00,90.729,90.0,0.0,0.0,0.0,0.0,-8.6
2023-03-31 18:00:00,2023-03-31,18:00:00,90.75,90.0,0.0,0.0,0.0,0.0,-8.56
2023-03-31 18:30:00,2023-03-31,18:30:00,90.771,90.0,0.0,0.0,0.0,0.0,-8.52
2023-03-31 19:00:00,2023-03-31,19:00:00,90.792,90.0,0.0,0.0,0.0,0.0,-8.48
2023-03-31 19:30:00,2023-03-31,19:30:00,90.812,90.0,0.0,0.0,0.0,0.0,-8.44
2023-03-31 20:00:00,2023-03-31,20:00:00,90.833,90.0,0.0,0.0,0.0,0.0,-8.41
2023-03-31 20:30:00,2023-03-31,20:30:00,90.854,90.0,0.0,0.0,0.0,0.0,-8.37
2023-03-31 21:00:00,2023-03-31,21:00:00,90.875,90.0,0.0,0.0,0.0,0.0,-8.33
2023-03-31 21:30:00,2023-03-31,21:30:00,90.896,90.0,0.0,0.0,0.0,0.0,-8.3
2023-03-31 22:00:00,2023-03-31,22:00:00,90.917,90.0,0.0,0.0,0.0,0.0,-8.26
2023-03-31 22:30:00,2023-03-31,22:30:00,90.938,90.0,0.0,0.0,0.0,0.0,-8.23
2023-03-31 23:00:00,2023-03-31,23:00:00,90.958,90.0,0.0,0.0,0.0,0.0,-8.2
2023-03-31 23:30:00,2023-03-31,23:30:00,90.979,90.0,0.0,0.0,0.0,0.0,-8.17
2023-04-01 00:00:00,2023-04-01,00:00:00,91.0,91.0,0.0,0.0,0.0,0.0,-8.16
2023-04-01 00:30:00,2023-04-01,00:30:00,91.021,91.0,0.0,0.0,0.0,0.0,-8.1
2023-04-01 01:00:00,2023-04-01,01:00:00,91.042,91.0,0.0,0.0,0.0,0.0,-8.07
2023-04-01 01:30:00,2023-04-01,01:30:00,91.062,91.0,0.0,0.0,0.0,0.0,-8.04
2023-04-01 02:00:00,2023-04-01,02:00:00,91.083,91.0,0.0,0.0,0.0,0.0,-8.01
2023-04-01 02:30:00,2023-04-01,02:30:00,91.104,91.0,0.0,0.0,0.0,0.0,-7.98
2023-04-01 03:00:00,2023-04-01,03:00:00,91.125,91.0,0.0,0.0,0.0,0.0,-7.95
2023-04-01 03:30:00,2023-04-01,03:30:00,91.146,91.0,0.0,0.0,0.0,0.0,-7.92
2023-04-01 04:00:00,2023-04-01,04:00:00,91.167,91.0,0.0,0.0,0.0,0.0,-7.9
2023-04-01 04:30:00,2023-04-01,04:30:00,91.188,91.0,0.0,0.0,0.0,0.0,-7.87
2023-04-01 05:00:00,2023-04-01,05:00:00,91.208,91.0,0.0,0.0,0.0,0.0,-7.85
2023-04-01 05:30:00,2023-04-01,05:30:00,91.229,91.0,0.0,0.0,0.0,0.0,-7.82
2023-04-01 06:00:00,2023-04-01,06:00:00,91.25,91.0,0.0,0.0,0.0,0.0,-7.8
2023-04-01 06:30:00,2023-04-01,06:30:00,91.271,91.0,0.0,0.0,0.0,0.0,-7.77
2023-04-01 07:00:00,2023-04-01,07:00:00,91.292,91.0,0.0,0.0,0.0,0.0,-7.74
2023-04-01 07:30:00,2023-04-01,07:30:00,91.312,91.0,0.0,0.0,0.0,0.0,-7.7
2023-04-01 08:00:00,2023-04-01,08:00:00,91.333,91.0,0.0,0.0,0.0,0.0,-7.66
2023-04-01 08:30:00,2023-04-01,08:30:00,91.354,91.0,16.43,16.51,16.28,16.51,-4.88
2023-04-01 09:00:00,2023-04-01,09:00:00,91.375,91.0,0.0,0.0,0.0,0.0,-0.65
2023-04-01 09:30:00,2023-04-01,09:30:00,91.396,91.0,0.0,0.0,0.0,0.0,3.2
2023-04-01 10:00:00,2023-04-01,10:00:00,91.417,91.0,0.0,0.0,0.0,0.0,6.49
2023-04-01 10:30:00,2023-04-01,10:30:00,91.438,91.0,0.0,0.0,0.0,0.0,9.13
2023-04-01 11:00:00,2023-04-01,11:00:00,91.458,91.0,0.0,0.0,0.0,0.0,11.65
2023-04-01 11:30:00,2023-04-01,11:30:00,91.479,91.0,0.0,0.0,0.0,0.0,13.02
2023-04-01 12:00:00,2023-04-01,12:00:00,91.5,91.0,0.0,0.0,0.0,0.0,14.33
2023-04-01 12:30:00,2023-04-01,12:30:00,91.521,91.0,0.0,0.0,0.0,0.0,15.36
2023-04-01 13:00:00,2023-04-01,13:00:00,91.542,91.0,0.0,0.0,0.0,0.0,15.34
2023-04-01 13:30:00,2023-04-01,13:30:00,91.562,91.0,0.0,0.0,0.0,0.0,15.76
2023-04-01 14:00:00,2023-04-01,14:00:00,91.583,91.0,0.0,0.0,0.0,0.0,15.06
2023-04-01 14:30:00,2023-04-01,14:30:00,91.604,91.0,0.0,0.0,0.0,0.0,13.91
2023-04-01 15:00:00,2023-04-01,15:00:00,91.625,91.0,0.0,0.0,0.0,0.0,13.43
2023-04-01 15:30:00,2023-04-01,15:30:00,91.646,91.0,0.0,0.0,0.0,0.0,11.93
2023-04-01 16:00:00,2023-04-01,16:00:00,91.667,91.0,0.0,0.0,0.0,0.0,7.04
2023-04-01 16:30:00,2023-04-01,16:30:00,91.688,91.0,0.0,0.0,0.0,0.0,4.19
2023-04-01 17:00:00,2023-04-01,17:00:00,91.708,91.0,0.0,0.0,0.0,0.0,0.93
2023-04-01 17:30:00,2023-04-01,17:30:00,91.729,91.0,0.11,0.0,0.32,0.0,-2.69
2023-04-01 18:00:00,2023-04-01,18:00:00,91.75,91.0,0.0,0.0,0.0,0.0,-4.5
2023-04-01 18:30:00,2023-04-01,18:30:00,91.771,91.0,0.0,0.0,0.0,0.0,-5.32
2023-04-01 19:00:00,2023-04-01,19:00:00,91.792,91.0,0.0,0.0,0.0,0.0,-6.31
2023-04-01 19:30:00,2023-04-01,19:30:00,91.812,91.0,0.0,0.0,0.0,0.0,-7.88
2023-04-01 20:00:00,2023-04-01,20:00:00,91.833,91.0,0.0,0.0,0.0,0.0,-8.28
2023-04-01 20:30:00,2023-04-01,20:30:00,91.854,91.0,0.0,0.0,0.0,0.0,-8.87
2023-04-01 21:00:00,2023-04-01,21:00:00,91.875,91.0,0.0,0.0,0.0,0.0,-9.51
2023-04-01 21:30:00,2023-04-01,21:30:00,91.896,91.0,0.0,0.0,0.0,0.0,-9.43
2023-04-01 22:00:00,2023-04-01,22:00:00,91.917,91.0,0.0,0.0,0.0,0.0,-10.12
2023-04-01 22:30:00,2023-04-01,22:30:00,91.938,91.0,0.0,0.0,0.0,0.0,-10.73
2023-04-01 23:00:00,2023-04-01,23:00:00,91.958,91.0,0.0,0.0,0.0,0.0,-11.03
2023-04-01 23:30:00,2023-04-01,23:30:00,91.979,91.0,0.0,0.0,0.0,0.0,-11.82
2023-04-02 00:00:00,2023-04-02,00:00:00,92.0,92.0,0.0,0.0,0.0,0.0,-11.93
2023-04-02 00:30:00,2023-04-02,00:30:00,92.021,92.0,0.0,0.0,0.0,0.0,-11.26
2023-04-02 01:00:00,2023-04-02,01:00:00,92.042,92.0,0.0,0.0,0.0,0.0,-11.82
2023-04-02 01:30:00,2023-04-02,01:30:00,92.062,92.0,0.0,0.0,0.0,0.0,-12.43
2023-04-02 02:00:00,2023-04-02,02:00:00,92.083,92.0,0.0,0.0,0.0,0.0,-12.38
2023-04-02 02:30:00,2023-04-02,02:30:00,92.104,92.0,0.0,0.0,0.0,0.0,-11.26
2023-04-02 03:00:00,2023-04-02,03:00:00,92.125,92.0,0.0,0.0,0.0,0.0,-11.46
2023-04-02 03:30:00,2023-04-02,03:30:00,92.146,92.0,0.0,0.0,0.0,0.0,-11.7
2023-04-02 04:00:00,2023-04-02,04:00:00,92.167,92.0,0.0,0.0,0.0,0.0,-12.45
2023-04-02 04:30:00,2023-04-02,04:30:00,92.188,92.0,0.0,0.0,0.0,0.0,-12.14
2023-04-02 05:00:00,2023-04-02,05:00:00,92.208,92.0,0.0,0.0,0.0,0.0,-12.28
2023-04-02 05:30:00,2023-04-02,05:30:00,92.229,92.0,0.0,0.0,0.0,0.0,-12.13
2023-04-02 06:00:00,2023-04-02,06:00:00,92.25,92.0,0.0,0.0,0.0,0.0,-12.31
2023-04-02 06:30:00,2023-04-02,06:30:00,92.271,92.0,0.0,0.0,0.0,0.0,-11.81
2023-04-02 07:00:00,2023-04-02,07:00:00,92.292,92.0,0.0,0.0,0.0,0.0,-10.28
2023-04-02 07:30:00,2023-04-02,07:30:00,92.312,92.0,0.0,0.0,0.0,0.0,-7.04
2023-04-02 08:00:00,2023-04-02,08:00:00,92.333,92.0,0.0,0.0,0.0,0.0,-2.55
2023-04-02 08:30:00,2023-04-02,08:30:00,92.354,92.0,0.0,0.0,0.0,0.0,1.23
2023-04-02 09:00:00,2023-04-02,09:00:00,92.375,92.0,0.0,0.0,0.0,0.0,4.15
2023-04-02 09:30:00,2023-04-02,09:30:00,92.396,92.0,0.0,0.0,0.0,0.0,6.15
2023-04-02 10:00:00,2023-04-02,10:00:00,92.417,92.0,0.0,0.0,0.0,0.0,8.08
2023-04-02 10:30:00,2023-04-02,10:30:00,92.438,92.0,0.0,0.0,0.0,0.0,8.34
2023-04-02 11:00:00,2023-04-02,11:00:00,92.458,92.0,0.0,0.0,0.0,0.0,5.62
2023-04-02 11:30:00,2023-04-02,11:30:00,92.479,92.0,0.0,0.0,0.0,0.0,8.54
2023-04-02 12:00:00,2023-04-02,12:00:00,92.5,92.0,0.0,0.0,0.0,0.0,9.12
2023-04-02 12:30:00,2023-04-02,12:30:00,92.521,92.0,0.0,0.0,0.0,0.0,7.41
2023-04-02 13:00:00,2023-04-02,13:00:00,92.542,92.0,0.0,0.0,0.0,0.0,10.14
2023-04-02 13:30:00,2023-04-02,13:30:00,92.562,92.0,0.0,0.0,0.0,0.0,10.32
2023-04-02 14:00:00,2023-04-02,14:00:00,92.583,92.0,0.0,0.0,0.0,0.0,8.65
2023-04-02 14:30:00,2023-04-02,14:30:00,92.604,92.0,0.0,0.0,0.0,0.0,8.62
2023-04-02 15:00:00,2023-04-02,15:00:00,92.625,92.0,0.0,0.0,0.0,0.0,7.57
2023-04-02 15:30:00,2023-04-02,15:30:00,92.646,92.0,0.0,0.0,0.0,0.0,5.55
2023-04-02 16:00:00,2023-04-02,16:00:00,92.667,92.0,0.0,0.0,0.0,0.0,5.04
2023-04-02 16:30:00,2023-04-02,16:30:00,92.688,92.0,0.0,0.0,0.0,0.0,1.17
2023-04-02 17:00:00,2023-04-02,17:00:00,92.708,92.0,0.0,0.0,0.0,0.0,-0.55
2023-04-02 17:30:00,2023-04-02,17:30:00,92.729,92.0,0.0,0.0,0.0,0.0,-1.32
2023-04-02 18:00:00,2023-04-02,18:00:00,92.75,92.0,0.0,0.0,0.0,0.0,-1.99
2023-04-02 18:30:00,2023-04-02,18:30:00,92.771,92.0,0.0,0.0,0.0,0.0,-3.08
2023-04-02 19:00:00,2023-04-02,19:00:00,92.792,92.0,0.0,0.0,0.0,0.0,-3.18
2023-04-02 19:30:00,2023-04-02,19:30:00,92.812,92.0,0.0,0.0,0.0,0.0,-3.99
2023-04-02 20:00:00,2023-04-02,20:00:00,92.833,92.0,0.0,0.0,0.0,0.0,-2.95
2023-04-02 20:30:00,2023-04-02,20:30:00,92.854,92.0,0.0,0.0,0.0,0.0,-2.57
2023-04-02 21:00:00,2023-04-02,21:00:00,92.875,92.0,0.0,0.0,0.0,0.0,-2.33
2023-04-02 21:30:00,2023-04-02,21:30:00,92.896,92.0,0.0,0.0,0.0,0.0,-3.12
2023-04-02 22:00:00,2023-04-02,22:00:00,92.917,92.0,0.0,0.0,0.0,0.0,-2.83
2023-04-02 22:30:00,2023-04-02,22:30:00,92.938,92.0,0.0,0.0,0.0,0.0,-2.31
2023-04-02 23:00:00,2023-04-02,23:00:00,92.958,92.0,0.0,0.0,0.0,0.0,-2.0
2023-04-02 23:30:00,2023-04-02,23:30:00,92.979,92.0,0.0,0.0,0.0,0.0,-2.94
2023-04-03 00:00:00,2023-04-03,00:00:00,93.0,93.0,0.0,0.0,0.0,0.0,-3.45
2023-04-03 00:30:00,2023-04-03,00:30:00,93.021,93.0,0.0,0.0,0.0,0.0,-3.56
2023-04-03 01:00:00,2023-04-03,01:00:00,93.042,93.0,0.0,0.0,0.0,0.0,-2.25
2023-04-03 01:30:00,2023-04-03,01:30:00,93.062,93.0,0.0,0.0,0.0,0.0,-1.95
2023-04-03 02:00:00,2023-04-03,02:00:00,93.083,93.0,0.0,0.0,0.0,0.0,-1.53
2023-04-03 02:30:00,2023-04-03,02:30:00,93.104,93.0,0.0,0.0,0.0,0.0,-1.46
2023-04-03 03:00:00,2023-04-03,03:00:00,93.125,93.0,0.0,0.0,0.0,0.0,-1.39
2023-04-03 03:30:00,2023-04-03,03:30:00,93.146,93.0,0.0,0.0,0.0,0.0,-1.59
2023-04-03 04:00:00,2023-04-03,04:00:00,93.167,93.0,0.0,0.0,0.0,0.0,-1.95
2023-04-03 04:30:00,2023-04-03,04:30:00,93.188,93.0,0.0,0.0,0.0,0.0,-3.23
2023-04-03 05:00:00,2023-04-03,05:00:00,93.208,93.0,0.0,0.0,0.0,0.0,-4.33
2023-04-03 05:30:00,2023-04-03,05:30:00,93.229,93.0,0.0,0.0,0.0,0.0,-5.0
2023-04-03 06:00:00,2023-04-03,06:00:00,93.25,93.0,0.0,0.0,0.0,0.0,-3.56
2023-04-03 06:30:00,2023-04-03,06:30:00,93.271,93.0,0.0,0.0,0.0,0.0,-2.08
2023-04-03 07:00:00,2023-04-03,07:00:00,93.292,93.0,0.0,0.0,0.0,0.0,-2.56
2023-04-03 07:30:00,2023-04-03,07:30:00,93.312,93.0,0.0,0.0,0.0,0.0,-2.0
2023-04-03 08:00:00,2023-04-03,08:00:00,93.333,93.0,0.0,0.0,0.0,0.0,-0.71
2023-04-03 08:30:00,2023-04-03,08:30:00,93.354,93.0,0.0,0.0,0.0,0.0,0.39
2023-04-03 09:00:00,2023-04-03,09:00:00,93.375,93.0,0.0,0.0,0.0,0.0,2.09
2023-04-03 09:30:00,2023-04-03,09:30:00,93.396,93.0,0.0,0.0,0.0,0.0,3.77
2023-04-03 10:00:00,2023-04-03,10:00:00,93.417,93.0,0.0,0.0,0.0,0.0,5.16
2023-04-03 10:30:00,2023-04-03,10:30:00,93.438,93.0,0.0,0.0,0.0,0.0,4.84
2023-04-03 11:00:00,2023-04-03,11:00:00,93.458,93.0,0.0,0.0,0.0,0.0,6.34
2023-04-03 11:30:00,2023-04-03,11:30:00,93.479,93.0,0.0,0.0,0.0,0.0,6.3
2023-04-03 12:00:00,2023-04-03,12:00:00,93.5,93.0,0.0,0.0,0.0,0.0,5.51
2023-04-03 12:30:00,2023-04-03,12:30:00,93.521,93.0,0.0,0.0,0.0,0.0,5.25
2023-04-03 13:00:00,2023-04-03,13:00:00,93.542,93.0,0.0,0.0,0.0,0.0,5.22
2023-04-03 13:30:00,2023-04-03,13:30:00,93.562,93.0,0.0,0.0,0.0,0.0,5.26
2023-04-03 14:00:00,2023-04-03,14:00:00,93.583,93.0,0.0,0.0,0.0,0.0,5.44
2023-04-03 14:30:00,2023-04-03,14:30:00,93.604,93.0,0.0,0.0,0.0,0.0,5.51
2023-04-03 15:00:00,2023-04-03,15:00:00,93.625,93.0,0.0,0.0,0.0,0.0,6.45
2023-04-03 15:30:00,2023-04-03,15:30:00,93.646,93.0,0.0,0.0,0.0,0.0,4.02
2023-04-03 16:00:00,2023-04-03,16:00:00,93.667,93.0,0.0,0.0,0.0,0.0,3.93
2023-04-03 16:30:00,2023-04-03,16:30:00,93.688,93.0,0.0,0.0,0.0,0.0,1.79
2023-04-03 17:00:00,2023-04-03,17:00:00,93.708,93.0,0.0,0.0,0.0,0.0,0.76
2023-04-03 17:30:00,2023-04-03,17:30:00,93.729,93.0,0.0,0.0,0.0,0.0,-0.03
2023-04-03 18:00:00,2023-04-03,18:00:00,93.75,93.0,0.0,0.0,0.0,0.0,-0.26
2023-04-03 18:30:00,2023-04-03,18:30:00,93.771,93.0,0.0,0.0,0.0,0.0,-0.37
2023-04-03 19:00:00,2023-04-03,19:00:00,93.792,93.0,0.0,0.0,0.0,0.0,-0.74
2023-04-03 19:30:00,2023-04-03,19:30:00,93.812,93.0,0.0,0.0,0.0,0.0,-0.31
2023-04-03 20:00:00,2023-04-03,20:00:00,93.833,93.0,0.0,0.0,0.0,0.0,-0.28
2023-04-03 20:30:00,2023-04-03,20:30:00,93.854,93.0,0.0,0.0,0.0,0.0,-0.74
2023-04-03 21:00:00,2023-04-03,21:00:00,93.875,93.0,0.0,0.0,0.0,0.0,-1.35
2023-04-03 21:30:00,2023-04-03,21:30:00,93.896,93.0,0.0,0.0,0.0,0.0,-1.85
2023-04-03 22:00:00,2023-04-03,22:00:00,93.917,93.0,0.0,0.0,0.0,0.0,-1.66
2023-04-03 22:30:00,2023-04-03,22:30:00,93.938,93.0,0.0,0.0,0.0,0.0,-1.71
2023-04-03 23:00:00,2023-04-03,23:00:00,93.958,93.0,0.0,0.0,0.0,0.0,-3.52
2023-04-03 23:30:00,2023-04-03,23:30:00,93.979,93.0,0.0,0.0,0.0,0.0,-3.97
2023-04-04 00:00:00,2023-04-04,00:00:00,94.0,94.0,0.0,0.0,0.0,0.0,-3.96
2023-04-04 00:30:00,2023-04-04,00:30:00,94.021,94.0,0.47,0.5,0.49,0.44,-4.21
2023-04-04 01:00:00,2023-04-04,01:00:00,94.042,94.0,0.0,0.0,0.0,0.0,-4.67
2023-04-04 01:30:00,2023-04-04,01:30:00,94.062,94.0,0.49,0.52,0.51,0.45,-6.61
2023-04-04 02:00:00,2023-04-04,02:00:00,94.083,94.0,0.48,0.5,0.5,0.44,-7.39
2023-04-04 02:30:00,2023-04-04,02:30:00,94.104,94.0,0.0,0.0,0.0,0.0,-7.42
2023-04-04 03:00:00,2023-04-04,03:00:00,94.125,94.0,0.25,0.27,0.26,0.23,-7.75
2023-04-04 03:30:00,2023-04-04,03:30:00,94.146,94.0,0.0,0.0,0.0,0.0,-8.31
2023-04-04 04:00:00,2023-04-04,04:00:00,94.167,94.0,0.0,0.0,0.0,0.0,-8.68
2023-04-04 04:30:00,2023-04-04,04:30:00,94.188,94.0,0.0,0.0,0.0,0.0,-9.1
2023-04-04 05:00:00,2023-04-04,05:00:00,94.208,94.0,0.0,0.0,0.0,0.0,-9.61
2023-04-04 05:30:00,2023-04-04,05:30:00,94.229,94.0,0.0,0.0,0.0,0.0,-10.27
2023-04-04 06:00:00,2023-04-04,06:00:00,94.25,94.0,0.0,0.0,0.0,0.0,-11.4
2023-04-04 06:30:00,2023-04-04,06:30:00,94.271,94.0,0.0,0.0,0.0,0.0,-12.21
2023-04-04 07:00:00,2023-04-04,07:00:00,94.292,94.0,0.0,0.0,0.0,0.0,-8.67
2023-04-04 07:30:00,2023-04-04,07:30:00,94.312,94.0,0.29,0.3,0.3,0.26,-6.8
2023-04-04 08:00:00,2023-04-04,08:00:00,94.333,94.0,0.42,0.44,0.44,0.38,-8.92
2023-04-04 08:30:00,2023-04-04,08:30:00,94.354,94.0,0.0,0.0,0.0,0.0,-2.72
2023-04-04 09:00:00,2023-04-04,09:00:00,94.375,94.0,0.0,0.0,0.0,0.0,-3.29
2023-04-04 09:30:00,2023-04-04,09:30:00,94.396,94.0,0.0,0.0,0.0,0.0,-4.45
2023-04-04 10:00:00,2023-04-04,10:00:00,94.417,94.0,0.28,0.29,0.29,0.26,-4.56
2023-04-04 10:30:00,2023-04-04,10:30:00,94.438,94.0,0.0,0.0,0.0,0.0,-1.7
2023-04-04 11:00:00,2023-04-04,11:00:00,94.458,94.0,0.75,0.79,0.75,0.69,-3.14
2023-04-04 11:30:00,2023-04-04,11:30:00,94.479,94.0,0.29,0.28,0.32,0.25,-1.71
2023-04-04 12:00:00,2023-04-04,12:00:00,94.5,94.0,1.32,1.39,1.37,1.22,-8.13
2023-04-04 12:30:00,2023-04-04,12:30:00,94.521,94.0,0.6,0.62,0.62,0.54,-5.3
2023-04-04 13:00:00,2023-04-04,13:00:00,94.542,94.0,0.39,0.41,0.42,0.36,-2.21
2023-04-04 13:30:00,2023-04-04,13:30:00,94.562,94.0,1.46,1.53,1.5,1.34,-4.51
2023-04-04 14:00:00,2023-04-04,14:00:00,94.583,94.0,0.45,0.47,0.48,0.41,-1.72
2023-04-04 14:30:00,2023-04-04,14:30:00,94.604,94.0,0.63,0.67,0.64,0.58,-6.18
2023-04-04 15:00:00,2023-04-04,15:00:00,94.625,94.0,0.0,0.0,0.0,0.0,-5.63
2023-04-04 15:30:00,2023-04-04,15:30:00,94.646,94.0,0.51,0.54,0.53,0.47,-5.53
2023-04-04 16:00:00,2023-04-04,16:00:00,94.667,94.0,0.0,0.0,0.0,0.0,-6.14
2023-04-04 16:30:00,2023-04-04,16:30:00,94.688,94.0,0.26,0.28,0.26,0.24,-6.86
2023-04-04 17:00:00,2023-04-04,17:00:00,94.708,94.0,0.35,0.36,0.37,0.32,-9.07
2023-04-04 17:30:00,2023-04-04,17:30:00,94.729,94.0,0.53,0.55,0.55,0.49,-10.03
2023-04-04 18:00:00,2023-04-04,18:00:00,94.75,94.0,0.32,0.34,0.33,0.3,-10.28
2023-04-04 18:30:00,2023-04-04,18:30:00,94.771,94.0,1.74,1.81,1.81,1.59,-10.63
2023-04-04 19:00:00,2023-04-04,19:00:00,94.792,94.0,0.0,0.0,0.0,0.0,-12.0
2023-04-04 19:30:00,2023-04-04,19:30:00,94.812,94.0,0.38,0.4,0.38,0.35,-11.69
2023-04-04 20:00:00,2023-04-04,20:00:00,94.833,94.0,0.27,0.28,0.29,0.24,-11.69
2023-04-04 20:30:00,2023-04-04,20:30:00,94.854,94.0,0.23,0.23,0.24,0.21,-12.26
2023-04-04 21:00:00,2023-04-04,21:00:00,94.875,94.0,0.7,0.74,0.73,0.65,-13.33
2023-04-04 21:30:00,2023-04-04,21:30:00,94.896,94.0,0.47,0.49,0.49,0.43,-14.14
2023-04-04 22:00:00,2023-04-04,22:00:00,94.917,94.0,0.67,0.7,0.69,0.61,-14.81
2023-04-04 22:30:00,2023-04-04,22:30:00,94.938,94.0,0.69,0.72,0.72,0.63,-15.14
2023-04-04 23:00:00,2023-04-04,23:00:00,94.958,94.0,0.0,0.0,0.0,0.0,-15.14
2023-04-04 23:30:00,2023-04-04,23:30:00,94.979,94.0,0.0,0.0,0.0,0.0,-15.09
2023-04-05 00:00:00,2023-04-05,00:00:00,95.0,95.0,0.0,0.0,0.0,0.0,-15.09
2023-04-05 00:30:00,2023-04-05,00:30:00,95.021,95.0,1.04,1.08,1.08,0.95,-15.38
2023-04-05 01:00:00,2023-04-05,01:00:00,95.042,95.0,1.59,1.67,1.64,1.48,-15.87
2023-04-05 01:30:00,2023-04-05,01:30:00,95.062,95.0,1.9,1.98,1.97,1.75,-16.57
2023-04-05 02:00:00,2023-04-05,02:00:00,95.083,95.0,0.0,0.0,0.0,0.0,-15.98
2023-04-05 02:30:00,2023-04-05,02:30:00,95.104,95.0,0.0,0.0,0.0,0.0,-16.19
2023-04-05 03:00:00,2023-04-05,03:00:00,95.125,95.0,0.0,0.0,0.0,0.0,-15.77
2023-04-05 03:30:00,2023-04-05,03:30:00,95.146,95.0,0.0,0.0,0.0,0.0,-15.69
2023-04-05 04:00:00,2023-04-05,04:00:00,95.167,95.0,0.0,0.0,0.0,0.0,-16.81
2023-04-05 04:30:00,2023-04-05,04:30:00,95.188,95.0,0.0,0.0,0.0,0.0,-17.51
2023-04-05 05:00:00,2023-04-05,05:00:00,95.208,95.0,0.44,0.45,0.46,0.4,-18.17
2023-04-05 05:30:00,2023-04-05,05:30:00,95.229,95.0,0.0,0.0,0.0,0.0,-19.26
2023-04-05 06:00:00,2023-04-05,06:00:00,95.25,95.0,0.23,0.23,0.24,0.21,-19.26
2023-04-05 06:30:00,2023-04-05,06:30:00,95.271,95.0,0.0,0.0,0.0,0.0,-18.21
2023-04-05 07:00:00,2023-04-05,07:00:00,95.292,95.0,0.0,0.0,0.0,0.0,-14.03
2023-04-05 07:30:00,2023-04-05,07:30:00,95.312,95.0,0.89,0.92,0.93,0.81,-11.03
2023-04-05 08:00:00,2023-04-05,08:00:00,95.333,95.0,0.0,0.0,0.0,0.0,-6.71
2023-04-05 08:30:00,2023-04-05,08:30:00,95.354,95.0,0.48,0.5,0.5,0.45,-5.93
2023-04-05 09:00:00,2023-04-05,09:00:00,95.375,95.0,0.0,0.0,0.0,0.0,-7.25
2023-04-05 09:30:00,2023-04-05,09:30:00,95.396,95.0,0.0,0.0,0.0,0.0,-5.0
2023-04-05 10:00:00,2023-04-05,10:00:00,95.417,95.0,0.0,0.0,0.0,0.0,-3.31
2023-04-05 10:30:00,2023-04-05,10:30:00,95.438,95.0,0.0,0.0,0.0,0.0,-2.07
2023-04-05 11:00:00,2023-04-05,11:00:00,95.458,95.0,0.0,0.0,0.0,0.0,-0.65
2023-04-05 11:30:00,2023-04-05,11:30:00,95.479,95.0,0.0,0.0,0.0,0.0,1.29
2023-04-05 12:00:00,2023-04-05,12:00:00,95.5,95.0,0.0,0.0,0.0,0.0,1.61
2023-04-05 12:30:00,2023-04-05,12:30:00,95.521,95.0,0.0,0.0,0.0,0.0,1.97
2023-04-05 13:00:00,2023-04-05,13:00:00,95.542,95.0,0.0,0.0,0.0,0.0,1.48
2023-04-05 13:30:00,2023-04-05,13:30:00,95.562,95.0,0.0,0.0,0.0,0.0,1.73
2023-04-05 14:00:00,2023-04-05,14:00:00,95.583,95.0,0.0,0.0,0.0,0.0,-1.9
2023-04-05 14:30:00,2023-04-05,14:30:00,95.604,95.0,0.0,0.0,0.0,0.0,-6.92
2023-04-05 15:00:00,2023-04-05,15:00:00,95.625,95.0,0.6,0.63,0.62,0.56,-3.44
2023-04-05 15:30:00,2023-04-05,15:30:00,95.646,95.0,0.71,0.75,0.72,0.66,-7.27
2023-04-05 16:00:00,2023-04-05,16:00:00,95.667,95.0,0.3,0.31,0.3,0.28,-7.23
2023-04-05 16:30:00,2023-04-05,16:30:00,95.688,95.0,0.24,0.25,0.24,0.22,-8.75
2023-04-05 17:00:00,2023-04-05,17:00:00,95.708,95.0,0.0,0.0,0.0,0.0,-10.88
2023-04-05 17:30:00,2023-04-05,17:30:00,95.729,95.0,0.0,0.0,0.0,0.0,-11.64
2023-04-05 18:00:00,2023-04-05,18:00:00,95.75,95.0,0.0,0.0,0.0,0.0,-15.38
2023-04-05 18:30:00,2023-04-05,18:30:00,95.771,95.0,0.0,0.0,0.0,0.0,-16.98
2023-04-05 19:00:00,2023-04-05,19:00:00,95.792,95.0,0.0,0.0,0.0,0.0,-16.06
2023-04-05 19:30:00,2023-04-05,19:30:00,95.812,95.0,0.0,0.0,0.0,0.0,-16.02
2023-04-05 20:00:00,2023-04-05,20:00:00,95.833,95.0,0.0,0.0,0.0,0.0,-16.09
2023-04-05 20:30:00,2023-04-05,20:30:00,95.854,95.0,0.0,0.0,0.0,0.0,-17.99
2023-04-05 21:00:00,2023-04-05,21:00:00,95.875,95.0,0.0,0.0,0.0,0.0,-17.42
2023-04-05 21:30:00,2023-04-05,21:30:00,95.896,95.0,0.0,0.0,0.0,0.0,-18.63
2023-04-05 22:00:00,2023-04-05,22:00:00,95.917,95.0,0.0,0.0,0.0,0.0,-19.01
2023-04-05 22:30:00,2023-04-05,22:30:00,95.938,95.0,0.0,0.0,0.0,0.0,-19.83
2023-04-05 23:00:00,2023-04-05,23:00:00,95.958,95.0,0.0,0.0,0.0,0.0,-20.35
2023-04-05 23:30:00,2023-04-05,23:30:00,95.979,95.0,0.0,0.0,0.0,0.0,-21.28
2023-04-06 00:00:00,2023-04-06,00:00:00,96.0,96.0,0.0,0.0,0.0,0.0,-21.41
2023-04-06 00:30:00,2023-04-06,00:30:00,96.021,96.0,0.0,0.0,0.0,0.0,-21.36
2023-04-06 01:00:00,2023-04-06,01:00:00,96.042,96.0,0.0,0.0,0.0,0.0,-21.71
2023-04-06 01:30:00,2023-04-06,01:30:00,96.062,96.0,0.0,0.0,0.0,0.0,-22.5
2023-04-06 02:00:00,2023-04-06,02:00:00,96.083,96.0,0.0,0.0,0.0,0.0,-22.79
2023-04-06 02:30:00,2023-04-06,02:30:00,96.104,96.0,0.0,0.0,0.0,0.0,-24.05
2023-04-06 03:00:00,2023-04-06,03:00:00,96.125,96.0,0.0,0.0,0.0,0.0,-24.2
2023-04-06 03:30:00,2023-04-06,03:30:00,96.146,96.0,0.0,0.0,0.0,0.0,-24.49
2023-04-06 04:00:00,2023-04-06,04:00:00,96.167,96.0,0.0,0.0,0.0,0.0,-24.55
2023-04-06 04:30:00,2023-04-06,04:30:00,96.188,96.0,0.0,0.0,0.0,0.0,-25.14
2023-04-06 05:00:00,2023-04-06,05:00:00,96.208,96.0,0.0,0.0,0.0,0.0,-25.33
2023-04-06 05:30:00,2023-04-06,05:30:00,96.229,96.0,0.0,0.0,0.0,0.0,-25.71
2023-04-06 06:00:00,2023-04-06,06:00:00,96.25,96.0,0.0,0.0,0.0,0.0,-25.19
2023-04-06 06:30:00,2023-04-06,06:30:00,96.271,96.0,0.0,0.0,0.0,0.0,-22.75
2023-04-06 07:00:00,2023-04-06,07:00:00,96.292,96.0,0.0,0.0,0.0,0.0,-17.99
2023-04-06 07:30:00,2023-04-06,07:30:00,96.312,96.0,0.0,0.0,0.0,0.0,-13.93
2023-04-06 08:00:00,2023-04-06,08:00:00,96.333,96.0,0.0,0.0,0.0,0.0,-9.53
2023-04-06 08:30:00,2023-04-06,08:30:00,96.354,96.0,0.0,0.0,0.0,0.0,-6.07
2023-04-06 09:00:00,2023-04-06,09:00:00,96.375,96.0,0.0,0.0,0.0,0.0,-1.88
2023-04-06 09:30:00,2023-04-06,09:30:00,96.396,96.0,0.0,0.0,0.0,0.0,0.96
2023-04-06 10:00:00,2023-04-06,10:00:00,96.417,96.0,0.0,0.0,0.0,0.0,3.67
2023-04-06 10:30:00,2023-04-06,10:30:00,96.438,96.0,0.0,0.0,0.0,0.0,5.33
2023-04-06 11:00:00,2023-04-06,11:00:00,96.458,96.0,0.0,0.0,0.0,0.0,5.13
2023-04-06 11:30:00,2023-04-06,11:30:00,96.479,96.0,0.0,0.0,0.0,0.0,5.67
2023-04-06 12:00:00,2023-04-06,12:00:00,96.5,96.0,0.0,0.0,0.0,0.0,6.33
2023-04-06 12:30:00,2023-04-06,12:30:00,96.521,96.0,0.0,0.0,0.0,0.0,8.44
2023-04-06 13:00:00,2023-04-06,13:00:00,96.542,96.0,0.0,0.0,0.0,0.0,9.06
2023-04-06 13:30:00,2023-04-06,13:30:00,96.562,96.0,0.0,0.0,0.0,0.0,8.4
2023-04-06 14:00:00,2023-04-06,14:00:00,96.583,96.0,0.0,0.0,0.0,0.0,8.33
2023-04-06 14:30:00,2023-04-06,14:30:00,96.604,96.0,0.0,0.0,0.0,0.0,8.16
2023-04-06 15:00:00,2023-04-06,15:00:00,96.625,96.0,0.0,0.0,0.0,0.0,7.27
2023-04-06 15:30:00,2023-04-06,15:30:00,96.646,96.0,0.0,0.0,0.0,0.0,5.87
2023-04-06 16:00:00,2023-04-06,16:00:00,96.667,96.0,0.0,0.0,0.0,0.0,2.17
2023-04-06 16:30:00,2023-04-06,16:30:00,96.688,96.0,0.0,0.0,0.0,0.0,-1.3
2023-04-06 17:00:00,2023-04-06,17:00:00,96.708,96.0,0.0,0.0,0.0,0.0,-4.16
2023-04-06 17:30:00,2023-04-06,17:30:00,96.729,96.0,0.0,0.0,0.0,0.0,-8.26
2023-04-06 18:00:00,2023-04-06,18:00:00,96.75,96.0,0.0,0.0,0.0,0.0,-11.15
2023-04-06 18:30:00,2023-04-06,18:30:00,96.771,96.0,0.0,0.0,0.0,0.0,-11.87
2023-04-06 19:00:00,2023-04-06,19:00:00,96.792,96.0,0.0,0.0,0.0,0.0,-12.77
2023-04-06 19:30:00,2023-04-06,19:30:00,96.812,96.0,0.0,0.0,0.0,0.0,-13.01
2023-04-06 20:00:00,2023-04-06,20:00:00,96.833,96.0,0.0,0.0,0.0,0.0,-13.44
2023-04-06 20:30:00,2023-04-06,20:30:00,96.854,96.0,0.0,0.0,0.0,0.0,-14.21
2023-04-06 21:00:00,2023-04-06,21:00:00,96.875,96.0,0.0,0.0,0.0,0.0,-14.68
2023-04-06 21:30:00,2023-04-06,21:30:00,96.896,96.0,0.0,0.0,0.0,0.0,-14.9
2023-04-06 22:00:00,2023-04-06,22:00:00,96.917,96.0,0.0,0.0,0.0,0.0,-16.4
2023-04-06 22:30:00,2023-04-06,22:30:00,96.938,96.0,0.0,0.0,0.0,0.0,-17.11
2023-04-06 23:00:00,2023-04-06,23:00:00,96.958,96.0,0.0,0.0,0.0,0.0,-16.74
2023-04-06 23:30:00,2023-04-06,23:30:00,96.979,96.0,0.0,0.0,0.0,0.0,-17.25
2023-04-07 00:00:00,2023-04-07,00:00:00,97.0,97.0,0.0,0.0,0.0,0.0,-17.37
2023-04-07 00:30:00,2023-04-07,00:30:00,97.021,97.0,0.0,0.0,0.0,0.0,-17.91
2023-04-07 01:00:00,2023-04-07,01:00:00,97.042,97.0,0.0,0.0,0.0,0.0,-18.44
2023-04-07 01:30:00,2023-04-07,01:30:00,97.062,97.0,0.0,0.0,0.0,0.0,-18.63
2023-04-07 02:00:00,2023-04-07,02:00:00,97.083,97.0,0.0,0.0,0.0,0.0,-19.41
2023-04-07 02:30:00,2023-04-07,02:30:00,97.104,97.0,0.0,0.0,0.0,0.0,-18.97
2023-04-07 03:00:00,2023-04-07,03:00:00,97.125,97.0,0.0,0.0,0.0,0.0,-18.22
2023-04-07 03:30:00,2023-04-07,03:30:00,97.146,97.0,0.0,0.0,0.0,0.0,-18.65
2023-04-07 04:00:00,2023-04-07,04:00:00,97.167,97.0,0.0,0.0,0.0,0.0,-18.68
2023-04-07 04:30:00,2023-04-07,04:30:00,97.188,97.0,0.0,0.0,0.0,0.0,-18.69
2023-04-07 05:00:00,2023-04-07,05:00:00,97.208,97.0,0.0,0.0,0.0,0.0,-19.61
2023-04-07 05:30:00,2023-04-07,05:30:00,97.229,97.0,0.0,0.0,0.0,0.0,-19.23
2023-04-07 06:00:00,2023-04-07,06:00:00,97.25,97.0,0.0,0.0,0.0,0.0,-18.71
2023-04-07 06:30:00,2023-04-07,06:30:00,97.271,97.0,0.0,0.0,0.0,0.0,-15.68
2023-04-07 07:00:00,2023-04-07,07:00:00,97.292,97.0,0.0,0.0,0.0,0.0,-10.85
2023-04-07 07:30:00,2023-04-07,07:30:00,97.312,97.0,0.0,0.0,0.0,0.0,-6.74
2023-04-07 08:00:00,2023-04-07,08:00:00,97.333,97.0,0.0,0.0,0.0,0.0,-2.69
2023-04-07 08:30:00,2023-04-07,08:30:00,97.354,97.0,0.0,0.0,0.0,0.0,0.61
2023-04-07 09:00:00,2023-04-07,09:00:00,97.375,97.0,0.0,0.0,0.0,0.0,4.74
2023-04-07 09:30:00,2023-04-07,09:30:00,97.396,97.0,0.0,0.0,0.0,0.0,7.57
2023-04-07 10:00:00,2023-04-07,10:00:00,97.417,97.0,0.0,0.0,0.0,0.0,10.19
2023-04-07 10:30:00,2023-04-07,10:30:00,97.438,97.0,0.0,0.0,0.0,0.0,10.6
2023-04-07 11:00:00,2023-04-07,11:00:00,97.458,97.0,0.0,0.0,0.0,0.0,9.0
2023-04-07 11:30:00,2023-04-07,11:30:00,97.479,97.0,0.0,0.0,0.0,0.0,12.02
2023-04-07 12:00:00,2023-04-07,12:00:00,97.5,97.0,0.0,0.0,0.0,0.0,12.31
2023-04-07 12:30:00,2023-04-07,12:30:00,97.521,97.0,0.0,0.0,0.0,0.0,9.34
2023-04-07 13:00:00,2023-04-07,13:00:00,97.542,97.0,0.0,0.0,0.0,0.0,10.15
2023-04-07 13:30:00,2023-04-07,13:30:00,97.562,97.0,0.0,0.0,0.0,0.0,7.88
2023-04-07 14:00:00,2023-04-07,14:00:00,97.583,97.0,0.0,0.0,0.0,0.0,9.56
2023-04-07 14:30:00,2023-04-07,14:30:00,97.604,97.0,0.0,0.0,0.0,0.0,6.78
2023-04-07 15:00:00,2023-04-07,15:00:00,97.625,97.0,0.0,0.0,0.0,0.0,6.28
2023-04-07 15:30:00,2023-04-07,15:30:00,97.646,97.0,0.0,0.0,0.0,0.0,5.31
2023-04-07 16:00:00,2023-04-07,16:00:00,97.667,97.0,0.0,0.0,0.0,0.0,4.07
2023-04-07 16:30:00,2023-04-07,16:30:00,97.688,97.0,0.0,0.0,0.0,0.0,5.62
2023-04-07 17:00:00,2023-04-07,17:00:00,97.708,97.0,0.0,0.0,0.0,0.0,2.98
2023-04-07 17:30:00,2023-04-07,17:30:00,97.729,97.0,0.0,0.0,0.0,0.0,-0.11
2023-04-07 18:00:00,2023-04-07,18:00:00,97.75,97.0,0.0,0.0,0.0,0.0,-2.75
2023-04-07 18:30:00,2023-04-07,18:30:00,97.771,97.0,0.0,0.0,0.0,0.0,-4.06
2023-04-07 19:00:00,2023-04-07,19:00:00,97.792,97.0,0.0,0.0,0.0,0.0,-5.53
2023-04-07 19:30:00,2023-04-07,19:30:00,97.812,97.0,0.0,0.0,0.0,0.0,-6.43
2023-04-07 20:00:00,2023-04-07,20:00:00,97.833,97.0,0.0,0.0,0.0,0.0,-7.06
2023-04-07 20:30:00,2023-04-07,20:30:00,97.854,97.0,0.0,0.0,0.0,0.0,-7.32
2023-04-07 21:00:00,2023-04-07,21:00:00,97.875,97.0,0.0,0.0,0.0,0.0,-7.91
2023-04-07 21:30:00,2023-04-07,21:30:00,97.896,97.0,0.0,0.0,0.0,0.0,-8.83
2023-04-07 22:00:00,2023-04-07,22:00:00,97.917,97.0,0.0,0.0,0.0,0.0,-9.24
2023-04-07 22:30:00,2023-04-07,22:30:00,97.938,97.0,0.0,0.0,0.0,0.0,-9.09
2023-04-07 23:00:00,2023-04-07,23:00:00,97.958,97.0,0.0,0.0,0.0,0.0,-8.4
2023-04-07 23:30:00,2023-04-07,23:30:00,97.979,97.0,0.0,0.0,0.0,0.0,-8.35
2023-04-08 00:00:00,2023-04-08,00:00:00,98.0,98.0,0.0,0.0,0.0,0.0,-8.31
2023-04-08 00:30:00,2023-04-08,00:30:00,98.021,98.0,0.0,0.0,0.0,0.0,-9.88
2023-04-08 01:00:00,2023-04-08,01:00:00,98.042,98.0,0.0,0.0,0.0,0.0,-9.84
2023-04-08 01:30:00,2023-04-08,01:30:00,98.062,98.0,0.0,0.0,0.0,0.0,-9.29
2023-04-08 02:00:00,2023-04-08,02:00:00,98.083,98.0,0.0,0.0,0.0,0.0,-8.73
2023-04-08 02:30:00,2023-04-08,02:30:00,98.104,98.0,0.0,0.0,0.0,0.0,-8.12
2023-04-08 03:00:00,2023-04-08,03:00:00,98.125,98.0,0.0,0.0,0.0,0.0,-7.59
2023-04-08 03:30:00,2023-04-08,03:30:00,98.146,98.0,0.0,0.0,0.0,0.0,-7.75
2023-04-08 04:00:00,2023-04-08,04:00:00,98.167,98.0,0.0,0.0,0.0,0.0,-8.74
2023-04-08 04:30:00,2023-04-08,04:30:00,98.188,98.0,0.0,0.0,0.0,0.0,-9.61
2023-04-08 05:00:00,2023-04-08,05:00:00,98.208,98.0,0.0,0.0,0.0,0.0,-9.24
2023-04-08 05:30:00,2023-04-08,05:30:00,98.229,98.0,0.0,0.0,0.0,0.0,-9.35
2023-04-08 06:00:00,2023-04-08,06:00:00,98.25,98.0,0.0,0.0,0.0,0.0,-8.88
2023-04-08 06:30:00,2023-04-08,06:30:00,98.271,98.0,0.0,0.0,0.0,0.0,-6.24
2023-04-08 07:00:00,2023-04-08,07:00:00,98.292,98.0,0.0,0.0,0.0,0.0,-2.95
2023-04-08 07:30:00,2023-04-08,07:30:00,98.312,98.0,0.0,0.0,0.0,0.0,-1.57
2023-04-08 08:00:00,2023-04-08,08:00:00,98.333,98.0,0.0,0.0,0.0,0.0,1.35
2023-04-08 08:30:00,2023-04-08,08:30:00,98.354,98.0,0.0,0.0,0.0,0.0,3.54
2023-04-08 09:00:00,2023-04-08,09:00:00,98.375,98.0,0.0,0.0,0.0,0.0,3.89
2023-04-08 09:30:00,2023-04-08,09:30:00,98.396,98.0,0.0,0.0,0.0,0.0,3.44
2023-04-08 10:00:00,2023-04-08,10:00:00,98.417,98.0,0.0,0.0,0.0,0.0,5.56
2023-04-08 10:30:00,2023-04-08,10:30:00,98.438,98.0,0.0,0.0,0.0,0.0,5.79
2023-04-08 11:00:00,2023-04-08,11:00:00,98.458,98.0,0.0,0.0,0.0,0.0,6.64
2023-04-08 11:30:00,2023-04-08,11:30:00,98.479,98.0,0.0,0.0,0.0,0.0,4.71
2023-04-08 12:00:00,2023-04-08,12:00:00,98.5,98.0,0.0,0.0,0.0,0.0,5.97
2023-04-08 12:30:00,2023-04-08,12:30:00,98.521,98.0,0.0,0.0,0.0,0.0,6.27
2023-04-08 13:00:00,2023-04-08,13:00:00,98.542,98.0,0.0,0.0,0.0,0.0,10.95
2023-04-08 13:30:00,2023-04-08,13:30:00,98.562,98.0,0.0,0.0,0.0,0.0,10.81
2023-04-08 14:00:00,2023-04-08,14:00:00,98.583,98.0,0.0,0.0,0.0,0.0,11.45
2023-04-08 14:30:00,2023-04-08,14:30:00,98.604,98.0,0.0,0.0,0.0,0.0,5.48
2023-04-08 15:00:00,2023-04-08,15:00:00,98.625,98.0,0.0,0.0,0.0,0.0,3.19
2023-04-08 15:30:00,2023-04-08,15:30:00,98.646,98.0,0.0,0.0,0.0,0.0,3.39
2023-04-08 16:00:00,2023-04-08,16:00:00,98.667,98.0,0.0,0.0,0.0,0.0,2.57
2023-04-08 16:30:00,2023-04-08,16:30:00,98.688,98.0,0.0,0.0,0.0,0.0,1.87
2023-04-08 17:00:00,2023-04-08,17:00:00,98.708,98.0,0.0,0.0,0.0,0.0,1.52
2023-04-08 17:30:00,2023-04-08,17:30:00,98.729,98.0,0.0,0.0,0.0,0.0,-0.67
2023-04-08 18:00:00,2023-04-08,18:00:00,98.75,98.0,0.0,0.0,0.0,0.0,-0.9
2023-04-08 18:30:00,2023-04-08,18:30:00,98.771,98.0,0.0,0.0,0.0,0.0,-2.33
2023-04-08 19:00:00,2023-04-08,19:00:00,98.792,98.0,0.0,0.0,0.0,0.0,-3.19
2023-04-08 19:30:00,2023-04-08,19:30:00,98.812,98.0,0.0,0.0,0.0,0.0,-4.83
2023-04-08 20:00:00,2023-04-08,20:00:00,98.833,98.0,0.0,0.0,0.0,0.0,-5.61
2023-04-08 20:30:00,2023-04-08,20:30:00,98.854,98.0,0.0,0.0,0.0,0.0,-5.96
2023-04-08 21:00:00,2023-04-08,21:00:00,98.875,98.0,0.0,0.0,0.0,0.0,-4.53
2023-04-08 21:30:00,2023-04-08,21:30:00,98.896,98.0,0.0,0.0,0.0,0.0,-4.65
2023-04-08 22:00:00,2023-04-08,22:00:00,98.917,98.0,0.0,0.0,0.0,0.0,-5.76
2023-04-08 22:30:00,2023-04-08,22:30:00,98.938,98.0,0.0,0.0,0.0,0.0,-8.56
2023-04-08 23:00:00,2023-04-08,23:00:00,98.958,98.0,0.0,0.0,0.0,0.0,-8.93
2023-04-08 23:30:00,2023-04-08,23:30:00,98.979,98.0,0.0,0.0,0.0,0.0,-9.21
2023-04-09 00:00:00,2023-04-09,00:00:00,99.0,99.0,0.0,0.0,0.0,0.0,-9.5
2023-04-09 00:30:00,2023-04-09,00:30:00,99.021,99.0,0.0,0.0,0.0,0.0,-10.42
2023-04-09 01:00:00,2023-04-09,01:00:00,99.042,99.0,0.0,0.0,0.0,0.0,-10.79
2023-04-09 01:30:00,2023-04-09,01:30:00,99.062,99.0,0.0,0.0,0.0,0.0,-11.05
2023-04-09 02:00:00,2023-04-09,02:00:00,99.083,99.0,0.0,0.0,0.0,0.0,-10.71
2023-04-09 02:30:00,2023-04-09,02:30:00,99.104,99.0,0.0,0.0,0.0,0.0,-10.73
2023-04-09 03:00:00,2023-04-09,03:00:00,99.125,99.0,0.0,0.0,0.0,0.0,-11.98
2023-04-09 03:30:00,2023-04-09,03:30:00,99.146,99.0,0.0,0.0,0.0,0.0,-12.07
2023-04-09 04:00:00,2023-04-09,04:00:00,99.167,99.0,0.0,0.0,0.0,0.0,-12.38
2023-04-09 04:30:00,2023-04-09,04:30:00,99.188,99.0,0.0,0.0,0.0,0.0,-12.42
2023-04-09 05:00:00,2023-04-09,05:00:00,99.208,99.0,0.0,0.0,0.0,0.0,-12.42
2023-04-09 05:30:00,2023-04-09,05:30:00,99.229,99.0,0.0,0.0,0.0,0.0,-12.67
2023-04-09 06:00:00,2023-04-09,06:00:00,99.25,99.0,0.0,0.0,0.0,0.0,-12.43
2023-04-09 06:30:00,2023-04-09,06:30:00,99.271,99.0,0.0,0.0,0.0,0.0,-9.17
2023-04-09 07:00:00,2023-04-09,07:00:00,99.292,99.0,0.0,0.0,0.0,0.0,-4.33
2023-04-09 07:30:00,2023-04-09,07:30:00,99.312,99.0,0.0,0.0,0.0,0.0,-0.5
2023-04-09 08:00:00,2023-04-09,08:00:00,99.333,99.0,0.0,0.0,0.0,0.0,3.9
2023-04-09 08:30:00,2023-04-09,08:30:00,99.354,99.0,0.0,0.0,0.0,0.0,7.13
2023-04-09 09:00:00,2023-04-09,09:00:00,99.375,99.0,0.0,0.0,0.0,0.0,10.29
2023-04-09 09:30:00,2023-04-09,09:30:00,99.396,99.0,0.0,0.0,0.0,0.0,10.84
2023-04-09 10:00:00,2023-04-09,10:00:00,99.417,99.0,0.0,0.0,0.0,0.0,9.22
2023-04-09 10:30:00,2023-04-09,10:30:00,99.438,99.0,0.0,0.0,0.0,0.0,9.45
2023-04-09 11:00:00,2023-04-09,11:00:00,99.458,99.0,0.0,0.0,0.0,0.0,9.59
2023-04-09 11:30:00,2023-04-09,11:30:00,99.479,99.0,0.0,0.0,0.0,0.0,9.2
2023-04-09 12:00:00,2023-04-09,12:00:00,99.5,99.0,0.0,0.0,0.0,0.0,10.6
2023-04-09 12:30:00,2023-04-09,12:30:00,99.521,99.0,0.0,0.0,0.0,0.0,9.86
2023-04-09 13:00:00,2023-04-09,13:00:00,99.542,99.0,0.0,0.0,0.0,0.0,10.46
2023-04-09 13:30:00,2023-04-09,13:30:00,99.562,99.0,0.0,0.0,0.0,0.0,8.51
2023-04-09 14:00:00,2023-04-09,14:00:00,99.583,99.0,0.0,0.0,0.0,0.0,8.42
2023-04-09 14:30:00,2023-04-09,14:30:00,99.604,99.0,0.0,0.0,0.0,0.0,8.16
2023-04-09 15:00:00,2023-04-09,15:00:00,99.625,99.0,0.0,0.0,0.0,0.0,7.22
2023-04-09 15:30:00,2023-04-09,15:30:00,99.646,99.0,0.0,0.0,0.0,0.0,6.95
2023-04-09 16:00:00,2023-04-09,16:00:00,99.667,99.0,0.0,0.0,0.0,0.0,6.41
2023-04-09 16:30:00,2023-04-09,16:30:00,99.688,99.0,0.0,0.0,0.0,0.0,5.02
2023-04-09 17:00:00,2023-04-09,17:00:00,99.708,99.0,0.0,0.0,0.0,0.0,3.69
2023-04-09 17:30:00,2023-04-09,17:30:00,99.729,99.0,0.0,0.0,0.0,0.0,0.33
2023-04-09 18:00:00,2023-04-09,18:00:00,99.75,99.0,0.0,0.0,0.0,0.0,-2.35
2023-04-09 18:30:00,2023-04-09,18:30:00,99.771,99.0,0.0,0.0,0.0,0.0,-3.76
2023-04-09 19:00:00,2023-04-09,19:00:00,99.792,99.0,0.0,0.0,0.0,0.0,-4.88
2023-04-09 19:30:00,2023-04-09,19:30:00,99.812,99.0,0.0,0.0,0.0,0.0,-5.05
2023-04-09 20:00:00,2023-04-09,20:00:00,99.833,99.0,0.0,0.0,0.0,0.0,-5.64
2023-04-09 20:30:00,2023-04-09,20:30:00,99.854,99.0,0.0,0.0,0.0,0.0,-5.95
2023-04-09 21:00:00,2023-04-09,21:00:00,99.875,99.0,0.0,0.0,0.0,0.0,-6.44
2023-04-09 21:30:00,2023-04-09,21:30:00,99.896,99.0,0.0,0.0,0.0,0.0,-7.98
2023-04-09 22:00:00,2023-04-09,22:00:00,99.917,99.0,0.0,0.0,0.0,0.0,-8.92
2023-04-09 22:30:00,2023-04-09,22:30:00,99.938,99.0,0.0,0.0,0.0,0.0,-9.73
2023-04-09 23:00:00,2023-04-09,23:00:00,99.958,99.0,0.0,0.0,0.0,0.0,-9.19
2023-04-09 23:30:00,2023-04-09,23:30:00,99.979,99.0,0.0,0.0,0.0,0.0,-9.18
2023-04-10 00:00:00,2023-04-10,00:00:00,100.0,100.0,0.0,0.0,0.0,0.0,-9.52
2023-04-10 00:30:00,2023-04-10,00:30:00,100.021,100.0,0.0,0.0,0.0,0.0,-10.6
2023-04-10 01:00:00,2023-04-10,01:00:00,100.042,100.0,0.0,0.0,0.0,0.0,-11.4
2023-04-10 01:30:00,2023-04-10,01:30:00,100.062,100.0,0.0,0.0,0.0,0.0,-11.25
2023-04-10 02:00:00,2023-04-10,02:00:00,100.083,100.0,0.0,0.0,0.0,0.0,-11.92
2023-04-10 02:30:00,2023-04-10,02:30:00,100.104,100.0,0.0,0.0,0.0,0.0,-12.33
2023-04-10 03:00:00,2023-04-10,03:00:00,100.125,100.0,0.0,0.0,0.0,0.0,-12.63
2023-04-10 03:30:00,2023-04-10,03:30:00,100.146,100.0,0.0,0.0,0.0,0.0,-12.85
2023-04-10 04:00:00,2023-04-10,04:00:00,100.167,100.0,0.0,0.0,0.0,0.0,-13.03
2023-04-10 04:30:00,2023-04-10,04:30:00,100.188,100.0,0.0,0.0,0.0,0.0,-13.4
2023-04-10 05:00:00,2023-04-10,05:00:00,100.208,100.0,0.0,0.0,0.0,0.0,-13.65
2023-04-10 05:30:00,2023-04-10,05:30:00,100.229,100.0,0.0,0.0,0.0,0.0,-13.2
2023-04-10 06:00:00,2023-04-10,06:00:00,100.25,100.0,0.0,0.0,0.0,0.0,-13.2
2023-04-10 06:30:00,2023-04-10,06:30:00,100.271,100.0,0.0,0.0,0.0,0.0,-9.2
2023-04-10 07:00:00,2023-04-10,07:00:00,100.292,100.0,0.0,0.0,0.0,0.0,-4.05
2023-04-10 07:30:00,2023-04-10,07:30:00,100.312,100.0,0.0,0.0,0.0,0.0,0.43
2023-04-10 08:00:00,2023-04-10,08:00:00,100.333,100.0,0.0,0.0,0.0,0.0,5.42
2023-04-10 08:30:00,2023-04-10,08:30:00,100.354,100.0,0.0,0.0,0.0,0.0,8.67
2023-04-10 09:00:00,2023-04-10,09:00:00,100.375,100.0,0.0,0.0,0.0,0.0,11.41
2023-04-10 09:30:00,2023-04-10,09:30:00,100.396,100.0,0.0,0.0,0.0,0.0,12.13
2023-04-10 10:00:00,2023-04-10,10:00:00,100.417,100.0,0.0,0.0,0.0,0.0,13.62
2023-04-10 10:30:00,2023-04-10,10:30:00,100.438,100.0,0.0,0.0,0.0,0.0,14.39
2023-04-10 11:00:00,2023-04-10,11:00:00,100.458,100.0,0.0,0.0,0.0,0.0,15.0
2023-04-10 11:30:00,2023-04-10,11:30:00,100.479,100.0,0.0,0.0,0.0,0.0,14.65
2023-04-10 12:00:00,2023-04-10,12:00:00,100.5,100.0,0.0,0.0,0.0,0.0,15.76
2023-04-10 12:30:00,2023-04-10,12:30:00,100.521,100.0,0.0,0.0,0.0,0.0,15.71
2023-04-10 13:00:00,2023-04-10,13:00:00,100.542,100.0,0.0,0.0,0.0,0.0,16.22
2023-04-10 13:30:00,2023-04-10,13:30:00,100.562,100.0,0.0,0.0,0.0,0.0,16.71
2023-04-10 14:00:00,2023-04-10,14:00:00,100.583,100.0,0.0,0.0,0.0,0.0,16.81
2023-04-10 14:30:00,2023-04-10,14:30:00,100.604,100.0,0.0,0.0,0.0,0.0,15.88
2023-04-10 15:00:00,2023-04-10,15:00:00,100.625,100.0,0.0,0.0,0.0,0.0,15.27
2023-04-10 15:30:00,2023-04-10,15:30:00,100.646,100.0,0.0,0.0,0.0,0.0,14.65
2023-04-10 16:00:00,2023-04-10,16:00:00,100.667,100.0,0.0,0.0,0.0,0.0,12.84
2023-04-10 16:30:00,2023-04-10,16:30:00,100.688,100.0,0.0,0.0,0.0,0.0,10.49
2023-04-10 17:00:00,2023-04-10,17:00:00,100.708,100.0,0.0,0.0,0.0,0.0,7.03
2023-04-10 17:30:00,2023-04-10,17:30:00,100.729,100.0,0.0,0.0,0.0,0.0,2.06
2023-04-10 18:00:00,2023-04-10,18:00:00,100.75,100.0,0.0,0.0,0.0,0.0,-1.85
2023-04-10 18:30:00,2023-04-10,18:30:00,100.771,100.0,0.0,0.0,0.0,0.0,-2.65
2023-04-10 19:00:00,2023-04-10,19:00:00,100.792,100.0,0.0,0.0,0.0,0.0,-2.69
2023-04-10 19:30:00,2023-04-10,19:30:00,100.812,100.0,0.0,0.0,0.0,0.0,-3.62
2023-04-10 20:00:00,2023-04-10,20:00:00,100.833,100.0,0.0,0.0,0.0,0.0,-4.28
2023-04-10 20:30:00,2023-04-10,20:30:00,100.854,100.0,0.0,0.0,0.0,0.0,-5.21
2023-04-10 21:00:00,2023-04-10,21:00:00,100.875,100.0,0.0,0.0,0.0,0.0,-5.74
2023-04-10 21:30:00,2023-04-10,21:30:00,100.896,100.0,0.0,0.0,0.0,0.0,-6.77
2023-04-10 22:00:00,2023-04-10,22:00:00,100.917,100.0,0.0,0.0,0.0,0.0,-7.17
2023-04-10 22:30:00,2023-04-10,22:30:00,100.938,100.0,0.0,0.0,0.0,0.0,-7.66
2023-04-10 23:00:00,2023-04-10,23:00:00,100.958,100.0,0.0,0.0,0.0,0.0,-8.03
2023-04-10 23:30:00,2023-04-10,23:30:00,100.979,100.0,0.0,0.0,0.0,0.0,-8.42
2023-04-11 00:00:00,2023-04-11,00:00:00,101.0,101.0,0.0,0.0,0.0,0.0,-8.42
2023-04-11 00:30:00,2023-04-11,00:30:00,101.021,101.0,0.0,0.0,0.0,0.0,-9.45
2023-04-11 01:00:00,2023-04-11,01:00:00,101.042,101.0,0.0,0.0,0.0,0.0,-9.26
2023-04-11 01:30:00,2023-04-11,01:30:00,101.062,101.0,0.0,0.0,0.0,0.0,-9.62
2023-04-11 02:00:00,2023-04-11,02:00:00,101.083,101.0,0.0,0.0,0.0,0.0,-10.07
2023-04-11 02:30:00,2023-04-11,02:30:00,101.104,101.0,0.0,0.0,0.0,0.0,-10.15
2023-04-11 03:00:00,2023-04-11,03:00:00,101.125,101.0,0.0,0.0,0.0,0.0,-10.22
2023-04-11 03:30:00,2023-04-11,03:30:00,101.146,101.0,0.0,0.0,0.0,0.0,-10.32
2023-04-11 04:00:00,2023-04-11,04:00:00,101.167,101.0,0.0,0.0,0.0,0.0,-10.6
2023-04-11 04:30:00,2023-04-11,04:30:00,101.188,101.0,0.0,0.0,0.0,0.0,-10.7
2023-04-11 05:00:00,2023-04-11,05:00:00,101.208,101.0,0.0,0.0,0.0,0.0,-11.29
2023-04-11 05:30:00,2023-04-11,05:30:00,101.229,101.0,0.0,0.0,0.0,0.0,-11.0
2023-04-11 06:00:00,2023-04-11,06:00:00,101.25,101.0,0.0,0.0,0.0,0.0,-10.44
2023-04-11 06:30:00,2023-04-11,06:30:00,101.271,101.0,0.0,0.0,0.0,0.0,-6.16
2023-04-11 07:00:00,2023-04-11,07:00:00,101.292,101.0,0.0,0.0,0.0,0.0,-1.2
2023-04-11 07:30:00,2023-04-11,07:30:00,101.312,101.0,0.0,0.0,0.0,0.0,4.21
2023-04-11 08:00:00,2023-04-11,08:00:00,101.333,101.0,0.0,0.0,0.0,0.0,8.7
2023-04-11 08:30:00,2023-04-11,08:30:00,101.354,101.0,0.0,0.0,0.0,0.0,11.29
2023-04-11 09:00:00,2023-04-11,09:00:00,101.375,101.0,0.0,0.0,0.0,0.0,13.34
2023-04-11 09:30:00,2023-04-11,09:30:00,101.396,101.0,0.0,0.0,0.0,0.0,14.81
2023-04-11 10:00:00,2023-04-11,10:00:00,101.417,101.0,0.0,0.0,0.0,0.0,15.68
2023-04-11 10:30:00,2023-04-11,10:30:00,101.438,101.0,0.0,0.0,0.0,0.0,16.06
2023-04-11 11:00:00,2023-04-11,11:00:00,101.458,101.0,0.0,0.0,0.0,0.0,16.84
2023-04-11 11:30:00,2023-04-11,11:30:00,101.479,101.0,0.0,0.0,0.0,0.0,17.03
2023-04-11 12:00:00,2023-04-11,12:00:00,101.5,101.0,0.0,0.0,0.0,0.0,17.4
2023-04-11 12:30:00,2023-04-11,12:30:00,101.521,101.0,0.0,0.0,0.0,0.0,18.08
2023-04-11 13:00:00,2023-04-11,13:00:00,101.542,101.0,0.0,0.0,0.0,0.0,17.0
2023-04-11 13:30:00,2023-04-11,13:30:00,101.562,101.0,0.0,0.0,0.0,0.0,16.51
2023-04-11 14:00:00,2023-04-11,14:00:00,101.583,101.0,0.0,0.0,0.0,0.0,17.33
2023-04-11 14:30:00,2023-04-11,14:30:00,101.604,101.0,0.0,0.0,0.0,0.0,16.24
2023-04-11 15:00:00,2023-04-11,15:00:00,101.625,101.0,0.0,0.0,0.0,0.0,15.93
2023-04-11 15:30:00,2023-04-11,15:30:00,101.646,101.0,0.0,0.0,0.0,0.0,16.22
2023-04-11 16:00:00,2023-04-11,16:00:00,101.667,101.0,0.0,0.0,0.0,0.0,14.48
2023-04-11 16:30:00,2023-04-11,16:30:00,101.688,101.0,0.0,0.0,0.0,0.0,11.95
2023-04-11 17:00:00,2023-04-11,17:00:00,101.708,101.0,0.0,0.0,0.0,0.0,8.61
2023-04-11 17:30:00,2023-04-11,17:30:00,101.729,101.0,0.0,0.0,0.0,0.0,4.09
2023-04-11 18:00:00,2023-04-11,18:00:00,101.75,101.0,0.0,0.0,0.0,0.0,-0.33
2023-04-11 18:30:00,2023-04-11,18:30:00,101.771,101.0,0.0,0.0,0.0,0.0,-2.0
2023-04-11 19:00:00,2023-04-11,19:00:00,101.792,101.0,0.0,0.0,0.0,0.0,-2.7
2023-04-11 19:30:00,2023-04-11,19:30:00,101.812,101.0,0.0,0.0,0.0,0.0,-2.88
2023-04-11 20:00:00,2023-04-11,20:00:00,101.833,101.0,0.0,0.0,0.0,0.0,-3.86
2023-04-11 20:30:00,2023-04-11,20:30:00,101.854,101.0,0.0,0.0,0.0,0.0,-4.41
2023-04-11 21:00:00,2023-04-11,21:00:00,101.875,101.0,0.0,0.0,0.0,0.0,-4.76
2023-04-11 21:30:00,2023-04-11,21:30:00,101.896,101.0,0.0,0.0,0.0,0.0,-5.29
2023-04-11 22:00:00,2023-04-11,22:00:00,101.917,101.0,0.0,0.0,0.0,0.0,-5.39
2023-04-11 22:30:00,2023-04-11,22:30:00,101.938,101.0,0.0,0.0,0.0,0.0,-5.88
2023-04-11 23:00:00,2023-04-11,23:00:00,101.958,101.0,0.0,0.0,0.0,0.0,-5.0
2023-04-11 23:30:00,2023-04-11,23:30:00,101.979,101.0,0.0,0.0,0.0,0.0,-6.85
2023-04-12 00:00:00,2023-04-12,00:00:00,102.0,102.0,0.0,0.0,0.0,0.0,-7.0
2023-04-12 00:30:00,2023-04-12,00:30:00,102.021,102.0,0.0,0.0,0.0,0.0,-7.43
2023-04-12 01:00:00,2023-04-12,01:00:00,102.042,102.0,0.0,0.0,0.0,0.0,-7.75
2023-04-12 01:30:00,2023-04-12,01:30:00,102.062,102.0,0.0,0.0,0.0,0.0,-8.1
2023-04-12 02:00:00,2023-04-12,02:00:00,102.083,102.0,0.0,0.0,0.0,0.0,-8.02
2023-04-12 02:30:00,2023-04-12,02:30:00,102.104,102.0,0.0,0.0,0.0,0.0,-7.61
2023-04-12 03:00:00,2023-04-12,03:00:00,102.125,102.0,0.0,0.0,0.0,0.0,-7.84
2023-04-12 03:30:00,2023-04-12,03:30:00,102.146,102.0,0.0,0.0,0.0,0.0,-7.66
2023-04-12 04:00:00,2023-04-12,04:00:00,102.167,102.0,0.0,0.0,0.0,0.0,-6.67
2023-04-12 04:30:00,2023-04-12,04:30:00,102.188,102.0,0.0,0.0,0.0,0.0,-7.13
2023-04-12 05:00:00,2023-04-12,05:00:00,102.208,102.0,0.0,0.0,0.0,0.0,-7.86
2023-04-12 05:30:00,2023-04-12,05:30:00,102.229,102.0,0.0,0.0,0.0,0.0,-8.14
2023-04-12 06:00:00,2023-04-12,06:00:00,102.25,102.0,0.0,0.0,0.0,0.0,-7.53
2023-04-12 06:30:00,2023-04-12,06:30:00,102.271,102.0,0.0,0.0,0.0,0.0,-3.98
2023-04-12 07:00:00,2023-04-12,07:00:00,102.292,102.0,0.0,0.0,0.0,0.0,2.17
2023-04-12 07:30:00,2023-04-12,07:30:00,102.312,102.0,0.0,0.0,0.0,0.0,7.91
2023-04-12 08:00:00,2023-04-12,08:00:00,102.333,102.0,0.0,0.0,0.0,0.0,10.86
2023-04-12 08:30:00,2023-04-12,08:30:00,102.354,102.0,0.0,0.0,0.0,0.0,14.69
2023-04-12 09:00:00,2023-04-12,09:00:00,102.375,102.0,0.0,0.0,0.0,0.0,14.7
2023-04-12 09:30:00,2023-04-12,09:30:00,102.396,102.0,0.0,0.0,0.0,0.0,15.22
2023-04-12 10:00:00,2023-04-12,10:00:00,102.417,102.0,0.0,0.0,0.0,0.0,11.64
2023-04-12 10:30:00,2023-04-12,10:30:00,102.438,102.0,0.0,0.0,0.0,0.0,13.7
2023-04-12 11:00:00,2023-04-12,11:00:00,102.458,102.0,0.0,0.0,0.0,0.0,16.59
2023-04-12 11:30:00,2023-04-12,11:30:00,102.479,102.0,0.0,0.0,0.0,0.0,14.61
2023-04-12 12:00:00,2023-04-12,12:00:00,102.5,102.0,0.0,0.0,0.0,0.0,8.12
2023-04-12 12:30:00,2023-04-12,12:30:00,102.521,102.0,0.0,0.0,0.0,0.0,16.45
2023-04-12 13:00:00,2023-04-12,13:00:00,102.542,102.0,0.0,0.0,0.0,0.0,13.18
2023-04-12 13:30:00,2023-04-12,13:30:00,102.562,102.0,0.0,0.0,0.0,0.0,12.62
2023-04-12 14:00:00,2023-04-12,14:00:00,102.583,102.0,0.0,0.0,0.0,0.0,16.3
2023-04-12 14:30:00,2023-04-12,14:30:00,102.604,102.0,0.0,0.0,0.0,0.0,10.52
2023-04-12 15:00:00,2023-04-12,15:00:00,102.625,102.0,0.0,0.0,0.0,0.0,8.18
2023-04-12 15:30:00,2023-04-12,15:30:00,102.646,102.0,0.0,0.0,0.0,0.0,9.7
2023-04-12 16:00:00,2023-04-12,16:00:00,102.667,102.0,0.0,0.0,0.0,0.0,9.58
2023-04-12 16:30:00,2023-04-12,16:30:00,102.688,102.0,0.0,0.0,0.0,0.0,8.14
2023-04-12 17:00:00,2023-04-12,17:00:00,102.708,102.0,0.0,0.0,0.0,0.0,6.1
2023-04-12 17:30:00,2023-04-12,17:30:00,102.729,102.0,0.0,0.0,0.0,0.0,4.8
2023-04-12 18:00:00,2023-04-12,18:00:00,102.75,102.0,0.0,0.0,0.0,0.0,2.71
2023-04-12 18:30:00,2023-04-12,18:30:00,102.771,102.0,0.0,0.0,0.0,0.0,1.78
2023-04-12 19:00:00,2023-04-12,19:00:00,102.792,102.0,0.0,0.0,0.0,0.0,0.34
2023-04-12 19:30:00,2023-04-12,19:30:00,102.812,102.0,0.0,0.0,0.0,0.0,-0.57
2023-04-12 20:00:00,2023-04-12,20:00:00,102.833,102.0,0.0,0.0,0.0,0.0,-0.93
2023-04-12 20:30:00,2023-04-12,20:30:00,102.854,102.0,0.0,0.0,0.0,0.0,-2.19
2023-04-12 21:00:00,2023-04-12,21:00:00,102.875,102.0,0.0,0.0,0.0,0.0,-2.86
2023-04-12 21:30:00,2023-04-12,21:30:00,102.896,102.0,0.0,0.0,0.0,0.0,-3.46
2023-04-12 22:00:00,2023-04-12,22:00:00,102.917,102.0,0.0,0.0,0.0,0.0,-2.64
2023-04-12 22:30:00,2023-04-12,22:30:00,102.938,102.0,0.0,0.0,0.0,0.0,-3.22
2023-04-12 23:00:00,2023-04-12,23:00:00,102.958,102.0,0.0,0.0,0.0,0.0,-3.21
2023-04-12 23:30:00,2023-04-12,23:30:00,102.979,102.0,0.0,0.0,0.0,0.0,-2.91
2023-04-13 00:00:00,2023-04-13,00:00:00,103.0,103.0,0.0,0.0,0.0,0.0,-2.98
2023-04-13 00:30:00,2023-04-13,00:30:00,103.021,103.0,0.0,0.0,0.0,0.0,-4.65
2023-04-13 01:00:00,2023-04-13,01:00:00,103.042,103.0,0.0,0.0,0.0,0.0,-4.77
2023-04-13 01:30:00,2023-04-13,01:30:00,103.062,103.0,0.0,0.0,0.0,0.0,-5.32
2023-04-13 02:00:00,2023-04-13,02:00:00,103.083,103.0,0.0,0.0,0.0,0.0,-4.37
2023-04-13 02:30:00,2023-04-13,02:30:00,103.104,103.0,0.0,0.0,0.0,0.0,-4.41
2023-04-13 03:00:00,2023-04-13,03:00:00,103.125,103.0,0.0,0.0,0.0,0.0,-3.3
2023-04-13 03:30:00,2023-04-13,03:30:00,103.146,103.0,0.0,0.0,0.0,0.0,-2.55
2023-04-13 04:00:00,2023-04-13,04:00:00,103.167,103.0,0.0,0.0,0.0,0.0,-2.51
2023-04-13 04:30:00,2023-04-13,04:30:00,103.188,103.0,0.0,0.0,0.0,0.0,-2.74
2023-04-13 05:00:00,2023-04-13,05:00:00,103.208,103.0,0.0,0.0,0.0,0.0,-3.0
2023-04-13 05:30:00,2023-04-13,05:30:00,103.229,103.0,0.0,0.0,0.0,0.0,-3.08
2023-04-13 06:00:00,2023-04-13,06:00:00,103.25,103.0,0.0,0.0,0.0,0.0,-2.79
2023-04-13 06:30:00,2023-04-13,06:30:00,103.271,103.0,0.0,0.0,0.0,0.0,0.68
2023-04-13 07:00:00,2023-04-13,07:00:00,103.292,103.0,0.0,0.0,0.0,0.0,4.76
2023-04-13 07:30:00,2023-04-13,07:30:00,103.312,103.0,0.0,0.0,0.0,0.0,7.38
2023-04-13 08:00:00,2023-04-13,08:00:00,103.333,103.0,0.0,0.0,0.0,0.0,9.4
2023-04-13 08:30:00,2023-04-13,08:30:00,103.354,103.0,0.0,0.0,0.0,0.0,12.4
2023-04-13 09:00:00,2023-04-13,09:00:00,103.375,103.0,0.0,0.0,0.0,0.0,12.18
2023-04-13 09:30:00,2023-04-13,09:30:00,103.396,103.0,0.0,0.0,0.0,0.0,15.04
2023-04-13 10:00:00,2023-04-13,10:00:00,103.417,103.0,0.0,0.0,0.0,0.0,13.69
2023-04-13 10:30:00,2023-04-13,10:30:00,103.438,103.0,0.0,0.0,0.0,0.0,11.79
2023-04-13 11:00:00,2023-04-13,11:00:00,103.458,103.0,0.0,0.0,0.0,0.0,10.91
2023-04-13 11:30:00,2023-04-13,11:30:00,103.479,103.0,0.0,0.0,0.0,0.0,12.3
2023-04-13 12:00:00,2023-04-13,12:00:00,103.5,103.0,0.0,0.0,0.0,0.0,12.29
2023-04-13 12:30:00,2023-04-13,12:30:00,103.521,103.0,0.0,0.0,0.0,0.0,12.77
2023-04-13 13:00:00,2023-04-13,13:00:00,103.542,103.0,0.0,0.0,0.0,0.0,15.89
2023-04-13 13:30:00,2023-04-13,13:30:00,103.562,103.0,0.0,0.0,0.0,0.0,13.69
2023-04-13 14:00:00,2023-04-13,14:00:00,103.583,103.0,0.0,0.0,0.0,0.0,11.96
2023-04-13 14:30:00,2023-04-13,14:30:00,103.604,103.0,0.0,0.0,0.0,0.0,11.82
2023-04-13 15:00:00,2023-04-13,15:00:00,103.625,103.0,0.0,0.0,0.0,0.0,8.96
2023-04-13 15:30:00,2023-04-13,15:30:00,103.646,103.0,0.0,0.0,0.0,0.0,7.52
2023-04-13 16:00:00,2023-04-13,16:00:00,103.667,103.0,0.0,0.0,0.0,0.0,5.2
2023-04-13 16:30:00,2023-04-13,16:30:00,103.688,103.0,0.0,0.0,0.0,0.0,3.53
2023-04-13 17:00:00,2023-04-13,17:00:00,103.708,103.0,0.0,0.0,0.0,0.0,2.54
2023-04-13 17:30:00,2023-04-13,17:30:00,103.729,103.0,0.0,0.0,0.0,0.0,1.86
2023-04-13 18:00:00,2023-04-13,18:00:00,103.75,103.0,0.0,0.0,0.0,0.0,0.92
2023-04-13 18:30:00,2023-04-13,18:30:00,103.771,103.0,0.0,0.0,0.0,0.0,0.3
2023-04-13 19:00:00,2023-04-13,19:00:00,103.792,103.0,0.0,0.0,0.0,0.0,1.45
2023-04-13 19:30:00,2023-04-13,19:30:00,103.812,103.0,0.0,0.0,0.0,0.0,0.94
2023-04-13 20:00:00,2023-04-13,20:00:00,103.833,103.0,0.0,0.0,0.0,0.0,0.2
2023-04-13 20:30:00,2023-04-13,20:30:00,103.854,103.0,0.0,0.0,0.0,0.0,-0.39
2023-04-13 21:00:00,2023-04-13,21:00:00,103.875,103.0,0.0,0.0,0.0,0.0,-1.21
2023-04-13 21:30:00,2023-04-13,21:30:00,103.896,103.0,0.0,0.0,0.0,0.0,-2.05
2023-04-13 22:00:00,2023-04-13,22:00:00,103.917,103.0,0.0,0.0,0.0,0.0,-2.49
2023-04-13 22:30:00,2023-04-13,22:30:00,103.938,103.0,0.0,0.0,0.0,0.0,-1.98
2023-04-13 23:00:00,2023-04-13,23:00:00,103.958,103.0,0.0,0.0,0.0,0.0,-1.55
2023-04-13 23:30:00,2023-04-13,23:30:00,103.979,103.0,0.0,0.0,0.0,0.0,-1.45
2023-04-14 00:00:00,2023-04-14,00:00:00,104.0,104.0,0.0,0.0,0.0,0.0,-1.41
2023-04-14 00:30:00,2023-04-14,00:30:00,104.021,104.0,0.0,0.0,0.0,0.0,-1.18
2023-04-14 01:00:00,2023-04-14,01:00:00,104.042,104.0,0.0,0.0,0.0,0.0,-1.47
2023-04-14 01:30:00,2023-04-14,01:30:00,104.062,104.0,0.0,0.0,0.0,0.0,-1.45
2023-04-14 02:00:00,2023-04-14,02:00:00,104.083,104.0,0.0,0.0,0.0,0.0,-1.32
2023-04-14 02:30:00,2023-04-14,02:30:00,104.104,104.0,0.0,0.0,0.0,0.0,-1.5
2023-04-14 03:00:00,2023-04-14,03:00:00,104.125,104.0,0.0,0.0,0.0,0.0,-1.64
2023-04-14 03:30:00,2023-04-14,03:30:00,104.146,104.0,0.0,0.0,0.0,0.0,-1.98
2023-04-14 04:00:00,2023-04-14,04:00:00,104.167,104.0,0.0,0.0,0.0,0.0,-2.22
2023-04-14 04:30:00,2023-04-14,04:30:00,104.188,104.0,0.0,0.0,0.0,0.0,-2.31
2023-04-14 05:00:00,2023-04-14,05:00:00,104.208,104.0,0.0,0.0,0.0,0.0,-2.59
2023-04-14 05:30:00,2023-04-14,05:30:00,104.229,104.0,0.0,0.0,0.0,0.0,-2.83
2023-04-14 06:00:00,2023-04-14,06:00:00,104.25,104.0,0.0,0.0,0.0,0.0,-2.16
2023-04-14 06:30:00,2023-04-14,06:30:00,104.271,104.0,0.0,0.0,0.0,0.0,-1.43
2023-04-14 07:00:00,2023-04-14,07:00:00,104.292,104.0,0.0,0.0,0.0,0.0,-0.41
2023-04-14 07:30:00,2023-04-14,07:30:00,104.312,104.0,0.0,0.0,0.0,0.0,1.28
2023-04-14 08:00:00,2023-04-14,08:00:00,104.333,104.0,0.0,0.0,0.0,0.0,5.06
2023-04-14 08:30:00,2023-04-14,08:30:00,104.354,104.0,0.0,0.0,0.0,0.0,3.31
2023-04-14 09:00:00,2023-04-14,09:00:00,104.375,104.0,0.0,0.0,0.0,0.0,4.54
2023-04-14 09:30:00,2023-04-14,09:30:00,104.396,104.0,0.0,0.0,0.0,0.0,7.25
2023-04-14 10:00:00,2023-04-14,10:00:00,104.417,104.0,0.0,0.0,0.0,0.0,5.88
2023-04-14 10:30:00,2023-04-14,10:30:00,104.438,104.0,0.0,0.0,0.0,0.0,4.29
2023-04-14 11:00:00,2023-04-14,11:00:00,104.458,104.0,0.4,0.41,0.38,0.41,0.11
2023-04-14 11:30:00,2023-04-14,11:30:00,104.479,104.0,0.0,0.0,0.0,0.0,4.89
2023-04-14 12:00:00,2023-04-14,12:00:00,104.5,104.0,0.0,0.0,0.0,0.0,9.89
2023-04-14 12:30:00,2023-04-14,12:30:00,104.521,104.0,0.0,0.0,0.0,0.0,8.01
2023-04-14 13:00:00,2023-04-14,13:00:00,104.542,104.0,0.0,0.0,0.0,0.0,9.75
2023-04-14 13:30:00,2023-04-14,13:30:00,104.562,104.0,0.0,0.0,0.0,0.0,6.71
2023-04-14 14:00:00,2023-04-14,14:00:00,104.583,104.0,0.0,0.0,0.0,0.0,3.22
2023-04-14 14:30:00,2023-04-14,14:30:00,104.604,104.0,0.6,0.62,0.58,0.61,0.8
2023-04-14 15:00:00,2023-04-14,15:00:00,104.625,104.0,0.48,0.49,0.46,0.49,1.32
2023-04-14 15:30:00,2023-04-14,15:30:00,104.646,104.0,0.0,0.0,0.0,0.0,2.11
2023-04-14 16:00:00,2023-04-14,16:00:00,104.667,104.0,0.0,0.0,0.0,0.0,1.39
2023-04-14 16:30:00,2023-04-14,16:30:00,104.688,104.0,0.0,0.0,0.0,0.0,3.14
2023-04-14 17:00:00,2023-04-14,17:00:00,104.708,104.0,0.0,0.0,0.0,0.0,0.95
2023-04-14 17:30:00,2023-04-14,17:30:00,104.729,104.0,0.0,0.0,0.0,0.0,-1.92
2023-04-14 18:00:00,2023-04-14,18:00:00,104.75,104.0,0.0,0.0,0.0,0.0,-2.81
2023-04-14 18:30:00,2023-04-14,18:30:00,104.771,104.0,1.31,1.33,1.28,1.31,-3.49
2023-04-14 19:00:00,2023-04-14,19:00:00,104.792,104.0,0.53,0.54,0.52,0.53,-4.2
2023-04-14 19:30:00,2023-04-14,19:30:00,104.812,104.0,0.0,0.0,0.0,0.0,-5.5
2023-04-14 20:00:00,2023-04-14,20:00:00,104.833,104.0,0.0,0.0,0.0,0.0,-5.94
2023-04-14 20:30:00,2023-04-14,20:30:00,104.854,104.0,0.0,0.0,0.0,0.0,-5.77
2023-04-14 21:00:00,2023-04-14,21:00:00,104.875,104.0,0.0,0.0,0.0,0.0,-6.46
2023-04-14 21:30:00,2023-04-14,21:30:00,104.896,104.0,0.0,0.0,0.0,0.0,-5.6
2023-04-14 22:00:00,2023-04-14,22:00:00,104.917,104.0,0.36,0.36,0.35,0.36,-5.32
2023-04-14 22:30:00,2023-04-14,22:30:00,104.938,104.0,0.94,0.96,0.92,0.94,-5.26
2023-04-14 23:00:00,2023-04-14,23:00:00,104.958,104.0,1.55,1.56,1.54,1.54,-5.58
2023-04-14 23:30:00,2023-04-14,23:30:00,104.979,104.0,0.6,0.6,0.59,0.6,-5.79
2023-04-15 00:00:00,2023-04-15,00:00:00,105.0,105.0,0.51,0.52,0.5,0.51,-5.81
2023-04-15 00:30:00,2023-04-15,00:30:00,105.021,105.0,0.47,0.5,0.5,0.41,-6.23
2023-04-15 01:00:00,2023-04-15,01:00:00,105.042,105.0,1.76,1.88,1.83,1.56,-6.59
2023-04-15 01:30:00,2023-04-15,01:30:00,105.062,105.0,0.15,0.24,0.0,0.2,-6.89
2023-04-15 02:00:00,2023-04-15,02:00:00,105.083,105.0,0.39,0.41,0.42,0.34,-7.9
2023-04-15 02:30:00,2023-04-15,02:30:00,105.104,105.0,0.0,0.0,0.0,0.0,-8.72
2023-04-15 03:00:00,2023-04-15,03:00:00,105.125,105.0,0.38,0.4,0.4,0.33,-8.88
2023-04-15 03:30:00,2023-04-15,03:30:00,105.146,105.0,0.0,0.0,0.0,0.0,-10.26
2023-04-15 04:00:00,2023-04-15,04:00:00,105.167,105.0,0.0,0.0,0.0,0.0,-11.68
2023-04-15 04:30:00,2023-04-15,04:30:00,105.188,105.0,0.0,0.0,0.0,0.0,-12.24
2023-04-15 05:00:00,2023-04-15,05:00:00,105.208,105.0,0.0,0.0,0.0,0.0,-12.41
2023-04-15 05:30:00,2023-04-15,05:30:00,105.229,105.0,0.0,0.0,0.0,0.0,-11.04
2023-04-15 06:00:00,2023-04-15,06:00:00,105.25,105.0,0.0,0.0,0.0,0.0,-9.18
2023-04-15 06:30:00,2023-04-15,06:30:00,105.271,105.0,0.0,0.0,0.0,0.0,-6.13
2023-04-15 07:00:00,2023-04-15,07:00:00,105.292,105.0,0.0,0.0,0.0,0.0,-5.76
2023-04-15 07:30:00,2023-04-15,07:30:00,105.312,105.0,0.0,0.0,0.0,0.0,-2.25
2023-04-15 08:00:00,2023-04-15,08:00:00,105.333,105.0,0.0,0.0,0.0,0.0,-1.14
2023-04-15 08:30:00,2023-04-15,08:30:00,105.354,105.0,0.0,0.0,0.0,0.0,-1.15
2023-04-15 09:00:00,2023-04-15,09:00:00,105.375,105.0,0.0,0.0,0.0,0.0,1.76
2023-04-15 09:30:00,2023-04-15,09:30:00,105.396,105.0,0.0,0.0,0.0,0.0,4.96
2023-04-15 10:00:00,2023-04-15,10:00:00,105.417,105.0,0.0,0.0,0.0,0.0,5.75
2023-04-15 10:30:00,2023-04-15,10:30:00,105.438,105.0,0.0,0.0,0.0,0.0,5.78
2023-04-15 11:00:00,2023-04-15,11:00:00,105.458,105.0,0.28,0.29,0.31,0.24,3.21
2023-04-15 11:30:00,2023-04-15,11:30:00,105.479,105.0,0.53,0.55,0.58,0.46,1.59
2023-04-15 12:00:00,2023-04-15,12:00:00,105.5,105.0,0.52,0.54,0.57,0.45,0.68
2023-04-15 12:30:00,2023-04-15,12:30:00,105.521,105.0,0.98,1.05,1.02,0.87,-0.48
2023-04-15 13:00:00,2023-04-15,13:00:00,105.542,105.0,0.77,0.82,0.82,0.68,0.37
2023-04-15 13:30:00,2023-04-15,13:30:00,105.562,105.0,0.96,1.02,1.02,0.84,0.09
2023-04-15 14:00:00,2023-04-15,14:00:00,105.583,105.0,0.25,0.25,0.28,0.21,0.96
2023-04-15 14:30:00,2023-04-15,14:30:00,105.604,105.0,0.0,0.0,0.0,0.0,1.92
2023-04-15 15:00:00,2023-04-15,15:00:00,105.625,105.0,0.0,0.0,0.0,0.0,2.72
2023-04-15 15:30:00,2023-04-15,15:30:00,105.646,105.0,0.0,0.0,0.0,0.0,3.6
2023-04-15 16:00:00,2023-04-15,16:00:00,105.667,105.0,0.0,0.0,0.0,0.0,1.71
2023-04-15 16:30:00,2023-04-15,16:30:00,105.688,105.0,0.0,0.0,0.0,0.0,0.07
2023-04-15 17:00:00,2023-04-15,17:00:00,105.708,105.0,0.0,0.0,0.0,0.0,-1.43
2023-04-15 17:30:00,2023-04-15,17:30:00,105.729,105.0,0.0,0.0,0.0,0.0,-4.16
2023-04-15 18:00:00,2023-04-15,18:00:00,105.75,105.0,0.0,0.0,0.0,0.0,-7.79
2023-04-15 18:30:00,2023-04-15,18:30:00,105.771,105.0,0.0,0.0,0.0,0.0,-10.37
2023-04-15 19:00:00,2023-04-15,19:00:00,105.792,105.0,0.0,0.0,0.0,0.0,-11.61
2023-04-15 19:30:00,2023-04-15,19:30:00,105.812,105.0,0.0,0.0,0.0,0.0,-12.08
2023-04-15 20:00:00,2023-04-15,20:00:00,105.833,105.0,0.0,0.0,0.0,0.0,-12.27
2023-04-15 20:30:00,2023-04-15,20:30:00,105.854,105.0,0.0,0.0,0.0,0.0,-12.83
2023-04-15 21:00:00,2023-04-15,21:00:00,105.875,105.0,0.0,0.0,0.0,0.0,-13.47
2023-04-15 21:30:00,2023-04-15,21:30:00,105.896,105.0,0.0,0.0,0.0,0.0,-14.65
2023-04-15 22:00:00,2023-04-15,22:00:00,105.917,105.0,0.0,0.0,0.0,0.0,-15.47
2023-04-15 22:30:00,2023-04-15,22:30:00,105.938,105.0,0.0,0.0,0.0,0.0,-16.42
2023-04-15 23:00:00,2023-04-15,23:00:00,105.958,105.0,0.0,0.0,0.0,0.0,-16.56
2023-04-15 23:30:00,2023-04-15,23:30:00,105.979,105.0,0.0,0.0,0.0,0.0,-16.7
2023-04-16 00:00:00,2023-04-16,00:00:00,106.0,106.0,0.0,0.0,0.0,0.0,-16.91
2023-04-16 00:30:00,2023-04-16,00:30:00,106.021,106.0,0.0,0.0,0.0,0.0,-16.85
2023-04-16 01:00:00,2023-04-16,01:00:00,106.042,106.0,0.0,0.0,0.0,0.0,-17.91
2023-04-16 01:30:00,2023-04-16,01:30:00,106.062,106.0,0.0,0.0,0.0,0.0,-18.22
2023-04-16 02:00:00,2023-04-16,02:00:00,106.083,106.0,0.0,0.0,0.0,0.0,-17.7
2023-04-16 02:30:00,2023-04-16,02:30:00,106.104,106.0,0.0,0.0,0.0,0.0,-18.08
2023-04-16 03:00:00,2023-04-16,03:00:00,106.125,106.0,0.0,0.0,0.0,0.0,-18.8
2023-04-16 03:30:00,2023-04-16,03:30:00,106.146,106.0,0.0,0.0,0.0,0.0,-18.73
2023-04-16 04:00:00,2023-04-16,04:00:00,106.167,106.0,0.0,0.0,0.0,0.0,-18.67
2023-04-16 04:30:00,2023-04-16,04:30:00,106.188,106.0,0.0,0.0,0.0,0.0,-19.14
2023-04-16 05:00:00,2023-04-16,05:00:00,106.208,106.0,0.0,0.0,0.0,0.0,-19.21
2023-04-16 05:30:00,2023-04-16,05:30:00,106.229,106.0,0.0,0.0,0.0,0.0,-18.42
2023-04-16 06:00:00,2023-04-16,06:00:00,106.25,106.0,0.0,0.0,0.0,0.0,-17.62
2023-04-16 06:30:00,2023-04-16,06:30:00,106.271,106.0,0.0,0.0,0.0,0.0,-13.17
2023-04-16 07:00:00,2023-04-16,07:00:00,106.292,106.0,0.0,0.0,0.0,0.0,-6.18
2023-04-16 07:30:00,2023-04-16,07:30:00,106.312,106.0,0.0,0.0,0.0,0.0,-0.16
2023-04-16 08:00:00,2023-04-16,08:00:00,106.333,106.0,0.0,0.0,0.0,0.0,4.73
2023-04-16 08:30:00,2023-04-16,08:30:00,106.354,106.0,0.0,0.0,0.0,0.0,8.29
2023-04-16 09:00:00,2023-04-16,09:00:00,106.375,106.0,0.0,0.0,0.0,0.0,9.03
2023-04-16 09:30:00,2023-04-16,09:30:00,106.396,106.0,0.0,0.0,0.0,0.0,10.24
2023-04-16 10:00:00,2023-04-16,10:00:00,106.417,106.0,0.0,0.0,0.0,0.0,12.3
2023-04-16 10:30:00,2023-04-16,10:30:00,106.438,106.0,0.0,0.0,0.0,0.0,12.84
2023-04-16 11:00:00,2023-04-16,11:00:00,106.458,106.0,0.0,0.0,0.0,0.0,12.26
2023-04-16 11:30:00,2023-04-16,11:30:00,106.479,106.0,0.0,0.0,0.0,0.0,12.89
2023-04-16 12:00:00,2023-04-16,12:00:00,106.5,106.0,0.0,0.0,0.0,0.0,13.67
2023-04-16 12:30:00,2023-04-16,12:30:00,106.521,106.0,0.0,0.0,0.0,0.0,13.61
2023-04-16 13:00:00,2023-04-16,13:00:00,106.542,106.0,0.0,0.0,0.0,0.0,14.08
2023-04-16 13:30:00,2023-04-16,13:30:00,106.562,106.0,0.0,0.0,0.0,0.0,15.41
2023-04-16 14:00:00,2023-04-16,14:00:00,106.583,106.0,0.0,0.0,0.0,0.0,15.4
2023-04-16 14:30:00,2023-04-16,14:30:00,106.604,106.0,0.0,0.0,0.0,0.0,15.58
2023-04-16 15:00:00,2023-04-16,15:00:00,106.625,106.0,0.0,0.0,0.0,0.0,12.7
2023-04-16 15:30:00,2023-04-16,15:30:00,106.646,106.0,0.0,0.0,0.0,0.0,11.13
2023-04-16 16:00:00,2023-04-16,16:00:00,106.667,106.0,0.0,0.0,0.0,0.0,10.2
2023-04-16 16:30:00,2023-04-16,16:30:00,106.688,106.0,0.0,0.0,0.0,0.0,9.28
2023-04-16 17:00:00,2023-04-16,17:00:00,106.708,106.0,0.0,0.0,0.0,0.0,5.91
2023-04-16 17:30:00,2023-04-16,17:30:00,106.729,106.0,0.0,0.0,0.0,0.0,1.59
2023-04-16 18:00:00,2023-04-16,18:00:00,106.75,106.0,0.0,0.0,0.0,0.0,-2.83
2023-04-16 18:30:00,2023-04-16,18:30:00,106.771,106.0,0.0,0.0,0.0,0.0,-4.18
2023-04-16 19:00:00,2023-04-16,19:00:00,106.792,106.0,0.0,0.0,0.0,0.0,-5.23
2023-04-16 19:30:00,2023-04-16,19:30:00,106.812,106.0,0.0,0.0,0.0,0.0,-5.8
2023-04-16 20:00:00,2023-04-16,20:00:00,106.833,106.0,0.0,0.0,0.0,0.0,-6.3
2023-04-16 20:30:00,2023-04-16,20:30:00,106.854,106.0,0.0,0.0,0.0,0.0,-7.06
2023-04-16 21:00:00,2023-04-16,21:00:00,106.875,106.0,0.0,0.0,0.0,0.0,-7.42
2023-04-16 21:30:00,2023-04-16,21:30:00,106.896,106.0,0.0,0.0,0.0,0.0,-7.68
2023-04-16 22:00:00,2023-04-16,22:00:00,106.917,106.0,0.0,0.0,0.0,0.0,-8.72
2023-04-16 22:30:00,2023-04-16,22:30:00,106.938,106.0,0.0,0.0,0.0,0.0,-9.51
2023-04-16 23:00:00,2023-04-16,23:00:00,106.958,106.0,0.0,0.0,0.0,0.0,-9.77
2023-04-16 23:30:00,2023-04-16,23:30:00,106.979,106.0,0.0,0.0,0.0,0.0,-10.39
2023-04-17 00:00:00,2023-04-17,00:00:00,107.0,107.0,0.0,0.0,0.0,0.0,-10.41
2023-04-17 00:30:00,2023-04-17,00:30:00,107.021,107.0,0.0,0.0,0.0,0.0,-10.99
2023-04-17 01:00:00,2023-04-17,01:00:00,107.042,107.0,0.0,0.0,0.0,0.0,-11.27
2023-04-17 01:30:00,2023-04-17,01:30:00,107.062,107.0,0.0,0.0,0.0,0.0,-11.64
2023-04-17 02:00:00,2023-04-17,02:00:00,107.083,107.0,0.0,0.0,0.0,0.0,-11.73
2023-04-17 02:30:00,2023-04-17,02:30:00,107.104,107.0,0.0,0.0,0.0,0.0,-12.1
2023-04-17 03:00:00,2023-04-17,03:00:00,107.125,107.0,0.0,0.0,0.0,0.0,-12.3
2023-04-17 03:30:00,2023-04-17,03:30:00,107.146,107.0,0.0,0.0,0.0,0.0,-12.7
2023-04-17 04:00:00,2023-04-17,04:00:00,107.167,107.0,0.0,0.0,0.0,0.0,-12.93
2023-04-17 04:30:00,2023-04-17,04:30:00,107.188,107.0,0.0,0.0,0.0,0.0,-13.22
2023-04-17 05:00:00,2023-04-17,05:00:00,107.208,107.0,0.0,0.0,0.0,0.0,-13.34
2023-04-17 05:30:00,2023-04-17,05:30:00,107.229,107.0,0.0,0.0,0.0,0.0,-13.4
2023-04-17 06:00:00,2023-04-17,06:00:00,107.25,107.0,0.0,0.0,0.0,0.0,-12.35
2023-04-17 06:30:00,2023-04-17,06:30:00,107.271,107.0,0.0,0.0,0.0,0.0,-8.42
2023-04-17 07:00:00,2023-04-17,07:00:00,107.292,107.0,0.0,0.0,0.0,0.0,-2.85
2023-04-17 07:30:00,2023-04-17,07:30:00,107.312,107.0,0.0,0.0,0.0,0.0,3.04
2023-04-17 08:00:00,2023-04-17,08:00:00,107.333,107.0,0.0,0.0,0.0,0.0,7.85
2023-04-17 08:30:00,2023-04-17,08:30:00,107.354,107.0,0.0,0.0,0.0,0.0,10.75
2023-04-17 09:00:00,2023-04-17,09:00:00,107.375,107.0,0.0,0.0,0.0,0.0,12.96
2023-04-17 09:30:00,2023-04-17,09:30:00,107.396,107.0,0.0,0.0,0.0,0.0,14.89
2023-04-17 10:00:00,2023-04-17,10:00:00,107.417,107.0,0.0,0.0,0.0,0.0,15.15
2023-04-17 10:30:00,2023-04-17,10:30:00,107.438,107.0,0.0,0.0,0.0,0.0,15.49
2023-04-17 11:00:00,2023-04-17,11:00:00,107.458,107.0,0.0,0.0,0.0,0.0,16.25
2023-04-17 11:30:00,2023-04-17,11:30:00,107.479,107.0,0.0,0.0,0.0,0.0,16.41
2023-04-17 12:00:00,2023-04-17,12:00:00,107.5,107.0,0.0,0.0,0.0,0.0,17.08
2023-04-17 12:30:00,2023-04-17,12:30:00,107.521,107.0,0.0,0.0,0.0,0.0,17.97
2023-04-17 13:00:00,2023-04-17,13:00:00,107.542,107.0,0.0,0.0,0.0,0.0,17.74
2023-04-17 13:30:00,2023-04-17,13:30:00,107.562,107.0,0.0,0.0,0.0,0.0,17.82
2023-04-17 14:00:00,2023-04-17,14:00:00,107.583,107.0,0.0,0.0,0.0,0.0,17.57
2023-04-17 14:30:00,2023-04-17,14:30:00,107.604,107.0,0.0,0.0,0.0,0.0,15.44
2023-04-17 15:00:00,2023-04-17,15:00:00,107.625,107.0,0.0,0.0,0.0,0.0,14.28
2023-04-17 15:30:00,2023-04-17,15:30:00,107.646,107.0,0.0,0.0,0.0,0.0,14.23
2023-04-17 16:00:00,2023-04-17,16:00:00,107.667,107.0,0.0,0.0,0.0,0.0,14.36
2023-04-17 16:30:00,2023-04-17,16:30:00,107.688,107.0,0.0,0.0,0.0,0.0,10.58
2023-04-17 17:00:00,2023-04-17,17:00:00,107.708,107.0,0.0,0.0,0.0,0.0,8.42
2023-04-17 17:30:00,2023-04-17,17:30:00,107.729,107.0,0.0,0.0,0.0,0.0,3.87
2023-04-17 18:00:00,2023-04-17,18:00:00,107.75,107.0,0.0,0.0,0.0,0.0,0.04
2023-04-17 18:30:00,2023-04-17,18:30:00,107.771,107.0,0.0,0.0,0.0,0.0,-1.35
2023-04-17 19:00:00,2023-04-17,19:00:00,107.792,107.0,0.0,0.0,0.0,0.0,-1.63
2023-04-17 19:30:00,2023-04-17,19:30:00,107.812,107.0,0.0,0.0,0.0,0.0,-2.81
2023-04-17 20:00:00,2023-04-17,20:00:00,107.833,107.0,0.0,0.0,0.0,0.0,-3.44
2023-04-17 20:30:00,2023-04-17,20:30:00,107.854,107.0,0.0,0.0,0.0,0.0,-3.58
2023-04-17 21:00:00,2023-04-17,21:00:00,107.875,107.0,0.0,0.0,0.0,0.0,-3.4
2023-04-17 21:30:00,2023-04-17,21:30:00,107.896,107.0,0.0,0.0,0.0,0.0,-5.03
2023-04-17 22:00:00,2023-04-17,22:00:00,107.917,107.0,0.0,0.0,0.0,0.0,-6.11
2023-04-17 22:30:00,2023-04-17,22:30:00,107.938,107.0,0.0,0.0,0.0,0.0,-7.11
2023-04-17 23:00:00,2023-04-17,23:00:00,107.958,107.0,0.0,0.0,0.0,0.0,-8.01
2023-04-17 23:30:00,2023-04-17,23:30:00,107.979,107.0,0.0,0.0,0.0,0.0,-8.22
2023-04-18 00:00:00,2023-04-18,00:00:00,108.0,108.0,0.0,0.0,0.0,0.0,-7.98
2023-04-18 00:30:00,2023-04-18,00:30:00,108.021,108.0,0.0,0.0,0.0,0.0,-7.36
2023-04-18 01:00:00,2023-04-18,01:00:00,108.042,108.0,0.0,0.0,0.0,0.0,-6.93
2023-04-18 01:30:00,2023-04-18,01:30:00,108.062,108.0,0.0,0.0,0.0,0.0,-8.03
2023-04-18 02:00:00,2023-04-18,02:00:00,108.083,108.0,0.0,0.0,0.0,0.0,-7.97
2023-04-18 02:30:00,2023-04-18,02:30:00,108.104,108.0,0.0,0.0,0.0,0.0,-7.94
2023-04-18 03:00:00,2023-04-18,03:00:00,108.125,108.0,0.0,0.0,0.0,0.0,-8.25
2023-04-18 03:30:00,2023-04-18,03:30:00,108.146,108.0,0.0,0.0,0.0,0.0,-8.26
2023-04-18 04:00:00,2023-04-18,04:00:00,108.167,108.0,0.0,0.0,0.0,0.0,-8.28
2023-04-18 04:30:00,2023-04-18,04:30:00,108.188,108.0,0.0,0.0,0.0,0.0,-8.48
2023-04-18 05:00:00,2023-04-18,05:00:00,108.208,108.0,0.0,0.0,0.0,0.0,-7.29
2023-04-18 05:30:00,2023-04-18,05:30:00,108.229,108.0,0.0,0.0,0.0,0.0,-5.89
2023-04-18 06:00:00,2023-04-18,06:00:00,108.25,108.0,0.0,0.0,0.0,0.0,-2.58
2023-04-18 06:30:00,2023-04-18,06:30:00,108.271,108.0,0.0,0.0,0.0,0.0,0.77
2023-04-18 07:00:00,2023-04-18,07:00:00,108.292,108.0,0.0,0.0,0.0,0.0,4.93
2023-04-18 07:30:00,2023-04-18,07:30:00,108.312,108.0,0.0,0.0,0.0,0.0,8.25
2023-04-18 08:00:00,2023-04-18,08:00:00,108.333,108.0,0.0,0.0,0.0,0.0,5.97
2023-04-18 08:30:00,2023-04-18,08:30:00,108.354,108.0,0.0,0.0,0.0,0.0,4.32
2023-04-18 09:00:00,2023-04-18,09:00:00,108.375,108.0,0.0,0.0,0.0,0.0,4.24
2023-04-18 09:30:00,2023-04-18,09:30:00,108.396,108.0,0.0,0.0,0.0,0.0,3.75
2023-04-18 10:00:00,2023-04-18,10:00:00,108.417,108.0,0.0,0.0,0.0,0.0,3.98
2023-04-18 10:30:00,2023-04-18,10:30:00,108.438,108.0,0.0,0.0,0.0,0.0,6.07
2023-04-18 11:00:00,2023-04-18,11:00:00,108.458,108.0,0.0,0.0,0.0,0.0,9.86
2023-04-18 11:30:00,2023-04-18,11:30:00,108.479,108.0,0.0,0.0,0.0,0.0,11.4
2023-04-18 12:00:00,2023-04-18,12:00:00,108.5,108.0,0.0,0.0,0.0,0.0,14.32
2023-04-18 12:30:00,2023-04-18,12:30:00,108.521,108.0,0.0,0.0,0.0,0.0,13.61
2023-04-18 13:00:00,2023-04-18,13:00:00,108.542,108.0,0.0,0.0,0.0,0.0,13.41
2023-04-18 13:30:00,2023-04-18,13:30:00,108.562,108.0,0.0,0.0,0.0,0.0,9.32
2023-04-18 14:00:00,2023-04-18,14:00:00,108.583,108.0,0.0,0.0,0.0,0.0,9.42
2023-04-18 14:30:00,2023-04-18,14:30:00,108.604,108.0,0.0,0.0,0.0,0.0,11.02
2023-04-18 15:00:00,2023-04-18,15:00:00,108.625,108.0,0.0,0.0,0.0,0.0,7.82
2023-04-18 15:30:00,2023-04-18,15:30:00,108.646,108.0,0.0,0.0,0.0,0.0,6.35
2023-04-18 16:00:00,2023-04-18,16:00:00,108.667,108.0,0.0,0.0,0.0,0.0,5.66
2023-04-18 16:30:00,2023-04-18,16:30:00,108.688,108.0,0.0,0.0,0.0,0.0,5.84
2023-04-18 17:00:00,2023-04-18,17:00:00,108.708,108.0,0.0,0.0,0.0,0.0,4.74
2023-04-18 17:30:00,2023-04-18,17:30:00,108.729,108.0,0.0,0.0,0.0,0.0,3.52
2023-04-18 18:00:00,2023-04-18,18:00:00,108.75,108.0,0.0,0.0,0.0,0.0,3.35
2023-04-18 18:30:00,2023-04-18,18:30:00,108.771,108.0,0.0,0.0,0.0,0.0,2.05
2023-04-18 19:00:00,2023-04-18,19:00:00,108.792,108.0,0.0,0.0,0.0,0.0,1.3
2023-04-18 19:30:00,2023-04-18,19:30:00,108.812,108.0,0.0,0.0,0.0,0.0,1.58
2023-04-18 20:00:00,2023-04-18,20:00:00,108.833,108.0,0.0,0.0,0.0,0.0,1.99
2023-04-18 20:30:00,2023-04-18,20:30:00,108.854,108.0,0.0,0.0,0.0,0.0,1.8
2023-04-18 21:00:00,2023-04-18,21:00:00,108.875,108.0,0.0,0.0,0.0,0.0,1.05
2023-04-18 21:30:00,2023-04-18,21:30:00,108.896,108.0,0.0,0.0,0.0,0.0,0.62
2023-04-18 22:00:00,2023-04-18,22:00:00,108.917,108.0,0.0,0.0,0.0,0.0,1.13
2023-04-18 22:30:00,2023-04-18,22:30:00,108.938,108.0,0.0,0.0,0.0,0.0,0.41
2023-04-18 23:00:00,2023-04-18,23:00:00,108.958,108.0,0.0,0.0,0.0,0.0,0.18
2023-04-18 23:30:00,2023-04-18,23:30:00,108.979,108.0,0.0,0.0,0.0,0.0,-0.23
2023-04-19 00:00:00,2023-04-19,00:00:00,109.0,109.0,0.0,0.0,0.0,0.0,-0.27
2023-04-19 00:30:00,2023-04-19,00:30:00,109.021,109.0,0.0,0.0,0.0,0.0,-0.17
2023-04-19 01:00:00,2023-04-19,01:00:00,109.042,109.0,0.0,0.0,0.0,0.0,-0.43
2023-04-19 01:30:00,2023-04-19,01:30:00,109.062,109.0,0.0,0.0,0.0,0.0,-0.63
2023-04-19 02:00:00,2023-04-19,02:00:00,109.083,109.0,0.0,0.0,0.0,0.0,-0.82
2023-04-19 02:30:00,2023-04-19,02:30:00,109.104,109.0,0.0,0.0,0.0,0.0,-1.31
2023-04-19 03:00:00,2023-04-19,03:00:00,109.125,109.0,0.0,0.0,0.0,0.0,-1.79
2023-04-19 03:30:00,2023-04-19,03:30:00,109.146,109.0,0.0,0.0,0.0,0.0,-1.79
2023-04-19 04:00:00,2023-04-19,04:00:00,109.167,109.0,0.0,0.0,0.0,0.0,-1.91
2023-04-19 04:30:00,2023-04-19,04:30:00,109.188,109.0,0.0,0.0,0.0,0.0,-2.73
2023-04-19 05:00:00,2023-04-19,05:00:00,109.208,109.0,0.0,0.0,0.0,0.0,-2.5
2023-04-19 05:30:00,2023-04-19,05:30:00,109.229,109.0,0.0,0.0,0.0,0.0,-2.31
2023-04-19 06:00:00,2023-04-19,06:00:00,109.25,109.0,0.0,0.0,0.0,0.0,-1.79
2023-04-19 06:30:00,2023-04-19,06:30:00,109.271,109.0,0.0,0.0,0.0,0.0,-0.96
2023-04-19 07:00:00,2023-04-19,07:00:00,109.292,109.0,0.0,0.0,0.0,0.0,-0.41
2023-04-19 07:30:00,2023-04-19,07:30:00,109.312,109.0,0.0,0.0,0.0,0.0,0.19
2023-04-19 08:00:00,2023-04-19,08:00:00,109.333,109.0,0.0,0.0,0.0,0.0,0.63
2023-04-19 08:30:00,2023-04-19,08:30:00,109.354,109.0,0.0,0.0,0.0,0.0,0.44
2023-04-19 09:00:00,2023-04-19,09:00:00,109.375,109.0,0.0,0.0,0.0,0.0,0.68
2023-04-19 09:30:00,2023-04-19,09:30:00,109.396,109.0,0.0,0.0,0.0,0.0,0.13
2023-04-19 10:00:00,2023-04-19,10:00:00,109.417,109.0,0.0,0.0,0.0,0.0,-0.41
2023-04-19 10:30:00,2023-04-19,10:30:00,109.438,109.0,0.7,0.81,0.77,0.54,-0.62
2023-04-19 11:00:00,2023-04-19,11:00:00,109.458,109.0,0.85,0.96,0.94,0.64,0.15
2023-04-19 11:30:00,2023-04-19,11:30:00,109.479,109.0,0.0,0.0,0.0,0.0,1.68
2023-04-19 12:00:00,2023-04-19,12:00:00,109.5,109.0,0.0,0.0,0.0,0.0,7.11
2023-04-19 12:30:00,2023-04-19,12:30:00,109.521,109.0,0.0,0.0,0.0,0.0,6.72
2023-04-19 13:00:00,2023-04-19,13:00:00,109.542,109.0,0.0,0.0,0.0,0.0,4.92
2023-04-19 13:30:00,2023-04-19,13:30:00,109.562,109.0,0.0,0.0,0.0,0.0,2.0
2023-04-19 14:00:00,2023-04-19,14:00:00,109.583,109.0,1.08,1.25,1.16,0.84,-0.71
2023-04-19 14:30:00,2023-04-19,14:30:00,109.604,109.0,0.0,0.0,0.0,0.0,-0.67
2023-04-19 15:00:00,2023-04-19,15:00:00,109.625,109.0,0.0,0.0,0.0,0.0,-1.4
2023-04-19 15:30:00,2023-04-19,15:30:00,109.646,109.0,0.39,0.45,0.41,0.3,-2.37
2023-04-19 16:00:00,2023-04-19,16:00:00,109.667,109.0,0.0,0.0,0.0,0.0,-2.4
2023-04-19 16:30:00,2023-04-19,16:30:00,109.688,109.0,0.3,0.33,0.35,0.22,-3.27
2023-04-19 17:00:00,2023-04-19,17:00:00,109.708,109.0,0.0,0.0,0.0,0.0,-4.49
2023-04-19 17:30:00,2023-04-19,17:30:00,109.729,109.0,0.0,0.0,0.0,0.0,-4.93
2023-04-19 18:00:00,2023-04-19,18:00:00,109.75,109.0,0.0,0.0,0.0,0.0,-6.83
2023-04-19 18:30:00,2023-04-19,18:30:00,109.771,109.0,0.0,0.0,0.0,0.0,-7.26
2023-04-19 19:00:00,2023-04-19,19:00:00,109.792,109.0,0.28,0.32,0.31,0.21,-6.99
2023-04-19 19:30:00,2023-04-19,19:30:00,109.812,109.0,0.0,0.0,0.0,0.0,-9.32
2023-04-19 20:00:00,2023-04-19,20:00:00,109.833,109.0,0.0,0.0,0.0,0.0,-9.44
2023-04-19 20:30:00,2023-04-19,20:30:00,109.854,109.0,0.0,0.0,0.0,0.0,-9.66
2023-04-19 21:00:00,2023-04-19,21:00:00,109.875,109.0,0.0,0.0,0.0,0.0,-9.97
2023-04-19 21:30:00,2023-04-19,21:30:00,109.896,109.0,0.0,0.0,0.0,0.0,-9.72
2023-04-19 22:00:00,2023-04-19,22:00:00,109.917,109.0,0.0,0.0,0.0,0.0,-9.23
2023-04-19 22:30:00,2023-04-19,22:30:00,109.938,109.0,0.0,0.0,0.0,0.0,-8.92
2023-04-19 23:00:00,2023-04-19,23:00:00,109.958,109.0,0.0,0.0,0.0,0.0,-9.2
2023-04-19 23:30:00,2023-04-19,23:30:00,109.979,109.0,0.0,0.0,0.0,0.0,-9.93
2023-04-20 00:00:00,2023-04-20,00:00:00,110.0,110.0,0.0,0.0,0.0,0.0,-9.93
2023-04-20 00:30:00,2023-04-20,00:30:00,110.021,110.0,0.0,0.0,0.0,0.0,-10.16
2023-04-20 01:00:00,2023-04-20,01:00:00,110.042,110.0,0.0,0.0,0.0,0.0,-10.24
2023-04-20 01:30:00,2023-04-20,01:30:00,110.062,110.0,0.0,0.0,0.0,0.0,-10.31
2023-04-20 02:00:00,2023-04-20,02:00:00,110.083,110.0,0.0,0.0,0.0,0.0,-11.03
2023-04-20 02:30:00,2023-04-20,02:30:00,110.104,110.0,0.0,0.0,0.0,0.0,-12.03
2023-04-20 03:00:00,2023-04-20,03:00:00,110.125,110.0,0.14,0.2,0.0,0.21,-10.98
2023-04-20 03:30:00,2023-04-20,03:30:00,110.146,110.0,0.22,0.22,0.22,0.23,-11.25
2023-04-20 04:00:00,2023-04-20,04:00:00,110.167,110.0,0.0,0.0,0.0,0.0,-11.33
2023-04-20 04:30:00,2023-04-20,04:30:00,110.188,110.0,0.0,0.0,0.0,0.0,-12.0
2023-04-20 05:00:00,2023-04-20,05:00:00,110.208,110.0,0.0,0.0,0.0,0.0,-14.06
2023-04-20 05:30:00,2023-04-20,05:30:00,110.229,110.0,0.0,0.0,0.0,0.0,-16.12
2023-04-20 06:00:00,2023-04-20,06:00:00,110.25,110.0,0.0,0.0,0.0,0.0,-15.52
2023-04-20 06:30:00,2023-04-20,06:30:00,110.271,110.0,0.0,0.0,0.0,0.0,-11.73
2023-04-20 07:00:00,2023-04-20,07:00:00,110.292,110.0,0.0,0.0,0.0,0.0,-7.59
2023-04-20 07:30:00,2023-04-20,07:30:00,110.312,110.0,0.0,0.0,0.0,0.0,-3.91
2023-04-20 08:00:00,2023-04-20,08:00:00,110.333,110.0,0.0,0.0,0.0,0.0,-1.24
2023-04-20 08:30:00,2023-04-20,08:30:00,110.354,110.0,0.0,0.0,0.0,0.0,-0.02
2023-04-20 09:00:00,2023-04-20,09:00:00,110.375,110.0,0.0,0.0,0.0,0.0,0.87
2023-04-20 09:30:00,2023-04-20,09:30:00,110.396,110.0,0.0,0.0,0.0,0.0,3.91
2023-04-20 10:00:00,2023-04-20,10:00:00,110.417,110.0,0.0,0.0,0.0,0.0,5.66
2023-04-20 10:30:00,2023-04-20,10:30:00,110.438,110.0,0.0,0.0,0.0,0.0,8.44
2023-04-20 11:00:00,2023-04-20,11:00:00,110.458,110.0,0.0,0.0,0.0,0.0,6.87
2023-04-20 11:30:00,2023-04-20,11:30:00,110.479,110.0,0.0,0.0,0.0,0.0,7.41
2023-04-20 12:00:00,2023-04-20,12:00:00,110.5,110.0,0.0,0.0,0.0,0.0,5.67
2023-04-20 12:30:00,2023-04-20,12:30:00,110.521,110.0,0.0,0.0,0.0,0.0,5.79
2023-04-20 13:00:00,2023-04-20,13:00:00,110.542,110.0,0.0,0.0,0.0,0.0,2.54
2023-04-20 13:30:00,2023-04-20,13:30:00,110.562,110.0,0.0,0.0,0.0,0.0,0.98
2023-04-20 14:00:00,2023-04-20,14:00:00,110.583,110.0,0.0,0.0,0.0,0.0,3.38
2023-04-20 14:30:00,2023-04-20,14:30:00,110.604,110.0,0.0,0.0,0.0,0.0,-0.3
2023-04-20 15:00:00,2023-04-20,15:00:00,110.625,110.0,0.42,0.41,0.41,0.43,0.03
2023-04-20 15:30:00,2023-04-20,15:30:00,110.646,110.0,0.0,0.0,0.0,0.0,-0.54
2023-04-20 16:00:00,2023-04-20,16:00:00,110.667,110.0,0.0,0.0,0.0,0.0,-4.91
2023-04-20 16:30:00,2023-04-20,16:30:00,110.688,110.0,0.0,0.0,0.0,0.0,-6.11
2023-04-20 17:00:00,2023-04-20,17:00:00,110.708,110.0,0.0,0.0,0.0,0.0,-6.63
2023-04-20 17:30:00,2023-04-20,17:30:00,110.729,110.0,0.0,0.0,0.0,0.0,-6.84
2023-04-20 18:00:00,2023-04-20,18:00:00,110.75,110.0,0.0,0.0,0.0,0.0,-8.38
2023-04-20 18:30:00,2023-04-20,18:30:00,110.771,110.0,0.0,0.0,0.0,0.0,-9.01
2023-04-20 19:00:00,2023-04-20,19:00:00,110.792,110.0,0.0,0.0,0.0,0.0,-9.57
2023-04-20 19:30:00,2023-04-20,19:30:00,110.812,110.0,0.0,0.0,0.0,0.0,-9.84
2023-04-20 20:00:00,2023-04-20,20:00:00,110.833,110.0,0.0,0.0,0.0,0.0,-11.52
2023-04-20 20:30:00,2023-04-20,20:30:00,110.854,110.0,0.0,0.0,0.0,0.0,-13.51
2023-04-20 21:00:00,2023-04-20,21:00:00,110.875,110.0,0.0,0.0,0.0,0.0,-15.06
2023-04-20 21:30:00,2023-04-20,21:30:00,110.896,110.0,0.0,0.0,0.0,0.0,-15.43
2023-04-20 22:00:00,2023-04-20,22:00:00,110.917,110.0,0.0,0.0,0.0,0.0,-15.8
2023-04-20 22:30:00,2023-04-20,22:30:00,110.938,110.0,0.0,0.0,0.0,0.0,-15.75
2023-04-20 23:00:00,2023-04-20,23:00:00,110.958,110.0,0.0,0.0,0.0,0.0,-15.66
2023-04-20 23:30:00,2023-04-20,23:30:00,110.979,110.0,0.0,0.0,0.0,0.0,-15.85
2023-04-21 00:00:00,2023-04-21,00:00:00,111.0,111.0,0.0,0.0,0.0,0.0,-15.87
2023-04-21 00:30:00,2023-04-21,00:30:00,111.021,111.0,0.0,0.0,0.0,0.0,-16.78
2023-04-21 01:00:00,2023-04-21,01:00:00,111.042,111.0,0.0,0.0,0.0,0.0,-17.93
2023-04-21 01:30:00,2023-04-21,01:30:00,111.062,111.0,0.0,0.0,0.0,0.0,-18.9
2023-04-21 02:00:00,2023-04-21,02:00:00,111.083,111.0,0.0,0.0,0.0,0.0,-19.96
2023-04-21 02:30:00,2023-04-21,02:30:00,111.104,111.0,0.0,0.0,0.0,0.0,-20.65
2023-04-21 03:00:00,2023-04-21,03:00:00,111.125,111.0,0.0,0.0,0.0,0.0,-20.9
2023-04-21 03:30:00,2023-04-21,03:30:00,111.146,111.0,0.0,0.0,0.0,0.0,-21.1
2023-04-21 04:00:00,2023-04-21,04:00:00,111.167,111.0,0.0,0.0,0.0,0.0,-21.21
2023-04-21 04:30:00,2023-04-21,04:30:00,111.188,111.0,0.0,0.0,0.0,0.0,-20.5
2023-04-21 05:00:00,2023-04-21,05:00:00,111.208,111.0,0.0,0.0,0.0,0.0,-19.78
2023-04-21 05:30:00,2023-04-21,05:30:00,111.229,111.0,0.0,0.0,0.0,0.0,-18.77
2023-04-21 06:00:00,2023-04-21,06:00:00,111.25,111.0,0.0,0.0,0.0,0.0,-17.0
2023-04-21 06:30:00,2023-04-21,06:30:00,111.271,111.0,0.0,0.0,0.0,0.0,-11.93
2023-04-21 07:00:00,2023-04-21,07:00:00,111.292,111.0,0.0,0.0,0.0,0.0,-5.41
2023-04-21 07:30:00,2023-04-21,07:30:00,111.312,111.0,0.0,0.0,0.0,0.0,-3.75
2023-04-21 08:00:00,2023-04-21,08:00:00,111.333,111.0,0.0,0.0,0.0,0.0,-3.7
2023-04-21 08:30:00,2023-04-21,08:30:00,111.354,111.0,0.0,0.0,0.0,0.0,-3.19
2023-04-21 09:00:00,2023-04-21,09:00:00,111.375,111.0,0.0,0.0,0.0,0.0,-2.49
2023-04-21 09:30:00,2023-04-21,09:30:00,111.396,111.0,0.0,0.0,0.0,0.0,-0.74
2023-04-21 10:00:00,2023-04-21,10:00:00,111.417,111.0,0.0,0.0,0.0,0.0,-0.19
2023-04-21 10:30:00,2023-04-21,10:30:00,111.438,111.0,0.0,0.0,0.0,0.0,-0.77
2023-04-21 11:00:00,2023-04-21,11:00:00,111.458,111.0,0.0,0.0,0.0,0.0,0.56
2023-04-21 11:30:00,2023-04-21,11:30:00,111.479,111.0,0.0,0.0,0.0,0.0,1.41
2023-04-21 12:00:00,2023-04-21,12:00:00,111.5,111.0,0.0,0.0,0.0,0.0,2.97
2023-04-21 12:30:00,2023-04-21,12:30:00,111.521,111.0,0.0,0.0,0.0,0.0,0.94
2023-04-21 13:00:00,2023-04-21,13:00:00,111.542,111.0,0.0,0.0,0.0,0.0,1.7
2023-04-21 13:30:00,2023-04-21,13:30:00,111.562,111.0,0.0,0.0,0.0,0.0,0.68
2023-04-21 14:00:00,2023-04-21,14:00:00,111.583,111.0,0.28,0.3,0.28,0.25,-0.59
2023-04-21 14:30:00,2023-04-21,14:30:00,111.604,111.0,0.0,0.0,0.0,0.0,-0.66
2023-04-21 15:00:00,2023-04-21,15:00:00,111.625,111.0,0.0,0.0,0.0,0.0,-0.72
2023-04-21 15:30:00,2023-04-21,15:30:00,111.646,111.0,0.24,0.26,0.25,0.22,-0.88
2023-04-21 16:00:00,2023-04-21,16:00:00,111.667,111.0,0.34,0.36,0.35,0.31,-0.88
2023-04-21 16:30:00,2023-04-21,16:30:00,111.688,111.0,0.45,0.48,0.46,0.41,-1.56
2023-04-21 17:00:00,2023-04-21,17:00:00,111.708,111.0,0.54,0.57,0.55,0.49,-2.41
2023-04-21 17:30:00,2023-04-21,17:30:00,111.729,111.0,0.56,0.59,0.58,0.5,-2.9
2023-04-21 18:00:00,2023-04-21,18:00:00,111.75,111.0,0.45,0.48,0.46,0.41,-3.52
2023-04-21 18:30:00,2023-04-21,18:30:00,111.771,111.0,0.42,0.45,0.43,0.39,-4.41
2023-04-21 19:00:00,2023-04-21,19:00:00,111.792,111.0,0.0,0.0,0.0,0.0,-4.55
2023-04-21 19:30:00,2023-04-21,19:30:00,111.812,111.0,0.0,0.0,0.0,0.0,-4.12
2023-04-21 20:00:00,2023-04-21,20:00:00,111.833,111.0,0.32,0.33,0.34,0.28,-3.79
2023-04-21 20:30:00,2023-04-21,20:30:00,111.854,111.0,0.43,0.45,0.45,0.39,-3.89
2023-04-21 21:00:00,2023-04-21,21:00:00,111.875,111.0,0.0,0.0,0.0,0.0,-4.04
2023-04-21 21:30:00,2023-04-21,21:30:00,111.896,111.0,0.0,0.0,0.0,0.0,-3.95
2023-04-21 22:00:00,2023-04-21,22:00:00,111.917,111.0,0.0,0.0,0.0,0.0,-4.05
2023-04-21 22:30:00,2023-04-21,22:30:00,111.938,111.0,0.27,0.29,0.27,0.24,-4.22
2023-04-21 23:00:00,2023-04-21,23:00:00,111.958,111.0,0.44,0.46,0.46,0.39,-4.45
2023-04-21 23:30:00,2023-04-21,23:30:00,111.979,111.0,0.43,0.45,0.46,0.39,-4.56
2023-04-22 00:00:00,2023-04-22,00:00:00,112.0,112.0,0.45,0.47,0.47,0.4,-4.57
2023-04-22 00:30:00,2023-04-22,00:30:00,112.021,112.0,0.0,0.0,0.0,0.0,-4.93
2023-04-22 01:00:00,2023-04-22,01:00:00,112.042,112.0,0.0,0.0,0.0,0.0,-5.01
2023-04-22 01:30:00,2023-04-22,01:30:00,112.062,112.0,0.0,0.0,0.0,0.0,-5.38
2023-04-22 02:00:00,2023-04-22,02:00:00,112.083,112.0,0.0,0.0,0.0,0.0,-5.56
2023-04-22 02:30:00,2023-04-22,02:30:00,112.104,112.0,0.0,0.0,0.0,0.0,-5.7
2023-04-22 03:00:00,2023-04-22,03:00:00,112.125,112.0,0.0,0.0,0.0,0.0,-5.93
2023-04-22 03:30:00,2023-04-22,03:30:00,112.146,112.0,0.0,0.0,0.0,0.0,-5.98
2023-04-22 04:00:00,2023-04-22,04:00:00,112.167,112.0,0.0,0.0,0.0,0.0,-6.22
2023-04-22 04:30:00,2023-04-22,04:30:00,112.188,112.0,0.0,0.0,0.0,0.0,-6.49
2023-04-22 05:00:00,2023-04-22,05:00:00,112.208,112.0,0.0,0.0,0.0,0.0,-6.67
2023-04-22 05:30:00,2023-04-22,05:30:00,112.229,112.0,0.0,0.0,0.0,0.0,-6.74
2023-04-22 06:00:00,2023-04-22,06:00:00,112.25,112.0,0.0,0.0,0.0,0.0,-6.05
2023-04-22 06:30:00,2023-04-22,06:30:00,112.271,112.0,0.0,0.0,0.0,0.0,-5.03
2023-04-22 07:00:00,2023-04-22,07:00:00,112.292,112.0,0.0,0.0,0.0,0.0,-3.08
2023-04-22 07:30:00,2023-04-22,07:30:00,112.312,112.0,0.0,0.0,0.0,0.0,-0.58
2023-04-22 08:00:00,2023-04-22,08:00:00,112.333,112.0,0.0,0.0,0.0,0.0,1.93
2023-04-22 08:30:00,2023-04-22,08:30:00,112.354,112.0,0.0,0.0,0.0,0.0,2.98
2023-04-22 09:00:00,2023-04-22,09:00:00,112.375,112.0,0.0,0.0,0.0,0.0,4.71
2023-04-22 09:30:00,2023-04-22,09:30:00,112.396,112.0,0.0,0.0,0.0,0.0,8.82
2023-04-22 10:00:00,2023-04-22,10:00:00,112.417,112.0,0.0,0.0,0.0,0.0,7.18
2023-04-22 10:30:00,2023-04-22,10:30:00,112.438,112.0,0.0,0.0,0.0,0.0,5.66
2023-04-22 11:00:00,2023-04-22,11:00:00,112.458,112.0,0.0,0.0,0.0,0.0,5.19
2023-04-22 11:30:00,2023-04-22,11:30:00,112.479,112.0,0.0,0.0,0.0,0.0,7.01
2023-04-22 12:00:00,2023-04-22,12:00:00,112.5,112.0,0.0,0.0,0.0,0.0,10.57
2023-04-22 12:30:00,2023-04-22,12:30:00,112.521,112.0,0.0,0.0,0.0,0.0,12.62
2023-04-22 13:00:00,2023-04-22,13:00:00,112.542,112.0,0.0,0.0,0.0,0.0,13.33
2023-04-22 13:30:00,2023-04-22,13:30:00,112.562,112.0,0.0,0.0,0.0,0.0,9.31
2023-04-22 14:00:00,2023-04-22,14:00:00,112.583,112.0,0.0,0.0,0.0,0.0,11.27
2023-04-22 14:30:00,2023-04-22,14:30:00,112.604,112.0,0.0,0.0,0.0,0.0,9.25
2023-04-22 15:00:00,2023-04-22,15:00:00,112.625,112.0,0.0,0.0,0.0,0.0,6.31
2023-04-22 15:30:00,2023-04-22,15:30:00,112.646,112.0,0.0,0.0,0.0,0.0,4.37
2023-04-22 16:00:00,2023-04-22,16:00:00,112.667,112.0,0.0,0.0,0.0,0.0,5.13
2023-04-22 16:30:00,2023-04-22,16:30:00,112.688,112.0,0.0,0.0,0.0,0.0,2.15
2023-04-22 17:00:00,2023-04-22,17:00:00,112.708,112.0,0.0,0.0,0.0,0.0,0.94
2023-04-22 17:30:00,2023-04-22,17:30:00,112.729,112.0,0.0,0.0,0.0,0.0,-1.3
2023-04-22 18:00:00,2023-04-22,18:00:00,112.75,112.0,0.0,0.0,0.0,0.0,-1.57
2023-04-22 18:30:00,2023-04-22,18:30:00,112.771,112.0,0.0,0.0,0.0,0.0,-3.28
2023-04-22 19:00:00,2023-04-22,19:00:00,112.792,112.0,0.0,0.0,0.0,0.0,-4.11
2023-04-22 19:30:00,2023-04-22,19:30:00,112.812,112.0,0.0,0.0,0.0,0.0,-3.87
2023-04-22 20:00:00,2023-04-22,20:00:00,112.833,112.0,0.0,0.0,0.0,0.0,-4.08
2023-04-22 20:30:00,2023-04-22,20:30:00,112.854,112.0,0.0,0.0,0.0,0.0,-4.24
2023-04-22 21:00:00,2023-04-22,21:00:00,112.875,112.0,0.0,0.0,0.0,0.0,-4.37
2023-04-22 21:30:00,2023-04-22,21:30:00,112.896,112.0,0.0,0.0,0.0,0.0,-4.44
2023-04-22 22:00:00,2023-04-22,22:00:00,112.917,112.0,0.0,0.0,0.0,0.0,-4.56
2023-04-22 22:30:00,2023-04-22,22:30:00,112.938,112.0,0.0,0.0,0.0,0.0,-4.49
2023-04-22 23:00:00,2023-04-22,23:00:00,112.958,112.0,0.0,0.0,0.0,0.0,-4.83
2023-04-22 23:30:00,2023-04-22,23:30:00,112.979,112.0,0.0,0.0,0.0,0.0,-5.07
2023-04-23 00:00:00,2023-04-23,00:00:00,113.0,113.0,0.0,0.0,0.0,0.0,-5.16
2023-04-23 00:30:00,2023-04-23,00:30:00,113.021,113.0,0.0,0.0,0.0,0.0,-5.32
2023-04-23 01:00:00,2023-04-23,01:00:00,113.042,113.0,0.0,0.0,0.0,0.0,-5.32
2023-04-23 01:30:00,2023-04-23,01:30:00,113.062,113.0,0.0,0.0,0.0,0.0,-5.89
2023-04-23 02:00:00,2023-04-23,02:00:00,113.083,113.0,0.0,0.0,0.0,0.0,-6.01
2023-04-23 02:30:00,2023-04-23,02:30:00,113.104,113.0,0.0,0.0,0.0,0.0,-5.7
2023-04-23 03:00:00,2023-04-23,03:00:00,113.125,113.0,0.0,0.0,0.0,0.0,-5.76
2023-04-23 03:30:00,2023-04-23,03:30:00,113.146,113.0,0.0,0.0,0.0,0.0,-6.01
2023-04-23 04:00:00,2023-04-23,04:00:00,113.167,113.0,0.0,0.0,0.0,0.0,-6.11
2023-04-23 04:30:00,2023-04-23,04:30:00,113.188,113.0,0.0,0.0,0.0,0.0,-6.29
2023-04-23 05:00:00,2023-04-23,05:00:00,113.208,113.0,0.0,0.0,0.0,0.0,-6.46
2023-04-23 05:30:00,2023-04-23,05:30:00,113.229,113.0,0.0,0.0,0.0,0.0,-6.02
2023-04-23 06:00:00,2023-04-23,06:00:00,113.25,113.0,0.0,0.0,0.0,0.0,-4.93
2023-04-23 06:30:00,2023-04-23,06:30:00,113.271,113.0,0.0,0.0,0.0,0.0,-3.27
2023-04-23 07:00:00,2023-04-23,07:00:00,113.292,113.0,0.0,0.0,0.0,0.0,-1.05
2023-04-23 07:30:00,2023-04-23,07:30:00,113.312,113.0,0.0,0.0,0.0,0.0,0.91
2023-04-23 08:00:00,2023-04-23,08:00:00,113.333,113.0,0.0,0.0,0.0,0.0,8.2
2023-04-23 08:30:00,2023-04-23,08:30:00,113.354,113.0,0.0,0.0,0.0,0.0,5.28
2023-04-23 09:00:00,2023-04-23,09:00:00,113.375,113.0,0.0,0.0,0.0,0.0,7.58
2023-04-23 09:30:00,2023-04-23,09:30:00,113.396,113.0,0.0,0.0,0.0,0.0,6.52
2023-04-23 10:00:00,2023-04-23,10:00:00,113.417,113.0,0.0,0.0,0.0,0.0,7.4
2023-04-23 10:30:00,2023-04-23,10:30:00,113.438,113.0,0.0,0.0,0.0,0.0,13.77
2023-04-23 11:00:00,2023-04-23,11:00:00,113.458,113.0,0.0,0.0,0.0,0.0,13.95
2023-04-23 11:30:00,2023-04-23,11:30:00,113.479,113.0,0.0,0.0,0.0,0.0,12.3
2023-04-23 12:00:00,2023-04-23,12:00:00,113.5,113.0,0.0,0.0,0.0,0.0,11.74
2023-04-23 12:30:00,2023-04-23,12:30:00,113.521,113.0,0.0,0.0,0.0,0.0,11.78
2023-04-23 13:00:00,2023-04-23,13:00:00,113.542,113.0,0.0,0.0,0.0,0.0,11.64
2023-04-23 13:30:00,2023-04-23,13:30:00,113.562,113.0,0.0,0.0,0.0,0.0,12.23
2023-04-23 14:00:00,2023-04-23,14:00:00,113.583,113.0,0.0,0.0,0.0,0.0,12.77
2023-04-23 14:30:00,2023-04-23,14:30:00,113.604,113.0,0.0,0.0,0.0,0.0,11.22
2023-04-23 15:00:00,2023-04-23,15:00:00,113.625,113.0,0.0,0.0,0.0,0.0,10.76
2023-04-23 15:30:00,2023-04-23,15:30:00,113.646,113.0,0.0,0.0,0.0,0.0,9.98
2023-04-23 16:00:00,2023-04-23,16:00:00,113.667,113.0,0.0,0.0,0.0,0.0,8.72
2023-04-23 16:30:00,2023-04-23,16:30:00,113.688,113.0,0.0,0.0,0.0,0.0,8.3
2023-04-23 17:00:00,2023-04-23,17:00:00,113.708,113.0,0.0,0.0,0.0,0.0,2.72
2023-04-23 17:30:00,2023-04-23,17:30:00,113.729,113.0,0.0,0.0,0.0,0.0,-0.23
2023-04-23 18:00:00,2023-04-23,18:00:00,113.75,113.0,0.0,0.0,0.0,0.0,-2.52
2023-04-23 18:30:00,2023-04-23,18:30:00,113.771,113.0,0.0,0.0,0.0,0.0,-4.29
2023-04-23 19:00:00,2023-04-23,19:00:00,113.792,113.0,0.0,0.0,0.0,0.0,-5.15
2023-04-23 19:30:00,2023-04-23,19:30:00,113.812,113.0,0.0,0.0,0.0,0.0,-4.67
2023-04-23 20:00:00,2023-04-23,20:00:00,113.833,113.0,0.0,0.0,0.0,0.0,-5.1
2023-04-23 20:30:00,2023-04-23,20:30:00,113.854,113.0,0.0,0.0,0.0,0.0,-5.63
2023-04-23 21:00:00,2023-04-23,21:00:00,113.875,113.0,0.0,0.0,0.0,0.0,-6.83
2023-04-23 21:30:00,2023-04-23,21:30:00,113.896,113.0,0.0,0.0,0.0,0.0,-7.03
2023-04-23 22:00:00,2023-04-23,22:00:00,113.917,113.0,0.0,0.0,0.0,0.0,-7.0
2023-04-23 22:30:00,2023-04-23,22:30:00,113.938,113.0,0.0,0.0,0.0,0.0,-6.26
2023-04-23 23:00:00,2023-04-23,23:00:00,113.958,113.0,0.0,0.0,0.0,0.0,-6.0
2023-04-23 23:30:00,2023-04-23,23:30:00,113.979,113.0,0.0,0.0,0.0,0.0,-5.77
2023-04-24 00:00:00,2023-04-24,00:00:00,114.0,114.0,0.0,0.0,0.0,0.0,-5.64
2023-04-24 00:30:00,2023-04-24,00:30:00,114.021,114.0,0.0,0.0,0.0,0.0,-6.41
2023-04-24 01:00:00,2023-04-24,01:00:00,114.042,114.0,0.0,0.0,0.0,0.0,-6.46
2023-04-24 01:30:00,2023-04-24,01:30:00,114.062,114.0,0.0,0.0,0.0,0.0,-7.47
2023-04-24 02:00:00,2023-04-24,02:00:00,114.083,114.0,0.0,0.0,0.0,0.0,-7.78
2023-04-24 02:30:00,2023-04-24,02:30:00,114.104,114.0,0.0,0.0,0.0,0.0,-6.87
2023-04-24 03:00:00,2023-04-24,03:00:00,114.125,114.0,0.0,0.0,0.0,0.0,-6.64
2023-04-24 03:30:00,2023-04-24,03:30:00,114.146,114.0,0.0,0.0,0.0,0.0,-6.93
2023-04-24 04:00:00,2023-04-24,04:00:00,114.167,114.0,0.0,0.0,0.0,0.0,-7.56
2023-04-24 04:30:00,2023-04-24,04:30:00,114.188,114.0,0.0,0.0,0.0,0.0,-7.54
2023-04-24 05:00:00,2023-04-24,05:00:00,114.208,114.0,0.0,0.0,0.0,0.0,-6.67
2023-04-24 05:30:00,2023-04-24,05:30:00,114.229,114.0,0.0,0.0,0.0,0.0,-8.68
2023-04-24 06:00:00,2023-04-24,06:00:00,114.25,114.0,0.0,0.0,0.0,0.0,-8.55
2023-04-24 06:30:00,2023-04-24,06:30:00,114.271,114.0,0.0,0.0,0.0,0.0,-3.33
2023-04-24 07:00:00,2023-04-24,07:00:00,114.292,114.0,0.0,0.0,0.0,0.0,0.04
2023-04-24 07:30:00,2023-04-24,07:30:00,114.312,114.0,0.0,0.0,0.0,0.0,5.73
2023-04-24 08:00:00,2023-04-24,08:00:00,114.333,114.0,0.0,0.0,0.0,0.0,10.28
2023-04-24 08:30:00,2023-04-24,08:30:00,114.354,114.0,0.0,0.0,0.0,0.0,6.61
2023-04-24 09:00:00,2023-04-24,09:00:00,114.375,114.0,0.0,0.0,0.0,0.0,6.47
2023-04-24 09:30:00,2023-04-24,09:30:00,114.396,114.0,0.0,0.0,0.0,0.0,7.23
2023-04-24 10:00:00,2023-04-24,10:00:00,114.417,114.0,0.0,0.0,0.0,0.0,12.79
2023-04-24 10:30:00,2023-04-24,10:30:00,114.438,114.0,0.0,0.0,0.0,0.0,15.77
2023-04-24 11:00:00,2023-04-24,11:00:00,114.458,114.0,0.0,0.0,0.0,0.0,10.66
2023-04-24 11:30:00,2023-04-24,11:30:00,114.479,114.0,0.0,0.0,0.0,0.0,8.91
2023-04-24 12:00:00,2023-04-24,12:00:00,114.5,114.0,0.0,0.0,0.0,0.0,8.39
2023-04-24 12:30:00,2023-04-24,12:30:00,114.521,114.0,0.0,0.0,0.0,0.0,10.54
2023-04-24 13:00:00,2023-04-24,13:00:00,114.542,114.0,0.0,0.0,0.0,0.0,12.58
2023-04-24 13:30:00,2023-04-24,13:30:00,114.562,114.0,0.0,0.0,0.0,0.0,14.88
2023-04-24 14:00:00,2023-04-24,14:00:00,114.583,114.0,0.0,0.0,0.0,0.0,14.31
2023-04-24 14:30:00,2023-04-24,14:30:00,114.604,114.0,0.0,0.0,0.0,0.0,14.1
2023-04-24 15:00:00,2023-04-24,15:00:00,114.625,114.0,0.0,0.0,0.0,0.0,13.36
2023-04-24 15:30:00,2023-04-24,15:30:00,114.646,114.0,0.0,0.0,0.0,0.0,11.44
2023-04-24 16:00:00,2023-04-24,16:00:00,114.667,114.0,0.0,0.0,0.0,0.0,6.02
2023-04-24 16:30:00,2023-04-24,16:30:00,114.688,114.0,0.0,0.0,0.0,0.0,4.93
2023-04-24 17:00:00,2023-04-24,17:00:00,114.708,114.0,0.0,0.0,0.0,0.0,4.03
2023-04-24 17:30:00,2023-04-24,17:30:00,114.729,114.0,0.0,0.0,0.0,0.0,2.71
2023-04-24 18:00:00,2023-04-24,18:00:00,114.75,114.0,0.0,0.0,0.0,0.0,1.67
2023-04-24 18:30:00,2023-04-24,18:30:00,114.771,114.0,0.0,0.0,0.0,0.0,0.29
2023-04-24 19:00:00,2023-04-24,19:00:00,114.792,114.0,0.0,0.0,0.0,0.0,-0.52
2023-04-24 19:30:00,2023-04-24,19:30:00,114.812,114.0,1.98,2.01,1.97,1.96,-0.75
2023-04-24 20:00:00,2023-04-24,20:00:00,114.833,114.0,1.58,1.61,1.56,1.56,-1.43
2023-04-24 20:30:00,2023-04-24,20:30:00,114.854,114.0,0.0,0.0,0.0,0.0,-2.16
2023-04-24 21:00:00,2023-04-24,21:00:00,114.875,114.0,0.0,0.0,0.0,0.0,-1.88
2023-04-24 21:30:00,2023-04-24,21:30:00,114.896,114.0,0.0,0.0,0.0,0.0,-1.28
2023-04-24 22:00:00,2023-04-24,22:00:00,114.917,114.0,1.38,1.41,1.36,1.37,-1.12
2023-04-24 22:30:00,2023-04-24,22:30:00,114.938,114.0,2.2,2.24,2.18,2.18,-1.45
2023-04-24 23:00:00,2023-04-24,23:00:00,114.958,114.0,0.0,0.0,0.0,0.0,-2.32
2023-04-24 23:30:00,2023-04-24,23:30:00,114.979,114.0,0.0,0.0,0.0,0.0,-4.96
2023-04-25 00:00:00,2023-04-25,00:00:00,115.0,115.0,0.0,0.0,0.0,0.0,-5.44
2023-04-25 00:30:00,2023-04-25,00:30:00,115.021,115.0,0.0,0.0,0.0,0.0,-5.7
2023-04-25 01:00:00,2023-04-25,01:00:00,115.042,115.0,0.0,0.0,0.0,0.0,-6.54
2023-04-25 01:30:00,2023-04-25,01:30:00,115.062,115.0,0.0,0.0,0.0,0.0,-7.9
2023-04-25 02:00:00,2023-04-25,02:00:00,115.083,115.0,0.0,0.0,0.0,0.0,-7.59
2023-04-25 02:30:00,2023-04-25,02:30:00,115.104,115.0,0.0,0.0,0.0,0.0,-6.74
2023-04-25 03:00:00,2023-04-25,03:00:00,115.125,115.0,0.0,0.0,0.0,0.0,-6.76
2023-04-25 03:30:00,2023-04-25,03:30:00,115.146,115.0,0.0,0.0,0.0,0.0,-6.15
2023-04-25 04:00:00,2023-04-25,04:00:00,115.167,115.0,0.0,0.0,0.0,0.0,-5.95
2023-04-25 04:30:00,2023-04-25,04:30:00,115.188,115.0,0.0,0.0,0.0,0.0,-5.78
2023-04-25 05:00:00,2023-04-25,05:00:00,115.208,115.0,0.0,0.0,0.0,0.0,-5.67
2023-04-25 05:30:00,2023-04-25,05:30:00,115.229,115.0,0.0,0.0,0.0,0.0,-4.82
2023-04-25 06:00:00,2023-04-25,06:00:00,115.25,115.0,0.0,0.0,0.0,0.0,-3.88
2023-04-25 06:30:00,2023-04-25,06:30:00,115.271,115.0,0.0,0.0,0.0,0.0,-1.91
2023-04-25 07:00:00,2023-04-25,07:00:00,115.292,115.0,0.0,0.0,0.0,0.0,0.75
2023-04-25 07:30:00,2023-04-25,07:30:00,115.312,115.0,0.0,0.0,0.0,0.0,8.68
2023-04-25 08:00:00,2023-04-25,08:00:00,115.333,115.0,0.0,0.0,0.0,0.0,8.08
2023-04-25 08:30:00,2023-04-25,08:30:00,115.354,115.0,0.0,0.0,0.0,0.0,11.58
2023-04-25 09:00:00,2023-04-25,09:00:00,115.375,115.0,0.0,0.0,0.0,0.0,6.63
2023-04-25 09:30:00,2023-04-25,09:30:00,115.396,115.0,0.0,0.0,0.0,0.0,8.1
2023-04-25 10:00:00,2023-04-25,10:00:00,115.417,115.0,0.0,0.0,0.0,0.0,8.11
2023-04-25 10:30:00,2023-04-25,10:30:00,115.438,115.0,0.0,0.0,0.0,0.0,8.1
2023-04-25 11:00:00,2023-04-25,11:00:00,115.458,115.0,0.0,0.0,0.0,0.0,9.97
2023-04-25 11:30:00,2023-04-25,11:30:00,115.479,115.0,0.26,0.25,0.29,0.24,7.81
2023-04-25 12:00:00,2023-04-25,12:00:00,115.5,115.0,0.0,0.0,0.0,0.0,10.36
2023-04-25 12:30:00,2023-04-25,12:30:00,115.521,115.0,0.07,0.0,0.21,0.0,4.88
2023-04-25 13:00:00,2023-04-25,13:00:00,115.542,115.0,1.12,1.21,0.99,1.16,8.72
2023-04-25 13:30:00,2023-04-25,13:30:00,115.562,115.0,0.0,0.0,0.0,0.0,8.57
2023-04-25 14:00:00,2023-04-25,14:00:00,115.583,115.0,0.0,0.0,0.0,0.0,8.07
2023-04-25 14:30:00,2023-04-25,14:30:00,115.604,115.0,0.0,0.0,0.0,0.0,8.87
2023-04-25 15:00:00,2023-04-25,15:00:00,115.625,115.0,0.0,0.0,0.0,0.0,4.58
2023-04-25 15:30:00,2023-04-25,15:30:00,115.646,115.0,0.0,0.0,0.0,0.0,2.1
2023-04-25 16:00:00,2023-04-25,16:00:00,115.667,115.0,0.0,0.0,0.0,0.0,1.53
2023-04-25 16:30:00,2023-04-25,16:30:00,115.688,115.0,0.0,0.0,0.0,0.0,-0.13
2023-04-25 17:00:00,2023-04-25,17:00:00,115.708,115.0,0.0,0.0,0.0,0.0,-1.25
2023-04-25 17:30:00,2023-04-25,17:30:00,115.729,115.0,0.0,0.0,0.0,0.0,-1.57
2023-04-25 18:00:00,2023-04-25,18:00:00,115.75,115.0,0.0,0.0,0.0,0.0,-2.33
2023-04-25 18:30:00,2023-04-25,18:30:00,115.771,115.0,0.48,0.48,0.49,0.46,-2.84
2023-04-25 19:00:00,2023-04-25,19:00:00,115.792,115.0,0.7,0.73,0.68,0.7,-2.92
2023-04-25 19:30:00,2023-04-25,19:30:00,115.812,115.0,0.99,1.01,1.01,0.96,-2.96
2023-04-25 20:00:00,2023-04-25,20:00:00,115.833,115.0,0.99,1.02,0.98,0.97,-3.14
2023-04-25 20:30:00,2023-04-25,20:30:00,115.854,115.0,0.68,0.7,0.68,0.67,-3.11
2023-04-25 21:00:00,2023-04-25,21:00:00,115.875,115.0,0.5,0.53,0.48,0.5,-3.15
2023-04-25 21:30:00,2023-04-25,21:30:00,115.896,115.0,0.72,0.73,0.72,0.7,-3.05
2023-04-25 22:00:00,2023-04-25,22:00:00,115.917,115.0,1.12,1.14,1.14,1.08,-3.07
2023-04-25 22:30:00,2023-04-25,22:30:00,115.938,115.0,0.0,0.0,0.0,0.0,-3.44
2023-04-25 23:00:00,2023-04-25,23:00:00,115.958,115.0,0.0,0.0,0.0,0.0,-4.03
2023-04-25 23:30:00,2023-04-25,23:30:00,115.979,115.0,0.0,0.0,0.0,0.0,-5.36
2023-04-26 00:00:00,2023-04-26,00:00:00,116.0,116.0,0.0,0.0,0.0,0.0,-5.76
2023-04-26 00:30:00,2023-04-26,00:30:00,116.021,116.0,0.0,0.0,0.0,0.0,-5.8
2023-04-26 01:00:00,2023-04-26,01:00:00,116.042,116.0,0.0,0.0,0.0,0.0,-5.57
2023-04-26 01:30:00,2023-04-26,01:30:00,116.062,116.0,0.0,0.0,0.0,0.0,-5.8
2023-04-26 02:00:00,2023-04-26,02:00:00,116.083,116.0,0.0,0.0,0.0,0.0,-6.18
2023-04-26 02:30:00,2023-04-26,02:30:00,116.104,116.0,0.0,0.0,0.0,0.0,-6.7
2023-04-26 03:00:00,2023-04-26,03:00:00,116.125,116.0,0.0,0.0,0.0,0.0,-7.04
2023-04-26 03:30:00,2023-04-26,03:30:00,116.146,116.0,0.09,0.26,0.0,0.0,-4.94
2023-04-26 04:00:00,2023-04-26,04:00:00,116.167,116.0,0.0,0.0,0.0,0.0,-4.3
2023-04-26 04:30:00,2023-04-26,04:30:00,116.188,116.0,0.0,0.0,0.0,0.0,-3.95
2023-04-26 05:00:00,2023-04-26,05:00:00,116.208,116.0,0.0,0.0,0.0,0.0,-3.88
2023-04-26 05:30:00,2023-04-26,05:30:00,116.229,116.0,0.0,0.0,0.0,0.0,-3.53
2023-04-26 06:00:00,2023-04-26,06:00:00,116.25,116.0,0.0,0.0,0.0,0.0,-2.3
2023-04-26 06:30:00,2023-04-26,06:30:00,116.271,116.0,0.0,0.0,0.0,0.0,-0.1
2023-04-26 07:00:00,2023-04-26,07:00:00,116.292,116.0,0.0,0.0,0.0,0.0,-0.05
2023-04-26 07:30:00,2023-04-26,07:30:00,116.312,116.0,0.0,0.0,0.0,0.0,2.25
2023-04-26 08:00:00,2023-04-26,08:00:00,116.333,116.0,0.0,0.0,0.0,0.0,9.22
2023-04-26 08:30:00,2023-04-26,08:30:00,116.354,116.0,0.0,0.0,0.0,0.0,11.47
2023-04-26 09:00:00,2023-04-26,09:00:00,116.375,116.0,0.0,0.0,0.0,0.0,11.8
2023-04-26 09:30:00,2023-04-26,09:30:00,116.396,116.0,0.0,0.0,0.0,0.0,13.79
2023-04-26 10:00:00,2023-04-26,10:00:00,116.417,116.0,0.0,0.0,0.0,0.0,15.92
2023-04-26 10:30:00,2023-04-26,10:30:00,116.438,116.0,0.11,0.32,0.0,0.0,14.78
2023-04-26 11:00:00,2023-04-26,11:00:00,116.458,116.0,0.0,0.0,0.0,0.0,15.39
2023-04-26 11:30:00,2023-04-26,11:30:00,116.479,116.0,0.0,0.0,0.0,0.0,17.86
2023-04-26 12:00:00,2023-04-26,12:00:00,116.5,116.0,0.0,0.0,0.0,0.0,17.65
2023-04-26 12:30:00,2023-04-26,12:30:00,116.521,116.0,0.0,0.0,0.0,0.0,17.16
2023-04-26 13:00:00,2023-04-26,13:00:00,116.542,116.0,0.0,0.0,0.0,0.0,13.86
2023-04-26 13:30:00,2023-04-26,13:30:00,116.562,116.0,0.08,0.23,0.0,0.0,16.42
2023-04-26 14:00:00,2023-04-26,14:00:00,116.583,116.0,0.0,0.0,0.0,0.0,17.87
2023-04-26 14:30:00,2023-04-26,14:30:00,116.604,116.0,0.0,0.0,0.0,0.0,17.54
2023-04-26 15:00:00,2023-04-26,15:00:00,116.625,116.0,0.0,0.0,0.0,0.0,17.62
2023-04-26 15:30:00,2023-04-26,15:30:00,116.646,116.0,0.0,0.0,0.0,0.0,14.34
2023-04-26 16:00:00,2023-04-26,16:00:00,116.667,116.0,0.0,0.0,0.0,0.0,11.86
2023-04-26 16:30:00,2023-04-26,16:30:00,116.688,116.0,0.0,0.0,0.0,0.0,9.39
2023-04-26 17:00:00,2023-04-26,17:00:00,116.708,116.0,0.0,0.0,0.0,0.0,7.34
2023-04-26 17:30:00,2023-04-26,17:30:00,116.729,116.0,0.0,0.0,0.0,0.0,3.92
2023-04-26 18:00:00,2023-04-26,18:00:00,116.75,116.0,0.0,0.0,0.0,0.0,-0.05
2023-04-26 18:30:00,2023-04-26,18:30:00,116.771,116.0,0.0,0.0,0.0,0.0,-2.31
2023-04-26 19:00:00,2023-04-26,19:00:00,116.792,116.0,0.0,0.0,0.0,0.0,-3.56
2023-04-26 19:30:00,2023-04-26,19:30:00,116.812,116.0,0.0,0.0,0.0,0.0,-3.94
2023-04-26 20:00:00,2023-04-26,20:00:00,116.833,116.0,0.0,0.0,0.0,0.0,-4.17
2023-04-26 20:30:00,2023-04-26,20:30:00,116.854,116.0,0.0,0.0,0.0,0.0,-4.97
2023-04-26 21:00:00,2023-04-26,21:00:00,116.875,116.0,0.0,0.0,0.0,0.0,-4.74
2023-04-26 21:30:00,2023-04-26,21:30:00,116.896,116.0,0.0,0.0,0.0,0.0,-5.87
2023-04-26 22:00:00,2023-04-26,22:00:00,116.917,116.0,0.0,0.0,0.0,0.0,-5.93
2023-04-26 22:30:00,2023-04-26,22:30:00,116.938,116.0,0.0,0.0,0.0,0.0,-6.43
2023-04-26 23:00:00,2023-04-26,23:00:00,116.958,116.0,0.0,0.0,0.0,0.0,-6.8
2023-04-26 23:30:00,2023-04-26,23:30:00,116.979,116.0,0.0,0.0,0.0,0.0,-7.08
2023-04-27 00:00:00,2023-04-27,00:00:00,117.0,117.0,0.0,0.0,0.0,0.0,-7.11
2023-04-27 00:30:00,2023-04-27,00:30:00,117.021,117.0,0.0,0.0,0.0,0.0,-7.81
2023-04-27 01:00:00,2023-04-27,01:00:00,117.042,117.0,0.0,0.0,0.0,0.0,-8.74
2023-04-27 01:30:00,2023-04-27,01:30:00,117.062,117.0,0.0,0.0,0.0,0.0,-9.03
2023-04-27 02:00:00,2023-04-27,02:00:00,117.083,117.0,0.0,0.0,0.0,0.0,-9.4
2023-04-27 02:30:00,2023-04-27,02:30:00,117.104,117.0,0.0,0.0,0.0,0.0,-9.47
2023-04-27 03:00:00,2023-04-27,03:00:00,117.125,117.0,0.0,0.0,0.0,0.0,-9.72
2023-04-27 03:30:00,2023-04-27,03:30:00,117.146,117.0,0.0,0.0,0.0,0.0,-9.84
2023-04-27 04:00:00,2023-04-27,04:00:00,117.167,117.0,0.0,0.0,0.0,0.0,-9.87
2023-04-27 04:30:00,2023-04-27,04:30:00,117.188,117.0,0.0,0.0,0.0,0.0,-7.95
2023-04-27 05:00:00,2023-04-27,05:00:00,117.208,117.0,0.0,0.0,0.0,0.0,-7.99
2023-04-27 05:30:00,2023-04-27,05:30:00,117.229,117.0,0.0,0.0,0.0,0.0,-6.52
2023-04-27 06:00:00,2023-04-27,06:00:00,117.25,117.0,0.48,1.08,0.0,0.36,-3.34
2023-04-27 06:30:00,2023-04-27,06:30:00,117.271,117.0,0.0,0.0,0.0,0.0,0.42
2023-04-27 07:00:00,2023-04-27,07:00:00,117.292,117.0,0.0,0.0,0.0,0.0,3.75
2023-04-27 07:30:00,2023-04-27,07:30:00,117.312,117.0,0.0,0.0,0.0,0.0,9.16
2023-04-27 08:00:00,2023-04-27,08:00:00,117.333,117.0,0.0,0.0,0.0,0.0,10.85
2023-04-27 08:30:00,2023-04-27,08:30:00,117.354,117.0,0.1,0.31,0.0,0.0,11.7
2023-04-27 09:00:00,2023-04-27,09:00:00,117.375,117.0,0.08,0.24,0.0,0.0,12.9
2023-04-27 09:30:00,2023-04-27,09:30:00,117.396,117.0,0.33,0.69,0.0,0.31,13.59
2023-04-27 10:00:00,2023-04-27,10:00:00,117.417,117.0,0.08,0.24,0.0,0.0,15.05
2023-04-27 10:30:00,2023-04-27,10:30:00,117.438,117.0,0.0,0.0,0.0,0.0,12.64
2023-04-27 11:00:00,2023-04-27,11:00:00,117.458,117.0,0.0,0.0,0.0,0.0,11.42
2023-04-27 11:30:00,2023-04-27,11:30:00,117.479,117.0,0.0,0.0,0.0,0.0,11.6
2023-04-27 12:00:00,2023-04-27,12:00:00,117.5,117.0,0.0,0.0,0.0,0.0,12.13
2023-04-27 12:30:00,2023-04-27,12:30:00,117.521,117.0,0.12,0.35,0.0,0.0,13.3
2023-04-27 13:00:00,2023-04-27,13:00:00,117.542,117.0,0.08,0.23,0.0,0.0,14.22
2023-04-27 13:30:00,2023-04-27,13:30:00,117.562,117.0,0.0,0.0,0.0,0.0,12.68
2023-04-27 14:00:00,2023-04-27,14:00:00,117.583,117.0,0.0,0.0,0.0,0.0,13.49
2023-04-27 14:30:00,2023-04-27,14:30:00,117.604,117.0,0.0,0.0,0.0,0.0,9.19
2023-04-27 15:00:00,2023-04-27,15:00:00,117.625,117.0,0.0,0.0,0.0,0.0,10.99
2023-04-27 15:30:00,2023-04-27,15:30:00,117.646,117.0,0.0,0.0,0.0,0.0,10.17
2023-04-27 16:00:00,2023-04-27,16:00:00,117.667,117.0,0.0,0.0,0.0,0.0,7.86
2023-04-27 16:30:00,2023-04-27,16:30:00,117.688,117.0,0.0,0.0,0.0,0.0,4.76
2023-04-27 17:00:00,2023-04-27,17:00:00,117.708,117.0,0.0,0.0,0.0,0.0,4.28
2023-04-27 17:30:00,2023-04-27,17:30:00,117.729,117.0,0.0,0.0,0.0,0.0,2.99
2023-04-27 18:00:00,2023-04-27,18:00:00,117.75,117.0,0.07,0.0,0.22,0.0,2.22
2023-04-27 18:30:00,2023-04-27,18:30:00,117.771,117.0,0.0,0.0,0.0,0.0,-0.35
2023-04-27 19:00:00,2023-04-27,19:00:00,117.792,117.0,0.0,0.0,0.0,0.0,-0.26
2023-04-27 19:30:00,2023-04-27,19:30:00,117.812,117.0,0.07,0.0,0.22,0.0,0.54
2023-04-27 20:00:00,2023-04-27,20:00:00,117.833,117.0,0.1,0.0,0.29,0.0,-0.55
2023-04-27 20:30:00,2023-04-27,20:30:00,117.854,117.0,0.0,0.0,0.0,0.0,-0.75
2023-04-27 21:00:00,2023-04-27,21:00:00,117.875,117.0,0.0,0.0,0.0,0.0,-1.64
2023-04-27 21:30:00,2023-04-27,21:30:00,117.896,117.0,0.0,0.0,0.0,0.0,-1.98
2023-04-27 22:00:00,2023-04-27,22:00:00,117.917,117.0,0.0,0.0,0.0,0.0,-2.01
2023-04-27 22:30:00,2023-04-27,22:30:00,117.938,117.0,0.0,0.0,0.0,0.0,-1.16
2023-04-27 23:00:00,2023-04-27,23:00:00,117.958,117.0,0.0,0.0,0.0,0.0,-1.35
2023-04-27 23:30:00,2023-04-27,23:30:00,117.979,117.0,0.08,0.0,0.23,0.0,-2.69
2023-04-28 00:00:00,2023-04-28,00:00:00,118.0,118.0,0.0,0.0,0.0,0.0,-2.96
2023-04-28 00:30:00,2023-04-28,00:30:00,118.021,118.0,0.0,0.0,0.0,0.0,-2.27
2023-04-28 01:00:00,2023-04-28,01:00:00,118.042,118.0,0.0,0.0,0.0,0.0,-1.85
2023-04-28 01:30:00,2023-04-28,01:30:00,118.062,118.0,0.0,0.0,0.0,0.0,-2.42
2023-04-28 02:00:00,2023-04-28,02:00:00,118.083,118.0,0.0,0.0,0.0,0.0,-3.17
2023-04-28 02:30:00,2023-04-28,02:30:00,118.104,118.0,0.0,0.0,0.0,0.0,-3.54
2023-04-28 03:00:00,2023-04-28,03:00:00,118.125,118.0,0.0,0.0,0.0,0.0,-4.19
2023-04-28 03:30:00,2023-04-28,03:30:00,118.146,118.0,0.63,0.95,0.0,0.95,-4.35
2023-04-28 04:00:00,2023-04-28,04:00:00,118.167,118.0,0.36,0.54,0.0,0.54,-5.28
2023-04-28 04:30:00,2023-04-28,04:30:00,118.188,118.0,0.0,0.0,0.0,0.0,-6.7
2023-04-28 05:00:00,2023-04-28,05:00:00,118.208,118.0,0.0,0.0,0.0,0.0,-7.4
2023-04-28 05:30:00,2023-04-28,05:30:00,118.229,118.0,0.0,0.0,0.0,0.0,-7.66
2023-04-28 06:00:00,2023-04-28,06:00:00,118.25,118.0,0.0,0.0,0.0,0.0,-6.18
2023-04-28 06:30:00,2023-04-28,06:30:00,118.271,118.0,0.0,0.0,0.0,0.0,-1.63
2023-04-28 07:00:00,2023-04-28,07:00:00,118.292,118.0,0.0,0.0,0.0,0.0,0.16
2023-04-28 07:30:00,2023-04-28,07:30:00,118.312,118.0,0.0,0.0,0.0,0.0,3.33
2023-04-28 08:00:00,2023-04-28,08:00:00,118.333,118.0,0.0,0.0,0.0,0.0,6.58
2023-04-28 08:30:00,2023-04-28,08:30:00,118.354,118.0,0.39,0.58,0.0,0.58,8.88
2023-04-28 09:00:00,2023-04-28,09:00:00,118.375,118.0,0.19,0.29,0.0,0.29,9.28
2023-04-28 09:30:00,2023-04-28,09:30:00,118.396,118.0,0.27,0.41,0.0,0.41,9.17
2023-04-28 10:00:00,2023-04-28,10:00:00,118.417,118.0,0.0,0.0,0.0,0.0,9.24
2023-04-28 10:30:00,2023-04-28,10:30:00,118.438,118.0,0.0,0.0,0.0,0.0,8.59
2023-04-28 11:00:00,2023-04-28,11:00:00,118.458,118.0,0.0,0.0,0.0,0.0,7.72
2023-04-28 11:30:00,2023-04-28,11:30:00,118.479,118.0,0.0,0.0,0.0,0.0,6.5
2023-04-28 12:00:00,2023-04-28,12:00:00,118.5,118.0,0.0,0.0,0.0,0.0,7.38
2023-04-28 12:30:00,2023-04-28,12:30:00,118.521,118.0,0.07,0.0,0.21,0.0,7.83
2023-04-28 13:00:00,2023-04-28,13:00:00,118.542,118.0,0.09,0.0,0.27,0.0,8.32
2023-04-28 13:30:00,2023-04-28,13:30:00,118.562,118.0,0.0,0.0,0.0,0.0,8.57
2023-04-28 14:00:00,2023-04-28,14:00:00,118.583,118.0,0.0,0.0,0.0,0.0,9.03
2023-04-28 14:30:00,2023-04-28,14:30:00,118.604,118.0,0.0,0.0,0.0,0.0,8.73
2023-04-28 15:00:00,2023-04-28,15:00:00,118.625,118.0,0.0,0.0,0.0,0.0,8.34
2023-04-28 15:30:00,2023-04-28,15:30:00,118.646,118.0,0.0,0.0,0.0,0.0,8.17
2023-04-28 16:00:00,2023-04-28,16:00:00,118.667,118.0,0.0,0.0,0.0,0.0,7.18
2023-04-28 16:30:00,2023-04-28,16:30:00,118.688,118.0,0.0,0.0,0.0,0.0,6.34
2023-04-28 17:00:00,2023-04-28,17:00:00,118.708,118.0,0.0,0.0,0.0,0.0,4.51
2023-04-28 17:30:00,2023-04-28,17:30:00,118.729,118.0,0.0,0.0,0.0,0.0,2.31
2023-04-28 18:00:00,2023-04-28,18:00:00,118.75,118.0,0.0,0.0,0.0,0.0,-1.64
2023-04-28 18:30:00,2023-04-28,18:30:00,118.771,118.0,0.0,0.0,0.0,0.0,-3.54
2023-04-28 19:00:00,2023-04-28,19:00:00,118.792,118.0,0.0,0.0,0.0,0.0,-5.02
2023-04-28 19:30:00,2023-04-28,19:30:00,118.812,118.0,0.0,0.0,0.0,0.0,-4.18
2023-04-28 20:00:00,2023-04-28,20:00:00,118.833,118.0,0.0,0.0,0.0,0.0,-3.76
2023-04-28 20:30:00,2023-04-28,20:30:00,118.854,118.0,0.0,0.0,0.0,0.0,-3.79
2023-04-28 21:00:00,2023-04-28,21:00:00,118.875,118.0,0.0,0.0,0.0,0.0,-4.42
2023-04-28 21:30:00,2023-04-28,21:30:00,118.896,118.0,0.0,0.0,0.0,0.0,-5.66
2023-04-28 22:00:00,2023-04-28,22:00:00,118.917,118.0,0.0,0.0,0.0,0.0,-6.39
2023-04-28 22:30:00,2023-04-28,22:30:00,118.938,118.0,0.0,0.0,0.0,0.0,-6.75
2023-04-28 23:00:00,2023-04-28,23:00:00,118.958,118.0,0.0,0.0,0.0,0.0,-6.93
2023-04-28 23:30:00,2023-04-28,23:30:00,118.979,118.0,0.0,0.0,0.0,0.0,-8.72
2023-04-29 00:00:00,2023-04-29,00:00:00,119.0,119.0,0.0,0.0,0.0,0.0,-8.86
2023-04-29 00:30:00,2023-04-29,00:30:00,119.021,119.0,0.0,0.0,0.0,0.0,-9.55
2023-04-29 01:00:00,2023-04-29,01:00:00,119.042,119.0,0.0,0.0,0.0,0.0,-10.0
2023-04-29 01:30:00,2023-04-29,01:30:00,119.062,119.0,0.0,0.0,0.0,0.0,-9.9
2023-04-29 02:00:00,2023-04-29,02:00:00,119.083,119.0,0.0,0.0,0.0,0.0,-10.14
2023-04-29 02:30:00,2023-04-29,02:30:00,119.104,119.0,0.0,0.0,0.0,0.0,-10.4
2023-04-29 03:00:00,2023-04-29,03:00:00,119.125,119.0,0.0,0.0,0.0,0.0,-10.54
2023-04-29 03:30:00,2023-04-29,03:30:00,119.146,119.0,0.0,0.0,0.0,0.0,-10.76
2023-04-29 04:00:00,2023-04-29,04:00:00,119.167,119.0,0.0,0.0,0.0,0.0,-10.99
2023-04-29 04:30:00,2023-04-29,04:30:00,119.188,119.0,0.0,0.0,0.0,0.0,-11.27
2023-04-29 05:00:00,2023-04-29,05:00:00,119.208,119.0,0.0,0.0,0.0,0.0,-11.39
2023-04-29 05:30:00,2023-04-29,05:30:00,119.229,119.0,0.0,0.0,0.0,0.0,-10.74
2023-04-29 06:00:00,2023-04-29,06:00:00,119.25,119.0,0.0,0.0,0.0,0.0,-7.29
2023-04-29 06:30:00,2023-04-29,06:30:00,119.271,119.0,0.0,0.0,0.0,0.0,-1.87
2023-04-29 07:00:00,2023-04-29,07:00:00,119.292,119.0,0.0,0.0,0.0,0.0,1.19
2023-04-29 07:30:00,2023-04-29,07:30:00,119.312,119.0,0.0,0.0,0.0,0.0,7.25
2023-04-29 08:00:00,2023-04-29,08:00:00,119.333,119.0,0.0,0.0,0.0,0.0,11.07
2023-04-29 08:30:00,2023-04-29,08:30:00,119.354,119.0,0.0,0.0,0.0,0.0,13.58
2023-04-29 09:00:00,2023-04-29,09:00:00,119.375,119.0,0.07,0.21,0.0,0.0,14.33
2023-04-29 09:30:00,2023-04-29,09:30:00,119.396,119.0,0.0,0.0,0.0,0.0,15.71
2023-04-29 10:00:00,2023-04-29,10:00:00,119.417,119.0,0.0,0.0,0.0,0.0,16.28
2023-04-29 10:30:00,2023-04-29,10:30:00,119.438,119.0,0.0,0.0,0.0,0.0,16.24
2023-04-29 11:00:00,2023-04-29,11:00:00,119.458,119.0,0.0,0.0,0.0,0.0,16.86
2023-04-29 11:30:00,2023-04-29,11:30:00,119.479,119.0,0.0,0.0,0.0,0.0,16.87
2023-04-29 12:00:00,2023-04-29,12:00:00,119.5,119.0,0.0,0.0,0.0,0.0,16.74
2023-04-29 12:30:00,2023-04-29,12:30:00,119.521,119.0,0.0,0.0,0.0,0.0,15.87
2023-04-29 13:00:00,2023-04-29,13:00:00,119.542,119.0,0.0,0.0,0.0,0.0,14.89
2023-04-29 13:30:00,2023-04-29,13:30:00,119.562,119.0,0.0,0.0,0.0,0.0,14.97
2023-04-29 14:00:00,2023-04-29,14:00:00,119.583,119.0,0.0,0.0,0.0,0.0,15.2
2023-04-29 14:30:00,2023-04-29,14:30:00,119.604,119.0,0.0,0.0,0.0,0.0,13.85
2023-04-29 15:00:00,2023-04-29,15:00:00,119.625,119.0,0.0,0.0,0.0,0.0,13.23
2023-04-29 15:30:00,2023-04-29,15:30:00,119.646,119.0,0.0,0.0,0.0,0.0,13.26
2023-04-29 16:00:00,2023-04-29,16:00:00,119.667,119.0,0.0,0.0,0.0,0.0,12.67
2023-04-29 16:30:00,2023-04-29,16:30:00,119.688,119.0,0.0,0.0,0.0,0.0,11.86
2023-04-29 17:00:00,2023-04-29,17:00:00,119.708,119.0,0.0,0.0,0.0,0.0,9.38
2023-04-29 17:30:00,2023-04-29,17:30:00,119.729,119.0,0.0,0.0,0.0,0.0,7.12
2023-04-29 18:00:00,2023-04-29,18:00:00,119.75,119.0,0.0,0.0,0.0,0.0,2.42
2023-04-29 18:30:00,2023-04-29,18:30:00,119.771,119.0,0.0,0.0,0.0,0.0,1.07
2023-04-29 19:00:00,2023-04-29,19:00:00,119.792,119.0,0.0,0.0,0.0,0.0,-0.13
2023-04-29 19:30:00,2023-04-29,19:30:00,119.812,119.0,0.0,0.0,0.0,0.0,-1.36
2023-04-29 20:00:00,2023-04-29,20:00:00,119.833,119.0,0.0,0.0,0.0,0.0,-2.02
2023-04-29 20:30:00,2023-04-29,20:30:00,119.854,119.0,0.0,0.0,0.0,0.0,-3.02
2023-04-29 21:00:00,2023-04-29,21:00:00,119.875,119.0,0.0,0.0,0.0,0.0,-3.7
2023-04-29 21:30:00,2023-04-29,21:30:00,119.896,119.0,0.0,0.0,0.0,0.0,-4.13
2023-04-29 22:00:00,2023-04-29,22:00:00,119.917,119.0,0.0,0.0,0.0,0.0,-4.57
2023-04-29 22:30:00,2023-04-29,22:30:00,119.938,119.0,0.0,0.0,0.0,0.0,-5.42
2023-04-29 23:00:00,2023-04-29,23:00:00,119.958,119.0,0.0,0.0,0.0,0.0,-5.71
2023-04-29 23:30:00,2023-04-29,23:30:00,119.979,119.0,0.0,0.0,0.0,0.0,-5.94
2023-04-30 00:00:00,2023-04-30,00:00:00,120.0,120.0,0.0,0.0,0.0,0.0,-6.0
2023-04-30 00:30:00,2023-04-30,00:30:00,120.021,120.0,0.0,0.0,0.0,0.0,-6.28
2023-04-30 01:00:00,2023-04-30,01:00:00,120.042,120.0,0.0,0.0,0.0,0.0,-6.6
2023-04-30 01:30:00,2023-04-30,01:30:00,120.062,120.0,0.0,0.0,0.0,0.0,-7.04
2023-04-30 02:00:00,2023-04-30,02:00:00,120.083,120.0,0.0,0.0,0.0,0.0,-7.33
2023-04-30 02:30:00,2023-04-30,02:30:00,120.104,120.0,0.0,0.0,0.0,0.0,-7.47
2023-04-30 03:00:00,2023-04-30,03:00:00,120.125,120.0,0.0,0.0,0.0,0.0,-7.54
2023-04-30 03:30:00,2023-04-30,03:30:00,120.146,120.0,0.0,0.0,0.0,0.0,-7.83
2023-04-30 04:00:00,2023-04-30,04:00:00,120.167,120.0,0.0,0.0,0.0,0.0,-8.06
2023-04-30 04:30:00,2023-04-30,04:30:00,120.188,120.0,0.0,0.0,0.0,0.0,-8.36
2023-04-30 05:00:00,2023-04-30,05:00:00,120.208,120.0,0.0,0.0,0.0,0.0,-8.3
2023-04-30 05:30:00,2023-04-30,05:30:00,120.229,120.0,0.0,0.0,0.0,0.0,-8.2
2023-04-30 06:00:00,2023-04-30,06:00:00,120.25,120.0,0.0,0.0,0.0,0.0,-4.12
2023-04-30 06:30:00,2023-04-30,06:30:00,120.271,120.0,0.0,0.0,0.0,0.0,0.69
2023-04-30 07:00:00,2023-04-30,07:00:00,120.292,120.0,0.0,0.0,0.0,0.0,4.13
2023-04-30 07:30:00,2023-04-30,07:30:00,120.312,120.0,0.0,0.0,0.0,0.0,9.38
2023-04-30 08:00:00,2023-04-30,08:00:00,120.333,120.0,0.0,0.0,0.0,0.0,11.96
2023-04-30 08:30:00,2023-04-30,08:30:00,120.354,120.0,0.0,0.0,0.0,0.0,13.27
2023-04-30 09:00:00,2023-04-30,09:00:00,120.375,120.0,0.0,0.0,0.0,0.0,13.64
2023-04-30 09:30:00,2023-04-30,09:30:00,120.396,120.0,0.0,0.0,0.0,0.0,13.96
2023-04-30 10:00:00,2023-04-30,10:00:00,120.417,120.0,0.0,0.0,0.0,0.0,13.24
2023-04-30 10:30:00,2023-04-30,10:30:00,120.438,120.0,0.0,0.0,0.0,0.0,13.63
2023-04-30 11:00:00,2023-04-30,11:00:00,120.458,120.0,0.0,0.0,0.0,0.0,13.77
2023-04-30 11:30:00,2023-04-30,11:30:00,120.479,120.0,0.0,0.0,0.0,0.0,14.45
2023-04-30 12:00:00,2023-04-30,12:00:00,120.5,120.0,0.0,0.0,0.0,0.0,14.17
2023-04-30 12:30:00,2023-04-30,12:30:00,120.521,120.0,0.0,0.0,0.0,0.0,13.56
2023-04-30 13:00:00,2023-04-30,13:00:00,120.542,120.0,0.0,0.0,0.0,0.0,15.19
2023-04-30 13:30:00,2023-04-30,13:30:00,120.562,120.0,0.0,0.0,0.0,0.0,15.42
2023-04-30 14:00:00,2023-04-30,14:00:00,120.583,120.0,0.0,0.0,0.0,0.0,16.51
2023-04-30 14:30:00,2023-04-30,14:30:00,120.604,120.0,0.0,0.0,0.0,0.0,16.61
2023-04-30 15:00:00,2023-04-30,15:00:00,120.625,120.0,0.0,0.0,0.0,0.0,16.66
2023-04-30 15:30:00,2023-04-30,15:30:00,120.646,120.0,0.0,0.0,0.0,0.0,15.83
2023-04-30 16:00:00,2023-04-30,16:00:00,120.667,120.0,0.0,0.0,0.0,0.0,15.0
2023-04-30 16:30:00,2023-04-30,16:30:00,120.688,120.0,0.0,0.0,0.0,0.0,13.01
2023-04-30 17:00:00,2023-04-30,17:00:00,120.708,120.0,0.0,0.0,0.0,0.0,10.99
2023-04-30 17:30:00,2023-04-30,17:30:00,120.729,120.0,0.0,0.0,0.0,0.0,8.44
2023-04-30 18:00:00,2023-04-30,18:00:00,120.75,120.0,0.0,0.0,0.0,0.0,3.34
2023-04-30 18:30:00,2023-04-30,18:30:00,120.771,120.0,0.0,0.0,0.0,0.0,0.66
2023-04-30 19:00:00,2023-04-30,19:00:00,120.792,120.0,0.0,0.0,0.0,0.0,-0.29
2023-04-30 19:30:00,2023-04-30,19:30:00,120.812,120.0,0.0,0.0,0.0,0.0,-1.1
2023-04-30 20:00:00,2023-04-30,20:00:00,120.833,120.0,0.0,0.0,0.0,0.0,-1.57
2023-04-30 20:30:00,2023-04-30,20:30:00,120.854,120.0,0.0,0.0,0.0,0.0,-2.05
2023-04-30 21:00:00,2023-04-30,21:00:00,120.875,120.0,0.0,0.0,0.0,0.0,-2.53
2023-04-30 21:30:00,2023-04-30,21:30:00,120.896,120.0,0.0,0.0,0.0,0.0,-3.06
2023-04-30 22:00:00,2023-04-30,22:00:00,120.917,120.0,0.0,0.0,0.0,0.0,-3.53
2023-04-30 22:30:00,2023-04-30,22:30:00,120.938,120.0,0.0,0.0,0.0,0.0,-3.48
2023-04-30 23:00:00,2023-04-30,23:00:00,120.958,120.0,0.0,0.0,0.0,0.0,-4.24
2023-04-30 23:30:00,2023-04-30,23:30:00,120.979,120.0,0.0,0.0,0.0,0.0,-5.0
2023-05-01 00:00:00,2023-05-01,00:00:00,121.0,121.0,0.0,0.0,0.0,0.0,-4.92
2023-05-01 00:30:00,2023-05-01,00:30:00,121.021,121.0,0.0,0.0,0.0,0.0,-5.43
2023-05-01 01:00:00,2023-05-01,01:00:00,121.042,121.0,0.0,0.0,0.0,0.0,-5.24
2023-05-01 01:30:00,2023-05-01,01:30:00,121.062,121.0,0.0,0.0,0.0,0.0,-5.36
2023-05-01 02:00:00,2023-05-01,02:00:00,121.083,121.0,0.0,0.0,0.0,0.0,-5.86
2023-05-01 02:30:00,2023-05-01,02:30:00,121.104,121.0,0.0,0.0,0.0,0.0,-6.1
2023-05-01 03:00:00,2023-05-01,03:00:00,121.125,121.0,0.0,0.0,0.0,0.0,-6.44
2023-05-01 03:30:00,2023-05-01,03:30:00,121.146,121.0,0.0,0.0,0.0,0.0,-6.61
2023-05-01 04:00:00,2023-05-01,04:00:00,121.167,121.0,0.0,0.0,0.0,0.0,-7.0
2023-05-01 04:30:00,2023-05-01,04:30:00,121.188,121.0,0.0,0.0,0.0,0.0,-7.04
2023-05-01 05:00:00,2023-05-01,05:00:00,121.208,121.0,0.0,0.0,0.0,0.0,-6.87
2023-05-01 05:30:00,2023-05-01,05:30:00,121.229,121.0,0.0,0.0,0.0,0.0,-6.92
2023-05-01 06:00:00,2023-05-01,06:00:00,121.25,121.0,0.0,0.0,0.0,0.0,-3.39
2023-05-01 06:30:00,2023-05-01,06:30:00,121.271,121.0,0.0,0.0,0.0,0.0,1.01
2023-05-01 07:00:00,2023-05-01,07:00:00,121.292,121.0,0.0,0.0,0.0,0.0,4.91
2023-05-01 07:30:00,2023-05-01,07:30:00,121.312,121.0,0.0,0.0,0.0,0.0,11.0
2023-05-01 08:00:00,2023-05-01,08:00:00,121.333,121.0,0.0,0.0,0.0,0.0,14.39
2023-05-01 08:30:00,2023-05-01,08:30:00,121.354,121.0,0.0,0.0,0.0,0.0,16.77
2023-05-01 09:00:00,2023-05-01,09:00:00,121.375,121.0,0.0,0.0,0.0,0.0,18.04
2023-05-01 09:30:00,2023-05-01,09:30:00,121.396,121.0,0.0,0.0,0.0,0.0,18.69
2023-05-01 10:00:00,2023-05-01,10:00:00,121.417,121.0,0.0,0.0,0.0,0.0,19.41
2023-05-01 10:30:00,2023-05-01,10:30:00,121.438,121.0,0.0,0.0,0.0,0.0,19.63
2023-05-01 11:00:00,2023-05-01,11:00:00,121.458,121.0,0.0,0.0,0.0,0.0,19.39
2023-05-01 11:30:00,2023-05-01,11:30:00,121.479,121.0,0.0,0.0,0.0,0.0,20.03
2023-05-01 12:00:00,2023-05-01,12:00:00,121.5,121.0,0.0,0.0,0.0,0.0,19.87
2023-05-01 12:30:00,2023-05-01,12:30:00,121.521,121.0,0.0,0.0,0.0,0.0,19.58
2023-05-01 13:00:00,2023-05-01,13:00:00,121.542,121.0,0.0,0.0,0.0,0.0,18.11
2023-05-01 13:30:00,2023-05-01,13:30:00,121.562,121.0,0.0,0.0,0.0,0.0,22.03
2023-05-01 14:00:00,2023-05-01,14:00:00,121.583,121.0,0.0,0.0,0.0,0.0,20.01
2023-05-01 14:30:00,2023-05-01,14:30:00,121.604,121.0,0.0,0.0,0.0,0.0,22.6
2023-05-01 15:00:00,2023-05-01,15:00:00,121.625,121.0,0.0,0.0,0.0,0.0,17.12
2023-05-01 15:30:00,2023-05-01,15:30:00,121.646,121.0,0.0,0.0,0.0,0.0,13.73
2023-05-01 16:00:00,2023-05-01,16:00:00,121.667,121.0,0.0,0.0,0.0,0.0,10.53
2023-05-01 16:30:00,2023-05-01,16:30:00,121.688,121.0,0.0,0.0,0.0,0.0,12.84
2023-05-01 17:00:00,2023-05-01,17:00:00,121.708,121.0,0.0,0.0,0.0,0.0,10.5
2023-05-01 17:30:00,2023-05-01,17:30:00,121.729,121.0,0.0,0.0,0.0,0.0,5.56
2023-05-01 18:00:00,2023-05-01,18:00:00,121.75,121.0,0.0,0.0,0.0,0.0,4.39
2023-05-01 18:30:00,2023-05-01,18:30:00,121.771,121.0,0.0,0.0,0.0,0.0,2.81
2023-05-01 19:00:00,2023-05-01,19:00:00,121.792,121.0,0.0,0.0,0.0,0.0,0.99
2023-05-01 19:30:00,2023-05-01,19:30:00,121.812,121.0,0.0,0.0,0.0,0.0,-0.07
2023-05-01 20:00:00,2023-05-01,20:00:00,121.833,121.0,0.0,0.0,0.0,0.0,-0.33
2023-05-01 20:30:00,2023-05-01,20:30:00,121.854,121.0,0.0,0.0,0.0,0.0,-1.01
2023-05-01 21:00:00,2023-05-01,21:00:00,121.875,121.0,0.0,0.0,0.0,0.0,-1.24
2023-05-01 21:30:00,2023-05-01,21:30:00,121.896,121.0,0.0,0.0,0.0,0.0,-1.52
2023-05-01 22:00:00,2023-05-01,22:00:00,121.917,121.0,0.0,0.0,0.0,0.0,-2.77
2023-05-01 22:30:00,2023-05-01,22:30:00,121.938,121.0,0.0,0.0,0.0,0.0,-3.29
2023-05-01 23:00:00,2023-05-01,23:00:00,121.958,121.0,0.0,0.0,0.0,0.0,-3.46
2023-05-01 23:30:00,2023-05-01,23:30:00,121.979,121.0,0.0,0.0,0.0,0.0,-3.61
2023-05-02 00:00:00,2023-05-02,00:00:00,122.0,122.0,0.0,0.0,0.0,0.0,-3.61
2023-05-02 00:30:00,2023-05-02,00:30:00,122.021,122.0,0.0,0.0,0.0,0.0,-4.29
2023-05-02 01:00:00,2023-05-02,01:00:00,122.042,122.0,0.0,0.0,0.0,0.0,-4.27
2023-05-02 01:30:00,2023-05-02,01:30:00,122.062,122.0,0.0,0.0,0.0,0.0,-3.33
2023-05-02 02:00:00,2023-05-02,02:00:00,122.083,122.0,0.0,0.0,0.0,0.0,-3.79
2023-05-02 02:30:00,2023-05-02,02:30:00,122.104,122.0,0.0,0.0,0.0,0.0,-4.63
2023-05-02 03:00:00,2023-05-02,03:00:00,122.125,122.0,0.0,0.0,0.0,0.0,-4.67
2023-05-02 03:30:00,2023-05-02,03:30:00,122.146,122.0,0.0,0.0,0.0,0.0,-4.12
2023-05-02 04:00:00,2023-05-02,04:00:00,122.167,122.0,0.0,0.0,0.0,0.0,-3.92
2023-05-02 04:30:00,2023-05-02,04:30:00,122.188,122.0,0.0,0.0,0.0,0.0,-4.14
2023-05-02 05:00:00,2023-05-02,05:00:00,122.208,122.0,0.0,0.0,0.0,0.0,-4.75
2023-05-02 05:30:00,2023-05-02,05:30:00,122.229,122.0,0.0,0.0,0.0,0.0,-4.16
2023-05-02 06:00:00,2023-05-02,06:00:00,122.25,122.0,0.0,0.0,0.0,0.0,-2.49
2023-05-02 06:30:00,2023-05-02,06:30:00,122.271,122.0,0.0,0.0,0.0,0.0,2.0
2023-05-02 07:00:00,2023-05-02,07:00:00,122.292,122.0,0.0,0.0,0.0,0.0,7.17
2023-05-02 07:30:00,2023-05-02,07:30:00,122.312,122.0,0.0,0.0,0.0,0.0,8.49
2023-05-02 08:00:00,2023-05-02,08:00:00,122.333,122.0,0.0,0.0,0.0,0.0,10.16
2023-05-02 08:30:00,2023-05-02,08:30:00,122.354,122.0,0.0,0.0,0.0,0.0,11.46
2023-05-02 09:00:00,2023-05-02,09:00:00,122.375,122.0,0.0,0.0,0.0,0.0,8.89
2023-05-02 09:30:00,2023-05-02,09:30:00,122.396,122.0,0.0,0.0,0.0,0.0,11.03
2023-05-02 10:00:00,2023-05-02,10:00:00,122.417,122.0,0.0,0.0,0.0,0.0,10.63
2023-05-02 10:30:00,2023-05-02,10:30:00,122.438,122.0,0.0,0.0,0.0,0.0,15.1
2023-05-02 11:00:00,2023-05-02,11:00:00,122.458,122.0,0.0,0.0,0.0,0.0,17.15
2023-05-02 11:30:00,2023-05-02,11:30:00,122.479,122.0,0.0,0.0,0.0,0.0,15.06
2023-05-02 12:00:00,2023-05-02,12:00:00,122.5,122.0,0.0,0.0,0.0,0.0,12.01
2023-05-02 12:30:00,2023-05-02,12:30:00,122.521,122.0,0.0,0.0,0.0,0.0,13.36
2023-05-02 13:00:00,2023-05-02,13:00:00,122.542,122.0,0.0,0.0,0.0,0.0,12.52
2023-05-02 13:30:00,2023-05-02,13:30:00,122.562,122.0,0.0,0.0,0.0,0.0,13.68
2023-05-02 14:00:00,2023-05-02,14:00:00,122.583,122.0,0.0,0.0,0.0,0.0,13.96
2023-05-02 14:30:00,2023-05-02,14:30:00,122.604,122.0,0.0,0.0,0.0,0.0,11.89
2023-05-02 15:00:00,2023-05-02,15:00:00,122.625,122.0,0.0,0.0,0.0,0.0,11.52
2023-05-02 15:30:00,2023-05-02,15:30:00,122.646,122.0,0.0,0.0,0.0,0.0,9.7
2023-05-02 16:00:00,2023-05-02,16:00:00,122.667,122.0,0.0,0.0,0.0,0.0,9.04
2023-05-02 16:30:00,2023-05-02,16:30:00,122.688,122.0,0.0,0.0,0.0,0.0,9.65
2023-05-02 17:00:00,2023-05-02,17:00:00,122.708,122.0,0.0,0.0,0.0,0.0,8.02
2023-05-02 17:30:00,2023-05-02,17:30:00,122.729,122.0,0.0,0.0,0.0,0.0,6.45
2023-05-02 18:00:00,2023-05-02,18:00:00,122.75,122.0,0.0,0.0,0.0,0.0,4.08
2023-05-02 18:30:00,2023-05-02,18:30:00,122.771,122.0,0.0,0.0,0.0,0.0,2.61
2023-05-02 19:00:00,2023-05-02,19:00:00,122.792,122.0,0.0,0.0,0.0,0.0,2.32
2023-05-02 19:30:00,2023-05-02,19:30:00,122.812,122.0,0.0,0.0,0.0,0.0,2.92
2023-05-02 20:00:00,2023-05-02,20:00:00,122.833,122.0,0.0,0.0,0.0,0.0,2.12
2023-05-02 20:30:00,2023-05-02,20:30:00,122.854,122.0,0.0,0.0,0.0,0.0,0.6
2023-05-02 21:00:00,2023-05-02,21:00:00,122.875,122.0,0.0,0.0,0.0,0.0,-0.68
2023-05-02 21:30:00,2023-05-02,21:30:00,122.896,122.0,0.0,0.0,0.0,0.0,-1.58
2023-05-02 22:00:00,2023-05-02,22:00:00,122.917,122.0,0.0,0.0,0.0,0.0,-1.73
2023-05-02 22:30:00,2023-05-02,22:30:00,122.938,122.0,0.0,0.0,0.0,0.0,-2.38
2023-05-02 23:00:00,2023-05-02,23:00:00,122.958,122.0,0.0,0.0,0.0,0.0,-2.79
2023-05-02 23:30:00,2023-05-02,23:30:00,122.979,122.0,0.0,0.0,0.0,0.0,-3.21
2023-05-03 00:00:00,2023-05-03,00:00:00,123.0,123.0,0.0,0.0,0.0,0.0,-3.29
2023-05-03 00:30:00,2023-05-03,00:30:00,123.021,123.0,0.0,0.0,0.0,0.0,-4.23
2023-05-03 01:00:00,2023-05-03,01:00:00,123.042,123.0,0.0,0.0,0.0,0.0,-4.45
2023-05-03 01:30:00,2023-05-03,01:30:00,123.062,123.0,0.0,0.0,0.0,0.0,-4.62
2023-05-03 02:00:00,2023-05-03,02:00:00,123.083,123.0,0.0,0.0,0.0,0.0,-4.41
2023-05-03 02:30:00,2023-05-03,02:30:00,123.104,123.0,0.0,0.0,0.0,0.0,-4.83
2023-05-03 03:00:00,2023-05-03,03:00:00,123.125,123.0,0.0,0.0,0.0,0.0,-5.32
2023-05-03 03:30:00,2023-05-03,03:30:00,123.146,123.0,0.0,0.0,0.0,0.0,-5.94
2023-05-03 04:00:00,2023-05-03,04:00:00,123.167,123.0,0.0,0.0,0.0,0.0,-5.99
2023-05-03 04:30:00,2023-05-03,04:30:00,123.188,123.0,0.0,0.0,0.0,0.0,-6.59
2023-05-03 05:00:00,2023-05-03,05:00:00,123.208,123.0,0.0,0.0,0.0,0.0,-6.6
2023-05-03 05:30:00,2023-05-03,05:30:00,123.229,123.0,0.0,0.0,0.0,0.0,-6.22
2023-05-03 06:00:00,2023-05-03,06:00:00,123.25,123.0,0.0,0.0,0.0,0.0,-3.29
2023-05-03 06:30:00,2023-05-03,06:30:00,123.271,123.0,0.0,0.0,0.0,0.0,1.25
2023-05-03 07:00:00,2023-05-03,07:00:00,123.292,123.0,0.0,0.0,0.0,0.0,5.56
2023-05-03 07:30:00,2023-05-03,07:30:00,123.312,123.0,0.0,0.0,0.0,0.0,10.83
2023-05-03 08:00:00,2023-05-03,08:00:00,123.333,123.0,0.0,0.0,0.0,0.0,13.96
2023-05-03 08:30:00,2023-05-03,08:30:00,123.354,123.0,0.0,0.0,0.0,0.0,16.26
2023-05-03 09:00:00,2023-05-03,09:00:00,123.375,123.0,0.0,0.0,0.0,0.0,17.34
2023-05-03 09:30:00,2023-05-03,09:30:00,123.396,123.0,0.0,0.0,0.0,0.0,16.79
2023-05-03 10:00:00,2023-05-03,10:00:00,123.417,123.0,0.0,0.0,0.0,0.0,16.82
2023-05-03 10:30:00,2023-05-03,10:30:00,123.438,123.0,0.0,0.0,0.0,0.0,17.86
2023-05-03 11:00:00,2023-05-03,11:00:00,123.458,123.0,0.0,0.0,0.0,0.0,17.07
2023-05-03 11:30:00,2023-05-03,11:30:00,123.479,123.0,0.0,0.0,0.0,0.0,18.17
2023-05-03 12:00:00,2023-05-03,12:00:00,123.5,123.0,0.0,0.0,0.0,0.0,19.66
2023-05-03 12:30:00,2023-05-03,12:30:00,123.521,123.0,0.0,0.0,0.0,0.0,20.04
2023-05-03 13:00:00,2023-05-03,13:00:00,123.542,123.0,0.0,0.0,0.0,0.0,20.04
2023-05-03 13:30:00,2023-05-03,13:30:00,123.562,123.0,0.0,0.0,0.0,0.0,18.87
2023-05-03 14:00:00,2023-05-03,14:00:00,123.583,123.0,0.0,0.0,0.0,0.0,19.64
2023-05-03 14:30:00,2023-05-03,14:30:00,123.604,123.0,0.0,0.0,0.0,0.0,19.31
2023-05-03 15:00:00,2023-05-03,15:00:00,123.625,123.0,0.0,0.0,0.0,0.0,18.12
2023-05-03 15:30:00,2023-05-03,15:30:00,123.646,123.0,0.0,0.0,0.0,0.0,19.33
2023-05-03 16:00:00,2023-05-03,16:00:00,123.667,123.0,0.0,0.0,0.0,0.0,17.23
2023-05-03 16:30:00,2023-05-03,16:30:00,123.688,123.0,0.0,0.0,0.0,0.0,14.05
2023-05-03 17:00:00,2023-05-03,17:00:00,123.708,123.0,0.0,0.0,0.0,0.0,11.77
2023-05-03 17:30:00,2023-05-03,17:30:00,123.729,123.0,0.0,0.0,0.0,0.0,10.88
2023-05-03 18:00:00,2023-05-03,18:00:00,123.75,123.0,0.0,0.0,0.0,0.0,6.14
2023-05-03 18:30:00,2023-05-03,18:30:00,123.771,123.0,0.0,0.0,0.0,0.0,4.96
2023-05-03 19:00:00,2023-05-03,19:00:00,123.792,123.0,0.0,0.0,0.0,0.0,2.41
2023-05-03 19:30:00,2023-05-03,19:30:00,123.812,123.0,0.0,0.0,0.0,0.0,0.76
2023-05-03 20:00:00,2023-05-03,20:00:00,123.833,123.0,0.0,0.0,0.0,0.0,1.71
2023-05-03 20:30:00,2023-05-03,20:30:00,123.854,123.0,0.0,0.0,0.0,0.0,0.88
2023-05-03 21:00:00,2023-05-03,21:00:00,123.875,123.0,0.0,0.0,0.0,0.0,1.02
2023-05-03 21:30:00,2023-05-03,21:30:00,123.896,123.0,0.0,0.0,0.0,0.0,-0.17
2023-05-03 22:00:00,2023-05-03,22:00:00,123.917,123.0,0.0,0.0,0.0,0.0,-1.68
2023-05-03 22:30:00,2023-05-03,22:30:00,123.938,123.0,0.0,0.0,0.0,0.0,-1.05
2023-05-03 23:00:00,2023-05-03,23:00:00,123.958,123.0,0.0,0.0,0.0,0.0,-1.81
2023-05-03 23:30:00,2023-05-03,23:30:00,123.979,123.0,0.0,0.0,0.0,0.0,-2.7
2023-05-04 00:00:00,2023-05-04,00:00:00,124.0,124.0,0.0,0.0,0.0,0.0,-2.55
2023-05-04 00:30:00,2023-05-04,00:30:00,124.021,124.0,0.0,0.0,0.0,0.0,-1.88
2023-05-04 01:00:00,2023-05-04,01:00:00,124.042,124.0,0.0,0.0,0.0,0.0,-1.94
2023-05-04 01:30:00,2023-05-04,01:30:00,124.062,124.0,0.0,0.0,0.0,0.0,-2.25
2023-05-04 02:00:00,2023-05-04,02:00:00,124.083,124.0,0.0,0.0,0.0,0.0,-2.92
2023-05-04 02:30:00,2023-05-04,02:30:00,124.104,124.0,0.0,0.0,0.0,0.0,-3.21
2023-05-04 03:00:00,2023-05-04,03:00:00,124.125,124.0,0.0,0.0,0.0,0.0,-2.87
2023-05-04 03:30:00,2023-05-04,03:30:00,124.146,124.0,0.0,0.0,0.0,0.0,-1.33
2023-05-04 04:00:00,2023-05-04,04:00:00,124.167,124.0,0.0,0.0,0.0,0.0,-0.46
2023-05-04 04:30:00,2023-05-04,04:30:00,124.188,124.0,0.0,0.0,0.0,0.0,-0.1
2023-05-04 05:00:00,2023-05-04,05:00:00,124.208,124.0,0.0,0.0,0.0,0.0,-0.03
2023-05-04 05:30:00,2023-05-04,05:30:00,124.229,124.0,1.42,1.51,1.48,1.26,-0.67
2023-05-04 06:00:00,2023-05-04,06:00:00,124.25,124.0,1.05,1.13,1.08,0.94,-0.63
2023-05-04 06:30:00,2023-05-04,06:30:00,124.271,124.0,0.28,0.3,0.28,0.25,-0.1
2023-05-04 07:00:00,2023-05-04,07:00:00,124.292,124.0,0.0,0.0,0.0,0.0,0.86
2023-05-04 07:30:00,2023-05-04,07:30:00,124.312,124.0,0.0,0.0,0.0,0.0,4.58
2023-05-04 08:00:00,2023-05-04,08:00:00,124.333,124.0,0.0,0.0,0.0,0.0,8.48
2023-05-04 08:30:00,2023-05-04,08:30:00,124.354,124.0,0.0,0.0,0.0,0.0,9.16
2023-05-04 09:00:00,2023-05-04,09:00:00,124.375,124.0,0.0,0.0,0.0,0.0,13.63
2023-05-04 09:30:00,2023-05-04,09:30:00,124.396,124.0,0.0,0.0,0.0,0.0,9.85
2023-05-04 10:00:00,2023-05-04,10:00:00,124.417,124.0,0.0,0.0,0.0,0.0,12.35
2023-05-04 10:30:00,2023-05-04,10:30:00,124.438,124.0,0.0,0.0,0.0,0.0,15.63
2023-05-04 11:00:00,2023-05-04,11:00:00,124.458,124.0,0.0,0.0,0.0,0.0,16.55
2023-05-04 11:30:00,2023-05-04,11:30:00,124.479,124.0,0.0,0.0,0.0,0.0,13.3
2023-05-04 12:00:00,2023-05-04,12:00:00,124.5,124.0,0.0,0.0,0.0,0.0,12.88
2023-05-04 12:30:00,2023-05-04,12:30:00,124.521,124.0,0.0,0.0,0.0,0.0,15.31
2023-05-04 13:00:00,2023-05-04,13:00:00,124.542,124.0,0.0,0.0,0.0,0.0,15.04
2023-05-04 13:30:00,2023-05-04,13:30:00,124.562,124.0,0.0,0.0,0.0,0.0,15.88
2023-05-04 14:00:00,2023-05-04,14:00:00,124.583,124.0,0.0,0.0,0.0,0.0,16.05
2023-05-04 14:30:00,2023-05-04,14:30:00,124.604,124.0,0.0,0.0,0.0,0.0,17.51
2023-05-04 15:00:00,2023-05-04,15:00:00,124.625,124.0,0.0,0.0,0.0,0.0,16.76
2023-05-04 15:30:00,2023-05-04,15:30:00,124.646,124.0,0.0,0.0,0.0,0.0,15.09
2023-05-04 16:00:00,2023-05-04,16:00:00,124.667,124.0,0.0,0.0,0.0,0.0,15.26
2023-05-04 16:30:00,2023-05-04,16:30:00,124.688,124.0,0.0,0.0,0.0,0.0,14.9
2023-05-04 17:00:00,2023-05-04,17:00:00,124.708,124.0,0.0,0.0,0.0,0.0,11.89
2023-05-04 17:30:00,2023-05-04,17:30:00,124.729,124.0,0.0,0.0,0.0,0.0,9.63
2023-05-04 18:00:00,2023-05-04,18:00:00,124.75,124.0,0.0,0.0,0.0,0.0,5.05
2023-05-04 18:30:00,2023-05-04,18:30:00,124.771,124.0,0.0,0.0,0.0,0.0,2.95
2023-05-04 19:00:00,2023-05-04,19:00:00,124.792,124.0,0.0,0.0,0.0,0.0,1.39
2023-05-04 19:30:00,2023-05-04,19:30:00,124.812,124.0,0.0,0.0,0.0,0.0,-0.36
2023-05-04 20:00:00,2023-05-04,20:00:00,124.833,124.0,0.0,0.0,0.0,0.0,-0.07
2023-05-04 20:30:00,2023-05-04,20:30:00,124.854,124.0,0.0,0.0,0.0,0.0,-0.81
2023-05-04 21:00:00,2023-05-04,21:00:00,124.875,124.0,0.0,0.0,0.0,0.0,0.18
2023-05-04 21:30:00,2023-05-04,21:30:00,124.896,124.0,0.0,0.0,0.0,0.0,0.34
2023-05-04 22:00:00,2023-05-04,22:00:00,124.917,124.0,0.0,0.0,0.0,0.0,-0.74
2023-05-04 22:30:00,2023-05-04,22:30:00,124.938,124.0,0.0,0.0,0.0,0.0,-2.66
2023-05-04 23:00:00,2023-05-04,23:00:00,124.958,124.0,0.0,0.0,0.0,0.0,-3.57
2023-05-04 23:30:00,2023-05-04,23:30:00,124.979,124.0,0.0,0.0,0.0,0.0,-3.79
2023-05-05 00:00:00,2023-05-05,00:00:00,125.0,125.0,0.0,0.0,0.0,0.0,-3.83
2023-05-05 00:30:00,2023-05-05,00:30:00,125.021,125.0,0.0,0.0,0.0,0.0,-4.02
2023-05-05 01:00:00,2023-05-05,01:00:00,125.042,125.0,0.0,0.0,0.0,0.0,-2.86
2023-05-05 01:30:00,2023-05-05,01:30:00,125.062,125.0,0.0,0.0,0.0,0.0,-3.59
2023-05-05 02:00:00,2023-05-05,02:00:00,125.083,125.0,0.0,0.0,0.0,0.0,-4.42
2023-05-05 02:30:00,2023-05-05,02:30:00,125.104,125.0,0.0,0.0,0.0,0.0,-4.31
2023-05-05 03:00:00,2023-05-05,03:00:00,125.125,125.0,0.0,0.0,0.0,0.0,-6.46
2023-05-05 03:30:00,2023-05-05,03:30:00,125.146,125.0,0.0,0.0,0.0,0.0,-6.63
2023-05-05 04:00:00,2023-05-05,04:00:00,125.167,125.0,0.0,0.0,0.0,0.0,-6.76
2023-05-05 04:30:00,2023-05-05,04:30:00,125.188,125.0,0.0,0.0,0.0,0.0,-7.11
2023-05-05 05:00:00,2023-05-05,05:00:00,125.208,125.0,0.0,0.0,0.0,0.0,-7.76
2023-05-05 05:30:00,2023-05-05,05:30:00,125.229,125.0,0.0,0.0,0.0,0.0,-7.35
2023-05-05 06:00:00,2023-05-05,06:00:00,125.25,125.0,0.0,0.0,0.0,0.0,-3.5
2023-05-05 06:30:00,2023-05-05,06:30:00,125.271,125.0,0.0,0.0,0.0,0.0,0.91
2023-05-05 07:00:00,2023-05-05,07:00:00,125.292,125.0,0.0,0.0,0.0,0.0,4.79
2023-05-05 07:30:00,2023-05-05,07:30:00,125.312,125.0,0.0,0.0,0.0,0.0,9.61
2023-05-05 08:00:00,2023-05-05,08:00:00,125.333,125.0,0.0,0.0,0.0,0.0,12.79
2023-05-05 08:30:00,2023-05-05,08:30:00,125.354,125.0,0.0,0.0,0.0,0.0,10.39
2023-05-05 09:00:00,2023-05-05,09:00:00,125.375,125.0,0.0,0.0,0.0,0.0,9.62
2023-05-05 09:30:00,2023-05-05,09:30:00,125.396,125.0,0.0,0.0,0.0,0.0,11.02
2023-05-05 10:00:00,2023-05-05,10:00:00,125.417,125.0,0.0,0.0,0.0,0.0,9.98
2023-05-05 10:30:00,2023-05-05,10:30:00,125.438,125.0,0.0,0.0,0.0,0.0,9.08
2023-05-05 11:00:00,2023-05-05,11:00:00,125.458,125.0,0.0,0.0,0.0,0.0,8.09
2023-05-05 11:30:00,2023-05-05,11:30:00,125.479,125.0,0.0,0.0,0.0,0.0,6.51
2023-05-05 12:00:00,2023-05-05,12:00:00,125.5,125.0,0.0,0.0,0.0,0.0,4.38
2023-05-05 12:30:00,2023-05-05,12:30:00,125.521,125.0,0.0,0.0,0.0,0.0,3.78
2023-05-05 13:00:00,2023-05-05,13:00:00,125.542,125.0,0.0,0.0,0.0,0.0,3.42
2023-05-05 13:30:00,2023-05-05,13:30:00,125.562,125.0,0.0,0.0,0.0,0.0,4.42
2023-05-05 14:00:00,2023-05-05,14:00:00,125.583,125.0,0.0,0.0,0.0,0.0,6.19
2023-05-05 14:30:00,2023-05-05,14:30:00,125.604,125.0,0.0,0.0,0.0,0.0,8.71
2023-05-05 15:00:00,2023-05-05,15:00:00,125.625,125.0,0.0,0.0,0.0,0.0,11.86
2023-05-05 15:30:00,2023-05-05,15:30:00,125.646,125.0,0.0,0.0,0.0,0.0,9.84
2023-05-05 16:00:00,2023-05-05,16:00:00,125.667,125.0,0.0,0.0,0.0,0.0,9.26
2023-05-05 16:30:00,2023-05-05,16:30:00,125.688,125.0,0.0,0.0,0.0,0.0,9.91
2023-05-05 17:00:00,2023-05-05,17:00:00,125.708,125.0,0.0,0.0,0.0,0.0,5.34
2023-05-05 17:30:00,2023-05-05,17:30:00,125.729,125.0,0.0,0.0,0.0,0.0,1.92
2023-05-05 18:00:00,2023-05-05,18:00:00,125.75,125.0,0.0,0.0,0.0,0.0,-1.16
2023-05-05 18:30:00,2023-05-05,18:30:00,125.771,125.0,0.0,0.0,0.0,0.0,-2.89
2023-05-05 19:00:00,2023-05-05,19:00:00,125.792,125.0,0.0,0.0,0.0,0.0,-3.9
2023-05-05 19:30:00,2023-05-05,19:30:00,125.812,125.0,0.0,0.0,0.0,0.0,-4.88
2023-05-05 20:00:00,2023-05-05,20:00:00,125.833,125.0,0.0,0.0,0.0,0.0,-4.86
2023-05-05 20:30:00,2023-05-05,20:30:00,125.854,125.0,0.0,0.0,0.0,0.0,-4.84
2023-05-05 21:00:00,2023-05-05,21:00:00,125.875,125.0,0.0,0.0,0.0,0.0,-5.13
2023-05-05 21:30:00,2023-05-05,21:30:00,125.896,125.0,0.0,0.0,0.0,0.0,-5.28
2023-05-05 22:00:00,2023-05-05,22:00:00,125.917,125.0,0.0,0.0,0.0,0.0,-4.67
2023-05-05 22:30:00,2023-05-05,22:30:00,125.938,125.0,0.0,0.0,0.0,0.0,-3.96
2023-05-05 23:00:00,2023-05-05,23:00:00,125.958,125.0,0.0,0.0,0.0,0.0,-3.82
2023-05-05 23:30:00,2023-05-05,23:30:00,125.979,125.0,0.0,0.0,0.0,0.0,-4.19
2023-05-06 00:00:00,2023-05-06,00:00:00,126.0,126.0,0.0,0.0,0.0,0.0,-3.73
2023-05-06 00:30:00,2023-05-06,00:30:00,126.021,126.0,0.0,0.0,0.0,0.0,-2.44
2023-05-06 01:00:00,2023-05-06,01:00:00,126.042,126.0,0.0,0.0,0.0,0.0,-2.26
2023-05-06 01:30:00,2023-05-06,01:30:00,126.062,126.0,0.0,0.0,0.0,0.0,-1.92
2023-05-06 02:00:00,2023-05-06,02:00:00,126.083,126.0,0.0,0.0,0.0,0.0,-1.39
2023-05-06 02:30:00,2023-05-06,02:30:00,126.104,126.0,0.0,0.0,0.0,0.0,-1.73
2023-05-06 03:00:00,2023-05-06,03:00:00,126.125,126.0,0.0,0.0,0.0,0.0,-2.23
2023-05-06 03:30:00,2023-05-06,03:30:00,126.146,126.0,0.7,0.7,0.7,0.71,-1.9
2023-05-06 04:00:00,2023-05-06,04:00:00,126.167,126.0,0.0,0.0,0.0,0.0,-3.0
2023-05-06 04:30:00,2023-05-06,04:30:00,126.188,126.0,0.0,0.0,0.0,0.0,-2.61
2023-05-06 05:00:00,2023-05-06,05:00:00,126.208,126.0,0.37,0.36,0.36,0.38,-2.5
2023-05-06 05:30:00,2023-05-06,05:30:00,126.229,126.0,0.07,0.0,0.0,0.21,-2.36
2023-05-06 06:00:00,2023-05-06,06:00:00,126.25,126.0,0.0,0.0,0.0,0.0,-2.11
2023-05-06 06:30:00,2023-05-06,06:30:00,126.271,126.0,0.0,0.0,0.0,0.0,-0.77
2023-05-06 07:00:00,2023-05-06,07:00:00,126.292,126.0,0.0,0.0,0.0,0.0,1.25
2023-05-06 07:30:00,2023-05-06,07:30:00,126.312,126.0,0.0,0.0,0.0,0.0,2.22
2023-05-06 08:00:00,2023-05-06,08:00:00,126.333,126.0,0.0,0.0,0.0,0.0,4.67
2023-05-06 08:30:00,2023-05-06,08:30:00,126.354,126.0,0.0,0.0,0.0,0.0,8.08
2023-05-06 09:00:00,2023-05-06,09:00:00,126.375,126.0,0.0,0.0,0.0,0.0,7.31
2023-05-06 09:30:00,2023-05-06,09:30:00,126.396,126.0,0.0,0.0,0.0,0.0,10.63
2023-05-06 10:00:00,2023-05-06,10:00:00,126.417,126.0,0.0,0.0,0.0,0.0,12.52
2023-05-06 10:30:00,2023-05-06,10:30:00,126.438,126.0,0.0,0.0,0.0,0.0,11.23
2023-05-06 11:00:00,2023-05-06,11:00:00,126.458,126.0,0.0,0.0,0.0,0.0,12.8
2023-05-06 11:30:00,2023-05-06,11:30:00,126.479,126.0,0.0,0.0,0.0,0.0,13.78
2023-05-06 12:00:00,2023-05-06,12:00:00,126.5,126.0,0.0,0.0,0.0,0.0,13.01
2023-05-06 12:30:00,2023-05-06,12:30:00,126.521,126.0,0.0,0.0,0.0,0.0,12.23
2023-05-06 13:00:00,2023-05-06,13:00:00,126.542,126.0,0.0,0.0,0.0,0.0,13.43
2023-05-06 13:30:00,2023-05-06,13:30:00,126.562,126.0,0.0,0.0,0.0,0.0,14.5
2023-05-06 14:00:00,2023-05-06,14:00:00,126.583,126.0,0.0,0.0,0.0,0.0,15.15
2023-05-06 14:30:00,2023-05-06,14:30:00,126.604,126.0,0.0,0.0,0.0,0.0,13.75
2023-05-06 15:00:00,2023-05-06,15:00:00,126.625,126.0,0.0,0.0,0.0,0.0,11.46
2023-05-06 15:30:00,2023-05-06,15:30:00,126.646,126.0,0.0,0.0,0.0,0.0,9.72
2023-05-06 16:00:00,2023-05-06,16:00:00,126.667,126.0,0.0,0.0,0.0,0.0,7.16
2023-05-06 16:30:00,2023-05-06,16:30:00,126.688,126.0,0.0,0.0,0.0,0.0,5.75
2023-05-06 17:00:00,2023-05-06,17:00:00,126.708,126.0,0.0,0.0,0.0,0.0,5.54
2023-05-06 17:30:00,2023-05-06,17:30:00,126.729,126.0,0.0,0.0,0.0,0.0,3.5
2023-05-06 18:00:00,2023-05-06,18:00:00,126.75,126.0,0.0,0.0,0.0,0.0,2.97
2023-05-06 18:30:00,2023-05-06,18:30:00,126.771,126.0,0.0,0.0,0.0,0.0,2.52
2023-05-06 19:00:00,2023-05-06,19:00:00,126.792,126.0,0.0,0.0,0.0,0.0,2.45
2023-05-06 19:30:00,2023-05-06,19:30:00,126.812,126.0,0.0,0.0,0.0,0.0,1.06
2023-05-06 20:00:00,2023-05-06,20:00:00,126.833,126.0,0.0,0.0,0.0,0.0,0.92
2023-05-06 20:30:00,2023-05-06,20:30:00,126.854,126.0,0.0,0.0,0.0,0.0,-0.82
2023-05-06 21:00:00,2023-05-06,21:00:00,126.875,126.0,0.0,0.0,0.0,0.0,-1.01
2023-05-06 21:30:00,2023-05-06,21:30:00,126.896,126.0,0.0,0.0,0.0,0.0,-1.66
2023-05-06 22:00:00,2023-05-06,22:00:00,126.917,126.0,0.0,0.0,0.0,0.0,-0.83
2023-05-06 22:30:00,2023-05-06,22:30:00,126.938,126.0,0.0,0.0,0.0,0.0,-0.46
2023-05-06 23:00:00,2023-05-06,23:00:00,126.958,126.0,0.0,0.0,0.0,0.0,0.55
2023-05-06 23:30:00,2023-05-06,23:30:00,126.979,126.0,0.0,0.0,0.0,0.0,0.98
2023-05-07 00:00:00,2023-05-07,00:00:00,127.0,127.0,0.0,0.0,0.0,0.0,1.09
2023-05-07 00:30:00,2023-05-07,00:30:00,127.021,127.0,0.0,0.0,0.0,0.0,0.77
2023-05-07 01:00:00,2023-05-07,01:00:00,127.042,127.0,0.0,0.0,0.0,0.0,0.14
2023-05-07 01:30:00,2023-05-07,01:30:00,127.062,127.0,0.0,0.0,0.0,0.0,-0.3
2023-05-07 02:00:00,2023-05-07,02:00:00,127.083,127.0,0.0,0.0,0.0,0.0,-0.54
2023-05-07 02:30:00,2023-05-07,02:30:00,127.104,127.0,0.0,0.0,0.0,0.0,-0.74
2023-05-07 03:00:00,2023-05-07,03:00:00,127.125,127.0,0.0,0.0,0.0,0.0,-1.6
2023-05-07 03:30:00,2023-05-07,03:30:00,127.146,127.0,0.0,0.0,0.0,0.0,-1.71
2023-05-07 04:00:00,2023-05-07,04:00:00,127.167,127.0,0.0,0.0,0.0,0.0,-0.95
2023-05-07 04:30:00,2023-05-07,04:30:00,127.188,127.0,0.0,0.0,0.0,0.0,-0.75
2023-05-07 05:00:00,2023-05-07,05:00:00,127.208,127.0,0.0,0.0,0.0,0.0,-0.99
2023-05-07 05:30:00,2023-05-07,05:30:00,127.229,127.0,0.0,0.0,0.0,0.0,-1.08
2023-05-07 06:00:00,2023-05-07,06:00:00,127.25,127.0,0.0,0.0,0.0,0.0,-0.51
2023-05-07 06:30:00,2023-05-07,06:30:00,127.271,127.0,0.0,0.0,0.0,0.0,-0.25
2023-05-07 07:00:00,2023-05-07,07:00:00,127.292,127.0,0.0,0.0,0.0,0.0,0.54
2023-05-07 07:30:00,2023-05-07,07:30:00,127.312,127.0,0.0,0.0,0.0,0.0,1.93
2023-05-07 08:00:00,2023-05-07,08:00:00,127.333,127.0,0.0,0.0,0.0,0.0,2.01
2023-05-07 08:30:00,2023-05-07,08:30:00,127.354,127.0,0.0,0.0,0.0,0.0,2.27
2023-05-07 09:00:00,2023-05-07,09:00:00,127.375,127.0,0.0,0.0,0.0,0.0,2.53
2023-05-07 09:30:00,2023-05-07,09:30:00,127.396,127.0,0.0,0.0,0.0,0.0,3.52
2023-05-07 10:00:00,2023-05-07,10:00:00,127.417,127.0,0.0,0.0,0.0,0.0,3.59
2023-05-07 10:30:00,2023-05-07,10:30:00,127.438,127.0,0.0,0.0,0.0,0.0,5.24
2023-05-07 11:00:00,2023-05-07,11:00:00,127.458,127.0,0.0,0.0,0.0,0.0,7.33
2023-05-07 11:30:00,2023-05-07,11:30:00,127.479,127.0,0.0,0.0,0.0,0.0,10.86
2023-05-07 12:00:00,2023-05-07,12:00:00,127.5,127.0,0.0,0.0,0.0,0.0,11.28
2023-05-07 12:30:00,2023-05-07,12:30:00,127.521,127.0,0.0,0.0,0.0,0.0,10.99
2023-05-07 13:00:00,2023-05-07,13:00:00,127.542,127.0,0.0,0.0,0.0,0.0,10.73
2023-05-07 13:30:00,2023-05-07,13:30:00,127.562,127.0,0.0,0.0,0.0,0.0,9.96
2023-05-07 14:00:00,2023-05-07,14:00:00,127.583,127.0,0.0,0.0,0.0,0.0,9.33
2023-05-07 14:30:00,2023-05-07,14:30:00,127.604,127.0,0.0,0.0,0.0,0.0,11.11
2023-05-07 15:00:00,2023-05-07,15:00:00,127.625,127.0,0.0,0.0,0.0,0.0,12.46
2023-05-07 15:30:00,2023-05-07,15:30:00,127.646,127.0,0.0,0.0,0.0,0.0,10.78
2023-05-07 16:00:00,2023-05-07,16:00:00,127.667,127.0,0.0,0.0,0.0,0.0,10.42
2023-05-07 16:30:00,2023-05-07,16:30:00,127.688,127.0,0.0,0.0,0.0,0.0,10.02
2023-05-07 17:00:00,2023-05-07,17:00:00,127.708,127.0,0.0,0.0,0.0,0.0,8.03
2023-05-07 17:30:00,2023-05-07,17:30:00,127.729,127.0,0.0,0.0,0.0,0.0,6.41
2023-05-07 18:00:00,2023-05-07,18:00:00,127.75,127.0,0.0,0.0,0.0,0.0,1.73
2023-05-07 18:30:00,2023-05-07,18:30:00,127.771,127.0,0.0,0.0,0.0,0.0,0.38
2023-05-07 19:00:00,2023-05-07,19:00:00,127.792,127.0,0.0,0.0,0.0,0.0,-1.18
2023-05-07 19:30:00,2023-05-07,19:30:00,127.812,127.0,0.0,0.0,0.0,0.0,-2.33
2023-05-07 20:00:00,2023-05-07,20:00:00,127.833,127.0,0.0,0.0,0.0,0.0,-3.27
2023-05-07 20:30:00,2023-05-07,20:30:00,127.854,127.0,0.0,0.0,0.0,0.0,-2.15
2023-05-07 21:00:00,2023-05-07,21:00:00,127.875,127.0,0.0,0.0,0.0,0.0,-3.43
2023-05-07 21:30:00,2023-05-07,21:30:00,127.896,127.0,0.0,0.0,0.0,0.0,-3.68
2023-05-07 22:00:00,2023-05-07,22:00:00,127.917,127.0,0.0,0.0,0.0,0.0,-3.53
2023-05-07 22:30:00,2023-05-07,22:30:00,127.938,127.0,0.0,0.0,0.0,0.0,-3.18
2023-05-07 23:00:00,2023-05-07,23:00:00,127.958,127.0,0.0,0.0,0.0,0.0,-3.5
2023-05-07 23:30:00,2023-05-07,23:30:00,127.979,127.0,0.0,0.0,0.0,0.0,-3.83
2023-05-08 00:00:00,2023-05-08,00:00:00,128.0,128.0,0.0,0.0,0.0,0.0,-3.65
2023-05-08 00:30:00,2023-05-08,00:30:00,128.021,128.0,0.0,0.0,0.0,0.0,-4.4
2023-05-08 01:00:00,2023-05-08,01:00:00,128.042,128.0,0.0,0.0,0.0,0.0,-3.82
2023-05-08 01:30:00,2023-05-08,01:30:00,128.062,128.0,0.0,0.0,0.0,0.0,-3.5
2023-05-08 02:00:00,2023-05-08,02:00:00,128.083,128.0,0.0,0.0,0.0,0.0,-4.35
2023-05-08 02:30:00,2023-05-08,02:30:00,128.104,128.0,0.0,0.0,0.0,0.0,-5.3
2023-05-08 03:00:00,2023-05-08,03:00:00,128.125,128.0,0.0,0.0,0.0,0.0,-5.74
2023-05-08 03:30:00,2023-05-08,03:30:00,128.146,128.0,0.0,0.0,0.0,0.0,-7.05
2023-05-08 04:00:00,2023-05-08,04:00:00,128.167,128.0,0.0,0.0,0.0,0.0,-7.34
2023-05-08 04:30:00,2023-05-08,04:30:00,128.188,128.0,0.0,0.0,0.0,0.0,-7.56
2023-05-08 05:00:00,2023-05-08,05:00:00,128.208,128.0,0.0,0.0,0.0,0.0,-6.88
2023-05-08 05:30:00,2023-05-08,05:30:00,128.229,128.0,0.0,0.0,0.0,0.0,-6.48
2023-05-08 06:00:00,2023-05-08,06:00:00,128.25,128.0,0.0,0.0,0.0,0.0,-2.29
2023-05-08 06:30:00,2023-05-08,06:30:00,128.271,128.0,0.0,0.0,0.0,0.0,-1.04
2023-05-08 07:00:00,2023-05-08,07:00:00,128.292,128.0,0.0,0.0,0.0,0.0,2.36
2023-05-08 07:30:00,2023-05-08,07:30:00,128.312,128.0,0.0,0.0,0.0,0.0,3.5
2023-05-08 08:00:00,2023-05-08,08:00:00,128.333,128.0,0.0,0.0,0.0,0.0,9.02
2023-05-08 08:30:00,2023-05-08,08:30:00,128.354,128.0,0.0,0.0,0.0,0.0,14.86
2023-05-08 09:00:00,2023-05-08,09:00:00,128.375,128.0,0.0,0.0,0.0,0.0,14.68
2023-05-08 09:30:00,2023-05-08,09:30:00,128.396,128.0,0.0,0.0,0.0,0.0,14.66
2023-05-08 10:00:00,2023-05-08,10:00:00,128.417,128.0,0.0,0.0,0.0,0.0,15.33
2023-05-08 10:30:00,2023-05-08,10:30:00,128.438,128.0,0.0,0.0,0.0,0.0,14.27
2023-05-08 11:00:00,2023-05-08,11:00:00,128.458,128.0,0.0,0.0,0.0,0.0,13.92
2023-05-08 11:30:00,2023-05-08,11:30:00,128.479,128.0,0.0,0.0,0.0,0.0,16.08
2023-05-08 12:00:00,2023-05-08,12:00:00,128.5,128.0,0.0,0.0,0.0,0.0,16.44
2023-05-08 12:30:00,2023-05-08,12:30:00,128.521,128.0,0.0,0.0,0.0,0.0,16.92
2023-05-08 13:00:00,2023-05-08,13:00:00,128.542,128.0,0.0,0.0,0.0,0.0,18.02
2023-05-08 13:30:00,2023-05-08,13:30:00,128.562,128.0,0.0,0.0,0.0,0.0,16.18
2023-05-08 14:00:00,2023-05-08,14:00:00,128.583,128.0,0.0,0.0,0.0,0.0,15.73
2023-05-08 14:30:00,2023-05-08,14:30:00,128.604,128.0,0.0,0.0,0.0,0.0,11.71
2023-05-08 15:00:00,2023-05-08,15:00:00,128.625,128.0,0.0,0.0,0.0,0.0,10.13
2023-05-08 15:30:00,2023-05-08,15:30:00,128.646,128.0,0.0,0.0,0.0,0.0,12.89
2023-05-08 16:00:00,2023-05-08,16:00:00,128.667,128.0,0.0,0.0,0.0,0.0,14.95
2023-05-08 16:30:00,2023-05-08,16:30:00,128.688,128.0,0.0,0.0,0.0,0.0,12.76
2023-05-08 17:00:00,2023-05-08,17:00:00,128.708,128.0,0.0,0.0,0.0,0.0,8.47
2023-05-08 17:30:00,2023-05-08,17:30:00,128.729,128.0,0.0,0.0,0.0,0.0,5.02
2023-05-08 18:00:00,2023-05-08,18:00:00,128.75,128.0,0.0,0.0,0.0,0.0,4.2
2023-05-08 18:30:00,2023-05-08,18:30:00,128.771,128.0,0.0,0.0,0.0,0.0,4.82
2023-05-08 19:00:00,2023-05-08,19:00:00,128.792,128.0,0.0,0.0,0.0,0.0,1.55
2023-05-08 19:30:00,2023-05-08,19:30:00,128.812,128.0,0.0,0.0,0.0,0.0,-0.76
2023-05-08 20:00:00,2023-05-08,20:00:00,128.833,128.0,0.0,0.0,0.0,0.0,-0.93
2023-05-08 20:30:00,2023-05-08,20:30:00,128.854,128.0,0.0,0.0,0.0,0.0,3.82
2023-05-08 21:00:00,2023-05-08,21:00:00,128.875,128.0,0.0,0.0,0.0,0.0,1.48
2023-05-08 21:30:00,2023-05-08,21:30:00,128.896,128.0,0.0,0.0,0.0,0.0,0.54
2023-05-08 22:00:00,2023-05-08,22:00:00,128.917,128.0,0.0,0.0,0.0,0.0,0.05
2023-05-08 22:30:00,2023-05-08,22:30:00,128.938,128.0,0.0,0.0,0.0,0.0,-1.43
2023-05-08 23:00:00,2023-05-08,23:00:00,128.958,128.0,0.0,0.0,0.0,0.0,-2.72
2023-05-08 23:30:00,2023-05-08,23:30:00,128.979,128.0,0.0,0.0,0.0,0.0,-3.98
2023-05-09 00:00:00,2023-05-09,00:00:00,129.0,129.0,0.0,0.0,0.0,0.0,-4.07
2023-05-09 00:30:00,2023-05-09,00:30:00,129.021,129.0,0.0,0.0,0.0,0.0,-4.84
2023-05-09 01:00:00,2023-05-09,01:00:00,129.042,129.0,0.0,0.0,0.0,0.0,-5.33
2023-05-09 01:30:00,2023-05-09,01:30:00,129.062,129.0,0.0,0.0,0.0,0.0,-4.35
2023-05-09 02:00:00,2023-05-09,02:00:00,129.083,129.0,0.0,0.0,0.0,0.0,-5.82
2023-05-09 02:30:00,2023-05-09,02:30:00,129.104,129.0,0.0,0.0,0.0,0.0,-6.03
2023-05-09 03:00:00,2023-05-09,03:00:00,129.125,129.0,0.0,0.0,0.0,0.0,-6.11
2023-05-09 03:30:00,2023-05-09,03:30:00,129.146,129.0,0.0,0.0,0.0,0.0,-6.6
2023-05-09 04:00:00,2023-05-09,04:00:00,129.167,129.0,0.0,0.0,0.0,0.0,-6.79
2023-05-09 04:30:00,2023-05-09,04:30:00,129.188,129.0,0.0,0.0,0.0,0.0,-6.99
2023-05-09 05:00:00,2023-05-09,05:00:00,129.208,129.0,0.0,0.0,0.0,0.0,-7.02
2023-05-09 05:30:00,2023-05-09,05:30:00,129.229,129.0,0.0,0.0,0.0,0.0,-6.76
2023-05-09 06:00:00,2023-05-09,06:00:00,129.25,129.0,0.0,0.0,0.0,0.0,-2.26
2023-05-09 06:30:00,2023-05-09,06:30:00,129.271,129.0,0.0,0.0,0.0,0.0,2.8
2023-05-09 07:00:00,2023-05-09,07:00:00,129.292,129.0,0.0,0.0,0.0,0.0,6.62
2023-05-09 07:30:00,2023-05-09,07:30:00,129.312,129.0,0.0,0.0,0.0,0.0,11.67
2023-05-09 08:00:00,2023-05-09,08:00:00,129.333,129.0,0.0,0.0,0.0,0.0,15.02
2023-05-09 08:30:00,2023-05-09,08:30:00,129.354,129.0,0.0,0.0,0.0,0.0,16.76
2023-05-09 09:00:00,2023-05-09,09:00:00,129.375,129.0,0.0,0.0,0.0,0.0,18.12
2023-05-09 09:30:00,2023-05-09,09:30:00,129.396,129.0,0.0,0.0,0.0,0.0,15.81
2023-05-09 10:00:00,2023-05-09,10:00:00,129.417,129.0,0.0,0.0,0.0,0.0,15.38
2023-05-09 10:30:00,2023-05-09,10:30:00,129.438,129.0,0.0,0.0,0.0,0.0,17.45
2023-05-09 11:00:00,2023-05-09,11:00:00,129.458,129.0,0.0,0.0,0.0,0.0,15.76
2023-05-09 11:30:00,2023-05-09,11:30:00,129.479,129.0,0.0,0.0,0.0,0.0,16.18
2023-05-09 12:00:00,2023-05-09,12:00:00,129.5,129.0,0.0,0.0,0.0,0.0,16.02
2023-05-09 12:30:00,2023-05-09,12:30:00,129.521,129.0,0.0,0.0,0.0,0.0,16.6
2023-05-09 13:00:00,2023-05-09,13:00:00,129.542,129.0,0.0,0.0,0.0,0.0,18.24
2023-05-09 13:30:00,2023-05-09,13:30:00,129.562,129.0,0.0,0.0,0.0,0.0,17.78
2023-05-09 14:00:00,2023-05-09,14:00:00,129.583,129.0,0.0,0.0,0.0,0.0,18.23
2023-05-09 14:30:00,2023-05-09,14:30:00,129.604,129.0,0.0,0.0,0.0,0.0,18.47
2023-05-09 15:00:00,2023-05-09,15:00:00,129.625,129.0,0.0,0.0,0.0,0.0,17.51
2023-05-09 15:30:00,2023-05-09,15:30:00,129.646,129.0,0.0,0.0,0.0,0.0,17.6
2023-05-09 16:00:00,2023-05-09,16:00:00,129.667,129.0,0.0,0.0,0.0,0.0,16.21
2023-05-09 16:30:00,2023-05-09,16:30:00,129.688,129.0,0.0,0.0,0.0,0.0,14.47
2023-05-09 17:00:00,2023-05-09,17:00:00,129.708,129.0,0.0,0.0,0.0,0.0,12.48
2023-05-09 17:30:00,2023-05-09,17:30:00,129.729,129.0,0.0,0.0,0.0,0.0,9.47
2023-05-09 18:00:00,2023-05-09,18:00:00,129.75,129.0,0.0,0.0,0.0,0.0,4.36
2023-05-09 18:30:00,2023-05-09,18:30:00,129.771,129.0,0.0,0.0,0.0,0.0,2.46
2023-05-09 19:00:00,2023-05-09,19:00:00,129.792,129.0,0.0,0.0,0.0,0.0,1.52
2023-05-09 19:30:00,2023-05-09,19:30:00,129.812,129.0,0.0,0.0,0.0,0.0,0.24
2023-05-09 20:00:00,2023-05-09,20:00:00,129.833,129.0,0.0,0.0,0.0,0.0,-0.67
2023-05-09 20:30:00,2023-05-09,20:30:00,129.854,129.0,0.0,0.0,0.0,0.0,-1.35
2023-05-09 21:00:00,2023-05-09,21:00:00,129.875,129.0,0.0,0.0,0.0,0.0,-1.66
2023-05-09 21:30:00,2023-05-09,21:30:00,129.896,129.0,0.0,0.0,0.0,0.0,-2.49
2023-05-09 22:00:00,2023-05-09,22:00:00,129.917,129.0,0.0,0.0,0.0,0.0,-2.43
2023-05-09 22:30:00,2023-05-09,22:30:00,129.938,129.0,0.0,0.0,0.0,0.0,-2.89
2023-05-09 23:00:00,2023-05-09,23:00:00,129.958,129.0,0.0,0.0,0.0,0.0,-3.59
2023-05-09 23:30:00,2023-05-09,23:30:00,129.979,129.0,0.0,0.0,0.0,0.0,-4.29
2023-05-10 00:00:00,2023-05-10,00:00:00,130.0,130.0,0.0,0.0,0.0,0.0,-4.4
2023-05-10 00:30:00,2023-05-10,00:30:00,130.021,130.0,0.0,0.0,0.0,0.0,-3.69
2023-05-10 01:00:00,2023-05-10,01:00:00,130.042,130.0,0.0,0.0,0.0,0.0,-4.63
2023-05-10 01:30:00,2023-05-10,01:30:00,130.062,130.0,0.0,0.0,0.0,0.0,-5.06
2023-05-10 02:00:00,2023-05-10,02:00:00,130.083,130.0,0.0,0.0,0.0,0.0,-5.5
2023-05-10 02:30:00,2023-05-10,02:30:00,130.104,130.0,0.0,0.0,0.0,0.0,-6.16
2023-05-10 03:00:00,2023-05-10,03:00:00,130.125,130.0,0.0,0.0,0.0,0.0,-4.94
2023-05-10 03:30:00,2023-05-10,03:30:00,130.146,130.0,0.0,0.0,0.0,0.0,-6.37
2023-05-10 04:00:00,2023-05-10,04:00:00,130.167,130.0,0.0,0.0,0.0,0.0,-6.59
2023-05-10 04:30:00,2023-05-10,04:30:00,130.188,130.0,0.0,0.0,0.0,0.0,-6.74
2023-05-10 05:00:00,2023-05-10,05:00:00,130.208,130.0,0.0,0.0,0.0,0.0,-6.49
2023-05-10 05:30:00,2023-05-10,05:30:00,130.229,130.0,0.0,0.0,0.0,0.0,-6.53
2023-05-10 06:00:00,2023-05-10,06:00:00,130.25,130.0,0.0,0.0,0.0,0.0,-1.33
2023-05-10 06:30:00,2023-05-10,06:30:00,130.271,130.0,0.0,0.0,0.0,0.0,2.73
2023-05-10 07:00:00,2023-05-10,07:00:00,130.292,130.0,0.0,0.0,0.0,0.0,6.67
2023-05-10 07:30:00,2023-05-10,07:30:00,130.312,130.0,0.0,0.0,0.0,0.0,12.16
2023-05-10 08:00:00,2023-05-10,08:00:00,130.333,130.0,0.0,0.0,0.0,0.0,15.58
2023-05-10 08:30:00,2023-05-10,08:30:00,130.354,130.0,0.0,0.0,0.0,0.0,17.56
2023-05-10 09:00:00,2023-05-10,09:00:00,130.375,130.0,0.0,0.0,0.0,0.0,16.93
2023-05-10 09:30:00,2023-05-10,09:30:00,130.396,130.0,0.0,0.0,0.0,0.0,16.57
2023-05-10 10:00:00,2023-05-10,10:00:00,130.417,130.0,0.0,0.0,0.0,0.0,16.61
2023-05-10 10:30:00,2023-05-10,10:30:00,130.438,130.0,0.0,0.0,0.0,0.0,13.95
2023-05-10 11:00:00,2023-05-10,11:00:00,130.458,130.0,0.0,0.0,0.0,0.0,15.98
2023-05-10 11:30:00,2023-05-10,11:30:00,130.479,130.0,0.0,0.0,0.0,0.0,14.28
2023-05-10 12:00:00,2023-05-10,12:00:00,130.5,130.0,0.0,0.0,0.0,0.0,10.84
2023-05-10 12:30:00,2023-05-10,12:30:00,130.521,130.0,0.0,0.0,0.0,0.0,11.48
2023-05-10 13:00:00,2023-05-10,13:00:00,130.542,130.0,0.0,0.0,0.0,0.0,11.73
2023-05-10 13:30:00,2023-05-10,13:30:00,130.562,130.0,0.0,0.0,0.0,0.0,11.95
2023-05-10 14:00:00,2023-05-10,14:00:00,130.583,130.0,0.0,0.0,0.0,0.0,10.87
2023-05-10 14:30:00,2023-05-10,14:30:00,130.604,130.0,0.0,0.0,0.0,0.0,10.93
2023-05-10 15:00:00,2023-05-10,15:00:00,130.625,130.0,0.0,0.0,0.0,0.0,10.68
2023-05-10 15:30:00,2023-05-10,15:30:00,130.646,130.0,0.0,0.0,0.0,0.0,7.88
2023-05-10 16:00:00,2023-05-10,16:00:00,130.667,130.0,0.0,0.0,0.0,0.0,6.19
2023-05-10 16:30:00,2023-05-10,16:30:00,130.688,130.0,0.0,0.0,0.0,0.0,5.38
2023-05-10 17:00:00,2023-05-10,17:00:00,130.708,130.0,0.0,0.0,0.0,0.0,2.86
2023-05-10 17:30:00,2023-05-10,17:30:00,130.729,130.0,0.0,0.0,0.0,0.0,2.41
2023-05-10 18:00:00,2023-05-10,18:00:00,130.75,130.0,0.0,0.0,0.0,0.0,2.54
2023-05-10 18:30:00,2023-05-10,18:30:00,130.771,130.0,0.0,0.0,0.0,0.0,2.22
2023-05-10 19:00:00,2023-05-10,19:00:00,130.792,130.0,0.0,0.0,0.0,0.0,1.43
2023-05-10 19:30:00,2023-05-10,19:30:00,130.812,130.0,0.0,0.0,0.0,0.0,0.11
2023-05-10 20:00:00,2023-05-10,20:00:00,130.833,130.0,0.0,0.0,0.0,0.0,0.62
2023-05-10 20:30:00,2023-05-10,20:30:00,130.854,130.0,0.0,0.0,0.0,0.0,0.83
2023-05-10 21:00:00,2023-05-10,21:00:00,130.875,130.0,0.0,0.0,0.0,0.0,0.27
2023-05-10 21:30:00,2023-05-10,21:30:00,130.896,130.0,0.0,0.0,0.0,0.0,-0.38
2023-05-10 22:00:00,2023-05-10,22:00:00,130.917,130.0,0.0,0.0,0.0,0.0,0.48
2023-05-10 22:30:00,2023-05-10,22:30:00,130.938,130.0,0.0,0.0,0.0,0.0,-0.07
2023-05-10 23:00:00,2023-05-10,23:00:00,130.958,130.0,0.0,0.0,0.0,0.0,-0.32
2023-05-10 23:30:00,2023-05-10,23:30:00,130.979,130.0,0.0,0.0,0.0,0.0,0.91
2023-05-11 00:00:00,2023-05-11,00:00:00,131.0,131.0,0.0,0.0,0.0,0.0,1.02
2023-05-11 00:30:00,2023-05-11,00:30:00,131.021,131.0,0.0,0.0,0.0,0.0,-0.07
2023-05-11 01:00:00,2023-05-11,01:00:00,131.042,131.0,0.44,0.46,0.44,0.41,-0.34
2023-05-11 01:30:00,2023-05-11,01:30:00,131.062,131.0,0.0,0.0,0.0,0.0,-0.67
2023-05-11 02:00:00,2023-05-11,02:00:00,131.083,131.0,0.0,0.0,0.0,0.0,-1.16
2023-05-11 02:30:00,2023-05-11,02:30:00,131.104,131.0,0.0,0.0,0.0,0.0,-2.96
2023-05-11 03:00:00,2023-05-11,03:00:00,131.125,131.0,0.0,0.0,0.0,0.0,-3.76
2023-05-11 03:30:00,2023-05-11,03:30:00,131.146,131.0,0.0,0.0,0.0,0.0,-3.16
2023-05-11 04:00:00,2023-05-11,04:00:00,131.167,131.0,0.0,0.0,0.0,0.0,-2.51
2023-05-11 04:30:00,2023-05-11,04:30:00,131.188,131.0,0.0,0.0,0.0,0.0,-1.7
2023-05-11 05:00:00,2023-05-11,05:00:00,131.208,131.0,0.0,0.0,0.0,0.0,-1.38
2023-05-11 05:30:00,2023-05-11,05:30:00,131.229,131.0,0.0,0.0,0.0,0.0,-0.99
2023-05-11 06:00:00,2023-05-11,06:00:00,131.25,131.0,0.23,0.25,0.23,0.22,-0.76
2023-05-11 06:30:00,2023-05-11,06:30:00,131.271,131.0,0.0,0.0,0.0,0.0,-0.33
2023-05-11 07:00:00,2023-05-11,07:00:00,131.292,131.0,0.0,0.0,0.0,0.0,0.48
2023-05-11 07:30:00,2023-05-11,07:30:00,131.312,131.0,0.52,0.54,0.53,0.48,0.23
2023-05-11 08:00:00,2023-05-11,08:00:00,131.333,131.0,0.99,1.04,1.0,0.92,0.04
2023-05-11 08:30:00,2023-05-11,08:30:00,131.354,131.0,0.81,0.85,0.83,0.76,0.43
2023-05-11 09:00:00,2023-05-11,09:00:00,131.375,131.0,0.56,0.59,0.55,0.52,1.4
2023-05-11 09:30:00,2023-05-11,09:30:00,131.396,131.0,1.1,1.15,1.13,1.01,-0.24
2023-05-11 10:00:00,2023-05-11,10:00:00,131.417,131.0,1.23,1.29,1.25,1.14,0.26
2023-05-11 10:30:00,2023-05-11,10:30:00,131.438,131.0,1.25,1.31,1.26,1.16,1.0
2023-05-11 11:00:00,2023-05-11,11:00:00,131.458,131.0,0.95,1.0,0.97,0.89,3.16
2023-05-11 11:30:00,2023-05-11,11:30:00,131.479,131.0,0.6,0.63,0.61,0.56,3.7
2023-05-11 12:00:00,2023-05-11,12:00:00,131.5,131.0,0.34,0.37,0.32,0.32,6.08
2023-05-11 12:30:00,2023-05-11,12:30:00,131.521,131.0,0.08,0.0,0.25,0.0,5.22
2023-05-11 13:00:00,2023-05-11,13:00:00,131.542,131.0,0.27,0.28,0.28,0.25,4.77
2023-05-11 13:30:00,2023-05-11,13:30:00,131.562,131.0,0.0,0.0,0.0,0.0,5.07
2023-05-11 14:00:00,2023-05-11,14:00:00,131.583,131.0,0.46,0.49,0.46,0.44,4.01
2023-05-11 14:30:00,2023-05-11,14:30:00,131.604,131.0,0.0,0.0,0.0,0.0,4.74
2023-05-11 15:00:00,2023-05-11,15:00:00,131.625,131.0,0.0,0.0,0.0,0.0,4.03
2023-05-11 15:30:00,2023-05-11,15:30:00,131.646,131.0,0.0,0.0,0.0,0.0,4.18
2023-05-11 16:00:00,2023-05-11,16:00:00,131.667,131.0,0.0,0.0,0.0,0.0,2.97
2023-05-11 16:30:00,2023-05-11,16:30:00,131.688,131.0,0.24,0.27,0.23,0.23,2.46
2023-05-11 17:00:00,2023-05-11,17:00:00,131.708,131.0,0.0,0.0,0.0,0.0,2.27
2023-05-11 17:30:00,2023-05-11,17:30:00,131.729,131.0,0.24,0.25,0.24,0.22,1.59
2023-05-11 18:00:00,2023-05-11,18:00:00,131.75,131.0,0.31,0.33,0.32,0.29,1.25
2023-05-11 18:30:00,2023-05-11,18:30:00,131.771,131.0,0.0,0.0,0.0,0.0,1.03
2023-05-11 19:00:00,2023-05-11,19:00:00,131.792,131.0,0.0,0.0,0.0,0.0,0.77
2023-05-11 19:30:00,2023-05-11,19:30:00,131.812,131.0,0.0,0.0,0.0,0.0,0.69
2023-05-11 20:00:00,2023-05-11,20:00:00,131.833,131.0,0.0,0.0,0.0,0.0,0.89
2023-05-11 20:30:00,2023-05-11,20:30:00,131.854,131.0,0.0,0.0,0.0,0.0,1.02
2023-05-11 21:00:00,2023-05-11,21:00:00,131.875,131.0,0.0,0.0,0.0,0.0,1.2
2023-05-11 21:30:00,2023-05-11,21:30:00,131.896,131.0,0.0,0.0,0.0,0.0,1.22
2023-05-11 22:00:00,2023-05-11,22:00:00,131.917,131.0,0.0,0.0,0.0,0.0,1.36
2023-05-11 22:30:00,2023-05-11,22:30:00,131.938,131.0,0.0,0.0,0.0,0.0,0.98
2023-05-11 23:00:00,2023-05-11,23:00:00,131.958,131.0,0.0,0.0,0.0,0.0,1.36
2023-05-11 23:30:00,2023-05-11,23:30:00,131.979,131.0,0.0,0.0,0.0,0.0,1.6
2023-05-12 00:00:00,2023-05-12,00:00:00,132.0,132.0,0.0,0.0,0.0,0.0,1.66
2023-05-12 00:30:00,2023-05-12,00:30:00,132.021,132.0,0.0,0.0,0.0,0.0,1.64
2023-05-12 01:00:00,2023-05-12,01:00:00,132.042,132.0,0.0,0.0,0.0,0.0,1.38
2023-05-12 01:30:00,2023-05-12,01:30:00,132.062,132.0,0.0,0.0,0.0,0.0,1.04
2023-05-12 02:00:00,2023-05-12,02:00:00,132.083,132.0,0.0,0.0,0.0,0.0,0.7
2023-05-12 02:30:00,2023-05-12,02:30:00,132.104,132.0,0.0,0.0,0.0,0.0,0.08
2023-05-12 03:00:00,2023-05-12,03:00:00,132.125,132.0,0.0,0.0,0.0,0.0,-0.37
2023-05-12 03:30:00,2023-05-12,03:30:00,132.146,132.0,0.0,0.0,0.0,0.0,-0.65
2023-05-12 04:00:00,2023-05-12,04:00:00,132.167,132.0,0.0,0.0,0.0,0.0,-0.57
2023-05-12 04:30:00,2023-05-12,04:30:00,132.188,132.0,0.0,0.0,0.0,0.0,-0.83
2023-05-12 05:00:00,2023-05-12,05:00:00,132.208,132.0,0.0,0.0,0.0,0.0,-1.26
2023-05-12 05:30:00,2023-05-12,05:30:00,132.229,132.0,0.0,0.0,0.0,0.0,0.37
2023-05-12 06:00:00,2023-05-12,06:00:00,132.25,132.0,0.0,0.0,0.0,0.0,1.33
2023-05-12 06:30:00,2023-05-12,06:30:00,132.271,132.0,0.0,0.0,0.0,0.0,2.8
2023-05-12 07:00:00,2023-05-12,07:00:00,132.292,132.0,0.0,0.0,0.0,0.0,7.55
2023-05-12 07:30:00,2023-05-12,07:30:00,132.312,132.0,0.0,0.0,0.0,0.0,9.27
2023-05-12 08:00:00,2023-05-12,08:00:00,132.333,132.0,0.0,0.0,0.0,0.0,12.79
2023-05-12 08:30:00,2023-05-12,08:30:00,132.354,132.0,0.0,0.0,0.0,0.0,13.23
2023-05-12 09:00:00,2023-05-12,09:00:00,132.375,132.0,0.0,0.0,0.0,0.0,13.8
2023-05-12 09:30:00,2023-05-12,09:30:00,132.396,132.0,0.0,0.0,0.0,0.0,14.33
2023-05-12 10:00:00,2023-05-12,10:00:00,132.417,132.0,0.0,0.0,0.0,0.0,16.33
2023-05-12 10:30:00,2023-05-12,10:30:00,132.438,132.0,0.0,0.0,0.0,0.0,17.57
2023-05-12 11:00:00,2023-05-12,11:00:00,132.458,132.0,0.0,0.0,0.0,0.0,16.19
2023-05-12 11:30:00,2023-05-12,11:30:00,132.479,132.0,0.0,0.0,0.0,0.0,15.71
2023-05-12 12:00:00,2023-05-12,12:00:00,132.5,132.0,0.0,0.0,0.0,0.0,12.57
2023-05-12 12:30:00,2023-05-12,12:30:00,132.521,132.0,0.0,0.0,0.0,0.0,12.89
2023-05-12 13:00:00,2023-05-12,13:00:00,132.542,132.0,0.0,0.0,0.0,0.0,14.08
2023-05-12 13:30:00,2023-05-12,13:30:00,132.562,132.0,0.0,0.0,0.0,0.0,14.53
2023-05-12 14:00:00,2023-05-12,14:00:00,132.583,132.0,0.0,0.0,0.0,0.0,16.95
2023-05-12 14:30:00,2023-05-12,14:30:00,132.604,132.0,0.0,0.0,0.0,0.0,15.34
2023-05-12 15:00:00,2023-05-12,15:00:00,132.625,132.0,0.0,0.0,0.0,0.0,15.06
2023-05-12 15:30:00,2023-05-12,15:30:00,132.646,132.0,0.0,0.0,0.0,0.0,11.95
2023-05-12 16:00:00,2023-05-12,16:00:00,132.667,132.0,0.0,0.0,0.0,0.0,13.51
2023-05-12 16:30:00,2023-05-12,16:30:00,132.688,132.0,0.0,0.0,0.0,0.0,11.49
2023-05-12 17:00:00,2023-05-12,17:00:00,132.708,132.0,0.0,0.0,0.0,0.0,9.73
2023-05-12 17:30:00,2023-05-12,17:30:00,132.729,132.0,0.0,0.0,0.0,0.0,7.93
2023-05-12 18:00:00,2023-05-12,18:00:00,132.75,132.0,0.0,0.0,0.0,0.0,4.62
2023-05-12 18:30:00,2023-05-12,18:30:00,132.771,132.0,0.0,0.0,0.0,0.0,3.36
2023-05-12 19:00:00,2023-05-12,19:00:00,132.792,132.0,0.0,0.0,0.0,0.0,2.79
2023-05-12 19:30:00,2023-05-12,19:30:00,132.812,132.0,0.0,0.0,0.0,0.0,2.6
2023-05-12 20:00:00,2023-05-12,20:00:00,132.833,132.0,0.0,0.0,0.0,0.0,1.72
2023-05-12 20:30:00,2023-05-12,20:30:00,132.854,132.0,0.0,0.0,0.0,0.0,2.58
2023-05-12 21:00:00,2023-05-12,21:00:00,132.875,132.0,0.0,0.0,0.0,0.0,2.43
2023-05-12 21:30:00,2023-05-12,21:30:00,132.896,132.0,0.0,0.0,0.0,0.0,2.47
2023-05-12 22:00:00,2023-05-12,22:00:00,132.917,132.0,0.0,0.0,0.0,0.0,2.87
2023-05-12 22:30:00,2023-05-12,22:30:00,132.938,132.0,0.0,0.0,0.0,0.0,1.04
2023-05-12 23:00:00,2023-05-12,23:00:00,132.958,132.0,0.0,0.0,0.0,0.0,-1.08
2023-05-12 23:30:00,2023-05-12,23:30:00,132.979,132.0,0.0,0.0,0.0,0.0,-0.97
2023-05-13 00:00:00,2023-05-13,00:00:00,133.0,133.0,0.0,0.0,0.0,0.0,-1.02
2023-05-13 00:30:00,2023-05-13,00:30:00,133.021,133.0,0.0,0.0,0.0,0.0,-1.67
2023-05-13 01:00:00,2023-05-13,01:00:00,133.042,133.0,0.0,0.0,0.0,0.0,-2.7
2023-05-13 01:30:00,2023-05-13,01:30:00,133.062,133.0,0.0,0.0,0.0,0.0,-3.54
2023-05-13 02:00:00,2023-05-13,02:00:00,133.083,133.0,0.0,0.0,0.0,0.0,-3.35
2023-05-13 02:30:00,2023-05-13,02:30:00,133.104,133.0,0.0,0.0,0.0,0.0,-2.56
2023-05-13 03:00:00,2023-05-13,03:00:00,133.125,133.0,0.0,0.0,0.0,0.0,-2.47
2023-05-13 03:30:00,2023-05-13,03:30:00,133.146,133.0,0.0,0.0,0.0,0.0,-2.33
2023-05-13 04:00:00,2023-05-13,04:00:00,133.167,133.0,0.0,0.0,0.0,0.0,-3.19
2023-05-13 04:30:00,2023-05-13,04:30:00,133.188,133.0,0.0,0.0,0.0,0.0,-3.6
2023-05-13 05:00:00,2023-05-13,05:00:00,133.208,133.0,0.0,0.0,0.0,0.0,-2.19
2023-05-13 05:30:00,2023-05-13,05:30:00,133.229,133.0,0.0,0.0,0.0,0.0,-0.74
2023-05-13 06:00:00,2023-05-13,06:00:00,133.25,133.0,0.0,0.0,0.0,0.0,0.84
2023-05-13 06:30:00,2023-05-13,06:30:00,133.271,133.0,0.0,0.0,0.0,0.0,4.18
2023-05-13 07:00:00,2023-05-13,07:00:00,133.292,133.0,0.0,0.0,0.0,0.0,5.01
2023-05-13 07:30:00,2023-05-13,07:30:00,133.312,133.0,0.0,0.0,0.0,0.0,8.27
2023-05-13 08:00:00,2023-05-13,08:00:00,133.333,133.0,0.0,0.0,0.0,0.0,10.34
2023-05-13 08:30:00,2023-05-13,08:30:00,133.354,133.0,0.0,0.0,0.0,0.0,13.47
2023-05-13 09:00:00,2023-05-13,09:00:00,133.375,133.0,0.0,0.0,0.0,0.0,19.05
2023-05-13 09:30:00,2023-05-13,09:30:00,133.396,133.0,0.0,0.0,0.0,0.0,20.57
2023-05-13 10:00:00,2023-05-13,10:00:00,133.417,133.0,0.0,0.0,0.0,0.0,18.88
2023-05-13 10:30:00,2023-05-13,10:30:00,133.438,133.0,0.0,0.0,0.0,0.0,19.04
2023-05-13 11:00:00,2023-05-13,11:00:00,133.458,133.0,0.0,0.0,0.0,0.0,16.98
2023-05-13 11:30:00,2023-05-13,11:30:00,133.479,133.0,0.0,0.0,0.0,0.0,16.35
2023-05-13 12:00:00,2023-05-13,12:00:00,133.5,133.0,0.0,0.0,0.0,0.0,14.31
2023-05-13 12:30:00,2023-05-13,12:30:00,133.521,133.0,0.0,0.0,0.0,0.0,13.31
2023-05-13 13:00:00,2023-05-13,13:00:00,133.542,133.0,0.0,0.0,0.0,0.0,9.16
2023-05-13 13:30:00,2023-05-13,13:30:00,133.562,133.0,0.49,0.52,0.44,0.52,4.17
2023-05-13 14:00:00,2023-05-13,14:00:00,133.583,133.0,1.43,1.46,1.38,1.46,3.24
2023-05-13 14:30:00,2023-05-13,14:30:00,133.604,133.0,0.68,0.69,0.67,0.69,4.27
2023-05-13 15:00:00,2023-05-13,15:00:00,133.625,133.0,0.0,0.0,0.0,0.0,4.96
2023-05-13 15:30:00,2023-05-13,15:30:00,133.646,133.0,0.0,0.0,0.0,0.0,5.81
2023-05-13 16:00:00,2023-05-13,16:00:00,133.667,133.0,0.0,0.0,0.0,0.0,6.32
2023-05-13 16:30:00,2023-05-13,16:30:00,133.688,133.0,0.0,0.0,0.0,0.0,6.13
2023-05-13 17:00:00,2023-05-13,17:00:00,133.708,133.0,0.0,0.0,0.0,0.0,6.89
2023-05-13 17:30:00,2023-05-13,17:30:00,133.729,133.0,0.0,0.0,0.0,0.0,7.53
2023-05-13 18:00:00,2023-05-13,18:00:00,133.75,133.0,0.0,0.0,0.0,0.0,3.79
2023-05-13 18:30:00,2023-05-13,18:30:00,133.771,133.0,0.0,0.0,0.0,0.0,1.64
2023-05-13 19:00:00,2023-05-13,19:00:00,133.792,133.0,0.0,0.0,0.0,0.0,1.88
2023-05-13 19:30:00,2023-05-13,19:30:00,133.812,133.0,0.0,0.0,0.0,0.0,2.08
2023-05-13 20:00:00,2023-05-13,20:00:00,133.833,133.0,0.0,0.0,0.0,0.0,1.5
2023-05-13 20:30:00,2023-05-13,20:30:00,133.854,133.0,0.0,0.0,0.0,0.0,1.67
2023-05-13 21:00:00,2023-05-13,21:00:00,133.875,133.0,0.0,0.0,0.0,0.0,1.22
2023-05-13 21:30:00,2023-05-13,21:30:00,133.896,133.0,0.0,0.0,0.0,0.0,0.69
2023-05-13 22:00:00,2023-05-13,22:00:00,133.917,133.0,0.0,0.0,0.0,0.0,1.27
2023-05-13 22:30:00,2023-05-13,22:30:00,133.938,133.0,0.0,0.0,0.0,0.0,1.4
2023-05-13 23:00:00,2023-05-13,23:00:00,133.958,133.0,0.0,0.0,0.0,0.0,1.25
2023-05-13 23:30:00,2023-05-13,23:30:00,133.979,133.0,0.0,0.0,0.0,0.0,0.29
2023-05-14 00:00:00,2023-05-14,00:00:00,134.0,134.0,0.0,0.0,0.0,0.0,0.2
2023-05-14 00:30:00,2023-05-14,00:30:00,134.021,134.0,0.0,0.0,0.0,0.0,-0.08
2023-05-14 01:00:00,2023-05-14,01:00:00,134.042,134.0,0.0,0.0,0.0,0.0,0.78
2023-05-14 01:30:00,2023-05-14,01:30:00,134.062,134.0,0.0,0.0,0.0,0.0,-0.5
2023-05-14 02:00:00,2023-05-14,02:00:00,134.083,134.0,0.0,0.0,0.0,0.0,-1.6
2023-05-14 02:30:00,2023-05-14,02:30:00,134.104,134.0,0.0,0.0,0.0,0.0,-1.11
2023-05-14 03:00:00,2023-05-14,03:00:00,134.125,134.0,0.0,0.0,0.0,0.0,-0.32
2023-05-14 03:30:00,2023-05-14,03:30:00,134.146,134.0,0.0,0.0,0.0,0.0,0.42
2023-05-14 04:00:00,2023-05-14,04:00:00,134.167,134.0,0.0,0.0,0.0,0.0,0.53
2023-05-14 04:30:00,2023-05-14,04:30:00,134.188,134.0,0.0,0.0,0.0,0.0,0.4
2023-05-14 05:00:00,2023-05-14,05:00:00,134.208,134.0,0.0,0.0,0.0,0.0,-0.06
2023-05-14 05:30:00,2023-05-14,05:30:00,134.229,134.0,0.0,0.0,0.0,0.0,0.46
2023-05-14 06:00:00,2023-05-14,06:00:00,134.25,134.0,0.0,0.0,0.0,0.0,0.91
2023-05-14 06:30:00,2023-05-14,06:30:00,134.271,134.0,0.0,0.0,0.0,0.0,3.82
2023-05-14 07:00:00,2023-05-14,07:00:00,134.292,134.0,0.0,0.0,0.0,0.0,8.64
2023-05-14 07:30:00,2023-05-14,07:30:00,134.312,134.0,0.0,0.0,0.0,0.0,13.62
2023-05-14 08:00:00,2023-05-14,08:00:00,134.333,134.0,0.0,0.0,0.0,0.0,17.08
2023-05-14 08:30:00,2023-05-14,08:30:00,134.354,134.0,0.0,0.0,0.0,0.0,19.95
2023-05-14 09:00:00,2023-05-14,09:00:00,134.375,134.0,0.0,0.0,0.0,0.0,20.62
2023-05-14 09:30:00,2023-05-14,09:30:00,134.396,134.0,0.0,0.0,0.0,0.0,19.21
2023-05-14 10:00:00,2023-05-14,10:00:00,134.417,134.0,0.0,0.0,0.0,0.0,20.4
2023-05-14 10:30:00,2023-05-14,10:30:00,134.438,134.0,0.0,0.0,0.0,0.0,19.88
2023-05-14 11:00:00,2023-05-14,11:00:00,134.458,134.0,0.0,0.0,0.0,0.0,14.22
2023-05-14 11:30:00,2023-05-14,11:30:00,134.479,134.0,0.0,0.0,0.0,0.0,14.51
2023-05-14 12:00:00,2023-05-14,12:00:00,134.5,134.0,0.0,0.0,0.0,0.0,20.2
2023-05-14 12:30:00,2023-05-14,12:30:00,134.521,134.0,0.0,0.0,0.0,0.0,15.2
2023-05-14 13:00:00,2023-05-14,13:00:00,134.542,134.0,0.0,0.0,0.0,0.0,14.09
2023-05-14 13:30:00,2023-05-14,13:30:00,134.562,134.0,0.0,0.0,0.0,0.0,15.36
2023-05-14 14:00:00,2023-05-14,14:00:00,134.583,134.0,0.0,0.0,0.0,0.0,15.35
2023-05-14 14:30:00,2023-05-14,14:30:00,134.604,134.0,0.0,0.0,0.0,0.0,14.07
2023-05-14 15:00:00,2023-05-14,15:00:00,134.625,134.0,0.0,0.0,0.0,0.0,13.54
2023-05-14 15:30:00,2023-05-14,15:30:00,134.646,134.0,0.0,0.0,0.0,0.0,13.46
2023-05-14 16:00:00,2023-05-14,16:00:00,134.667,134.0,0.0,0.0,0.0,0.0,11.74
2023-05-14 16:30:00,2023-05-14,16:30:00,134.688,134.0,0.0,0.0,0.0,0.0,9.34
2023-05-14 17:00:00,2023-05-14,17:00:00,134.708,134.0,0.0,0.0,0.0,0.0,9.53
2023-05-14 17:30:00,2023-05-14,17:30:00,134.729,134.0,0.0,0.0,0.0,0.0,8.54
2023-05-14 18:00:00,2023-05-14,18:00:00,134.75,134.0,0.0,0.0,0.0,0.0,4.82
2023-05-14 18:30:00,2023-05-14,18:30:00,134.771,134.0,0.0,0.0,0.0,0.0,4.35
2023-05-14 19:00:00,2023-05-14,19:00:00,134.792,134.0,0.0,0.0,0.0,0.0,3.53
2023-05-14 19:30:00,2023-05-14,19:30:00,134.812,134.0,0.0,0.0,0.0,0.0,2.06
2023-05-14 20:00:00,2023-05-14,20:00:00,134.833,134.0,0.0,0.0,0.0,0.0,1.47
2023-05-14 20:30:00,2023-05-14,20:30:00,134.854,134.0,0.0,0.0,0.0,0.0,0.96
2023-05-14 21:00:00,2023-05-14,21:00:00,134.875,134.0,0.0,0.0,0.0,0.0,1.44
2023-05-14 21:30:00,2023-05-14,21:30:00,134.896,134.0,0.0,0.0,0.0,0.0,1.52
2023-05-14 22:00:00,2023-05-14,22:00:00,134.917,134.0,0.0,0.0,0.0,0.0,1.6
2023-05-14 22:30:00,2023-05-14,22:30:00,134.938,134.0,0.0,0.0,0.0,0.0,1.74
2023-05-14 23:00:00,2023-05-14,23:00:00,134.958,134.0,0.0,0.0,0.0,0.0,1.63
2023-05-14 23:30:00,2023-05-14,23:30:00,134.979,134.0,0.0,0.0,0.0,0.0,1.34
2023-05-15 00:00:00,2023-05-15,00:00:00,135.0,135.0,0.0,0.0,0.0,0.0,1.41
2023-05-15 00:30:00,2023-05-15,00:30:00,135.021,135.0,0.0,0.0,0.0,0.0,2.15
2023-05-15 01:00:00,2023-05-15,01:00:00,135.042,135.0,0.0,0.0,0.0,0.0,1.83
2023-05-15 01:30:00,2023-05-15,01:30:00,135.062,135.0,0.0,0.0,0.0,0.0,1.69
2023-05-15 02:00:00,2023-05-15,02:00:00,135.083,135.0,0.0,0.0,0.0,0.0,1.4
2023-05-15 02:30:00,2023-05-15,02:30:00,135.104,135.0,0.0,0.0,0.0,0.0,1.48
2023-05-15 03:00:00,2023-05-15,03:00:00,135.125,135.0,0.0,0.0,0.0,0.0,1.32
2023-05-15 03:30:00,2023-05-15,03:30:00,135.146,135.0,0.0,0.0,0.0,0.0,1.24
2023-05-15 04:00:00,2023-05-15,04:00:00,135.167,135.0,0.0,0.0,0.0,0.0,1.22
2023-05-15 04:30:00,2023-05-15,04:30:00,135.188,135.0,0.0,0.0,0.0,0.0,0.63
2023-05-15 05:00:00,2023-05-15,05:00:00,135.208,135.0,0.0,0.0,0.0,0.0,0.87
2023-05-15 05:30:00,2023-05-15,05:30:00,135.229,135.0,0.0,0.0,0.0,0.0,1.5
2023-05-15 06:00:00,2023-05-15,06:00:00,135.25,135.0,0.0,0.0,0.0,0.0,2.21
2023-05-15 06:30:00,2023-05-15,06:30:00,135.271,135.0,0.0,0.0,0.0,0.0,3.79
2023-05-15 07:00:00,2023-05-15,07:00:00,135.292,135.0,0.0,0.0,0.0,0.0,7.96
2023-05-15 07:30:00,2023-05-15,07:30:00,135.312,135.0,0.0,0.0,0.0,0.0,13.26
2023-05-15 08:00:00,2023-05-15,08:00:00,135.333,135.0,0.0,0.0,0.0,0.0,16.66
2023-05-15 08:30:00,2023-05-15,08:30:00,135.354,135.0,0.0,0.0,0.0,0.0,19.57
2023-05-15 09:00:00,2023-05-15,09:00:00,135.375,135.0,0.0,0.0,0.0,0.0,19.57
2023-05-15 09:30:00,2023-05-15,09:30:00,135.396,135.0,0.0,0.0,0.0,0.0,18.91
2023-05-15 10:00:00,2023-05-15,10:00:00,135.417,135.0,0.0,0.0,0.0,0.0,20.91
2023-05-15 10:30:00,2023-05-15,10:30:00,135.438,135.0,0.0,0.0,0.0,0.0,20.29
2023-05-15 11:00:00,2023-05-15,11:00:00,135.458,135.0,0.0,0.0,0.0,0.0,21.59
2023-05-15 11:30:00,2023-05-15,11:30:00,135.479,135.0,0.0,0.0,0.0,0.0,20.77
2023-05-15 12:00:00,2023-05-15,12:00:00,135.5,135.0,0.0,0.0,0.0,0.0,19.07
2023-05-15 12:30:00,2023-05-15,12:30:00,135.521,135.0,0.0,0.0,0.0,0.0,13.5
2023-05-15 13:00:00,2023-05-15,13:00:00,135.542,135.0,0.0,0.0,0.0,0.0,14.55
2023-05-15 13:30:00,2023-05-15,13:30:00,135.562,135.0,0.0,0.0,0.0,0.0,12.53
2023-05-15 14:00:00,2023-05-15,14:00:00,135.583,135.0,0.0,0.0,0.0,0.0,15.95
2023-05-15 14:30:00,2023-05-15,14:30:00,135.604,135.0,0.0,0.0,0.0,0.0,15.88
2023-05-15 15:00:00,2023-05-15,15:00:00,135.625,135.0,0.0,0.0,0.0,0.0,13.38
2023-05-15 15:30:00,2023-05-15,15:30:00,135.646,135.0,0.0,0.0,0.0,0.0,15.41
2023-05-15 16:00:00,2023-05-15,16:00:00,135.667,135.0,0.0,0.0,0.0,0.0,11.14
2023-05-15 16:30:00,2023-05-15,16:30:00,135.688,135.0,0.0,0.0,0.0,0.0,10.16
2023-05-15 17:00:00,2023-05-15,17:00:00,135.708,135.0,0.0,0.0,0.0,0.0,10.7
2023-05-15 17:30:00,2023-05-15,17:30:00,135.729,135.0,0.0,0.0,0.0,0.0,10.83
2023-05-15 18:00:00,2023-05-15,18:00:00,135.75,135.0,0.0,0.0,0.0,0.0,6.96
2023-05-15 18:30:00,2023-05-15,18:30:00,135.771,135.0,0.0,0.0,0.0,0.0,5.58
2023-05-15 19:00:00,2023-05-15,19:00:00,135.792,135.0,0.0,0.0,0.0,0.0,4.59
2023-05-15 19:30:00,2023-05-15,19:30:00,135.812,135.0,0.0,0.0,0.0,0.0,3.98
2023-05-15 20:00:00,2023-05-15,20:00:00,135.833,135.0,0.0,0.0,0.0,0.0,4.06
2023-05-15 20:30:00,2023-05-15,20:30:00,135.854,135.0,0.0,0.0,0.0,0.0,3.39
2023-05-15 21:00:00,2023-05-15,21:00:00,135.875,135.0,0.0,0.0,0.0,0.0,1.41
2023-05-15 21:30:00,2023-05-15,21:30:00,135.896,135.0,0.0,0.0,0.0,0.0,0.3
2023-05-15 22:00:00,2023-05-15,22:00:00,135.917,135.0,0.0,0.0,0.0,0.0,-0.1
2023-05-15 22:30:00,2023-05-15,22:30:00,135.938,135.0,0.0,0.0,0.0,0.0,-0.69
2023-05-15 23:00:00,2023-05-15,23:00:00,135.958,135.0,0.0,0.0,0.0,0.0,-1.17
2023-05-15 23:30:00,2023-05-15,23:30:00,135.979,135.0,0.0,0.0,0.0,0.0,-1.1
2023-05-16 00:00:00,2023-05-16,00:00:00,136.0,136.0,0.0,0.0,0.0,0.0,-1.18
2023-05-16 00:30:00,2023-05-16,00:30:00,136.021,136.0,0.0,0.0,0.0,0.0,-2.07
2023-05-16 01:00:00,2023-05-16,01:00:00,136.042,136.0,0.0,0.0,0.0,0.0,-2.15
2023-05-16 01:30:00,2023-05-16,01:30:00,136.062,136.0,0.0,0.0,0.0,0.0,-2.22
2023-05-16 02:00:00,2023-05-16,02:00:00,136.083,136.0,0.0,0.0,0.0,0.0,-2.7
2023-05-16 02:30:00,2023-05-16,02:30:00,136.104,136.0,0.0,0.0,0.0,0.0,-2.94
2023-05-16 03:00:00,2023-05-16,03:00:00,136.125,136.0,0.0,0.0,0.0,0.0,-3.23
2023-05-16 03:30:00,2023-05-16,03:30:00,136.146,136.0,0.0,0.0,0.0,0.0,-3.32
2023-05-16 04:00:00,2023-05-16,04:00:00,136.167,136.0,0.0,0.0,0.0,0.0,-3.29
2023-05-16 04:30:00,2023-05-16,04:30:00,136.188,136.0,0.0,0.0,0.0,0.0,-2.92
2023-05-16 05:00:00,2023-05-16,05:00:00,136.208,136.0,0.0,0.0,0.0,0.0,-2.97
2023-05-16 05:30:00,2023-05-16,05:30:00,136.229,136.0,0.0,0.0,0.0,0.0,-3.21
2023-05-16 06:00:00,2023-05-16,06:00:00,136.25,136.0,0.0,0.0,0.0,0.0,-1.63
2023-05-16 06:30:00,2023-05-16,06:30:00,136.271,136.0,0.0,0.0,0.0,0.0,4.85
2023-05-16 07:00:00,2023-05-16,07:00:00,136.292,136.0,0.0,0.0,0.0,0.0,8.58
2023-05-16 07:30:00,2023-05-16,07:30:00,136.312,136.0,0.0,0.0,0.0,0.0,13.99
2023-05-16 08:00:00,2023-05-16,08:00:00,136.333,136.0,0.0,0.0,0.0,0.0,17.6
2023-05-16 08:30:00,2023-05-16,08:30:00,136.354,136.0,0.0,0.0,0.0,0.0,16.29
2023-05-16 09:00:00,2023-05-16,09:00:00,136.375,136.0,0.0,0.0,0.0,0.0,18.53
2023-05-16 09:30:00,2023-05-16,09:30:00,136.396,136.0,0.0,0.0,0.0,0.0,18.89
2023-05-16 10:00:00,2023-05-16,10:00:00,136.417,136.0,0.0,0.0,0.0,0.0,18.73
2023-05-16 10:30:00,2023-05-16,10:30:00,136.438,136.0,0.0,0.0,0.0,0.0,18.46
2023-05-16 11:00:00,2023-05-16,11:00:00,136.458,136.0,0.0,0.0,0.0,0.0,17.49
2023-05-16 11:30:00,2023-05-16,11:30:00,136.479,136.0,0.0,0.0,0.0,0.0,17.26
2023-05-16 12:00:00,2023-05-16,12:00:00,136.5,136.0,0.0,0.0,0.0,0.0,17.56
2023-05-16 12:30:00,2023-05-16,12:30:00,136.521,136.0,0.0,0.0,0.0,0.0,19.04
2023-05-16 13:00:00,2023-05-16,13:00:00,136.542,136.0,0.0,0.0,0.0,0.0,17.99
2023-05-16 13:30:00,2023-05-16,13:30:00,136.562,136.0,0.0,0.0,0.0,0.0,20.51
2023-05-16 14:00:00,2023-05-16,14:00:00,136.583,136.0,0.0,0.0,0.0,0.0,18.65
2023-05-16 14:30:00,2023-05-16,14:30:00,136.604,136.0,0.0,0.0,0.0,0.0,20.53
2023-05-16 15:00:00,2023-05-16,15:00:00,136.625,136.0,0.0,0.0,0.0,0.0,19.92
2023-05-16 15:30:00,2023-05-16,15:30:00,136.646,136.0,0.0,0.0,0.0,0.0,18.85
2023-05-16 16:00:00,2023-05-16,16:00:00,136.667,136.0,0.0,0.0,0.0,0.0,18.56
2023-05-16 16:30:00,2023-05-16,16:30:00,136.688,136.0,0.0,0.0,0.0,0.0,17.31
2023-05-16 17:00:00,2023-05-16,17:00:00,136.708,136.0,0.0,0.0,0.0,0.0,15.03
2023-05-16 17:30:00,2023-05-16,17:30:00,136.729,136.0,0.0,0.0,0.0,0.0,12.33
2023-05-16 18:00:00,2023-05-16,18:00:00,136.75,136.0,0.0,0.0,0.0,0.0,8.97
2023-05-16 18:30:00,2023-05-16,18:30:00,136.771,136.0,0.0,0.0,0.0,0.0,7.02
2023-05-16 19:00:00,2023-05-16,19:00:00,136.792,136.0,0.0,0.0,0.0,0.0,6.22
2023-05-16 19:30:00,2023-05-16,19:30:00,136.812,136.0,0.0,0.0,0.0,0.0,5.92
2023-05-16 20:00:00,2023-05-16,20:00:00,136.833,136.0,0.0,0.0,0.0,0.0,4.3
2023-05-16 20:30:00,2023-05-16,20:30:00,136.854,136.0,0.0,0.0,0.0,0.0,3.41
2023-05-16 21:00:00,2023-05-16,21:00:00,136.875,136.0,0.0,0.0,0.0,0.0,3.17
2023-05-16 21:30:00,2023-05-16,21:30:00,136.896,136.0,0.0,0.0,0.0,0.0,1.8
2023-05-16 22:00:00,2023-05-16,22:00:00,136.917,136.0,0.0,0.0,0.0,0.0,0.6
2023-05-16 22:30:00,2023-05-16,22:30:00,136.938,136.0,0.0,0.0,0.0,0.0,-0.36
2023-05-16 23:00:00,2023-05-16,23:00:00,136.958,136.0,0.0,0.0,0.0,0.0,-0.85
2023-05-16 23:30:00,2023-05-16,23:30:00,136.979,136.0,0.0,0.0,0.0,0.0,-1.09
2023-05-17 00:00:00,2023-05-17,00:00:00,137.0,137.0,0.0,0.0,0.0,0.0,-1.32
2023-05-17 00:30:00,2023-05-17,00:30:00,137.021,137.0,0.0,0.0,0.0,0.0,-1.73
2023-05-17 01:00:00,2023-05-17,01:00:00,137.042,137.0,0.0,0.0,0.0,0.0,-2.26
2023-05-17 01:30:00,2023-05-17,01:30:00,137.062,137.0,0.0,0.0,0.0,0.0,-2.5
2023-05-17 02:00:00,2023-05-17,02:00:00,137.083,137.0,0.0,0.0,0.0,0.0,-2.86
2023-05-17 02:30:00,2023-05-17,02:30:00,137.104,137.0,0.0,0.0,0.0,0.0,-3.27
2023-05-17 03:00:00,2023-05-17,03:00:00,137.125,137.0,0.0,0.0,0.0,0.0,-3.58
2023-05-17 03:30:00,2023-05-17,03:30:00,137.146,137.0,0.0,0.0,0.0,0.0,-3.88
2023-05-17 04:00:00,2023-05-17,04:00:00,137.167,137.0,0.0,0.0,0.0,0.0,-3.59
2023-05-17 04:30:00,2023-05-17,04:30:00,137.188,137.0,0.0,0.0,0.0,0.0,-4.09
2023-05-17 05:00:00,2023-05-17,05:00:00,137.208,137.0,0.0,0.0,0.0,0.0,-3.94
2023-05-17 05:30:00,2023-05-17,05:30:00,137.229,137.0,0.0,0.0,0.0,0.0,-3.54
2023-05-17 06:00:00,2023-05-17,06:00:00,137.25,137.0,0.0,0.0,0.0,0.0,2.02
2023-05-17 06:30:00,2023-05-17,06:30:00,137.271,137.0,0.0,0.0,0.0,0.0,7.12
2023-05-17 07:00:00,2023-05-17,07:00:00,137.292,137.0,0.0,0.0,0.0,0.0,10.1
2023-05-17 07:30:00,2023-05-17,07:30:00,137.312,137.0,0.0,0.0,0.0,0.0,14.35
2023-05-17 08:00:00,2023-05-17,08:00:00,137.333,137.0,0.0,0.0,0.0,0.0,17.11
2023-05-17 08:30:00,2023-05-17,08:30:00,137.354,137.0,0.0,0.0,0.0,0.0,19.55
2023-05-17 09:00:00,2023-05-17,09:00:00,137.375,137.0,0.0,0.0,0.0,0.0,19.52
2023-05-17 09:30:00,2023-05-17,09:30:00,137.396,137.0,0.0,0.0,0.0,0.0,19.71
2023-05-17 10:00:00,2023-05-17,10:00:00,137.417,137.0,0.0,0.0,0.0,0.0,18.81
2023-05-17 10:30:00,2023-05-17,10:30:00,137.438,137.0,0.0,0.0,0.0,0.0,19.53
2023-05-17 11:00:00,2023-05-17,11:00:00,137.458,137.0,0.0,0.0,0.0,0.0,19.96
2023-05-17 11:30:00,2023-05-17,11:30:00,137.479,137.0,0.0,0.0,0.0,0.0,18.87
2023-05-17 12:00:00,2023-05-17,12:00:00,137.5,137.0,0.0,0.0,0.0,0.0,19.75
2023-05-17 12:30:00,2023-05-17,12:30:00,137.521,137.0,0.0,0.0,0.0,0.0,18.61
2023-05-17 13:00:00,2023-05-17,13:00:00,137.542,137.0,0.0,0.0,0.0,0.0,18.91
2023-05-17 13:30:00,2023-05-17,13:30:00,137.562,137.0,0.0,0.0,0.0,0.0,15.84
2023-05-17 14:00:00,2023-05-17,14:00:00,137.583,137.0,0.0,0.0,0.0,0.0,16.88
2023-05-17 14:30:00,2023-05-17,14:30:00,137.604,137.0,0.0,0.0,0.0,0.0,16.44
2023-05-17 15:00:00,2023-05-17,15:00:00,137.625,137.0,0.0,0.0,0.0,0.0,15.97
2023-05-17 15:30:00,2023-05-17,15:30:00,137.646,137.0,0.0,0.0,0.0,0.0,15.88
2023-05-17 16:00:00,2023-05-17,16:00:00,137.667,137.0,0.0,0.0,0.0,0.0,14.88
2023-05-17 16:30:00,2023-05-17,16:30:00,137.688,137.0,0.0,0.0,0.0,0.0,12.93
2023-05-17 17:00:00,2023-05-17,17:00:00,137.708,137.0,0.0,0.0,0.0,0.0,10.53
2023-05-17 17:30:00,2023-05-17,17:30:00,137.729,137.0,0.0,0.0,0.0,0.0,12.48
2023-05-17 18:00:00,2023-05-17,18:00:00,137.75,137.0,0.0,0.0,0.0,0.0,8.89
2023-05-17 18:30:00,2023-05-17,18:30:00,137.771,137.0,0.0,0.0,0.0,0.0,8.27
2023-05-17 19:00:00,2023-05-17,19:00:00,137.792,137.0,0.0,0.0,0.0,0.0,7.0
2023-05-17 19:30:00,2023-05-17,19:30:00,137.812,137.0,0.0,0.0,0.0,0.0,5.55
2023-05-17 20:00:00,2023-05-17,20:00:00,137.833,137.0,0.0,0.0,0.0,0.0,4.05
2023-05-17 20:30:00,2023-05-17,20:30:00,137.854,137.0,0.0,0.0,0.0,0.0,2.99
2023-05-17 21:00:00,2023-05-17,21:00:00,137.875,137.0,0.0,0.0,0.0,0.0,2.28
2023-05-17 21:30:00,2023-05-17,21:30:00,137.896,137.0,0.0,0.0,0.0,0.0,2.31
2023-05-17 22:00:00,2023-05-17,22:00:00,137.917,137.0,0.0,0.0,0.0,0.0,1.9
2023-05-17 22:30:00,2023-05-17,22:30:00,137.938,137.0,0.0,0.0,0.0,0.0,2.22
2023-05-17 23:00:00,2023-05-17,23:00:00,137.958,137.0,0.0,0.0,0.0,0.0,1.45
2023-05-17 23:30:00,2023-05-17,23:30:00,137.979,137.0,0.0,0.0,0.0,0.0,0.85
2023-05-18 00:00:00,2023-05-18,00:00:00,138.0,138.0,0.0,0.0,0.0,0.0,0.98
2023-05-18 00:30:00,2023-05-18,00:30:00,138.021,138.0,0.0,0.0,0.0,0.0,1.94
2023-05-18 01:00:00,2023-05-18,01:00:00,138.042,138.0,0.0,0.0,0.0,0.0,0.8
2023-05-18 01:30:00,2023-05-18,01:30:00,138.062,138.0,0.0,0.0,0.0,0.0,0.29
2023-05-18 02:00:00,2023-05-18,02:00:00,138.083,138.0,0.0,0.0,0.0,0.0,0.7
2023-05-18 02:30:00,2023-05-18,02:30:00,138.104,138.0,0.0,0.0,0.0,0.0,0.66
2023-05-18 03:00:00,2023-05-18,03:00:00,138.125,138.0,0.0,0.0,0.0,0.0,0.54
2023-05-18 03:30:00,2023-05-18,03:30:00,138.146,138.0,0.0,0.0,0.0,0.0,1.15
2023-05-18 04:00:00,2023-05-18,04:00:00,138.167,138.0,0.0,0.0,0.0,0.0,0.33
2023-05-18 04:30:00,2023-05-18,04:30:00,138.188,138.0,0.0,0.0,0.0,0.0,1.14
2023-05-18 05:00:00,2023-05-18,05:00:00,138.208,138.0,0.0,0.0,0.0,0.0,1.68
2023-05-18 05:30:00,2023-05-18,05:30:00,138.229,138.0,0.0,0.0,0.0,0.0,2.17
2023-05-18 06:00:00,2023-05-18,06:00:00,138.25,138.0,0.0,0.0,0.0,0.0,2.31
2023-05-18 06:30:00,2023-05-18,06:30:00,138.271,138.0,0.0,0.0,0.0,0.0,5.04
2023-05-18 07:00:00,2023-05-18,07:00:00,138.292,138.0,0.0,0.0,0.0,0.0,9.37
2023-05-18 07:30:00,2023-05-18,07:30:00,138.312,138.0,0.0,0.0,0.0,0.0,12.73
2023-05-18 08:00:00,2023-05-18,08:00:00,138.333,138.0,0.0,0.0,0.0,0.0,14.59
2023-05-18 08:30:00,2023-05-18,08:30:00,138.354,138.0,0.0,0.0,0.0,0.0,15.56
2023-05-18 09:00:00,2023-05-18,09:00:00,138.375,138.0,0.0,0.0,0.0,0.0,13.67
2023-05-18 09:30:00,2023-05-18,09:30:00,138.396,138.0,0.0,0.0,0.0,0.0,13.48
2023-05-18 10:00:00,2023-05-18,10:00:00,138.417,138.0,0.0,0.0,0.0,0.0,12.28
2023-05-18 10:30:00,2023-05-18,10:30:00,138.438,138.0,0.0,0.0,0.0,0.0,11.68
2023-05-18 11:00:00,2023-05-18,11:00:00,138.458,138.0,0.0,0.0,0.0,0.0,9.37
2023-05-18 11:30:00,2023-05-18,11:30:00,138.479,138.0,0.0,0.0,0.0,0.0,13.93
2023-05-18 12:00:00,2023-05-18,12:00:00,138.5,138.0,0.0,0.0,0.0,0.0,15.15
2023-05-18 12:30:00,2023-05-18,12:30:00,138.521,138.0,0.0,0.0,0.0,0.0,14.75
2023-05-18 13:00:00,2023-05-18,13:00:00,138.542,138.0,0.0,0.0,0.0,0.0,15.62
2023-05-18 13:30:00,2023-05-18,13:30:00,138.562,138.0,0.0,0.0,0.0,0.0,14.29
2023-05-18 14:00:00,2023-05-18,14:00:00,138.583,138.0,0.0,0.0,0.0,0.0,14.82
2023-05-18 14:30:00,2023-05-18,14:30:00,138.604,138.0,0.0,0.0,0.0,0.0,16.01
2023-05-18 15:00:00,2023-05-18,15:00:00,138.625,138.0,0.0,0.0,0.0,0.0,16.43
2023-05-18 15:30:00,2023-05-18,15:30:00,138.646,138.0,0.0,0.0,0.0,0.0,14.07
2023-05-18 16:00:00,2023-05-18,16:00:00,138.667,138.0,0.0,0.0,0.0,0.0,11.55
2023-05-18 16:30:00,2023-05-18,16:30:00,138.688,138.0,0.0,0.0,0.0,0.0,13.94
2023-05-18 17:00:00,2023-05-18,17:00:00,138.708,138.0,0.0,0.0,0.0,0.0,12.64
2023-05-18 17:30:00,2023-05-18,17:30:00,138.729,138.0,0.0,0.0,0.0,0.0,9.39
2023-05-18 18:00:00,2023-05-18,18:00:00,138.75,138.0,0.0,0.0,0.0,0.0,6.44
2023-05-18 18:30:00,2023-05-18,18:30:00,138.771,138.0,0.0,0.0,0.0,0.0,6.0
2023-05-18 19:00:00,2023-05-18,19:00:00,138.792,138.0,0.0,0.0,0.0,0.0,6.06
2023-05-18 19:30:00,2023-05-18,19:30:00,138.812,138.0,0.0,0.0,0.0,0.0,4.83
2023-05-18 20:00:00,2023-05-18,20:00:00,138.833,138.0,0.0,0.0,0.0,0.0,4.05
2023-05-18 20:30:00,2023-05-18,20:30:00,138.854,138.0,0.0,0.0,0.0,0.0,4.16
2023-05-18 21:00:00,2023-05-18,21:00:00,138.875,138.0,0.0,0.0,0.0,0.0,3.0
2023-05-18 21:30:00,2023-05-18,21:30:00,138.896,138.0,0.0,0.0,0.0,0.0,3.22
2023-05-18 22:00:00,2023-05-18,22:00:00,138.917,138.0,0.0,0.0,0.0,0.0,3.38
2023-05-18 22:30:00,2023-05-18,22:30:00,138.938,138.0,0.0,0.0,0.0,0.0,2.31
2023-05-18 23:00:00,2023-05-18,23:00:00,138.958,138.0,0.0,0.0,0.0,0.0,0.33
2023-05-18 23:30:00,2023-05-18,23:30:00,138.979,138.0,0.0,0.0,0.0,0.0,0.46
2023-05-19 00:00:00,2023-05-19,00:00:00,139.0,139.0,0.0,0.0,0.0,0.0,0.86
2023-05-19 00:30:00,2023-05-19,00:30:00,139.021,139.0,0.0,0.0,0.0,0.0,-0.73
2023-05-19 01:00:00,2023-05-19,01:00:00,139.042,139.0,0.0,0.0,0.0,0.0,-1.93
2023-05-19 01:30:00,2023-05-19,01:30:00,139.062,139.0,0.0,0.0,0.0,0.0,-2.27
2023-05-19 02:00:00,2023-05-19,02:00:00,139.083,139.0,0.0,0.0,0.0,0.0,-2.35
2023-05-19 02:30:00,2023-05-19,02:30:00,139.104,139.0,0.0,0.0,0.0,0.0,-2.45
2023-05-19 03:00:00,2023-05-19,03:00:00,139.125,139.0,0.0,0.0,0.0,0.0,-3.29
2023-05-19 03:30:00,2023-05-19,03:30:00,139.146,139.0,0.0,0.0,0.0,0.0,-3.16
2023-05-19 04:00:00,2023-05-19,04:00:00,139.167,139.0,0.0,0.0,0.0,0.0,-3.28
2023-05-19 04:30:00,2023-05-19,04:30:00,139.188,139.0,0.0,0.0,0.0,0.0,-3.35
2023-05-19 05:00:00,2023-05-19,05:00:00,139.208,139.0,0.0,0.0,0.0,0.0,-3.13
2023-05-19 05:30:00,2023-05-19,05:30:00,139.229,139.0,0.0,0.0,0.0,0.0,-1.53
2023-05-19 06:00:00,2023-05-19,06:00:00,139.25,139.0,0.0,0.0,0.0,0.0,-0.15
2023-05-19 06:30:00,2023-05-19,06:30:00,139.271,139.0,0.0,0.0,0.0,0.0,2.81
2023-05-19 07:00:00,2023-05-19,07:00:00,139.292,139.0,0.0,0.0,0.0,0.0,6.86
2023-05-19 07:30:00,2023-05-19,07:30:00,139.312,139.0,0.0,0.0,0.0,0.0,9.36
2023-05-19 08:00:00,2023-05-19,08:00:00,139.333,139.0,0.0,0.0,0.0,0.0,11.77
2023-05-19 08:30:00,2023-05-19,08:30:00,139.354,139.0,0.0,0.0,0.0,0.0,16.77
2023-05-19 09:00:00,2023-05-19,09:00:00,139.375,139.0,0.0,0.0,0.0,0.0,12.8
2023-05-19 09:30:00,2023-05-19,09:30:00,139.396,139.0,0.0,0.0,0.0,0.0,17.51
2023-05-19 10:00:00,2023-05-19,10:00:00,139.417,139.0,0.0,0.0,0.0,0.0,14.49
2023-05-19 10:30:00,2023-05-19,10:30:00,139.438,139.0,0.0,0.0,0.0,0.0,9.63
2023-05-19 11:00:00,2023-05-19,11:00:00,139.458,139.0,0.0,0.0,0.0,0.0,13.47
2023-05-19 11:30:00,2023-05-19,11:30:00,139.479,139.0,0.0,0.0,0.0,0.0,16.19
2023-05-19 12:00:00,2023-05-19,12:00:00,139.5,139.0,0.0,0.0,0.0,0.0,15.58
2023-05-19 12:30:00,2023-05-19,12:30:00,139.521,139.0,0.0,0.0,0.0,0.0,19.36
2023-05-19 13:00:00,2023-05-19,13:00:00,139.542,139.0,0.0,0.0,0.0,0.0,15.02
2023-05-19 13:30:00,2023-05-19,13:30:00,139.562,139.0,0.0,0.0,0.0,0.0,18.16
2023-05-19 14:00:00,2023-05-19,14:00:00,139.583,139.0,0.0,0.0,0.0,0.0,17.48
2023-05-19 14:30:00,2023-05-19,14:30:00,139.604,139.0,0.0,0.0,0.0,0.0,13.64
2023-05-19 15:00:00,2023-05-19,15:00:00,139.625,139.0,0.0,0.0,0.0,0.0,14.69
2023-05-19 15:30:00,2023-05-19,15:30:00,139.646,139.0,0.0,0.0,0.0,0.0,14.24
2023-05-19 16:00:00,2023-05-19,16:00:00,139.667,139.0,0.0,0.0,0.0,0.0,13.17
2023-05-19 16:30:00,2023-05-19,16:30:00,139.688,139.0,0.0,0.0,0.0,0.0,11.98
2023-05-19 17:00:00,2023-05-19,17:00:00,139.708,139.0,0.0,0.0,0.0,0.0,9.04
2023-05-19 17:30:00,2023-05-19,17:30:00,139.729,139.0,0.0,0.0,0.0,0.0,7.9
2023-05-19 18:00:00,2023-05-19,18:00:00,139.75,139.0,0.0,0.0,0.0,0.0,7.07
2023-05-19 18:30:00,2023-05-19,18:30:00,139.771,139.0,0.0,0.0,0.0,0.0,6.76
2023-05-19 19:00:00,2023-05-19,19:00:00,139.792,139.0,0.0,0.0,0.0,0.0,6.18
2023-05-19 19:30:00,2023-05-19,19:30:00,139.812,139.0,0.0,0.0,0.0,0.0,5.64
2023-05-19 20:00:00,2023-05-19,20:00:00,139.833,139.0,0.0,0.0,0.0,0.0,5.19
2023-05-19 20:30:00,2023-05-19,20:30:00,139.854,139.0,0.0,0.0,0.0,0.0,4.97
2023-05-19 21:00:00,2023-05-19,21:00:00,139.875,139.0,0.0,0.0,0.0,0.0,5.14
2023-05-19 21:30:00,2023-05-19,21:30:00,139.896,139.0,0.0,0.0,0.0,0.0,4.56
2023-05-19 22:00:00,2023-05-19,22:00:00,139.917,139.0,0.0,0.0,0.0,0.0,4.56
2023-05-19 22:30:00,2023-05-19,22:30:00,139.938,139.0,0.0,0.0,0.0,0.0,3.9
2023-05-19 23:00:00,2023-05-19,23:00:00,139.958,139.0,0.0,0.0,0.0,0.0,2.96
2023-05-19 23:30:00,2023-05-19,23:30:00,139.979,139.0,0.0,0.0,0.0,0.0,2.91
2023-05-20 00:00:00,2023-05-20,00:00:00,140.0,140.0,0.0,0.0,0.0,0.0,2.92
2023-05-20 00:30:00,2023-05-20,00:30:00,140.021,140.0,0.0,0.0,0.0,0.0,2.7
2023-05-20 01:00:00,2023-05-20,01:00:00,140.042,140.0,0.0,0.0,0.0,0.0,2.63
2023-05-20 01:30:00,2023-05-20,01:30:00,140.062,140.0,0.0,0.0,0.0,0.0,2.58
2023-05-20 02:00:00,2023-05-20,02:00:00,140.083,140.0,0.0,0.0,0.0,0.0,2.79
2023-05-20 02:30:00,2023-05-20,02:30:00,140.104,140.0,0.0,0.0,0.0,0.0,2.91
2023-05-20 03:00:00,2023-05-20,03:00:00,140.125,140.0,0.0,0.0,0.0,0.0,2.93
2023-05-20 03:30:00,2023-05-20,03:30:00,140.146,140.0,0.0,0.0,0.0,0.0,1.99
2023-05-20 04:00:00,2023-05-20,04:00:00,140.167,140.0,0.0,0.0,0.0,0.0,2.29
2023-05-20 04:30:00,2023-05-20,04:30:00,140.188,140.0,0.0,0.0,0.0,0.0,2.12
2023-05-20 05:00:00,2023-05-20,05:00:00,140.208,140.0,0.0,0.0,0.0,0.0,2.53
2023-05-20 05:30:00,2023-05-20,05:30:00,140.229,140.0,0.0,0.0,0.0,0.0,2.69
2023-05-20 06:00:00,2023-05-20,06:00:00,140.25,140.0,0.0,0.0,0.0,0.0,2.26
2023-05-20 06:30:00,2023-05-20,06:30:00,140.271,140.0,0.0,0.0,0.0,0.0,3.27
2023-05-20 07:00:00,2023-05-20,07:00:00,140.292,140.0,0.0,0.0,0.0,0.0,9.16
2023-05-20 07:30:00,2023-05-20,07:30:00,140.312,140.0,0.0,0.0,0.0,0.0,13.93
2023-05-20 08:00:00,2023-05-20,08:00:00,140.333,140.0,0.0,0.0,0.0,0.0,11.38
2023-05-20 08:30:00,2023-05-20,08:30:00,140.354,140.0,0.0,0.0,0.0,0.0,12.99
2023-05-20 09:00:00,2023-05-20,09:00:00,140.375,140.0,0.0,0.0,0.0,0.0,14.43
2023-05-20 09:30:00,2023-05-20,09:30:00,140.396,140.0,0.0,0.0,0.0,0.0,14.56
2023-05-20 10:00:00,2023-05-20,10:00:00,140.417,140.0,0.0,0.0,0.0,0.0,17.48
2023-05-20 10:30:00,2023-05-20,10:30:00,140.438,140.0,0.0,0.0,0.0,0.0,18.9
2023-05-20 11:00:00,2023-05-20,11:00:00,140.458,140.0,0.0,0.0,0.0,0.0,17.69
2023-05-20 11:30:00,2023-05-20,11:30:00,140.479,140.0,0.0,0.0,0.0,0.0,19.91
2023-05-20 12:00:00,2023-05-20,12:00:00,140.5,140.0,0.0,0.0,0.0,0.0,17.27
2023-05-20 12:30:00,2023-05-20,12:30:00,140.521,140.0,0.0,0.0,0.0,0.0,11.15
2023-05-20 13:00:00,2023-05-20,13:00:00,140.542,140.0,0.0,0.0,0.0,0.0,10.61
2023-05-20 13:30:00,2023-05-20,13:30:00,140.562,140.0,0.0,0.0,0.0,0.0,16.31
2023-05-20 14:00:00,2023-05-20,14:00:00,140.583,140.0,0.0,0.0,0.0,0.0,15.88
2023-05-20 14:30:00,2023-05-20,14:30:00,140.604,140.0,0.0,0.0,0.0,0.0,17.5
2023-05-20 15:00:00,2023-05-20,15:00:00,140.625,140.0,0.0,0.0,0.0,0.0,18.04
2023-05-20 15:30:00,2023-05-20,15:30:00,140.646,140.0,0.0,0.0,0.0,0.0,15.19
2023-05-20 16:00:00,2023-05-20,16:00:00,140.667,140.0,0.0,0.0,0.0,0.0,11.8
2023-05-20 16:30:00,2023-05-20,16:30:00,140.688,140.0,0.0,0.0,0.0,0.0,9.81
2023-05-20 17:00:00,2023-05-20,17:00:00,140.708,140.0,0.0,0.0,0.0,0.0,9.02
2023-05-20 17:30:00,2023-05-20,17:30:00,140.729,140.0,0.0,0.0,0.0,0.0,9.54
2023-05-20 18:00:00,2023-05-20,18:00:00,140.75,140.0,0.0,0.0,0.0,0.0,8.27
2023-05-20 18:30:00,2023-05-20,18:30:00,140.771,140.0,0.0,0.0,0.0,0.0,5.43
2023-05-20 19:00:00,2023-05-20,19:00:00,140.792,140.0,0.0,0.0,0.0,0.0,3.22
2023-05-20 19:30:00,2023-05-20,19:30:00,140.812,140.0,0.0,0.0,0.0,0.0,2.98
2023-05-20 20:00:00,2023-05-20,20:00:00,140.833,140.0,0.0,0.0,0.0,0.0,1.95
2023-05-20 20:30:00,2023-05-20,20:30:00,140.854,140.0,0.0,0.0,0.0,0.0,0.85
2023-05-20 21:00:00,2023-05-20,21:00:00,140.875,140.0,0.0,0.0,0.0,0.0,-0.18
2023-05-20 21:30:00,2023-05-20,21:30:00,140.896,140.0,0.0,0.0,0.0,0.0,-0.71
2023-05-20 22:00:00,2023-05-20,22:00:00,140.917,140.0,0.0,0.0,0.0,0.0,-0.6
2023-05-20 22:30:00,2023-05-20,22:30:00,140.938,140.0,0.0,0.0,0.0,0.0,-0.99
2023-05-20 23:00:00,2023-05-20,23:00:00,140.958,140.0,0.0,0.0,0.0,0.0,-1.69
2023-05-20 23:30:00,2023-05-20,23:30:00,140.979,140.0,0.0,0.0,0.0,0.0,-1.88
2023-05-21 00:00:00,2023-05-21,00:00:00,141.0,141.0,0.0,0.0,0.0,0.0,-1.92
2023-05-21 00:30:00,2023-05-21,00:30:00,141.021,141.0,0.0,0.0,0.0,0.0,-2.46
2023-05-21 01:00:00,2023-05-21,01:00:00,141.042,141.0,0.0,0.0,0.0,0.0,-2.41
2023-05-21 01:30:00,2023-05-21,01:30:00,141.062,141.0,0.0,0.0,0.0,0.0,-2.62
2023-05-21 02:00:00,2023-05-21,02:00:00,141.083,141.0,0.0,0.0,0.0,0.0,-2.64
2023-05-21 02:30:00,2023-05-21,02:30:00,141.104,141.0,0.0,0.0,0.0,0.0,-2.11
2023-05-21 03:00:00,2023-05-21,03:00:00,141.125,141.0,0.0,0.0,0.0,0.0,-2.12
2023-05-21 03:30:00,2023-05-21,03:30:00,141.146,141.0,0.0,0.0,0.0,0.0,-1.23
2023-05-21 04:00:00,2023-05-21,04:00:00,141.167,141.0,0.0,0.0,0.0,0.0,-0.79
2023-05-21 04:30:00,2023-05-21,04:30:00,141.188,141.0,0.0,0.0,0.0,0.0,-0.57
2023-05-21 05:00:00,2023-05-21,05:00:00,141.208,141.0,0.0,0.0,0.0,0.0,-0.38
2023-05-21 05:30:00,2023-05-21,05:30:00,141.229,141.0,0.0,0.0,0.0,0.0,0.2
2023-05-21 06:00:00,2023-05-21,06:00:00,141.25,141.0,0.0,0.0,0.0,0.0,1.24
2023-05-21 06:30:00,2023-05-21,06:30:00,141.271,141.0,0.0,0.0,0.0,0.0,4.05
2023-05-21 07:00:00,2023-05-21,07:00:00,141.292,141.0,0.0,0.0,0.0,0.0,6.77
2023-05-21 07:30:00,2023-05-21,07:30:00,141.312,141.0,0.0,0.0,0.0,0.0,8.88
2023-05-21 08:00:00,2023-05-21,08:00:00,141.333,141.0,0.0,0.0,0.0,0.0,11.57
2023-05-21 08:30:00,2023-05-21,08:30:00,141.354,141.0,0.0,0.0,0.0,0.0,17.04
2023-05-21 09:00:00,2023-05-21,09:00:00,141.375,141.0,0.0,0.0,0.0,0.0,17.02
2023-05-21 09:30:00,2023-05-21,09:30:00,141.396,141.0,0.0,0.0,0.0,0.0,16.95
2023-05-21 10:00:00,2023-05-21,10:00:00,141.417,141.0,0.0,0.0,0.0,0.0,17.89
2023-05-21 10:30:00,2023-05-21,10:30:00,141.438,141.0,0.0,0.0,0.0,0.0,16.85
2023-05-21 11:00:00,2023-05-21,11:00:00,141.458,141.0,0.0,0.0,0.0,0.0,17.97
2023-05-21 11:30:00,2023-05-21,11:30:00,141.479,141.0,0.0,0.0,0.0,0.0,14.78
2023-05-21 12:00:00,2023-05-21,12:00:00,141.5,141.0,0.0,0.0,0.0,0.0,14.14
2023-05-21 12:30:00,2023-05-21,12:30:00,141.521,141.0,0.0,0.0,0.0,0.0,14.24
2023-05-21 13:00:00,2023-05-21,13:00:00,141.542,141.0,0.0,0.0,0.0,0.0,14.67
2023-05-21 13:30:00,2023-05-21,13:30:00,141.562,141.0,0.0,0.0,0.0,0.0,15.02
2023-05-21 14:00:00,2023-05-21,14:00:00,141.583,141.0,0.0,0.0,0.0,0.0,14.09
2023-05-21 14:30:00,2023-05-21,14:30:00,141.604,141.0,0.0,0.0,0.0,0.0,14.7
2023-05-21 15:00:00,2023-05-21,15:00:00,141.625,141.0,0.0,0.0,0.0,0.0,17.17
2023-05-21 15:30:00,2023-05-21,15:30:00,141.646,141.0,0.0,0.0,0.0,0.0,19.21
2023-05-21 16:00:00,2023-05-21,16:00:00,141.667,141.0,0.0,0.0,0.0,0.0,14.95
2023-05-21 16:30:00,2023-05-21,16:30:00,141.688,141.0,0.0,0.0,0.0,0.0,10.37
2023-05-21 17:00:00,2023-05-21,17:00:00,141.708,141.0,0.3,0.24,0.25,0.4,6.76
2023-05-21 17:30:00,2023-05-21,17:30:00,141.729,141.0,0.0,0.0,0.0,0.0,7.01
2023-05-21 18:00:00,2023-05-21,18:00:00,141.75,141.0,0.0,0.0,0.0,0.0,6.29
2023-05-21 18:30:00,2023-05-21,18:30:00,141.771,141.0,0.0,0.0,0.0,0.0,5.3
2023-05-21 19:00:00,2023-05-21,19:00:00,141.792,141.0,0.0,0.0,0.0,0.0,5.06
2023-05-21 19:30:00,2023-05-21,19:30:00,141.812,141.0,0.0,0.0,0.0,0.0,2.85
2023-05-21 20:00:00,2023-05-21,20:00:00,141.833,141.0,0.0,0.0,0.0,0.0,2.6
2023-05-21 20:30:00,2023-05-21,20:30:00,141.854,141.0,0.0,0.0,0.0,0.0,1.63
2023-05-21 21:00:00,2023-05-21,21:00:00,141.875,141.0,0.0,0.0,0.0,0.0,1.65
2023-05-21 21:30:00,2023-05-21,21:30:00,141.896,141.0,0.0,0.0,0.0,0.0,0.4
2023-05-21 22:00:00,2023-05-21,22:00:00,141.917,141.0,0.0,0.0,0.0,0.0,-0.19
2023-05-21 22:30:00,2023-05-21,22:30:00,141.938,141.0,0.0,0.0,0.0,0.0,-0.07
2023-05-21 23:00:00,2023-05-21,23:00:00,141.958,141.0,0.0,0.0,0.0,0.0,-0.57
2023-05-21 23:30:00,2023-05-21,23:30:00,141.979,141.0,0.0,0.0,0.0,0.0,-0.89
2023-05-22 00:00:00,2023-05-22,00:00:00,142.0,142.0,0.0,0.0,0.0,0.0,-0.97
2023-05-22 00:30:00,2023-05-22,00:30:00,142.021,142.0,0.0,0.0,0.0,0.0,-0.49
2023-05-22 01:00:00,2023-05-22,01:00:00,142.042,142.0,0.0,0.0,0.0,0.0,-0.49
2023-05-22 01:30:00,2023-05-22,01:30:00,142.062,142.0,0.0,0.0,0.0,0.0,-0.42
2023-05-22 02:00:00,2023-05-22,02:00:00,142.083,142.0,0.0,0.0,0.0,0.0,-0.39
2023-05-22 02:30:00,2023-05-22,02:30:00,142.104,142.0,0.0,0.0,0.0,0.0,-0.95
2023-05-22 03:00:00,2023-05-22,03:00:00,142.125,142.0,0.0,0.0,0.0,0.0,-1.42
2023-05-22 03:30:00,2023-05-22,03:30:00,142.146,142.0,0.0,0.0,0.0,0.0,-1.6
2023-05-22 04:00:00,2023-05-22,04:00:00,142.167,142.0,0.0,0.0,0.0,0.0,-1.88
2023-05-22 04:30:00,2023-05-22,04:30:00,142.188,142.0,0.0,0.0,0.0,0.0,-1.29
2023-05-22 05:00:00,2023-05-22,05:00:00,142.208,142.0,0.0,0.0,0.0,0.0,-1.2
2023-05-22 05:30:00,2023-05-22,05:30:00,142.229,142.0,0.0,0.0,0.0,0.0,-1.37
2023-05-22 06:00:00,2023-05-22,06:00:00,142.25,142.0,0.0,0.0,0.0,0.0,2.96
2023-05-22 06:30:00,2023-05-22,06:30:00,142.271,142.0,0.0,0.0,0.0,0.0,6.43
2023-05-22 07:00:00,2023-05-22,07:00:00,142.292,142.0,0.0,0.0,0.0,0.0,9.98
2023-05-22 07:30:00,2023-05-22,07:30:00,142.312,142.0,0.0,0.0,0.0,0.0,14.12
2023-05-22 08:00:00,2023-05-22,08:00:00,142.333,142.0,0.0,0.0,0.0,0.0,16.43
2023-05-22 08:30:00,2023-05-22,08:30:00,142.354,142.0,0.0,0.0,0.0,0.0,17.73
2023-05-22 09:00:00,2023-05-22,09:00:00,142.375,142.0,0.0,0.0,0.0,0.0,18.44
2023-05-22 09:30:00,2023-05-22,09:30:00,142.396,142.0,0.0,0.0,0.0,0.0,17.68
2023-05-22 10:00:00,2023-05-22,10:00:00,142.417,142.0,0.0,0.0,0.0,0.0,20.26
2023-05-22 10:30:00,2023-05-22,10:30:00,142.438,142.0,0.0,0.0,0.0,0.0,20.05
2023-05-22 11:00:00,2023-05-22,11:00:00,142.458,142.0,0.0,0.0,0.0,0.0,20.1
2023-05-22 11:30:00,2023-05-22,11:30:00,142.479,142.0,0.0,0.0,0.0,0.0,16.37
2023-05-22 12:00:00,2023-05-22,12:00:00,142.5,142.0,0.0,0.0,0.0,0.0,14.65
2023-05-22 12:30:00,2023-05-22,12:30:00,142.521,142.0,0.0,0.0,0.0,0.0,14.87
2023-05-22 13:00:00,2023-05-22,13:00:00,142.542,142.0,0.0,0.0,0.0,0.0,15.38
2023-05-22 13:30:00,2023-05-22,13:30:00,142.562,142.0,0.0,0.0,0.0,0.0,15.14
2023-05-22 14:00:00,2023-05-22,14:00:00,142.583,142.0,0.0,0.0,0.0,0.0,21.28
2023-05-22 14:30:00,2023-05-22,14:30:00,142.604,142.0,0.0,0.0,0.0,0.0,15.32
2023-05-22 15:00:00,2023-05-22,15:00:00,142.625,142.0,0.0,0.0,0.0,0.0,8.28
2023-05-22 15:30:00,2023-05-22,15:30:00,142.646,142.0,1.89,1.94,1.82,1.9,4.28
2023-05-22 16:00:00,2023-05-22,16:00:00,142.667,142.0,1.74,1.78,1.71,1.74,3.23
2023-05-22 16:30:00,2023-05-22,16:30:00,142.688,142.0,1.17,1.2,1.15,1.17,3.03
2023-05-22 17:00:00,2023-05-22,17:00:00,142.708,142.0,0.0,0.0,0.0,0.0,3.33
2023-05-22 17:30:00,2023-05-22,17:30:00,142.729,142.0,0.0,0.0,0.0,0.0,3.43
2023-05-22 18:00:00,2023-05-22,18:00:00,142.75,142.0,0.0,0.0,0.0,0.0,3.26
2023-05-22 18:30:00,2023-05-22,18:30:00,142.771,142.0,0.0,0.0,0.0,0.0,3.43
2023-05-22 19:00:00,2023-05-22,19:00:00,142.792,142.0,0.0,0.0,0.0,0.0,3.12
2023-05-22 19:30:00,2023-05-22,19:30:00,142.812,142.0,0.0,0.0,0.0,0.0,2.38
2023-05-22 20:00:00,2023-05-22,20:00:00,142.833,142.0,0.0,0.0,0.0,0.0,1.28
2023-05-22 20:30:00,2023-05-22,20:30:00,142.854,142.0,0.0,0.0,0.0,0.0,0.65
2023-05-22 21:00:00,2023-05-22,21:00:00,142.875,142.0,0.0,0.0,0.0,0.0,-0.24
2023-05-22 21:30:00,2023-05-22,21:30:00,142.896,142.0,0.0,0.0,0.0,0.0,-0.5
2023-05-22 22:00:00,2023-05-22,22:00:00,142.917,142.0,0.0,0.0,0.0,0.0,-0.81
2023-05-22 22:30:00,2023-05-22,22:30:00,142.938,142.0,0.0,0.0,0.0,0.0,-1.78
2023-05-22 23:00:00,2023-05-22,23:00:00,142.958,142.0,0.0,0.0,0.0,0.0,-1.52
2023-05-22 23:30:00,2023-05-22,23:30:00,142.979,142.0,0.0,0.0,0.0,0.0,-1.85
2023-05-23 00:00:00,2023-05-23,00:00:00,143.0,143.0,0.0,0.0,0.0,0.0,-2.0
2023-05-23 00:30:00,2023-05-23,00:30:00,143.021,143.0,0.0,0.0,0.0,0.0,-2.45
2023-05-23 01:00:00,2023-05-23,01:00:00,143.042,143.0,0.0,0.0,0.0,0.0,-1.14
2023-05-23 01:30:00,2023-05-23,01:30:00,143.062,143.0,0.0,0.0,0.0,0.0,-2.07
2023-05-23 02:00:00,2023-05-23,02:00:00,143.083,143.0,0.0,0.0,0.0,0.0,-2.79
2023-05-23 02:30:00,2023-05-23,02:30:00,143.104,143.0,0.0,0.0,0.0,0.0,-2.93
2023-05-23 03:00:00,2023-05-23,03:00:00,143.125,143.0,0.0,0.0,0.0,0.0,-2.64
2023-05-23 03:30:00,2023-05-23,03:30:00,143.146,143.0,0.0,0.0,0.0,0.0,-2.9
2023-05-23 04:00:00,2023-05-23,04:00:00,143.167,143.0,0.0,0.0,0.0,0.0,-3.56
2023-05-23 04:30:00,2023-05-23,04:30:00,143.188,143.0,0.0,0.0,0.0,0.0,-3.74
2023-05-23 05:00:00,2023-05-23,05:00:00,143.208,143.0,0.0,0.0,0.0,0.0,-3.34
2023-05-23 05:30:00,2023-05-23,05:30:00,143.229,143.0,0.0,0.0,0.0,0.0,-2.73
2023-05-23 06:00:00,2023-05-23,06:00:00,143.25,143.0,0.0,0.0,0.0,0.0,-0.13
2023-05-23 06:30:00,2023-05-23,06:30:00,143.271,143.0,0.0,0.0,0.0,0.0,2.94
2023-05-23 07:00:00,2023-05-23,07:00:00,143.292,143.0,0.0,0.0,0.0,0.0,6.28
2023-05-23 07:30:00,2023-05-23,07:30:00,143.312,143.0,0.0,0.0,0.0,0.0,10.14
2023-05-23 08:00:00,2023-05-23,08:00:00,143.333,143.0,0.0,0.0,0.0,0.0,13.14
2023-05-23 08:30:00,2023-05-23,08:30:00,143.354,143.0,0.0,0.0,0.0,0.0,15.1
2023-05-23 09:00:00,2023-05-23,09:00:00,143.375,143.0,0.0,0.0,0.0,0.0,17.34
2023-05-23 09:30:00,2023-05-23,09:30:00,143.396,143.0,0.0,0.0,0.0,0.0,18.29
2023-05-23 10:00:00,2023-05-23,10:00:00,143.417,143.0,0.0,0.0,0.0,0.0,19.51
2023-05-23 10:30:00,2023-05-23,10:30:00,143.438,143.0,0.0,0.0,0.0,0.0,19.35
2023-05-23 11:00:00,2023-05-23,11:00:00,143.458,143.0,0.0,0.0,0.0,0.0,15.06
2023-05-23 11:30:00,2023-05-23,11:30:00,143.479,143.0,0.0,0.0,0.0,0.0,16.93
2023-05-23 12:00:00,2023-05-23,12:00:00,143.5,143.0,0.0,0.0,0.0,0.0,18.38
2023-05-23 12:30:00,2023-05-23,12:30:00,143.521,143.0,0.0,0.0,0.0,0.0,15.91
2023-05-23 13:00:00,2023-05-23,13:00:00,143.542,143.0,0.0,0.0,0.0,0.0,16.62
2023-05-23 13:30:00,2023-05-23,13:30:00,143.562,143.0,0.0,0.0,0.0,0.0,16.25
2023-05-23 14:00:00,2023-05-23,14:00:00,143.583,143.0,0.0,0.0,0.0,0.0,15.07
2023-05-23 14:30:00,2023-05-23,14:30:00,143.604,143.0,0.0,0.0,0.0,0.0,16.14
2023-05-23 15:00:00,2023-05-23,15:00:00,143.625,143.0,0.0,0.0,0.0,0.0,21.04
2023-05-23 15:30:00,2023-05-23,15:30:00,143.646,143.0,0.0,0.0,0.0,0.0,20.55
2023-05-23 16:00:00,2023-05-23,16:00:00,143.667,143.0,0.0,0.0,0.0,0.0,14.03
2023-05-23 16:30:00,2023-05-23,16:30:00,143.688,143.0,0.0,0.0,0.0,0.0,11.66
2023-05-23 17:00:00,2023-05-23,17:00:00,143.708,143.0,0.0,0.0,0.0,0.0,12.32
2023-05-23 17:30:00,2023-05-23,17:30:00,143.729,143.0,0.0,0.0,0.0,0.0,11.55
2023-05-23 18:00:00,2023-05-23,18:00:00,143.75,143.0,0.0,0.0,0.0,0.0,9.89
2023-05-23 18:30:00,2023-05-23,18:30:00,143.771,143.0,0.0,0.0,0.0,0.0,8.47
2023-05-23 19:00:00,2023-05-23,19:00:00,143.792,143.0,0.0,0.0,0.0,0.0,6.98
2023-05-23 19:30:00,2023-05-23,19:30:00,143.812,143.0,0.0,0.0,0.0,0.0,7.12
2023-05-23 20:00:00,2023-05-23,20:00:00,143.833,143.0,0.0,0.0,0.0,0.0,6.12
2023-05-23 20:30:00,2023-05-23,20:30:00,143.854,143.0,0.0,0.0,0.0,0.0,5.67
2023-05-23 21:00:00,2023-05-23,21:00:00,143.875,143.0,0.0,0.0,0.0,0.0,5.62
2023-05-23 21:30:00,2023-05-23,21:30:00,143.896,143.0,0.0,0.0,0.0,0.0,2.91
2023-05-23 22:00:00,2023-05-23,22:00:00,143.917,143.0,0.0,0.0,0.0,0.0,1.09
2023-05-23 22:30:00,2023-05-23,22:30:00,143.938,143.0,0.0,0.0,0.0,0.0,0.67
2023-05-23 23:00:00,2023-05-23,23:00:00,143.958,143.0,0.0,0.0,0.0,0.0,0.36
2023-05-23 23:30:00,2023-05-23,23:30:00,143.979,143.0,0.0,0.0,0.0,0.0,-0.52
2023-05-24 00:00:00,2023-05-24,00:00:00,144.0,144.0,0.0,0.0,0.0,0.0,-0.51
2023-05-24 00:30:00,2023-05-24,00:30:00,144.021,144.0,0.0,0.0,0.0,0.0,-0.61
2023-05-24 01:00:00,2023-05-24,01:00:00,144.042,144.0,0.0,0.0,0.0,0.0,-0.82
2023-05-24 01:30:00,2023-05-24,01:30:00,144.062,144.0,0.0,0.0,0.0,0.0,-1.13
2023-05-24 02:00:00,2023-05-24,02:00:00,144.083,144.0,0.0,0.0,0.0,0.0,-1.49
2023-05-24 02:30:00,2023-05-24,02:30:00,144.104,144.0,0.0,0.0,0.0,0.0,-1.9
2023-05-24 03:00:00,2023-05-24,03:00:00,144.125,144.0,0.0,0.0,0.0,0.0,-1.29
2023-05-24 03:30:00,2023-05-24,03:30:00,144.146,144.0,0.0,0.0,0.0,0.0,-0.86
2023-05-24 04:00:00,2023-05-24,04:00:00,144.167,144.0,0.0,0.0,0.0,0.0,-0.87
2023-05-24 04:30:00,2023-05-24,04:30:00,144.188,144.0,0.0,0.0,0.0,0.0,-0.84
2023-05-24 05:00:00,2023-05-24,05:00:00,144.208,144.0,0.0,0.0,0.0,0.0,-0.26
2023-05-24 05:30:00,2023-05-24,05:30:00,144.229,144.0,0.0,0.0,0.0,0.0,0.83
2023-05-24 06:00:00,2023-05-24,06:00:00,144.25,144.0,0.0,0.0,0.0,0.0,3.22
2023-05-24 06:30:00,2023-05-24,06:30:00,144.271,144.0,0.0,0.0,0.0,0.0,2.65
2023-05-24 07:00:00,2023-05-24,07:00:00,144.292,144.0,0.53,0.54,0.52,0.53,3.13
2023-05-24 07:30:00,2023-05-24,07:30:00,144.312,144.0,0.2,0.2,0.2,0.2,3.43
2023-05-24 08:00:00,2023-05-24,08:00:00,144.333,144.0,0.0,0.0,0.0,0.0,5.2
2023-05-24 08:30:00,2023-05-24,08:30:00,144.354,144.0,0.0,0.0,0.0,0.0,6.19
2023-05-24 09:00:00,2023-05-24,09:00:00,144.375,144.0,0.0,0.0,0.0,0.0,11.14
2023-05-24 09:30:00,2023-05-24,09:30:00,144.396,144.0,0.0,0.0,0.0,0.0,16.1
2023-05-24 10:00:00,2023-05-24,10:00:00,144.417,144.0,0.0,0.0,0.0,0.0,18.01
2023-05-24 10:30:00,2023-05-24,10:30:00,144.438,144.0,0.0,0.0,0.0,0.0,19.52
2023-05-24 11:00:00,2023-05-24,11:00:00,144.458,144.0,0.0,0.0,0.0,0.0,18.26
2023-05-24 11:30:00,2023-05-24,11:30:00,144.479,144.0,0.0,0.0,0.0,0.0,19.14
2023-05-24 12:00:00,2023-05-24,12:00:00,144.5,144.0,0.0,0.0,0.0,0.0,16.67
2023-05-24 12:30:00,2023-05-24,12:30:00,144.521,144.0,0.0,0.0,0.0,0.0,10.47
2023-05-24 13:00:00,2023-05-24,13:00:00,144.542,144.0,0.57,0.53,0.53,0.64,4.73
2023-05-24 13:30:00,2023-05-24,13:30:00,144.562,144.0,0.34,0.34,0.33,0.34,4.22
2023-05-24 14:00:00,2023-05-24,14:00:00,144.583,144.0,0.0,0.0,0.0,0.0,4.8
2023-05-24 14:30:00,2023-05-24,14:30:00,144.604,144.0,0.0,0.0,0.0,0.0,11.94
2023-05-24 15:00:00,2023-05-24,15:00:00,144.625,144.0,0.0,0.0,0.0,0.0,10.81
2023-05-24 15:30:00,2023-05-24,15:30:00,144.646,144.0,0.0,0.0,0.0,0.0,10.04
2023-05-24 16:00:00,2023-05-24,16:00:00,144.667,144.0,0.0,0.0,0.0,0.0,12.12
2023-05-24 16:30:00,2023-05-24,16:30:00,144.688,144.0,0.0,0.0,0.0,0.0,12.9
2023-05-24 17:00:00,2023-05-24,17:00:00,144.708,144.0,0.0,0.0,0.0,0.0,9.21
2023-05-24 17:30:00,2023-05-24,17:30:00,144.729,144.0,0.0,0.0,0.0,0.0,7.04
2023-05-24 18:00:00,2023-05-24,18:00:00,144.75,144.0,0.0,0.0,0.0,0.0,6.5
2023-05-24 18:30:00,2023-05-24,18:30:00,144.771,144.0,0.0,0.0,0.0,0.0,4.51
2023-05-24 19:00:00,2023-05-24,19:00:00,144.792,144.0,0.0,0.0,0.0,0.0,2.53
2023-05-24 19:30:00,2023-05-24,19:30:00,144.812,144.0,0.0,0.0,0.0,0.0,1.66
2023-05-24 20:00:00,2023-05-24,20:00:00,144.833,144.0,0.0,0.0,0.0,0.0,1.27
2023-05-24 20:30:00,2023-05-24,20:30:00,144.854,144.0,0.0,0.0,0.0,0.0,0.75
2023-05-24 21:00:00,2023-05-24,21:00:00,144.875,144.0,0.0,0.0,0.0,0.0,0.07
2023-05-24 21:30:00,2023-05-24,21:30:00,144.896,144.0,0.0,0.0,0.0,0.0,-0.24
2023-05-24 22:00:00,2023-05-24,22:00:00,144.917,144.0,0.0,0.0,0.0,0.0,-1.11
2023-05-24 22:30:00,2023-05-24,22:30:00,144.938,144.0,0.0,0.0,0.0,0.0,-1.43
2023-05-24 23:00:00,2023-05-24,23:00:00,144.958,144.0,0.0,0.0,0.0,0.0,-2.05
2023-05-24 23:30:00,2023-05-24,23:30:00,144.979,144.0,0.0,0.0,0.0,0.0,-2.14
2023-05-25 00:00:00,2023-05-25,00:00:00,145.0,145.0,0.0,0.0,0.0,0.0,-2.33
2023-05-25 00:30:00,2023-05-25,00:30:00,145.021,145.0,0.0,0.0,0.0,0.0,-2.49
2023-05-25 01:00:00,2023-05-25,01:00:00,145.042,145.0,0.0,0.0,0.0,0.0,-2.52
2023-05-25 01:30:00,2023-05-25,01:30:00,145.062,145.0,0.0,0.0,0.0,0.0,-3.13
2023-05-25 02:00:00,2023-05-25,02:00:00,145.083,145.0,0.0,0.0,0.0,0.0,-3.18
2023-05-25 02:30:00,2023-05-25,02:30:00,145.104,145.0,0.0,0.0,0.0,0.0,-3.59
2023-05-25 03:00:00,2023-05-25,03:00:00,145.125,145.0,0.0,0.0,0.0,0.0,-1.79
2023-05-25 03:30:00,2023-05-25,03:30:00,145.146,145.0,0.0,0.0,0.0,0.0,-3.17
2023-05-25 04:00:00,2023-05-25,04:00:00,145.167,145.0,0.0,0.0,0.0,0.0,-3.25
2023-05-25 04:30:00,2023-05-25,04:30:00,145.188,145.0,0.0,0.0,0.0,0.0,-3.68
2023-05-25 05:00:00,2023-05-25,05:00:00,145.208,145.0,0.0,0.0,0.0,0.0,-3.46
2023-05-25 05:30:00,2023-05-25,05:30:00,145.229,145.0,0.0,0.0,0.0,0.0,-3.24
2023-05-25 06:00:00,2023-05-25,06:00:00,145.25,145.0,0.0,0.0,0.0,0.0,1.26
2023-05-25 06:30:00,2023-05-25,06:30:00,145.271,145.0,0.0,0.0,0.0,0.0,5.72
2023-05-25 07:00:00,2023-05-25,07:00:00,145.292,145.0,0.0,0.0,0.0,0.0,7.58
2023-05-25 07:30:00,2023-05-25,07:30:00,145.312,145.0,0.0,0.0,0.0,0.0,12.61
2023-05-25 08:00:00,2023-05-25,08:00:00,145.333,145.0,0.0,0.0,0.0,0.0,17.22
2023-05-25 08:30:00,2023-05-25,08:30:00,145.354,145.0,0.0,0.0,0.0,0.0,18.45
2023-05-25 09:00:00,2023-05-25,09:00:00,145.375,145.0,0.0,0.0,0.0,0.0,18.63
2023-05-25 09:30:00,2023-05-25,09:30:00,145.396,145.0,0.0,0.0,0.0,0.0,20.71
2023-05-25 10:00:00,2023-05-25,10:00:00,145.417,145.0,0.0,0.0,0.0,0.0,21.36
2023-05-25 10:30:00,2023-05-25,10:30:00,145.438,145.0,0.0,0.0,0.0,0.0,22.83
2023-05-25 11:00:00,2023-05-25,11:00:00,145.458,145.0,0.0,0.0,0.0,0.0,23.29
2023-05-25 11:30:00,2023-05-25,11:30:00,145.479,145.0,0.0,0.0,0.0,0.0,22.34
2023-05-25 12:00:00,2023-05-25,12:00:00,145.5,145.0,0.0,0.0,0.0,0.0,21.49
2023-05-25 12:30:00,2023-05-25,12:30:00,145.521,145.0,0.0,0.0,0.0,0.0,21.15
2023-05-25 13:00:00,2023-05-25,13:00:00,145.542,145.0,0.0,0.0,0.0,0.0,18.65
2023-05-25 13:30:00,2023-05-25,13:30:00,145.562,145.0,0.0,0.0,0.0,0.0,18.22
2023-05-25 14:00:00,2023-05-25,14:00:00,145.583,145.0,0.0,0.0,0.0,0.0,16.84
2023-05-25 14:30:00,2023-05-25,14:30:00,145.604,145.0,0.0,0.0,0.0,0.0,19.65
2023-05-25 15:00:00,2023-05-25,15:00:00,145.625,145.0,0.0,0.0,0.0,0.0,16.4
2023-05-25 15:30:00,2023-05-25,15:30:00,145.646,145.0,0.0,0.0,0.0,0.0,14.29
2023-05-25 16:00:00,2023-05-25,16:00:00,145.667,145.0,0.0,0.0,0.0,0.0,12.67
2023-05-25 16:30:00,2023-05-25,16:30:00,145.688,145.0,0.0,0.0,0.0,0.0,17.47
2023-05-25 17:00:00,2023-05-25,17:00:00,145.708,145.0,0.0,0.0,0.0,0.0,11.38
2023-05-25 17:30:00,2023-05-25,17:30:00,145.729,145.0,0.0,0.0,0.0,0.0,14.63
2023-05-25 18:00:00,2023-05-25,18:00:00,145.75,145.0,0.0,0.0,0.0,0.0,12.09
2023-05-25 18:30:00,2023-05-25,18:30:00,145.771,145.0,0.0,0.0,0.0,0.0,7.36
2023-05-25 19:00:00,2023-05-25,19:00:00,145.792,145.0,0.0,0.0,0.0,0.0,4.78
2023-05-25 19:30:00,2023-05-25,19:30:00,145.812,145.0,0.0,0.0,0.0,0.0,4.16
2023-05-25 20:00:00,2023-05-25,20:00:00,145.833,145.0,0.0,0.0,0.0,0.0,3.36
2023-05-25 20:30:00,2023-05-25,20:30:00,145.854,145.0,0.0,0.0,0.0,0.0,2.84
2023-05-25 21:00:00,2023-05-25,21:00:00,145.875,145.0,0.0,0.0,0.0,0.0,2.97
2023-05-25 21:30:00,2023-05-25,21:30:00,145.896,145.0,0.0,0.0,0.0,0.0,2.56
2023-05-25 22:00:00,2023-05-25,22:00:00,145.917,145.0,0.0,0.0,0.0,0.0,2.24
2023-05-25 22:30:00,2023-05-25,22:30:00,145.938,145.0,0.0,0.0,0.0,0.0,0.77
2023-05-25 23:00:00,2023-05-25,23:00:00,145.958,145.0,0.0,0.0,0.0,0.0,1.13
2023-05-25 23:30:00,2023-05-25,23:30:00,145.979,145.0,0.0,0.0,0.0,0.0,0.06
2023-05-26 00:00:00,2023-05-26,00:00:00,146.0,146.0,0.0,0.0,0.0,0.0,-0.19
2023-05-26 00:30:00,2023-05-26,00:30:00,146.021,146.0,0.0,0.0,0.0,0.0,-2.04
2023-05-26 01:00:00,2023-05-26,01:00:00,146.042,146.0,0.0,0.0,0.0,0.0,-2.07
2023-05-26 01:30:00,2023-05-26,01:30:00,146.062,146.0,0.0,0.0,0.0,0.0,-1.47
2023-05-26 02:00:00,2023-05-26,02:00:00,146.083,146.0,0.0,0.0,0.0,0.0,-1.88
2023-05-26 02:30:00,2023-05-26,02:30:00,146.104,146.0,0.0,0.0,0.0,0.0,-1.88
2023-05-26 03:00:00,2023-05-26,03:00:00,146.125,146.0,0.0,0.0,0.0,0.0,-1.88
2023-05-26 03:30:00,2023-05-26,03:30:00,146.146,146.0,0.0,0.0,0.0,0.0,-1.88
2023-05-26 04:00:00,2023-05-26,04:00:00,146.167,146.0,0.0,0.0,0.0,0.0,-1.54
2023-05-26 04:30:00,2023-05-26,04:30:00,146.188,146.0,0.0,0.0,0.0,0.0,-2.28
2023-05-26 05:00:00,2023-05-26,05:00:00,146.208,146.0,0.0,0.0,0.0,0.0,-1.77
2023-05-26 05:30:00,2023-05-26,05:30:00,146.229,146.0,0.0,0.0,0.0,0.0,-0.04
2023-05-26 06:00:00,2023-05-26,06:00:00,146.25,146.0,0.0,0.0,0.0,0.0,3.36
2023-05-26 06:30:00,2023-05-26,06:30:00,146.271,146.0,0.0,0.0,0.0,0.0,7.94
2023-05-26 07:00:00,2023-05-26,07:00:00,146.292,146.0,0.0,0.0,0.0,0.0,10.13
2023-05-26 07:30:00,2023-05-26,07:30:00,146.312,146.0,0.0,0.0,0.0,0.0,15.38
2023-05-26 08:00:00,2023-05-26,08:00:00,146.333,146.0,0.0,0.0,0.0,0.0,18.52
2023-05-26 08:30:00,2023-05-26,08:30:00,146.354,146.0,0.0,0.0,0.0,0.0,20.39
2023-05-26 09:00:00,2023-05-26,09:00:00,146.375,146.0,0.0,0.0,0.0,0.0,20.6
2023-05-26 09:30:00,2023-05-26,09:30:00,146.396,146.0,0.0,0.0,0.0,0.0,20.92
2023-05-26 10:00:00,2023-05-26,10:00:00,146.417,146.0,0.0,0.0,0.0,0.0,21.68
2023-05-26 10:30:00,2023-05-26,10:30:00,146.438,146.0,0.0,0.0,0.0,0.0,20.91
2023-05-26 11:00:00,2023-05-26,11:00:00,146.458,146.0,0.0,0.0,0.0,0.0,20.49
2023-05-26 11:30:00,2023-05-26,11:30:00,146.479,146.0,0.0,0.0,0.0,0.0,19.56
2023-05-26 12:00:00,2023-05-26,12:00:00,146.5,146.0,0.0,0.0,0.0,0.0,10.46
2023-05-26 12:30:00,2023-05-26,12:30:00,146.521,146.0,0.0,0.0,0.0,0.0,14.85
2023-05-26 13:00:00,2023-05-26,13:00:00,146.542,146.0,0.0,0.0,0.0,0.0,19.5
2023-05-26 13:30:00,2023-05-26,13:30:00,146.562,146.0,0.0,0.0,0.0,0.0,14.61
2023-05-26 14:00:00,2023-05-26,14:00:00,146.583,146.0,0.0,0.0,0.0,0.0,17.68
2023-05-26 14:30:00,2023-05-26,14:30:00,146.604,146.0,0.0,0.0,0.0,0.0,15.31
2023-05-26 15:00:00,2023-05-26,15:00:00,146.625,146.0,0.0,0.0,0.0,0.0,17.45
2023-05-26 15:30:00,2023-05-26,15:30:00,146.646,146.0,0.0,0.0,0.0,0.0,18.22
2023-05-26 16:00:00,2023-05-26,16:00:00,146.667,146.0,0.0,0.0,0.0,0.0,14.84
2023-05-26 16:30:00,2023-05-26,16:30:00,146.688,146.0,0.0,0.0,0.0,0.0,17.19
2023-05-26 17:00:00,2023-05-26,17:00:00,146.708,146.0,0.0,0.0,0.0,0.0,17.26
2023-05-26 17:30:00,2023-05-26,17:30:00,146.729,146.0,0.0,0.0,0.0,0.0,15.17
2023-05-26 18:00:00,2023-05-26,18:00:00,146.75,146.0,0.0,0.0,0.0,0.0,12.7
2023-05-26 18:30:00,2023-05-26,18:30:00,146.771,146.0,0.0,0.0,0.0,0.0,8.05
2023-05-26 19:00:00,2023-05-26,19:00:00,146.792,146.0,0.0,0.0,0.0,0.0,5.43
2023-05-26 19:30:00,2023-05-26,19:30:00,146.812,146.0,0.0,0.0,0.0,0.0,4.23
2023-05-26 20:00:00,2023-05-26,20:00:00,146.833,146.0,0.0,0.0,0.0,0.0,2.92
2023-05-26 20:30:00,2023-05-26,20:30:00,146.854,146.0,0.0,0.0,0.0,0.0,1.86
2023-05-26 21:00:00,2023-05-26,21:00:00,146.875,146.0,0.0,0.0,0.0,0.0,0.69
2023-05-26 21:30:00,2023-05-26,21:30:00,146.896,146.0,0.0,0.0,0.0,0.0,0.42
2023-05-26 22:00:00,2023-05-26,22:00:00,146.917,146.0,0.0,0.0,0.0,0.0,0.87
2023-05-26 22:30:00,2023-05-26,22:30:00,146.938,146.0,0.0,0.0,0.0,0.0,1.1
2023-05-26 23:00:00,2023-05-26,23:00:00,146.958,146.0,0.0,0.0,0.0,0.0,-0.52
2023-05-26 23:30:00,2023-05-26,23:30:00,146.979,146.0,0.0,0.0,0.0,0.0,-0.81
2023-05-27 00:00:00,2023-05-27,00:00:00,147.0,147.0,0.0,0.0,0.0,0.0,-0.89
2023-05-27 00:30:00,2023-05-27,00:30:00,147.021,147.0,0.0,0.0,0.0,0.0,-1.56
2023-05-27 01:00:00,2023-05-27,01:00:00,147.042,147.0,0.0,0.0,0.0,0.0,-1.53
2023-05-27 01:30:00,2023-05-27,01:30:00,147.062,147.0,0.0,0.0,0.0,0.0,-2.06
2023-05-27 02:00:00,2023-05-27,02:00:00,147.083,147.0,0.0,0.0,0.0,0.0,-2.23
2023-05-27 02:30:00,2023-05-27,02:30:00,147.104,147.0,0.0,0.0,0.0,0.0,-2.64
2023-05-27 03:00:00,2023-05-27,03:00:00,147.125,147.0,0.0,0.0,0.0,0.0,-2.98
2023-05-27 03:30:00,2023-05-27,03:30:00,147.146,147.0,0.0,0.0,0.0,0.0,-3.26
2023-05-27 04:00:00,2023-05-27,04:00:00,147.167,147.0,0.0,0.0,0.0,0.0,-3.73
2023-05-27 04:30:00,2023-05-27,04:30:00,147.188,147.0,0.0,0.0,0.0,0.0,-3.77
2023-05-27 05:00:00,2023-05-27,05:00:00,147.208,147.0,0.0,0.0,0.0,0.0,-3.47
2023-05-27 05:30:00,2023-05-27,05:30:00,147.229,147.0,0.0,0.0,0.0,0.0,-2.93
2023-05-27 06:00:00,2023-05-27,06:00:00,147.25,147.0,0.0,0.0,0.0,0.0,2.53
2023-05-27 06:30:00,2023-05-27,06:30:00,147.271,147.0,0.0,0.0,0.0,0.0,7.92
2023-05-27 07:00:00,2023-05-27,07:00:00,147.292,147.0,0.0,0.0,0.0,0.0,11.55
2023-05-27 07:30:00,2023-05-27,07:30:00,147.312,147.0,0.0,0.0,0.0,0.0,14.52
2023-05-27 08:00:00,2023-05-27,08:00:00,147.333,147.0,0.0,0.0,0.0,0.0,15.9
2023-05-27 08:30:00,2023-05-27,08:30:00,147.354,147.0,0.0,0.0,0.0,0.0,16.1
2023-05-27 09:00:00,2023-05-27,09:00:00,147.375,147.0,0.0,0.0,0.0,0.0,19.75
2023-05-27 09:30:00,2023-05-27,09:30:00,147.396,147.0,0.0,0.0,0.0,0.0,14.93
2023-05-27 10:00:00,2023-05-27,10:00:00,147.417,147.0,0.0,0.0,0.0,0.0,13.29
2023-05-27 10:30:00,2023-05-27,10:30:00,147.438,147.0,0.0,0.0,0.0,0.0,12.93
2023-05-27 11:00:00,2023-05-27,11:00:00,147.458,147.0,0.0,0.0,0.0,0.0,17.42
2023-05-27 11:30:00,2023-05-27,11:30:00,147.479,147.0,0.0,0.0,0.0,0.0,17.47
2023-05-27 12:00:00,2023-05-27,12:00:00,147.5,147.0,0.0,0.0,0.0,0.0,15.04
2023-05-27 12:30:00,2023-05-27,12:30:00,147.521,147.0,0.0,0.0,0.0,0.0,19.28
2023-05-27 13:00:00,2023-05-27,13:00:00,147.542,147.0,0.0,0.0,0.0,0.0,18.99
2023-05-27 13:30:00,2023-05-27,13:30:00,147.562,147.0,0.0,0.0,0.0,0.0,19.14
2023-05-27 14:00:00,2023-05-27,14:00:00,147.583,147.0,0.0,0.0,0.0,0.0,16.3
2023-05-27 14:30:00,2023-05-27,14:30:00,147.604,147.0,0.0,0.0,0.0,0.0,18.9
2023-05-27 15:00:00,2023-05-27,15:00:00,147.625,147.0,0.0,0.0,0.0,0.0,18.51
2023-05-27 15:30:00,2023-05-27,15:30:00,147.646,147.0,0.0,0.0,0.0,0.0,19.25
2023-05-27 16:00:00,2023-05-27,16:00:00,147.667,147.0,0.0,0.0,0.0,0.0,14.31
2023-05-27 16:30:00,2023-05-27,16:30:00,147.688,147.0,0.0,0.0,0.0,0.0,15.69
2023-05-27 17:00:00,2023-05-27,17:00:00,147.708,147.0,0.0,0.0,0.0,0.0,14.61
2023-05-27 17:30:00,2023-05-27,17:30:00,147.729,147.0,0.0,0.0,0.0,0.0,13.97
2023-05-27 18:00:00,2023-05-27,18:00:00,147.75,147.0,0.0,0.0,0.0,0.0,10.06
2023-05-27 18:30:00,2023-05-27,18:30:00,147.771,147.0,0.0,0.0,0.0,0.0,7.82
2023-05-27 19:00:00,2023-05-27,19:00:00,147.792,147.0,0.0,0.0,0.0,0.0,5.73
2023-05-27 19:30:00,2023-05-27,19:30:00,147.812,147.0,0.0,0.0,0.0,0.0,4.33
2023-05-27 20:00:00,2023-05-27,20:00:00,147.833,147.0,0.0,0.0,0.0,0.0,3.19
2023-05-27 20:30:00,2023-05-27,20:30:00,147.854,147.0,0.0,0.0,0.0,0.0,2.0
2023-05-27 21:00:00,2023-05-27,21:00:00,147.875,147.0,0.0,0.0,0.0,0.0,1.28
2023-05-27 21:30:00,2023-05-27,21:30:00,147.896,147.0,0.0,0.0,0.0,0.0,0.12
2023-05-27 22:00:00,2023-05-27,22:00:00,147.917,147.0,0.0,0.0,0.0,0.0,0.12
2023-05-27 22:30:00,2023-05-27,22:30:00,147.938,147.0,0.0,0.0,0.0,0.0,-1.16
2023-05-27 23:00:00,2023-05-27,23:00:00,147.958,147.0,0.0,0.0,0.0,0.0,-1.53
2023-05-27 23:30:00,2023-05-27,23:30:00,147.979,147.0,0.0,0.0,0.0,0.0,-1.93
2023-05-28 00:00:00,2023-05-28,00:00:00,148.0,148.0,0.0,0.0,0.0,0.0,-1.93
2023-05-28 00:30:00,2023-05-28,00:30:00,148.021,148.0,0.0,0.0,0.0,0.0,-2.57
2023-05-28 01:00:00,2023-05-28,01:00:00,148.042,148.0,0.0,0.0,0.0,0.0,-3.31
2023-05-28 01:30:00,2023-05-28,01:30:00,148.062,148.0,0.0,0.0,0.0,0.0,-3.81
2023-05-28 02:00:00,2023-05-28,02:00:00,148.083,148.0,0.0,0.0,0.0,0.0,-3.63
2023-05-28 02:30:00,2023-05-28,02:30:00,148.104,148.0,0.0,0.0,0.0,0.0,-3.87
2023-05-28 03:00:00,2023-05-28,03:00:00,148.125,148.0,0.0,0.0,0.0,0.0,-4.43
2023-05-28 03:30:00,2023-05-28,03:30:00,148.146,148.0,0.0,0.0,0.0,0.0,-4.69
2023-05-28 04:00:00,2023-05-28,04:00:00,148.167,148.0,0.0,0.0,0.0,0.0,-4.97
2023-05-28 04:30:00,2023-05-28,04:30:00,148.188,148.0,0.0,0.0,0.0,0.0,-5.06
2023-05-28 05:00:00,2023-05-28,05:00:00,148.208,148.0,0.0,0.0,0.0,0.0,-4.54
2023-05-28 05:30:00,2023-05-28,05:30:00,148.229,148.0,0.0,0.0,0.0,0.0,-3.73
2023-05-28 06:00:00,2023-05-28,06:00:00,148.25,148.0,0.0,0.0,0.0,0.0,2.86
2023-05-28 06:30:00,2023-05-28,06:30:00,148.271,148.0,0.0,0.0,0.0,0.0,7.5
2023-05-28 07:00:00,2023-05-28,07:00:00,148.292,148.0,0.0,0.0,0.0,0.0,10.73
2023-05-28 07:30:00,2023-05-28,07:30:00,148.312,148.0,0.0,0.0,0.0,0.0,14.38
2023-05-28 08:00:00,2023-05-28,08:00:00,148.333,148.0,0.0,0.0,0.0,0.0,16.4
2023-05-28 08:30:00,2023-05-28,08:30:00,148.354,148.0,0.0,0.0,0.0,0.0,17.61
2023-05-28 09:00:00,2023-05-28,09:00:00,148.375,148.0,0.0,0.0,0.0,0.0,19.24
2023-05-28 09:30:00,2023-05-28,09:30:00,148.396,148.0,0.0,0.0,0.0,0.0,14.52
2023-05-28 10:00:00,2023-05-28,10:00:00,148.417,148.0,0.0,0.0,0.0,0.0,12.86
2023-05-28 10:30:00,2023-05-28,10:30:00,148.438,148.0,0.0,0.0,0.0,0.0,17.0
2023-05-28 11:00:00,2023-05-28,11:00:00,148.458,148.0,0.0,0.0,0.0,0.0,17.7
2023-05-28 11:30:00,2023-05-28,11:30:00,148.479,148.0,0.0,0.0,0.0,0.0,18.11
2023-05-28 12:00:00,2023-05-28,12:00:00,148.5,148.0,0.0,0.0,0.0,0.0,17.38
2023-05-28 12:30:00,2023-05-28,12:30:00,148.521,148.0,0.0,0.0,0.0,0.0,20.6
2023-05-28 13:00:00,2023-05-28,13:00:00,148.542,148.0,0.0,0.0,0.0,0.0,20.69
2023-05-28 13:30:00,2023-05-28,13:30:00,148.562,148.0,0.0,0.0,0.0,0.0,18.8
2023-05-28 14:00:00,2023-05-28,14:00:00,148.583,148.0,0.0,0.0,0.0,0.0,20.34
2023-05-28 14:30:00,2023-05-28,14:30:00,148.604,148.0,0.0,0.0,0.0,0.0,20.33
2023-05-28 15:00:00,2023-05-28,15:00:00,148.625,148.0,0.0,0.0,0.0,0.0,21.14
2023-05-28 15:30:00,2023-05-28,15:30:00,148.646,148.0,0.0,0.0,0.0,0.0,18.97
2023-05-28 16:00:00,2023-05-28,16:00:00,148.667,148.0,0.0,0.0,0.0,0.0,19.67
2023-05-28 16:30:00,2023-05-28,16:30:00,148.688,148.0,0.0,0.0,0.0,0.0,18.21
2023-05-28 17:00:00,2023-05-28,17:00:00,148.708,148.0,0.0,0.0,0.0,0.0,17.35
2023-05-28 17:30:00,2023-05-28,17:30:00,148.729,148.0,0.0,0.0,0.0,0.0,15.53
2023-05-28 18:00:00,2023-05-28,18:00:00,148.75,148.0,0.0,0.0,0.0,0.0,10.9
2023-05-28 18:30:00,2023-05-28,18:30:00,148.771,148.0,0.0,0.0,0.0,0.0,7.21
2023-05-28 19:00:00,2023-05-28,19:00:00,148.792,148.0,0.0,0.0,0.0,0.0,5.49
2023-05-28 19:30:00,2023-05-28,19:30:00,148.812,148.0,0.0,0.0,0.0,0.0,4.09
2023-05-28 20:00:00,2023-05-28,20:00:00,148.833,148.0,0.0,0.0,0.0,0.0,3.66
2023-05-28 20:30:00,2023-05-28,20:30:00,148.854,148.0,0.0,0.0,0.0,0.0,2.83
2023-05-28 21:00:00,2023-05-28,21:00:00,148.875,148.0,0.0,0.0,0.0,0.0,2.67
2023-05-28 21:30:00,2023-05-28,21:30:00,148.896,148.0,0.0,0.0,0.0,0.0,1.33
2023-05-28 22:00:00,2023-05-28,22:00:00,148.917,148.0,0.0,0.0,0.0,0.0,0.98
2023-05-28 22:30:00,2023-05-28,22:30:00,148.938,148.0,0.0,0.0,0.0,0.0,0.15
2023-05-28 23:00:00,2023-05-28,23:00:00,148.958,148.0,0.0,0.0,0.0,0.0,-0.17
2023-05-28 23:30:00,2023-05-28,23:30:00,148.979,148.0,0.0,0.0,0.0,0.0,-0.34
2023-05-29 00:00:00,2023-05-29,00:00:00,149.0,149.0,0.0,0.0,0.0,0.0,-0.36
2023-05-29 00:30:00,2023-05-29,00:30:00,149.021,149.0,0.0,0.0,0.0,0.0,-1.78
2023-05-29 01:00:00,2023-05-29,01:00:00,149.042,149.0,0.0,0.0,0.0,0.0,-1.18
2023-05-29 01:30:00,2023-05-29,01:30:00,149.062,149.0,0.0,0.0,0.0,0.0,-2.09
2023-05-29 02:00:00,2023-05-29,02:00:00,149.083,149.0,0.0,0.0,0.0,0.0,-2.43
2023-05-29 02:30:00,2023-05-29,02:30:00,149.104,149.0,0.0,0.0,0.0,0.0,-2.9
2023-05-29 03:00:00,2023-05-29,03:00:00,149.125,149.0,0.0,0.0,0.0,0.0,-3.14
2023-05-29 03:30:00,2023-05-29,03:30:00,149.146,149.0,0.0,0.0,0.0,0.0,-3.49
2023-05-29 04:00:00,2023-05-29,04:00:00,149.167,149.0,0.0,0.0,0.0,0.0,-3.76
2023-05-29 04:30:00,2023-05-29,04:30:00,149.188,149.0,0.0,0.0,0.0,0.0,-3.57
2023-05-29 05:00:00,2023-05-29,05:00:00,149.208,149.0,0.0,0.0,0.0,0.0,-3.65
2023-05-29 05:30:00,2023-05-29,05:30:00,149.229,149.0,0.0,0.0,0.0,0.0,-2.93
2023-05-29 06:00:00,2023-05-29,06:00:00,149.25,149.0,0.0,0.0,0.0,0.0,3.35
2023-05-29 06:30:00,2023-05-29,06:30:00,149.271,149.0,0.0,0.0,0.0,0.0,8.72
2023-05-29 07:00:00,2023-05-29,07:00:00,149.292,149.0,0.0,0.0,0.0,0.0,12.34
2023-05-29 07:30:00,2023-05-29,07:30:00,149.312,149.0,0.0,0.0,0.0,0.0,15.7
2023-05-29 08:00:00,2023-05-29,08:00:00,149.333,149.0,0.0,0.0,0.0,0.0,18.27
2023-05-29 08:30:00,2023-05-29,08:30:00,149.354,149.0,0.0,0.0,0.0,0.0,19.88
2023-05-29 09:00:00,2023-05-29,09:00:00,149.375,149.0,0.0,0.0,0.0,0.0,21.05
2023-05-29 09:30:00,2023-05-29,09:30:00,149.396,149.0,0.0,0.0,0.0,0.0,19.75
2023-05-29 10:00:00,2023-05-29,10:00:00,149.417,149.0,0.0,0.0,0.0,0.0,19.66
2023-05-29 10:30:00,2023-05-29,10:30:00,149.438,149.0,0.0,0.0,0.0,0.0,19.47
2023-05-29 11:00:00,2023-05-29,11:00:00,149.458,149.0,0.0,0.0,0.0,0.0,19.25
2023-05-29 11:30:00,2023-05-29,11:30:00,149.479,149.0,0.0,0.0,0.0,0.0,18.96
2023-05-29 12:00:00,2023-05-29,12:00:00,149.5,149.0,0.0,0.0,0.0,0.0,19.53
2023-05-29 12:30:00,2023-05-29,12:30:00,149.521,149.0,0.0,0.0,0.0,0.0,20.16
2023-05-29 13:00:00,2023-05-29,13:00:00,149.542,149.0,0.0,0.0,0.0,0.0,20.38
2023-05-29 13:30:00,2023-05-29,13:30:00,149.562,149.0,0.0,0.0,0.0,0.0,20.73
2023-05-29 14:00:00,2023-05-29,14:00:00,149.583,149.0,0.0,0.0,0.0,0.0,21.05
2023-05-29 14:30:00,2023-05-29,14:30:00,149.604,149.0,0.0,0.0,0.0,0.0,21.06
2023-05-29 15:00:00,2023-05-29,15:00:00,149.625,149.0,0.0,0.0,0.0,0.0,21.53
2023-05-29 15:30:00,2023-05-29,15:30:00,149.646,149.0,0.0,0.0,0.0,0.0,20.92
2023-05-29 16:00:00,2023-05-29,16:00:00,149.667,149.0,0.0,0.0,0.0,0.0,20.85
2023-05-29 16:30:00,2023-05-29,16:30:00,149.688,149.0,0.0,0.0,0.0,0.0,19.89
2023-05-29 17:00:00,2023-05-29,17:00:00,149.708,149.0,0.0,0.0,0.0,0.0,16.77
2023-05-29 17:30:00,2023-05-29,17:30:00,149.729,149.0,0.0,0.0,0.0,0.0,16.3
2023-05-29 18:00:00,2023-05-29,18:00:00,149.75,149.0,0.0,0.0,0.0,0.0,13.37
2023-05-29 18:30:00,2023-05-29,18:30:00,149.771,149.0,0.0,0.0,0.0,0.0,9.71
2023-05-29 19:00:00,2023-05-29,19:00:00,149.792,149.0,0.0,0.0,0.0,0.0,8.61
2023-05-29 19:30:00,2023-05-29,19:30:00,149.812,149.0,0.0,0.0,0.0,0.0,7.37
2023-05-29 20:00:00,2023-05-29,20:00:00,149.833,149.0,0.0,0.0,0.0,0.0,5.83
2023-05-29 20:30:00,2023-05-29,20:30:00,149.854,149.0,0.0,0.0,0.0,0.0,4.22
2023-05-29 21:00:00,2023-05-29,21:00:00,149.875,149.0,0.0,0.0,0.0,0.0,2.59
2023-05-29 21:30:00,2023-05-29,21:30:00,149.896,149.0,0.0,0.0,0.0,0.0,1.75
2023-05-29 22:00:00,2023-05-29,22:00:00,149.917,149.0,0.0,0.0,0.0,0.0,1.73
2023-05-29 22:30:00,2023-05-29,22:30:00,149.938,149.0,0.0,0.0,0.0,0.0,1.11
2023-05-29 23:00:00,2023-05-29,23:00:00,149.958,149.0,0.0,0.0,0.0,0.0,0.57
2023-05-29 23:30:00,2023-05-29,23:30:00,149.979,149.0,0.0,0.0,0.0,0.0,-0.85
2023-05-30 00:00:00,2023-05-30,00:00:00,150.0,150.0,0.0,0.0,0.0,0.0,-0.89
2023-05-30 00:30:00,2023-05-30,00:30:00,150.021,150.0,0.0,0.0,0.0,0.0,-1.28
2023-05-30 01:00:00,2023-05-30,01:00:00,150.042,150.0,0.0,0.0,0.0,0.0,-1.73
2023-05-30 01:30:00,2023-05-30,01:30:00,150.062,150.0,0.0,0.0,0.0,0.0,-2.02
2023-05-30 02:00:00,2023-05-30,02:00:00,150.083,150.0,0.0,0.0,0.0,0.0,-2.04
2023-05-30 02:30:00,2023-05-30,02:30:00,150.104,150.0,0.0,0.0,0.0,0.0,-2.59
2023-05-30 03:00:00,2023-05-30,03:00:00,150.125,150.0,0.0,0.0,0.0,0.0,-2.94
2023-05-30 03:30:00,2023-05-30,03:30:00,150.146,150.0,0.0,0.0,0.0,0.0,-3.39
2023-05-30 04:00:00,2023-05-30,04:00:00,150.167,150.0,0.0,0.0,0.0,0.0,-3.07
2023-05-30 04:30:00,2023-05-30,04:30:00,150.188,150.0,0.0,0.0,0.0,0.0,-3.49
2023-05-30 05:00:00,2023-05-30,05:00:00,150.208,150.0,0.0,0.0,0.0,0.0,-3.0
2023-05-30 05:30:00,2023-05-30,05:30:00,150.229,150.0,0.0,0.0,0.0,0.0,-2.58
2023-05-30 06:00:00,2023-05-30,06:00:00,150.25,150.0,0.0,0.0,0.0,0.0,4.13
2023-05-30 06:30:00,2023-05-30,06:30:00,150.271,150.0,0.0,0.0,0.0,0.0,9.3
2023-05-30 07:00:00,2023-05-30,07:00:00,150.292,150.0,0.0,0.0,0.0,0.0,12.75
2023-05-30 07:30:00,2023-05-30,07:30:00,150.312,150.0,0.0,0.0,0.0,0.0,16.22
2023-05-30 08:00:00,2023-05-30,08:00:00,150.333,150.0,0.0,0.0,0.0,0.0,18.88
2023-05-30 08:30:00,2023-05-30,08:30:00,150.354,150.0,0.0,0.0,0.0,0.0,20.78
2023-05-30 09:00:00,2023-05-30,09:00:00,150.375,150.0,0.0,0.0,0.0,0.0,20.25
2023-05-30 09:30:00,2023-05-30,09:30:00,150.396,150.0,0.0,0.0,0.0,0.0,19.41
2023-05-30 10:00:00,2023-05-30,10:00:00,150.417,150.0,0.0,0.0,0.0,0.0,19.48
2023-05-30 10:30:00,2023-05-30,10:30:00,150.438,150.0,0.0,0.0,0.0,0.0,20.07
2023-05-30 11:00:00,2023-05-30,11:00:00,150.458,150.0,0.0,0.0,0.0,0.0,22.08
2023-05-30 11:30:00,2023-05-30,11:30:00,150.479,150.0,0.0,0.0,0.0,0.0,22.73
2023-05-30 12:00:00,2023-05-30,12:00:00,150.5,150.0,0.0,0.0,0.0,0.0,18.66
2023-05-30 12:30:00,2023-05-30,12:30:00,150.521,150.0,0.0,0.0,0.0,0.0,16.98
2023-05-30 13:00:00,2023-05-30,13:00:00,150.542,150.0,0.0,0.0,0.0,0.0,16.4
2023-05-30 13:30:00,2023-05-30,13:30:00,150.562,150.0,0.0,0.0,0.0,0.0,18.37
2023-05-30 14:00:00,2023-05-30,14:00:00,150.583,150.0,0.0,0.0,0.0,0.0,21.92
2023-05-30 14:30:00,2023-05-30,14:30:00,150.604,150.0,0.0,0.0,0.0,0.0,21.06
2023-05-30 15:00:00,2023-05-30,15:00:00,150.625,150.0,0.0,0.0,0.0,0.0,21.34
2023-05-30 15:30:00,2023-05-30,15:30:00,150.646,150.0,0.0,0.0,0.0,0.0,18.03
2023-05-30 16:00:00,2023-05-30,16:00:00,150.667,150.0,0.0,0.0,0.0,0.0,13.48
2023-05-30 16:30:00,2023-05-30,16:30:00,150.688,150.0,0.0,0.0,0.0,0.0,19.31
2023-05-30 17:00:00,2023-05-30,17:00:00,150.708,150.0,0.0,0.0,0.0,0.0,17.96
2023-05-30 17:30:00,2023-05-30,17:30:00,150.729,150.0,0.0,0.0,0.0,0.0,16.64
2023-05-30 18:00:00,2023-05-30,18:00:00,150.75,150.0,0.0,0.0,0.0,0.0,11.13
2023-05-30 18:30:00,2023-05-30,18:30:00,150.771,150.0,0.0,0.0,0.0,0.0,7.93
2023-05-30 19:00:00,2023-05-30,19:00:00,150.792,150.0,0.0,0.0,0.0,0.0,6.18
2023-05-30 19:30:00,2023-05-30,19:30:00,150.812,150.0,0.0,0.0,0.0,0.0,4.66
2023-05-30 20:00:00,2023-05-30,20:00:00,150.833,150.0,0.0,0.0,0.0,0.0,4.21
2023-05-30 20:30:00,2023-05-30,20:30:00,150.854,150.0,0.0,0.0,0.0,0.0,4.86
2023-05-30 21:00:00,2023-05-30,21:00:00,150.875,150.0,0.0,0.0,0.0,0.0,3.64
2023-05-30 21:30:00,2023-05-30,21:30:00,150.896,150.0,0.0,0.0,0.0,0.0,1.85
2023-05-30 22:00:00,2023-05-30,22:00:00,150.917,150.0,0.0,0.0,0.0,0.0,1.0
2023-05-30 22:30:00,2023-05-30,22:30:00,150.938,150.0,0.0,0.0,0.0,0.0,0.82
2023-05-30 23:00:00,2023-05-30,23:00:00,150.958,150.0,0.0,0.0,0.0,0.0,0.24
2023-05-30 23:30:00,2023-05-30,23:30:00,150.979,150.0,0.0,0.0,0.0,0.0,-0.7
2023-05-31 00:00:00,2023-05-31,00:00:00,151.0,151.0,0.0,0.0,0.0,0.0,-0.87
2023-05-31 00:30:00,2023-05-31,00:30:00,151.021,151.0,0.0,0.0,0.0,0.0,1.09
2023-05-31 01:00:00,2023-05-31,01:00:00,151.042,151.0,0.0,0.0,0.0,0.0,0.91
2023-05-31 01:30:00,2023-05-31,01:30:00,151.062,151.0,0.0,0.0,0.0,0.0,0.5
2023-05-31 02:00:00,2023-05-31,02:00:00,151.083,151.0,0.0,0.0,0.0,0.0,0.07
2023-05-31 02:30:00,2023-05-31,02:30:00,151.104,151.0,0.0,0.0,0.0,0.0,-0.5
2023-05-31 03:00:00,2023-05-31,03:00:00,151.125,151.0,0.0,0.0,0.0,0.0,-1.9
2023-05-31 03:30:00,2023-05-31,03:30:00,151.146,151.0,0.0,0.0,0.0,0.0,-2.36
2023-05-31 04:00:00,2023-05-31,04:00:00,151.167,151.0,0.0,0.0,0.0,0.0,-1.67
2023-05-31 04:30:00,2023-05-31,04:30:00,151.188,151.0,0.0,0.0,0.0,0.0,-1.42
2023-05-31 05:00:00,2023-05-31,05:00:00,151.208,151.0,0.0,0.0,0.0,0.0,-0.81
2023-05-31 05:30:00,2023-05-31,05:30:00,151.229,151.0,0.0,0.0,0.0,0.0,1.65
2023-05-31 06:00:00,2023-05-31,06:00:00,151.25,151.0,0.0,0.0,0.0,0.0,5.59
2023-05-31 06:30:00,2023-05-31,06:30:00,151.271,151.0,0.0,0.0,0.0,0.0,9.67
2023-05-31 07:00:00,2023-05-31,07:00:00,151.292,151.0,0.0,0.0,0.0,0.0,9.63
2023-05-31 07:30:00,2023-05-31,07:30:00,151.312,151.0,0.0,0.0,0.0,0.0,12.63
2023-05-31 08:00:00,2023-05-31,08:00:00,151.333,151.0,0.0,0.0,0.0,0.0,14.81
2023-05-31 08:30:00,2023-05-31,08:30:00,151.354,151.0,0.0,0.0,0.0,0.0,15.45
2023-05-31 09:00:00,2023-05-31,09:00:00,151.375,151.0,0.0,0.0,0.0,0.0,15.4
2023-05-31 09:30:00,2023-05-31,09:30:00,151.396,151.0,0.0,0.0,0.0,0.0,18.47
2023-05-31 10:00:00,2023-05-31,10:00:00,151.417,151.0,0.0,0.0,0.0,0.0,21.14
2023-05-31 10:30:00,2023-05-31,10:30:00,151.438,151.0,0.0,0.0,0.0,0.0,20.04
2023-05-31 11:00:00,2023-05-31,11:00:00,151.458,151.0,0.0,0.0,0.0,0.0,19.21
2023-05-31 11:30:00,2023-05-31,11:30:00,151.479,151.0,0.0,0.0,0.0,0.0,16.76
2023-05-31 12:00:00,2023-05-31,12:00:00,151.5,151.0,0.0,0.0,0.0,0.0,15.67
2023-05-31 12:30:00,2023-05-31,12:30:00,151.521,151.0,0.0,0.0,0.0,0.0,13.77
2023-05-31 13:00:00,2023-05-31,13:00:00,151.542,151.0,0.0,0.0,0.0,0.0,17.22
2023-05-31 13:30:00,2023-05-31,13:30:00,151.562,151.0,0.0,0.0,0.0,0.0,12.21
2023-05-31 14:00:00,2023-05-31,14:00:00,151.583,151.0,0.0,0.0,0.0,0.0,17.53
2023-05-31 14:30:00,2023-05-31,14:30:00,151.604,151.0,0.0,0.0,0.0,0.0,13.46
2023-05-31 15:00:00,2023-05-31,15:00:00,151.625,151.0,0.0,0.0,0.0,0.0,10.18
2023-05-31 15:30:00,2023-05-31,15:30:00,151.646,151.0,1.35,1.39,1.28,1.39,5.34
2023-05-31 16:00:00,2023-05-31,16:00:00,151.667,151.0,2.47,2.49,2.43,2.49,4.76
2023-05-31 16:30:00,2023-05-31,16:30:00,151.688,151.0,1.86,1.89,1.79,1.89,3.35
2023-05-31 17:00:00,2023-05-31,17:00:00,151.708,151.0,0.35,0.36,0.34,0.36,2.26
2023-05-31 17:30:00,2023-05-31,17:30:00,151.729,151.0,0.0,0.0,0.0,0.0,2.25
2023-05-31 18:00:00,2023-05-31,18:00:00,151.75,151.0,0.0,0.0,0.0,0.0,2.88
2023-05-31 18:30:00,2023-05-31,18:30:00,151.771,151.0,0.0,0.0,0.0,0.0,3.15
2023-05-31 19:00:00,2023-05-31,19:00:00,151.792,151.0,0.0,0.0,0.0,0.0,2.87
2023-05-31 19:30:00,2023-05-31,19:30:00,151.812,151.0,0.0,0.0,0.0,0.0,2.23
2023-05-31 20:00:00,2023-05-31,20:00:00,151.833,151.0,0.0,0.0,0.0,0.0,1.45
2023-05-31 20:30:00,2023-05-31,20:30:00,151.854,151.0,0.0,0.0,0.0,0.0,1.23
2023-05-31 21:00:00,2023-05-31,21:00:00,151.875,151.0,0.0,0.0,0.0,0.0,0.73
2023-05-31 21:30:00,2023-05-31,21:30:00,151.896,151.0,0.0,0.0,0.0,0.0,0.62
2023-05-31 22:00:00,2023-05-31,22:00:00,151.917,151.0,0.0,0.0,0.0,0.0,0.07
2023-05-31 22:30:00,2023-05-31,22:30:00,151.938,151.0,0.0,0.0,0.0,0.0,0.93
2023-05-31 23:00:00,2023-05-31,23:00:00,151.958,151.0,0.0,0.0,0.0,0.0,1.03
2023-05-31 23:30:00,2023-05-31,23:30:00,151.979,151.0,0.0,0.0,0.0,0.0,1.05
2023-06-01 00:00:00,2023-06-01,00:00:00,152.0,152.0,0.0,0.0,0.0,0.0,1.05
2023-06-01 00:30:00,2023-06-01,00:30:00,152.021,152.0,0.0,0.0,0.0,0.0,0.92
2023-06-01 01:00:00,2023-06-01,01:00:00,152.042,152.0,0.0,0.0,0.0,0.0,1.26
2023-06-01 01:30:00,2023-06-01,01:30:00,152.062,152.0,0.0,0.0,0.0,0.0,1.36
2023-06-01 02:00:00,2023-06-01,02:00:00,152.083,152.0,0.0,0.0,0.0,0.0,1.11
2023-06-01 02:30:00,2023-06-01,02:30:00,152.104,152.0,0.0,0.0,0.0,0.0,0.4
2023-06-01 03:00:00,2023-06-01,03:00:00,152.125,152.0,0.0,0.0,0.0,0.0,-0.65
2023-06-01 03:30:00,2023-06-01,03:30:00,152.146,152.0,0.0,0.0,0.0,0.0,0.03
2023-06-01 04:00:00,2023-06-01,04:00:00,152.167,152.0,0.0,0.0,0.0,0.0,-0.37
2023-06-01 04:30:00,2023-06-01,04:30:00,152.188,152.0,0.0,0.0,0.0,0.0,-0.89
2023-06-01 05:00:00,2023-06-01,05:00:00,152.208,152.0,0.0,0.0,0.0,0.0,-0.73
2023-06-01 05:30:00,2023-06-01,05:30:00,152.229,152.0,0.0,0.0,0.0,0.0,0.29
2023-06-01 06:00:00,2023-06-01,06:00:00,152.25,152.0,0.0,0.0,0.0,0.0,0.88
2023-06-01 06:30:00,2023-06-01,06:30:00,152.271,152.0,0.0,0.0,0.0,0.0,3.34
2023-06-01 07:00:00,2023-06-01,07:00:00,152.292,152.0,0.0,0.0,0.0,0.0,8.14
2023-06-01 07:30:00,2023-06-01,07:30:00,152.312,152.0,0.0,0.0,0.0,0.0,12.54
2023-06-01 08:00:00,2023-06-01,08:00:00,152.333,152.0,0.0,0.0,0.0,0.0,13.94
2023-06-01 08:30:00,2023-06-01,08:30:00,152.354,152.0,0.0,0.0,0.0,0.0,17.11
2023-06-01 09:00:00,2023-06-01,09:00:00,152.375,152.0,0.0,0.0,0.0,0.0,19.13
2023-06-01 09:30:00,2023-06-01,09:30:00,152.396,152.0,0.0,0.0,0.0,0.0,16.94
2023-06-01 10:00:00,2023-06-01,10:00:00,152.417,152.0,0.0,0.0,0.0,0.0,12.63
2023-06-01 10:30:00,2023-06-01,10:30:00,152.438,152.0,0.0,0.0,0.0,0.0,12.91
2023-06-01 11:00:00,2023-06-01,11:00:00,152.458,152.0,0.0,0.0,0.0,0.0,11.3
2023-06-01 11:30:00,2023-06-01,11:30:00,152.479,152.0,0.0,0.0,0.0,0.0,9.81
2023-06-01 12:00:00,2023-06-01,12:00:00,152.5,152.0,0.0,0.0,0.0,0.0,7.65
2023-06-01 12:30:00,2023-06-01,12:30:00,152.521,152.0,0.23,0.24,0.2,0.23,5.75
2023-06-01 13:00:00,2023-06-01,13:00:00,152.542,152.0,0.0,0.0,0.0,0.0,8.99
2023-06-01 13:30:00,2023-06-01,13:30:00,152.562,152.0,0.0,0.0,0.0,0.0,11.41
2023-06-01 14:00:00,2023-06-01,14:00:00,152.583,152.0,0.0,0.0,0.0,0.0,13.0
2023-06-01 14:30:00,2023-06-01,14:30:00,152.604,152.0,0.0,0.0,0.0,0.0,14.07
2023-06-01 15:00:00,2023-06-01,15:00:00,152.625,152.0,0.0,0.0,0.0,0.0,15.8
2023-06-01 15:30:00,2023-06-01,15:30:00,152.646,152.0,0.0,0.0,0.0,0.0,14.0
2023-06-01 16:00:00,2023-06-01,16:00:00,152.667,152.0,0.0,0.0,0.0,0.0,10.93
2023-06-01 16:30:00,2023-06-01,16:30:00,152.688,152.0,0.0,0.0,0.0,0.0,10.21
2023-06-01 17:00:00,2023-06-01,17:00:00,152.708,152.0,0.0,0.0,0.0,0.0,8.42
2023-06-01 17:30:00,2023-06-01,17:30:00,152.729,152.0,0.0,0.0,0.0,0.0,6.75
2023-06-01 18:00:00,2023-06-01,18:00:00,152.75,152.0,0.0,0.0,0.0,0.0,6.29
2023-06-01 18:30:00,2023-06-01,18:30:00,152.771,152.0,0.0,0.0,0.0,0.0,5.54
2023-06-01 19:00:00,2023-06-01,19:00:00,152.792,152.0,0.0,0.0,0.0,0.0,4.35
2023-06-01 19:30:00,2023-06-01,19:30:00,152.812,152.0,0.0,0.0,0.0,0.0,2.66
2023-06-01 20:00:00,2023-06-01,20:00:00,152.833,152.0,0.0,0.0,0.0,0.0,2.18
2023-06-01 20:30:00,2023-06-01,20:30:00,152.854,152.0,0.0,0.0,0.0,0.0,2.03
2023-06-01 21:00:00,2023-06-01,21:00:00,152.875,152.0,0.0,0.0,0.0,0.0,2.0
2023-06-01 21:30:00,2023-06-01,21:30:00,152.896,152.0,0.0,0.0,0.0,0.0,1.72
2023-06-01 22:00:00,2023-06-01,22:00:00,152.917,152.0,0.0,0.0,0.0,0.0,1.53
2023-06-01 22:30:00,2023-06-01,22:30:00,152.938,152.0,0.0,0.0,0.0,0.0,0.88
2023-06-01 23:00:00,2023-06-01,23:00:00,152.958,152.0,0.0,0.0,0.0,0.0,0.62
2023-06-01 23:30:00,2023-06-01,23:30:00,152.979,152.0,0.0,0.0,0.0,0.0,0.4
2023-06-02 00:00:00,2023-06-02,00:00:00,153.0,153.0,0.0,0.0,0.0,0.0,0.58
2023-06-02 00:30:00,2023-06-02,00:30:00,153.021,153.0,0.0,0.0,0.0,0.0,-0.43
2023-06-02 01:00:00,2023-06-02,01:00:00,153.042,153.0,0.0,0.0,0.0,0.0,-1.6
2023-06-02 01:30:00,2023-06-02,01:30:00,153.062,153.0,0.0,0.0,0.0,0.0,-1.52
2023-06-02 02:00:00,2023-06-02,02:00:00,153.083,153.0,0.0,0.0,0.0,0.0,-1.35
2023-06-02 02:30:00,2023-06-02,02:30:00,153.104,153.0,0.0,0.0,0.0,0.0,-1.06
2023-06-02 03:00:00,2023-06-02,03:00:00,153.125,153.0,0.0,0.0,0.0,0.0,-0.94
2023-06-02 03:30:00,2023-06-02,03:30:00,153.146,153.0,0.0,0.0,0.0,0.0,-0.54
2023-06-02 04:00:00,2023-06-02,04:00:00,153.167,153.0,0.0,0.0,0.0,0.0,-0.58
2023-06-02 04:30:00,2023-06-02,04:30:00,153.188,153.0,0.0,0.0,0.0,0.0,-0.97
2023-06-02 05:00:00,2023-06-02,05:00:00,153.208,153.0,0.0,0.0,0.0,0.0,-0.08
2023-06-02 05:30:00,2023-06-02,05:30:00,153.229,153.0,0.0,0.0,0.0,0.0,0.38
2023-06-02 06:00:00,2023-06-02,06:00:00,153.25,153.0,0.0,0.0,0.0,0.0,1.7
2023-06-02 06:30:00,2023-06-02,06:30:00,153.271,153.0,0.0,0.0,0.0,0.0,2.42
2023-06-02 07:00:00,2023-06-02,07:00:00,153.292,153.0,0.0,0.0,0.0,0.0,3.1
2023-06-02 07:30:00,2023-06-02,07:30:00,153.312,153.0,0.43,0.45,0.46,0.39,2.02
2023-06-02 08:00:00,2023-06-02,08:00:00,153.333,153.0,0.91,0.96,0.93,0.83,1.19
2023-06-02 08:30:00,2023-06-02,08:30:00,153.354,153.0,0.75,0.8,0.77,0.69,1.9
2023-06-02 09:00:00,2023-06-02,09:00:00,153.375,153.0,0.72,0.76,0.74,0.66,1.64
2023-06-02 09:30:00,2023-06-02,09:30:00,153.396,153.0,0.0,0.0,0.0,0.0,2.43
2023-06-02 10:00:00,2023-06-02,10:00:00,153.417,153.0,0.0,0.0,0.0,0.0,2.91
2023-06-02 10:30:00,2023-06-02,10:30:00,153.438,153.0,0.0,0.0,0.0,0.0,4.47
2023-06-02 11:00:00,2023-06-02,11:00:00,153.458,153.0,0.0,0.0,0.0,0.0,4.55
2023-06-02 11:30:00,2023-06-02,11:30:00,153.479,153.0,0.0,0.0,0.0,0.0,4.99
2023-06-02 12:00:00,2023-06-02,12:00:00,153.5,153.0,0.0,0.0,0.0,0.0,5.18
2023-06-02 12:30:00,2023-06-02,12:30:00,153.521,153.0,1.09,1.15,1.12,1.0,3.33
2023-06-02 13:00:00,2023-06-02,13:00:00,153.542,153.0,1.01,1.08,1.03,0.93,3.22
2023-06-02 13:30:00,2023-06-02,13:30:00,153.562,153.0,0.5,0.54,0.5,0.47,4.14
2023-06-02 14:00:00,2023-06-02,14:00:00,153.583,153.0,0.39,0.41,0.39,0.35,4.24
2023-06-02 14:30:00,2023-06-02,14:30:00,153.604,153.0,0.77,0.81,0.79,0.7,4.01
2023-06-02 15:00:00,2023-06-02,15:00:00,153.625,153.0,0.53,0.56,0.55,0.49,4.94
2023-06-02 15:30:00,2023-06-02,15:30:00,153.646,153.0,0.0,0.0,0.0,0.0,4.85
2023-06-02 16:00:00,2023-06-02,16:00:00,153.667,153.0,0.0,0.0,0.0,0.0,6.16
2023-06-02 16:30:00,2023-06-02,16:30:00,153.688,153.0,0.0,0.0,0.0,0.0,5.75
2023-06-02 17:00:00,2023-06-02,17:00:00,153.708,153.0,0.0,0.0,0.0,0.0,6.13
2023-06-02 17:30:00,2023-06-02,17:30:00,153.729,153.0,0.0,0.0,0.0,0.0,4.33
2023-06-02 18:00:00,2023-06-02,18:00:00,153.75,153.0,0.0,0.0,0.0,0.0,3.97
2023-06-02 18:30:00,2023-06-02,18:30:00,153.771,153.0,0.0,0.0,0.0,0.0,3.57
2023-06-02 19:00:00,2023-06-02,19:00:00,153.792,153.0,0.0,0.0,0.0,0.0,3.41
2023-06-02 19:30:00,2023-06-02,19:30:00,153.812,153.0,0.0,0.0,0.0,0.0,3.1
2023-06-02 20:00:00,2023-06-02,20:00:00,153.833,153.0,0.0,0.0,0.0,0.0,2.41
2023-06-02 20:30:00,2023-06-02,20:30:00,153.854,153.0,0.0,0.0,0.0,0.0,2.12
2023-06-02 21:00:00,2023-06-02,21:00:00,153.875,153.0,0.0,0.0,0.0,0.0,1.68
2023-06-02 21:30:00,2023-06-02,21:30:00,153.896,153.0,0.0,0.0,0.0,0.0,1.81
2023-06-02 22:00:00,2023-06-02,22:00:00,153.917,153.0,0.0,0.0,0.0,0.0,1.75
2023-06-02 22:30:00,2023-06-02,22:30:00,153.938,153.0,0.0,0.0,0.0,0.0,0.72
2023-06-02 23:00:00,2023-06-02,23:00:00,153.958,153.0,0.0,0.0,0.0,0.0,0.71
2023-06-02 23:30:00,2023-06-02,23:30:00,153.979,153.0,0.0,0.0,0.0,0.0,-0.3
2023-06-03 00:00:00,2023-06-03,00:00:00,154.0,154.0,0.0,0.0,0.0,0.0,-0.51
2023-06-03 00:30:00,2023-06-03,00:30:00,154.021,154.0,0.0,0.0,0.0,0.0,-0.17
2023-06-03 01:00:00,2023-06-03,01:00:00,154.042,154.0,0.0,0.0,0.0,0.0,-0.78
2023-06-03 01:30:00,2023-06-03,01:30:00,154.062,154.0,0.0,0.0,0.0,0.0,-0.17
2023-06-03 02:00:00,2023-06-03,02:00:00,154.083,154.0,0.0,0.0,0.0,0.0,0.55
2023-06-03 02:30:00,2023-06-03,02:30:00,154.104,154.0,0.0,0.0,0.0,0.0,0.28
2023-06-03 03:00:00,2023-06-03,03:00:00,154.125,154.0,0.0,0.0,0.0,0.0,-2.34
2023-06-03 03:30:00,2023-06-03,03:30:00,154.146,154.0,0.0,0.0,0.0,0.0,-2.52
2023-06-03 04:00:00,2023-06-03,04:00:00,154.167,154.0,0.0,0.0,0.0,0.0,-0.91
2023-06-03 04:30:00,2023-06-03,04:30:00,154.188,154.0,0.0,0.0,0.0,0.0,-0.74
2023-06-03 05:00:00,2023-06-03,05:00:00,154.208,154.0,0.0,0.0,0.0,0.0,-0.68
2023-06-03 05:30:00,2023-06-03,05:30:00,154.229,154.0,0.0,0.0,0.0,0.0,0.09
2023-06-03 06:00:00,2023-06-03,06:00:00,154.25,154.0,0.0,0.0,0.0,0.0,1.01
2023-06-03 06:30:00,2023-06-03,06:30:00,154.271,154.0,0.0,0.0,0.0,0.0,2.35
2023-06-03 07:00:00,2023-06-03,07:00:00,154.292,154.0,0.0,0.0,0.0,0.0,6.86
2023-06-03 07:30:00,2023-06-03,07:30:00,154.312,154.0,0.0,0.0,0.0,0.0,10.14
2023-06-03 08:00:00,2023-06-03,08:00:00,154.333,154.0,0.0,0.0,0.0,0.0,16.0
2023-06-03 08:30:00,2023-06-03,08:30:00,154.354,154.0,0.0,0.0,0.0,0.0,13.32
2023-06-03 09:00:00,2023-06-03,09:00:00,154.375,154.0,0.0,0.0,0.0,0.0,10.71
2023-06-03 09:30:00,2023-06-03,09:30:00,154.396,154.0,0.0,0.0,0.0,0.0,11.85
2023-06-03 10:00:00,2023-06-03,10:00:00,154.417,154.0,0.0,0.0,0.0,0.0,12.55
2023-06-03 10:30:00,2023-06-03,10:30:00,154.438,154.0,0.0,0.0,0.0,0.0,12.06
2023-06-03 11:00:00,2023-06-03,11:00:00,154.458,154.0,0.0,0.0,0.0,0.0,12.7
2023-06-03 11:30:00,2023-06-03,11:30:00,154.479,154.0,0.0,0.0,0.0,0.0,14.86
2023-06-03 12:00:00,2023-06-03,12:00:00,154.5,154.0,0.0,0.0,0.0,0.0,17.16
2023-06-03 12:30:00,2023-06-03,12:30:00,154.521,154.0,0.0,0.0,0.0,0.0,16.01
2023-06-03 13:00:00,2023-06-03,13:00:00,154.542,154.0,0.0,0.0,0.0,0.0,16.9
2023-06-03 13:30:00,2023-06-03,13:30:00,154.562,154.0,0.0,0.0,0.0,0.0,13.89
2023-06-03 14:00:00,2023-06-03,14:00:00,154.583,154.0,0.0,0.0,0.0,0.0,14.43
2023-06-03 14:30:00,2023-06-03,14:30:00,154.604,154.0,0.0,0.0,0.0,0.0,12.19
2023-06-03 15:00:00,2023-06-03,15:00:00,154.625,154.0,0.0,0.0,0.0,0.0,12.12
2023-06-03 15:30:00,2023-06-03,15:30:00,154.646,154.0,0.0,0.0,0.0,0.0,15.17
2023-06-03 16:00:00,2023-06-03,16:00:00,154.667,154.0,0.0,0.0,0.0,0.0,12.15
2023-06-03 16:30:00,2023-06-03,16:30:00,154.688,154.0,0.0,0.0,0.0,0.0,12.93
2023-06-03 17:00:00,2023-06-03,17:00:00,154.708,154.0,0.0,0.0,0.0,0.0,12.93
2023-06-03 17:30:00,2023-06-03,17:30:00,154.729,154.0,0.0,0.0,0.0,0.0,12.18
2023-06-03 18:00:00,2023-06-03,18:00:00,154.75,154.0,0.0,0.0,0.0,0.0,7.94
2023-06-03 18:30:00,2023-06-03,18:30:00,154.771,154.0,0.0,0.0,0.0,0.0,6.04
2023-06-03 19:00:00,2023-06-03,19:00:00,154.792,154.0,0.0,0.0,0.0,0.0,5.18
2023-06-03 19:30:00,2023-06-03,19:30:00,154.812,154.0,0.0,0.0,0.0,0.0,3.51
2023-06-03 20:00:00,2023-06-03,20:00:00,154.833,154.0,0.0,0.0,0.0,0.0,3.21
2023-06-03 20:30:00,2023-06-03,20:30:00,154.854,154.0,0.0,0.0,0.0,0.0,2.41
2023-06-03 21:00:00,2023-06-03,21:00:00,154.875,154.0,0.0,0.0,0.0,0.0,1.9
2023-06-03 21:30:00,2023-06-03,21:30:00,154.896,154.0,0.0,0.0,0.0,0.0,1.89
2023-06-03 22:00:00,2023-06-03,22:00:00,154.917,154.0,0.0,0.0,0.0,0.0,0.71
2023-06-03 22:30:00,2023-06-03,22:30:00,154.938,154.0,0.0,0.0,0.0,0.0,-0.71
2023-06-03 23:00:00,2023-06-03,23:00:00,154.958,154.0,0.0,0.0,0.0,0.0,-0.64
2023-06-03 23:30:00,2023-06-03,23:30:00,154.979,154.0,0.0,0.0,0.0,0.0,-0.96
2023-06-04 00:00:00,2023-06-04,00:00:00,155.0,155.0,0.0,0.0,0.0,0.0,-1.25
2023-06-04 00:30:00,2023-06-04,00:30:00,155.021,155.0,0.0,0.0,0.0,0.0,-1.92
2023-06-04 01:00:00,2023-06-04,01:00:00,155.042,155.0,0.0,0.0,0.0,0.0,-2.41
2023-06-04 01:30:00,2023-06-04,01:30:00,155.062,155.0,0.0,0.0,0.0,0.0,-2.78
2023-06-04 02:00:00,2023-06-04,02:00:00,155.083,155.0,0.0,0.0,0.0,0.0,-2.39
2023-06-04 02:30:00,2023-06-04,02:30:00,155.104,155.0,0.0,0.0,0.0,0.0,-2.2
2023-06-04 03:00:00,2023-06-04,03:00:00,155.125,155.0,0.0,0.0,0.0,0.0,-2.12
2023-06-04 03:30:00,2023-06-04,03:30:00,155.146,155.0,0.0,0.0,0.0,0.0,-3.23
2023-06-04 04:00:00,2023-06-04,04:00:00,155.167,155.0,0.0,0.0,0.0,0.0,-3.41
2023-06-04 04:30:00,2023-06-04,04:30:00,155.188,155.0,0.0,0.0,0.0,0.0,-1.94
2023-06-04 05:00:00,2023-06-04,05:00:00,155.208,155.0,0.0,0.0,0.0,0.0,-3.02
2023-06-04 05:30:00,2023-06-04,05:30:00,155.229,155.0,0.0,0.0,0.0,0.0,-2.48
2023-06-04 06:00:00,2023-06-04,06:00:00,155.25,155.0,0.0,0.0,0.0,0.0,2.51
2023-06-04 06:30:00,2023-06-04,06:30:00,155.271,155.0,0.0,0.0,0.0,0.0,6.58
2023-06-04 07:00:00,2023-06-04,07:00:00,155.292,155.0,0.0,0.0,0.0,0.0,6.86
2023-06-04 07:30:00,2023-06-04,07:30:00,155.312,155.0,0.0,0.0,0.0,0.0,10.86
2023-06-04 08:00:00,2023-06-04,08:00:00,155.333,155.0,0.0,0.0,0.0,0.0,12.58
2023-06-04 08:30:00,2023-06-04,08:30:00,155.354,155.0,0.0,0.0,0.0,0.0,17.28
2023-06-04 09:00:00,2023-06-04,09:00:00,155.375,155.0,0.0,0.0,0.0,0.0,19.28
2023-06-04 09:30:00,2023-06-04,09:30:00,155.396,155.0,0.0,0.0,0.0,0.0,21.12
2023-06-04 10:00:00,2023-06-04,10:00:00,155.417,155.0,0.0,0.0,0.0,0.0,16.26
2023-06-04 10:30:00,2023-06-04,10:30:00,155.438,155.0,0.0,0.0,0.0,0.0,20.34
2023-06-04 11:00:00,2023-06-04,11:00:00,155.458,155.0,0.0,0.0,0.0,0.0,20.11
2023-06-04 11:30:00,2023-06-04,11:30:00,155.479,155.0,0.0,0.0,0.0,0.0,19.0
2023-06-04 12:00:00,2023-06-04,12:00:00,155.5,155.0,0.0,0.0,0.0,0.0,18.38
2023-06-04 12:30:00,2023-06-04,12:30:00,155.521,155.0,0.0,0.0,0.0,0.0,15.73
2023-06-04 13:00:00,2023-06-04,13:00:00,155.542,155.0,0.0,0.0,0.0,0.0,15.17
2023-06-04 13:30:00,2023-06-04,13:30:00,155.562,155.0,0.0,0.0,0.0,0.0,17.53
2023-06-04 14:00:00,2023-06-04,14:00:00,155.583,155.0,0.0,0.0,0.0,0.0,16.73
2023-06-04 14:30:00,2023-06-04,14:30:00,155.604,155.0,0.0,0.0,0.0,0.0,16.59
2023-06-04 15:00:00,2023-06-04,15:00:00,155.625,155.0,0.0,0.0,0.0,0.0,17.97
2023-06-04 15:30:00,2023-06-04,15:30:00,155.646,155.0,0.0,0.0,0.0,0.0,18.83
2023-06-04 16:00:00,2023-06-04,16:00:00,155.667,155.0,0.0,0.0,0.0,0.0,18.4
2023-06-04 16:30:00,2023-06-04,16:30:00,155.688,155.0,0.0,0.0,0.0,0.0,17.43
2023-06-04 17:00:00,2023-06-04,17:00:00,155.708,155.0,0.0,0.0,0.0,0.0,16.83
2023-06-04 17:30:00,2023-06-04,17:30:00,155.729,155.0,0.0,0.0,0.0,0.0,15.5
2023-06-04 18:00:00,2023-06-04,18:00:00,155.75,155.0,0.0,0.0,0.0,0.0,12.25
2023-06-04 18:30:00,2023-06-04,18:30:00,155.771,155.0,0.0,0.0,0.0,0.0,10.32
2023-06-04 19:00:00,2023-06-04,19:00:00,155.792,155.0,0.0,0.0,0.0,0.0,9.03
2023-06-04 19:30:00,2023-06-04,19:30:00,155.812,155.0,0.0,0.0,0.0,0.0,7.96
2023-06-04 20:00:00,2023-06-04,20:00:00,155.833,155.0,0.0,0.0,0.0,0.0,7.37
2023-06-04 20:30:00,2023-06-04,20:30:00,155.854,155.0,0.0,0.0,0.0,0.0,5.88
2023-06-04 21:00:00,2023-06-04,21:00:00,155.875,155.0,0.0,0.0,0.0,0.0,3.77
2023-06-04 21:30:00,2023-06-04,21:30:00,155.896,155.0,0.0,0.0,0.0,0.0,2.92
2023-06-04 22:00:00,2023-06-04,22:00:00,155.917,155.0,0.0,0.0,0.0,0.0,2.8
2023-06-04 22:30:00,2023-06-04,22:30:00,155.938,155.0,0.0,0.0,0.0,0.0,2.29
2023-06-04 23:00:00,2023-06-04,23:00:00,155.958,155.0,0.0,0.0,0.0,0.0,1.34
2023-06-04 23:30:00,2023-06-04,23:30:00,155.979,155.0,0.0,0.0,0.0,0.0,0.61
2023-06-05 00:00:00,2023-06-05,00:00:00,156.0,156.0,0.0,0.0,0.0,0.0,0.49
2023-06-05 00:30:00,2023-06-05,00:30:00,156.021,156.0,0.0,0.0,0.0,0.0,-0.21
2023-06-05 01:00:00,2023-06-05,01:00:00,156.042,156.0,0.0,0.0,0.0,0.0,-0.73
2023-06-05 01:30:00,2023-06-05,01:30:00,156.062,156.0,0.0,0.0,0.0,0.0,-0.79
2023-06-05 02:00:00,2023-06-05,02:00:00,156.083,156.0,0.0,0.0,0.0,0.0,-0.61
2023-06-05 02:30:00,2023-06-05,02:30:00,156.104,156.0,0.0,0.0,0.0,0.0,-0.97
2023-06-05 03:00:00,2023-06-05,03:00:00,156.125,156.0,0.0,0.0,0.0,0.0,-1.32
2023-06-05 03:30:00,2023-06-05,03:30:00,156.146,156.0,0.0,0.0,0.0,0.0,-1.65
2023-06-05 04:00:00,2023-06-05,04:00:00,156.167,156.0,0.0,0.0,0.0,0.0,-1.54
2023-06-05 04:30:00,2023-06-05,04:30:00,156.188,156.0,0.0,0.0,0.0,0.0,-1.78
2023-06-05 05:00:00,2023-06-05,05:00:00,156.208,156.0,0.0,0.0,0.0,0.0,-1.12
2023-06-05 05:30:00,2023-06-05,05:30:00,156.229,156.0,0.0,0.0,0.0,0.0,0.14
2023-06-05 06:00:00,2023-06-05,06:00:00,156.25,156.0,0.0,0.0,0.0,0.0,2.74
2023-06-05 06:30:00,2023-06-05,06:30:00,156.271,156.0,0.0,0.0,0.0,0.0,7.39
2023-06-05 07:00:00,2023-06-05,07:00:00,156.292,156.0,0.0,0.0,0.0,0.0,11.81
2023-06-05 07:30:00,2023-06-05,07:30:00,156.312,156.0,0.0,0.0,0.0,0.0,15.77
2023-06-05 08:00:00,2023-06-05,08:00:00,156.333,156.0,0.0,0.0,0.0,0.0,17.87
2023-06-05 08:30:00,2023-06-05,08:30:00,156.354,156.0,0.0,0.0,0.0,0.0,19.52
2023-06-05 09:00:00,2023-06-05,09:00:00,156.375,156.0,0.0,0.0,0.0,0.0,20.76
2023-06-05 09:30:00,2023-06-05,09:30:00,156.396,156.0,0.0,0.0,0.0,0.0,22.78
2023-06-05 10:00:00,2023-06-05,10:00:00,156.417,156.0,0.0,0.0,0.0,0.0,23.16
2023-06-05 10:30:00,2023-06-05,10:30:00,156.438,156.0,0.0,0.0,0.0,0.0,21.02
2023-06-05 11:00:00,2023-06-05,11:00:00,156.458,156.0,0.0,0.0,0.0,0.0,15.78
2023-06-05 11:30:00,2023-06-05,11:30:00,156.479,156.0,0.0,0.0,0.0,0.0,21.63
2023-06-05 12:00:00,2023-06-05,12:00:00,156.5,156.0,0.0,0.0,0.0,0.0,16.99
2023-06-05 12:30:00,2023-06-05,12:30:00,156.521,156.0,0.0,0.0,0.0,0.0,17.67
2023-06-05 13:00:00,2023-06-05,13:00:00,156.542,156.0,0.0,0.0,0.0,0.0,19.57
2023-06-05 13:30:00,2023-06-05,13:30:00,156.562,156.0,0.0,0.0,0.0,0.0,18.96
2023-06-05 14:00:00,2023-06-05,14:00:00,156.583,156.0,0.0,0.0,0.0,0.0,20.97
2023-06-05 14:30:00,2023-06-05,14:30:00,156.604,156.0,0.0,0.0,0.0,0.0,20.79
2023-06-05 15:00:00,2023-06-05,15:00:00,156.625,156.0,0.0,0.0,0.0,0.0,20.33
2023-06-05 15:30:00,2023-06-05,15:30:00,156.646,156.0,0.0,0.0,0.0,0.0,21.25
2023-06-05 16:00:00,2023-06-05,16:00:00,156.667,156.0,0.0,0.0,0.0,0.0,20.44
2023-06-05 16:30:00,2023-06-05,16:30:00,156.688,156.0,0.0,0.0,0.0,0.0,20.19
2023-06-05 17:00:00,2023-06-05,17:00:00,156.708,156.0,0.0,0.0,0.0,0.0,13.53
2023-06-05 17:30:00,2023-06-05,17:30:00,156.729,156.0,0.0,0.0,0.0,0.0,16.31
2023-06-05 18:00:00,2023-06-05,18:00:00,156.75,156.0,0.0,0.0,0.0,0.0,12.45
2023-06-05 18:30:00,2023-06-05,18:30:00,156.771,156.0,0.0,0.0,0.0,0.0,10.4
2023-06-05 19:00:00,2023-06-05,19:00:00,156.792,156.0,0.0,0.0,0.0,0.0,9.87
2023-06-05 19:30:00,2023-06-05,19:30:00,156.812,156.0,0.0,0.0,0.0,0.0,8.61
2023-06-05 20:00:00,2023-06-05,20:00:00,156.833,156.0,0.0,0.0,0.0,0.0,5.93
2023-06-05 20:30:00,2023-06-05,20:30:00,156.854,156.0,0.0,0.0,0.0,0.0,4.62
2023-06-05 21:00:00,2023-06-05,21:00:00,156.875,156.0,0.0,0.0,0.0,0.0,2.9
2023-06-05 21:30:00,2023-06-05,21:30:00,156.896,156.0,0.0,0.0,0.0,0.0,1.99
2023-06-05 22:00:00,2023-06-05,22:00:00,156.917,156.0,0.0,0.0,0.0,0.0,1.28
2023-06-05 22:30:00,2023-06-05,22:30:00,156.938,156.0,0.0,0.0,0.0,0.0,1.2
2023-06-05 23:00:00,2023-06-05,23:00:00,156.958,156.0,0.0,0.0,0.0,0.0,0.56
2023-06-05 23:30:00,2023-06-05,23:30:00,156.979,156.0,0.0,0.0,0.0,0.0,0.49
2023-06-06 00:00:00,2023-06-06,00:00:00,157.0,157.0,0.0,0.0,0.0,0.0,0.35
2023-06-06 00:30:00,2023-06-06,00:30:00,157.021,157.0,0.0,0.0,0.0,0.0,-0.15
2023-06-06 01:00:00,2023-06-06,01:00:00,157.042,157.0,0.0,0.0,0.0,0.0,-0.44
2023-06-06 01:30:00,2023-06-06,01:30:00,157.062,157.0,0.0,0.0,0.0,0.0,-0.15
2023-06-06 02:00:00,2023-06-06,02:00:00,157.083,157.0,0.0,0.0,0.0,0.0,-0.17
2023-06-06 02:30:00,2023-06-06,02:30:00,157.104,157.0,0.0,0.0,0.0,0.0,-0.87
2023-06-06 03:00:00,2023-06-06,03:00:00,157.125,157.0,0.0,0.0,0.0,0.0,-1.35
2023-06-06 03:30:00,2023-06-06,03:30:00,157.146,157.0,0.0,0.0,0.0,0.0,-1.11
2023-06-06 04:00:00,2023-06-06,04:00:00,157.167,157.0,0.0,0.0,0.0,0.0,-1.67
2023-06-06 04:30:00,2023-06-06,04:30:00,157.188,157.0,0.0,0.0,0.0,0.0,-1.78
2023-06-06 05:00:00,2023-06-06,05:00:00,157.208,157.0,0.0,0.0,0.0,0.0,-1.01
2023-06-06 05:30:00,2023-06-06,05:30:00,157.229,157.0,0.0,0.0,0.0,0.0,-0.21
2023-06-06 06:00:00,2023-06-06,06:00:00,157.25,157.0,0.0,0.0,0.0,0.0,3.93
2023-06-06 06:30:00,2023-06-06,06:30:00,157.271,157.0,0.0,0.0,0.0,0.0,8.19
2023-06-06 07:00:00,2023-06-06,07:00:00,157.292,157.0,0.0,0.0,0.0,0.0,13.05
2023-06-06 07:30:00,2023-06-06,07:30:00,157.312,157.0,0.0,0.0,0.0,0.0,16.7
2023-06-06 08:00:00,2023-06-06,08:00:00,157.333,157.0,0.0,0.0,0.0,0.0,18.91
2023-06-06 08:30:00,2023-06-06,08:30:00,157.354,157.0,0.0,0.0,0.0,0.0,20.01
2023-06-06 09:00:00,2023-06-06,09:00:00,157.375,157.0,0.0,0.0,0.0,0.0,21.4
2023-06-06 09:30:00,2023-06-06,09:30:00,157.396,157.0,0.0,0.0,0.0,0.0,22.71
2023-06-06 10:00:00,2023-06-06,10:00:00,157.417,157.0,0.0,0.0,0.0,0.0,23.04
2023-06-06 10:30:00,2023-06-06,10:30:00,157.438,157.0,0.0,0.0,0.0,0.0,23.37
2023-06-06 11:00:00,2023-06-06,11:00:00,157.458,157.0,0.0,0.0,0.0,0.0,22.32
2023-06-06 11:30:00,2023-06-06,11:30:00,157.479,157.0,0.0,0.0,0.0,0.0,22.1
2023-06-06 12:00:00,2023-06-06,12:00:00,157.5,157.0,0.0,0.0,0.0,0.0,23.22
2023-06-06 12:30:00,2023-06-06,12:30:00,157.521,157.0,0.0,0.0,0.0,0.0,19.4
2023-06-06 13:00:00,2023-06-06,13:00:00,157.542,157.0,0.0,0.0,0.0,0.0,17.52
2023-06-06 13:30:00,2023-06-06,13:30:00,157.562,157.0,0.0,0.0,0.0,0.0,15.52
2023-06-06 14:00:00,2023-06-06,14:00:00,157.583,157.0,0.0,0.0,0.0,0.0,18.58
2023-06-06 14:30:00,2023-06-06,14:30:00,157.604,157.0,0.0,0.0,0.0,0.0,17.7
2023-06-06 15:00:00,2023-06-06,15:00:00,157.625,157.0,1.61,1.57,1.7,1.57,11.41
2023-06-06 15:30:00,2023-06-06,15:30:00,157.646,157.0,1.5,1.56,1.39,1.56,10.64
2023-06-06 16:00:00,2023-06-06,16:00:00,157.667,157.0,0.0,0.0,0.0,0.0,12.15
2023-06-06 16:30:00,2023-06-06,16:30:00,157.688,157.0,0.0,0.0,0.0,0.0,13.31
2023-06-06 17:00:00,2023-06-06,17:00:00,157.708,157.0,0.0,0.0,0.0,0.0,13.04
2023-06-06 17:30:00,2023-06-06,17:30:00,157.729,157.0,0.0,0.0,0.0,0.0,12.59
2023-06-06 18:00:00,2023-06-06,18:00:00,157.75,157.0,0.0,0.0,0.0,0.0,9.8
2023-06-06 18:30:00,2023-06-06,18:30:00,157.771,157.0,0.0,0.0,0.0,0.0,7.88
2023-06-06 19:00:00,2023-06-06,19:00:00,157.792,157.0,0.0,0.0,0.0,0.0,7.28
2023-06-06 19:30:00,2023-06-06,19:30:00,157.812,157.0,0.0,0.0,0.0,0.0,7.06
2023-06-06 20:00:00,2023-06-06,20:00:00,157.833,157.0,0.0,0.0,0.0,0.0,6.08
2023-06-06 20:30:00,2023-06-06,20:30:00,157.854,157.0,0.0,0.0,0.0,0.0,6.52
2023-06-06 21:00:00,2023-06-06,21:00:00,157.875,157.0,0.0,0.0,0.0,0.0,7.06
2023-06-06 21:30:00,2023-06-06,21:30:00,157.896,157.0,0.0,0.0,0.0,0.0,5.83
2023-06-06 22:00:00,2023-06-06,22:00:00,157.917,157.0,0.0,0.0,0.0,0.0,5.18
2023-06-06 22:30:00,2023-06-06,22:30:00,157.938,157.0,0.0,0.0,0.0,0.0,4.14
2023-06-06 23:00:00,2023-06-06,23:00:00,157.958,157.0,0.0,0.0,0.0,0.0,3.23
2023-06-06 23:30:00,2023-06-06,23:30:00,157.979,157.0,0.0,0.0,0.0,0.0,3.15
2023-06-07 00:00:00,2023-06-07,00:00:00,158.0,158.0,0.0,0.0,0.0,0.0,3.34
2023-06-07 00:30:00,2023-06-07,00:30:00,158.021,158.0,0.0,0.0,0.0,0.0,3.08
2023-06-07 01:00:00,2023-06-07,01:00:00,158.042,158.0,0.0,0.0,0.0,0.0,3.19
2023-06-07 01:30:00,2023-06-07,01:30:00,158.062,158.0,0.0,0.0,0.0,0.0,1.56
2023-06-07 02:00:00,2023-06-07,02:00:00,158.083,158.0,0.0,0.0,0.0,0.0,0.83
2023-06-07 02:30:00,2023-06-07,02:30:00,158.104,158.0,0.0,0.0,0.0,0.0,0.39
2023-06-07 03:00:00,2023-06-07,03:00:00,158.125,158.0,0.0,0.0,0.0,0.0,0.15
2023-06-07 03:30:00,2023-06-07,03:30:00,158.146,158.0,0.0,0.0,0.0,0.0,0.89
2023-06-07 04:00:00,2023-06-07,04:00:00,158.167,158.0,0.0,0.0,0.0,0.0,0.08
2023-06-07 04:30:00,2023-06-07,04:30:00,158.188,158.0,0.0,0.0,0.0,0.0,-0.24
2023-06-07 05:00:00,2023-06-07,05:00:00,158.208,158.0,0.0,0.0,0.0,0.0,0.14
2023-06-07 05:30:00,2023-06-07,05:30:00,158.229,158.0,0.0,0.0,0.0,0.0,0.29
2023-06-07 06:00:00,2023-06-07,06:00:00,158.25,158.0,0.0,0.0,0.0,0.0,3.09
2023-06-07 06:30:00,2023-06-07,06:30:00,158.271,158.0,0.0,0.0,0.0,0.0,6.81
2023-06-07 07:00:00,2023-06-07,07:00:00,158.292,158.0,0.0,0.0,0.0,0.0,12.05
2023-06-07 07:30:00,2023-06-07,07:30:00,158.312,158.0,0.0,0.0,0.0,0.0,14.3
2023-06-07 08:00:00,2023-06-07,08:00:00,158.333,158.0,0.0,0.0,0.0,0.0,13.36
2023-06-07 08:30:00,2023-06-07,08:30:00,158.354,158.0,0.0,0.0,0.0,0.0,14.14
2023-06-07 09:00:00,2023-06-07,09:00:00,158.375,158.0,0.0,0.0,0.0,0.0,15.26
2023-06-07 09:30:00,2023-06-07,09:30:00,158.396,158.0,0.0,0.0,0.0,0.0,17.55
2023-06-07 10:00:00,2023-06-07,10:00:00,158.417,158.0,0.0,0.0,0.0,0.0,20.84
2023-06-07 10:30:00,2023-06-07,10:30:00,158.438,158.0,0.0,0.0,0.0,0.0,21.46
2023-06-07 11:00:00,2023-06-07,11:00:00,158.458,158.0,0.0,0.0,0.0,0.0,16.61
2023-06-07 11:30:00,2023-06-07,11:30:00,158.479,158.0,0.0,0.0,0.0,0.0,14.95
2023-06-07 12:00:00,2023-06-07,12:00:00,158.5,158.0,0.0,0.0,0.0,0.0,18.45
2023-06-07 12:30:00,2023-06-07,12:30:00,158.521,158.0,0.0,0.0,0.0,0.0,18.21
2023-06-07 13:00:00,2023-06-07,13:00:00,158.542,158.0,0.0,0.0,0.0,0.0,19.35
2023-06-07 13:30:00,2023-06-07,13:30:00,158.562,158.0,0.0,0.0,0.0,0.0,17.39
2023-06-07 14:00:00,2023-06-07,14:00:00,158.583,158.0,0.0,0.0,0.0,0.0,15.98
2023-06-07 14:30:00,2023-06-07,14:30:00,158.604,158.0,0.0,0.0,0.0,0.0,14.35
2023-06-07 15:00:00,2023-06-07,15:00:00,158.625,158.0,0.0,0.0,0.0,0.0,16.43
2023-06-07 15:30:00,2023-06-07,15:30:00,158.646,158.0,0.0,0.0,0.0,0.0,15.91
2023-06-07 16:00:00,2023-06-07,16:00:00,158.667,158.0,0.0,0.0,0.0,0.0,11.9
2023-06-07 16:30:00,2023-06-07,16:30:00,158.688,158.0,0.0,0.0,0.0,0.0,8.37
2023-06-07 17:00:00,2023-06-07,17:00:00,158.708,158.0,0.0,0.0,0.0,0.0,7.62
2023-06-07 17:30:00,2023-06-07,17:30:00,158.729,158.0,0.0,0.0,0.0,0.0,7.33
2023-06-07 18:00:00,2023-06-07,18:00:00,158.75,158.0,0.0,0.0,0.0,0.0,7.08
2023-06-07 18:30:00,2023-06-07,18:30:00,158.771,158.0,0.0,0.0,0.0,0.0,7.01
2023-06-07 19:00:00,2023-06-07,19:00:00,158.792,158.0,0.0,0.0,0.0,0.0,6.54
2023-06-07 19:30:00,2023-06-07,19:30:00,158.812,158.0,0.0,0.0,0.0,0.0,5.81
2023-06-07 20:00:00,2023-06-07,20:00:00,158.833,158.0,0.0,0.0,0.0,0.0,4.44
2023-06-07 20:30:00,2023-06-07,20:30:00,158.854,158.0,0.0,0.0,0.0,0.0,3.15
2023-06-07 21:00:00,2023-06-07,21:00:00,158.875,158.0,0.0,0.0,0.0,0.0,2.14
2023-06-07 21:30:00,2023-06-07,21:30:00,158.896,158.0,0.0,0.0,0.0,0.0,1.17
2023-06-07 22:00:00,2023-06-07,22:00:00,158.917,158.0,0.0,0.0,0.0,0.0,0.74
2023-06-07 22:30:00,2023-06-07,22:30:00,158.938,158.0,0.0,0.0,0.0,0.0,0.28
2023-06-07 23:00:00,2023-06-07,23:00:00,158.958,158.0,0.0,0.0,0.0,0.0,0.57
2023-06-07 23:30:00,2023-06-07,23:30:00,158.979,158.0,0.0,0.0,0.0,0.0,0.72
2023-06-08 00:00:00,2023-06-08,00:00:00,159.0,159.0,0.0,0.0,0.0,0.0,0.72
2023-06-08 00:30:00,2023-06-08,00:30:00,159.021,159.0,0.0,0.0,0.0,0.0,0.34
2023-06-08 01:00:00,2023-06-08,01:00:00,159.042,159.0,0.0,0.0,0.0,0.0,0.45
2023-06-08 01:30:00,2023-06-08,01:30:00,159.062,159.0,0.0,0.0,0.0,0.0,0.48
2023-06-08 02:00:00,2023-06-08,02:00:00,159.083,159.0,0.0,0.0,0.0,0.0,0.3
2023-06-08 02:30:00,2023-06-08,02:30:00,159.104,159.0,0.0,0.0,0.0,0.0,-0.05
2023-06-08 03:00:00,2023-06-08,03:00:00,159.125,159.0,0.0,0.0,0.0,0.0,-0.32
2023-06-08 03:30:00,2023-06-08,03:30:00,159.146,159.0,0.0,0.0,0.0,0.0,-0.78
2023-06-08 04:00:00,2023-06-08,04:00:00,159.167,159.0,0.0,0.0,0.0,0.0,-0.96
2023-06-08 04:30:00,2023-06-08,04:30:00,159.188,159.0,0.0,0.0,0.0,0.0,-1.63
2023-06-08 05:00:00,2023-06-08,05:00:00,159.208,159.0,0.0,0.0,0.0,0.0,-1.54
2023-06-08 05:30:00,2023-06-08,05:30:00,159.229,159.0,0.0,0.0,0.0,0.0,-1.37
2023-06-08 06:00:00,2023-06-08,06:00:00,159.25,159.0,0.0,0.0,0.0,0.0,-1.46
2023-06-08 06:30:00,2023-06-08,06:30:00,159.271,159.0,0.0,0.0,0.0,0.0,1.02
2023-06-08 07:00:00,2023-06-08,07:00:00,159.292,159.0,0.0,0.0,0.0,0.0,8.32
2023-06-08 07:30:00,2023-06-08,07:30:00,159.312,159.0,0.0,0.0,0.0,0.0,13.44
2023-06-08 08:00:00,2023-06-08,08:00:00,159.333,159.0,0.0,0.0,0.0,0.0,16.35
2023-06-08 08:30:00,2023-06-08,08:30:00,159.354,159.0,0.0,0.0,0.0,0.0,18.24
2023-06-08 09:00:00,2023-06-08,09:00:00,159.375,159.0,0.0,0.0,0.0,0.0,19.63
2023-06-08 09:30:00,2023-06-08,09:30:00,159.396,159.0,0.0,0.0,0.0,0.0,20.09
2023-06-08 10:00:00,2023-06-08,10:00:00,159.417,159.0,0.0,0.0,0.0,0.0,19.58
2023-06-08 10:30:00,2023-06-08,10:30:00,159.438,159.0,0.0,0.0,0.0,0.0,18.87
2023-06-08 11:00:00,2023-06-08,11:00:00,159.458,159.0,0.0,0.0,0.0,0.0,18.47
2023-06-08 11:30:00,2023-06-08,11:30:00,159.479,159.0,0.0,0.0,0.0,0.0,18.75
2023-06-08 12:00:00,2023-06-08,12:00:00,159.5,159.0,0.0,0.0,0.0,0.0,18.68
2023-06-08 12:30:00,2023-06-08,12:30:00,159.521,159.0,0.0,0.0,0.0,0.0,19.46
2023-06-08 13:00:00,2023-06-08,13:00:00,159.542,159.0,0.0,0.0,0.0,0.0,18.42
2023-06-08 13:30:00,2023-06-08,13:30:00,159.562,159.0,0.0,0.0,0.0,0.0,20.18
2023-06-08 14:00:00,2023-06-08,14:00:00,159.583,159.0,0.0,0.0,0.0,0.0,21.06
2023-06-08 14:30:00,2023-06-08,14:30:00,159.604,159.0,0.0,0.0,0.0,0.0,16.55
2023-06-08 15:00:00,2023-06-08,15:00:00,159.625,159.0,0.0,0.0,0.0,0.0,13.31
2023-06-08 15:30:00,2023-06-08,15:30:00,159.646,159.0,0.0,0.0,0.0,0.0,18.25
2023-06-08 16:00:00,2023-06-08,16:00:00,159.667,159.0,0.0,0.0,0.0,0.0,16.83
2023-06-08 16:30:00,2023-06-08,16:30:00,159.688,159.0,0.0,0.0,0.0,0.0,15.42
2023-06-08 17:00:00,2023-06-08,17:00:00,159.708,159.0,0.0,0.0,0.0,0.0,15.79
2023-06-08 17:30:00,2023-06-08,17:30:00,159.729,159.0,0.0,0.0,0.0,0.0,15.8
2023-06-08 18:00:00,2023-06-08,18:00:00,159.75,159.0,0.0,0.0,0.0,0.0,11.48
2023-06-08 18:30:00,2023-06-08,18:30:00,159.771,159.0,0.0,0.0,0.0,0.0,8.12
2023-06-08 19:00:00,2023-06-08,19:00:00,159.792,159.0,0.0,0.0,0.0,0.0,6.66
2023-06-08 19:30:00,2023-06-08,19:30:00,159.812,159.0,0.0,0.0,0.0,0.0,6.26
2023-06-08 20:00:00,2023-06-08,20:00:00,159.833,159.0,0.0,0.0,0.0,0.0,4.09
2023-06-08 20:30:00,2023-06-08,20:30:00,159.854,159.0,0.0,0.0,0.0,0.0,2.48
2023-06-08 21:00:00,2023-06-08,21:00:00,159.875,159.0,0.0,0.0,0.0,0.0,2.32
2023-06-08 21:30:00,2023-06-08,21:30:00,159.896,159.0,0.0,0.0,0.0,0.0,1.93
2023-06-08 22:00:00,2023-06-08,22:00:00,159.917,159.0,0.0,0.0,0.0,0.0,1.54
2023-06-08 22:30:00,2023-06-08,22:30:00,159.938,159.0,0.0,0.0,0.0,0.0,1.17
2023-06-08 23:00:00,2023-06-08,23:00:00,159.958,159.0,0.0,0.0,0.0,0.0,0.75
2023-06-08 23:30:00,2023-06-08,23:30:00,159.979,159.0,0.0,0.0,0.0,0.0,0.12
2023-06-09 00:00:00,2023-06-09,00:00:00,160.0,160.0,0.0,0.0,0.0,0.0,0.03
2023-06-09 00:30:00,2023-06-09,00:30:00,160.021,160.0,0.0,0.0,0.0,0.0,-0.78
2023-06-09 01:00:00,2023-06-09,01:00:00,160.042,160.0,0.0,0.0,0.0,0.0,-1.45
2023-06-09 01:30:00,2023-06-09,01:30:00,160.062,160.0,0.0,0.0,0.0,0.0,-1.81
2023-06-09 02:00:00,2023-06-09,02:00:00,160.083,160.0,0.0,0.0,0.0,0.0,-2.41
2023-06-09 02:30:00,2023-06-09,02:30:00,160.104,160.0,0.0,0.0,0.0,0.0,-2.48
2023-06-09 03:00:00,2023-06-09,03:00:00,160.125,160.0,0.0,0.0,0.0,0.0,-2.99
2023-06-09 03:30:00,2023-06-09,03:30:00,160.146,160.0,0.0,0.0,0.0,0.0,-3.5
2023-06-09 04:00:00,2023-06-09,04:00:00,160.167,160.0,0.0,0.0,0.0,0.0,-3.67
2023-06-09 04:30:00,2023-06-09,04:30:00,160.188,160.0,0.0,0.0,0.0,0.0,-3.94
2023-06-09 05:00:00,2023-06-09,05:00:00,160.208,160.0,0.0,0.0,0.0,0.0,-3.61
2023-06-09 05:30:00,2023-06-09,05:30:00,160.229,160.0,0.0,0.0,0.0,0.0,-2.58
2023-06-09 06:00:00,2023-06-09,06:00:00,160.25,160.0,0.0,0.0,0.0,0.0,3.79
2023-06-09 06:30:00,2023-06-09,06:30:00,160.271,160.0,0.0,0.0,0.0,0.0,8.95
2023-06-09 07:00:00,2023-06-09,07:00:00,160.292,160.0,0.0,0.0,0.0,0.0,12.88
2023-06-09 07:30:00,2023-06-09,07:30:00,160.312,160.0,0.0,0.0,0.0,0.0,15.41
2023-06-09 08:00:00,2023-06-09,08:00:00,160.333,160.0,0.0,0.0,0.0,0.0,18.07
2023-06-09 08:30:00,2023-06-09,08:30:00,160.354,160.0,0.0,0.0,0.0,0.0,18.85
2023-06-09 09:00:00,2023-06-09,09:00:00,160.375,160.0,0.0,0.0,0.0,0.0,17.35
2023-06-09 09:30:00,2023-06-09,09:30:00,160.396,160.0,0.0,0.0,0.0,0.0,18.15
2023-06-09 10:00:00,2023-06-09,10:00:00,160.417,160.0,0.0,0.0,0.0,0.0,20.28
2023-06-09 10:30:00,2023-06-09,10:30:00,160.438,160.0,0.0,0.0,0.0,0.0,21.59
2023-06-09 11:00:00,2023-06-09,11:00:00,160.458,160.0,0.0,0.0,0.0,0.0,20.4
2023-06-09 11:30:00,2023-06-09,11:30:00,160.479,160.0,0.0,0.0,0.0,0.0,19.15
2023-06-09 12:00:00,2023-06-09,12:00:00,160.5,160.0,0.0,0.0,0.0,0.0,18.93
2023-06-09 12:30:00,2023-06-09,12:30:00,160.521,160.0,0.0,0.0,0.0,0.0,20.26
2023-06-09 13:00:00,2023-06-09,13:00:00,160.542,160.0,0.0,0.0,0.0,0.0,16.02
2023-06-09 13:30:00,2023-06-09,13:30:00,160.562,160.0,0.0,0.0,0.0,0.0,13.16
2023-06-09 14:00:00,2023-06-09,14:00:00,160.583,160.0,0.86,0.79,0.84,0.96,6.96
2023-06-09 14:30:00,2023-06-09,14:30:00,160.604,160.0,0.0,0.0,0.0,0.0,6.39
2023-06-09 15:00:00,2023-06-09,15:00:00,160.625,160.0,0.0,0.0,0.0,0.0,11.34
2023-06-09 15:30:00,2023-06-09,15:30:00,160.646,160.0,0.0,0.0,0.0,0.0,15.1
2023-06-09 16:00:00,2023-06-09,16:00:00,160.667,160.0,0.0,0.0,0.0,0.0,17.33
2023-06-09 16:30:00,2023-06-09,16:30:00,160.688,160.0,0.0,0.0,0.0,0.0,19.05
2023-06-09 17:00:00,2023-06-09,17:00:00,160.708,160.0,0.0,0.0,0.0,0.0,16.8
2023-06-09 17:30:00,2023-06-09,17:30:00,160.729,160.0,0.0,0.0,0.0,0.0,15.06
2023-06-09 18:00:00,2023-06-09,18:00:00,160.75,160.0,0.0,0.0,0.0,0.0,10.87
2023-06-09 18:30:00,2023-06-09,18:30:00,160.771,160.0,0.0,0.0,0.0,0.0,6.75
2023-06-09 19:00:00,2023-06-09,19:00:00,160.792,160.0,0.0,0.0,0.0,0.0,4.99
2023-06-09 19:30:00,2023-06-09,19:30:00,160.812,160.0,0.0,0.0,0.0,0.0,3.75
2023-06-09 20:00:00,2023-06-09,20:00:00,160.833,160.0,0.0,0.0,0.0,0.0,3.31
2023-06-09 20:30:00,2023-06-09,20:30:00,160.854,160.0,0.0,0.0,0.0,0.0,2.72
2023-06-09 21:00:00,2023-06-09,21:00:00,160.875,160.0,0.0,0.0,0.0,0.0,1.9
2023-06-09 21:30:00,2023-06-09,21:30:00,160.896,160.0,0.0,0.0,0.0,0.0,1.68
2023-06-09 22:00:00,2023-06-09,22:00:00,160.917,160.0,0.0,0.0,0.0,0.0,0.74
2023-06-09 22:30:00,2023-06-09,22:30:00,160.938,160.0,0.0,0.0,0.0,0.0,0.32
2023-06-09 23:00:00,2023-06-09,23:00:00,160.958,160.0,0.0,0.0,0.0,0.0,0.45
2023-06-09 23:30:00,2023-06-09,23:30:00,160.979,160.0,0.0,0.0,0.0,0.0,-0.3
2023-06-10 00:00:00,2023-06-10,00:00:00,161.0,161.0,0.0,0.0,0.0,0.0,-0.56
2023-06-10 00:30:00,2023-06-10,00:30:00,161.021,161.0,0.0,0.0,0.0,0.0,-1.52
2023-06-10 01:00:00,2023-06-10,01:00:00,161.042,161.0,0.0,0.0,0.0,0.0,-1.43
2023-06-10 01:30:00,2023-06-10,01:30:00,161.062,161.0,0.0,0.0,0.0,0.0,-2.31
2023-06-10 02:00:00,2023-06-10,02:00:00,161.083,161.0,0.0,0.0,0.0,0.0,-2.19
2023-06-10 02:30:00,2023-06-10,02:30:00,161.104,161.0,0.0,0.0,0.0,0.0,-2.91
2023-06-10 03:00:00,2023-06-10,03:00:00,161.125,161.0,0.0,0.0,0.0,0.0,-2.88
2023-06-10 03:30:00,2023-06-10,03:30:00,161.146,161.0,0.0,0.0,0.0,0.0,-3.6
2023-06-10 04:00:00,2023-06-10,04:00:00,161.167,161.0,0.0,0.0,0.0,0.0,-3.41
2023-06-10 04:30:00,2023-06-10,04:30:00,161.188,161.0,0.0,0.0,0.0,0.0,-3.69
2023-06-10 05:00:00,2023-06-10,05:00:00,161.208,161.0,0.0,0.0,0.0,0.0,-3.6
2023-06-10 05:30:00,2023-06-10,05:30:00,161.229,161.0,0.0,0.0,0.0,0.0,-2.82
2023-06-10 06:00:00,2023-06-10,06:00:00,161.25,161.0,0.0,0.0,0.0,0.0,3.65
2023-06-10 06:30:00,2023-06-10,06:30:00,161.271,161.0,0.0,0.0,0.0,0.0,8.66
2023-06-10 07:00:00,2023-06-10,07:00:00,161.292,161.0,0.0,0.0,0.0,0.0,12.22
2023-06-10 07:30:00,2023-06-10,07:30:00,161.312,161.0,0.0,0.0,0.0,0.0,15.08
2023-06-10 08:00:00,2023-06-10,08:00:00,161.333,161.0,0.0,0.0,0.0,0.0,17.49
2023-06-10 08:30:00,2023-06-10,08:30:00,161.354,161.0,0.0,0.0,0.0,0.0,19.39
2023-06-10 09:00:00,2023-06-10,09:00:00,161.375,161.0,0.0,0.0,0.0,0.0,21.4
2023-06-10 09:30:00,2023-06-10,09:30:00,161.396,161.0,0.0,0.0,0.0,0.0,15.69
2023-06-10 10:00:00,2023-06-10,10:00:00,161.417,161.0,0.0,0.0,0.0,0.0,18.43
2023-06-10 10:30:00,2023-06-10,10:30:00,161.438,161.0,0.0,0.0,0.0,0.0,16.89
2023-06-10 11:00:00,2023-06-10,11:00:00,161.458,161.0,0.0,0.0,0.0,0.0,19.31
2023-06-10 11:30:00,2023-06-10,11:30:00,161.479,161.0,0.0,0.0,0.0,0.0,17.8
2023-06-10 12:00:00,2023-06-10,12:00:00,161.5,161.0,0.0,0.0,0.0,0.0,18.51
2023-06-10 12:30:00,2023-06-10,12:30:00,161.521,161.0,0.0,0.0,0.0,0.0,18.83
2023-06-10 13:00:00,2023-06-10,13:00:00,161.542,161.0,0.0,0.0,0.0,0.0,20.99
2023-06-10 13:30:00,2023-06-10,13:30:00,161.562,161.0,0.0,0.0,0.0,0.0,17.44
2023-06-10 14:00:00,2023-06-10,14:00:00,161.583,161.0,0.0,0.0,0.0,0.0,20.76
2023-06-10 14:30:00,2023-06-10,14:30:00,161.604,161.0,0.0,0.0,0.0,0.0,22.03
2023-06-10 15:00:00,2023-06-10,15:00:00,161.625,161.0,0.0,0.0,0.0,0.0,21.84
2023-06-10 15:30:00,2023-06-10,15:30:00,161.646,161.0,0.0,0.0,0.0,0.0,19.88
2023-06-10 16:00:00,2023-06-10,16:00:00,161.667,161.0,0.0,0.0,0.0,0.0,18.11
2023-06-10 16:30:00,2023-06-10,16:30:00,161.688,161.0,0.0,0.0,0.0,0.0,15.7
2023-06-10 17:00:00,2023-06-10,17:00:00,161.708,161.0,0.0,0.0,0.0,0.0,15.98
2023-06-10 17:30:00,2023-06-10,17:30:00,161.729,161.0,0.0,0.0,0.0,0.0,14.27
2023-06-10 18:00:00,2023-06-10,18:00:00,161.75,161.0,0.0,0.0,0.0,0.0,12.57
2023-06-10 18:30:00,2023-06-10,18:30:00,161.771,161.0,0.0,0.0,0.0,0.0,10.99
2023-06-10 19:00:00,2023-06-10,19:00:00,161.792,161.0,0.0,0.0,0.0,0.0,9.17
2023-06-10 19:30:00,2023-06-10,19:30:00,161.812,161.0,0.0,0.0,0.0,0.0,7.77
2023-06-10 20:00:00,2023-06-10,20:00:00,161.833,161.0,0.0,0.0,0.0,0.0,7.01
2023-06-10 20:30:00,2023-06-10,20:30:00,161.854,161.0,0.0,0.0,0.0,0.0,5.36
2023-06-10 21:00:00,2023-06-10,21:00:00,161.875,161.0,0.0,0.0,0.0,0.0,4.02
2023-06-10 21:30:00,2023-06-10,21:30:00,161.896,161.0,0.0,0.0,0.0,0.0,3.35
2023-06-10 22:00:00,2023-06-10,22:00:00,161.917,161.0,0.0,0.0,0.0,0.0,3.19
2023-06-10 22:30:00,2023-06-10,22:30:00,161.938,161.0,0.0,0.0,0.0,0.0,3.01
2023-06-10 23:00:00,2023-06-10,23:00:00,161.958,161.0,0.0,0.0,0.0,0.0,1.95
2023-06-10 23:30:00,2023-06-10,23:30:00,161.979,161.0,0.0,0.0,0.0,0.0,0.75
2023-06-11 00:00:00,2023-06-11,00:00:00,162.0,162.0,0.0,0.0,0.0,0.0,0.65
2023-06-11 00:30:00,2023-06-11,00:30:00,162.021,162.0,0.0,0.0,0.0,0.0,-0.57
2023-06-11 01:00:00,2023-06-11,01:00:00,162.042,162.0,0.0,0.0,0.0,0.0,-0.67
2023-06-11 01:30:00,2023-06-11,01:30:00,162.062,162.0,0.0,0.0,0.0,0.0,-1.09
2023-06-11 02:00:00,2023-06-11,02:00:00,162.083,162.0,0.0,0.0,0.0,0.0,-1.54
2023-06-11 02:30:00,2023-06-11,02:30:00,162.104,162.0,0.0,0.0,0.0,0.0,-1.51
2023-06-11 03:00:00,2023-06-11,03:00:00,162.125,162.0,0.0,0.0,0.0,0.0,-1.81
2023-06-11 03:30:00,2023-06-11,03:30:00,162.146,162.0,0.0,0.0,0.0,0.0,-2.35
2023-06-11 04:00:00,2023-06-11,04:00:00,162.167,162.0,0.0,0.0,0.0,0.0,-2.69
2023-06-11 04:30:00,2023-06-11,04:30:00,162.188,162.0,0.0,0.0,0.0,0.0,-2.81
2023-06-11 05:00:00,2023-06-11,05:00:00,162.208,162.0,0.0,0.0,0.0,0.0,-2.83
2023-06-11 05:30:00,2023-06-11,05:30:00,162.229,162.0,0.0,0.0,0.0,0.0,-1.77
2023-06-11 06:00:00,2023-06-11,06:00:00,162.25,162.0,0.0,0.0,0.0,0.0,4.62
2023-06-11 06:30:00,2023-06-11,06:30:00,162.271,162.0,0.0,0.0,0.0,0.0,9.86
2023-06-11 07:00:00,2023-06-11,07:00:00,162.292,162.0,0.0,0.0,0.0,0.0,13.2
2023-06-11 07:30:00,2023-06-11,07:30:00,162.312,162.0,0.0,0.0,0.0,0.0,15.89
2023-06-11 08:00:00,2023-06-11,08:00:00,162.333,162.0,0.0,0.0,0.0,0.0,16.48
2023-06-11 08:30:00,2023-06-11,08:30:00,162.354,162.0,0.0,0.0,0.0,0.0,20.47
2023-06-11 09:00:00,2023-06-11,09:00:00,162.375,162.0,0.0,0.0,0.0,0.0,21.53
2023-06-11 09:30:00,2023-06-11,09:30:00,162.396,162.0,0.0,0.0,0.0,0.0,21.61
2023-06-11 10:00:00,2023-06-11,10:00:00,162.417,162.0,0.0,0.0,0.0,0.0,21.44
2023-06-11 10:30:00,2023-06-11,10:30:00,162.438,162.0,0.0,0.0,0.0,0.0,22.33
2023-06-11 11:00:00,2023-06-11,11:00:00,162.458,162.0,0.0,0.0,0.0,0.0,21.75
2023-06-11 11:30:00,2023-06-11,11:30:00,162.479,162.0,0.0,0.0,0.0,0.0,22.13
2023-06-11 12:00:00,2023-06-11,12:00:00,162.5,162.0,0.0,0.0,0.0,0.0,20.99
2023-06-11 12:30:00,2023-06-11,12:30:00,162.521,162.0,0.0,0.0,0.0,0.0,17.98
2023-06-11 13:00:00,2023-06-11,13:00:00,162.542,162.0,0.0,0.0,0.0,0.0,17.46
2023-06-11 13:30:00,2023-06-11,13:30:00,162.562,162.0,0.0,0.0,0.0,0.0,16.1
2023-06-11 14:00:00,2023-06-11,14:00:00,162.583,162.0,0.0,0.0,0.0,0.0,14.48
2023-06-11 14:30:00,2023-06-11,14:30:00,162.604,162.0,0.0,0.0,0.0,0.0,12.32
2023-06-11 15:00:00,2023-06-11,15:00:00,162.625,162.0,0.0,0.0,0.0,0.0,20.06
2023-06-11 15:30:00,2023-06-11,15:30:00,162.646,162.0,0.0,0.0,0.0,0.0,15.15
2023-06-11 16:00:00,2023-06-11,16:00:00,162.667,162.0,0.0,0.0,0.0,0.0,13.65
2023-06-11 16:30:00,2023-06-11,16:30:00,162.688,162.0,0.0,0.0,0.0,0.0,12.43
2023-06-11 17:00:00,2023-06-11,17:00:00,162.708,162.0,0.0,0.0,0.0,0.0,12.06
2023-06-11 17:30:00,2023-06-11,17:30:00,162.729,162.0,0.0,0.0,0.0,0.0,10.97
2023-06-11 18:00:00,2023-06-11,18:00:00,162.75,162.0,0.0,0.0,0.0,0.0,11.63
2023-06-11 18:30:00,2023-06-11,18:30:00,162.771,162.0,0.0,0.0,0.0,0.0,8.39
2023-06-11 19:00:00,2023-06-11,19:00:00,162.792,162.0,0.0,0.0,0.0,0.0,6.15
2023-06-11 19:30:00,2023-06-11,19:30:00,162.812,162.0,0.0,0.0,0.0,0.0,5.32
2023-06-11 20:00:00,2023-06-11,20:00:00,162.833,162.0,0.0,0.0,0.0,0.0,3.1
2023-06-11 20:30:00,2023-06-11,20:30:00,162.854,162.0,0.0,0.0,0.0,0.0,2.9
2023-06-11 21:00:00,2023-06-11,21:00:00,162.875,162.0,0.0,0.0,0.0,0.0,3.16
2023-06-11 21:30:00,2023-06-11,21:30:00,162.896,162.0,0.0,0.0,0.0,0.0,3.86
2023-06-11 22:00:00,2023-06-11,22:00:00,162.917,162.0,0.0,0.0,0.0,0.0,3.99
2023-06-11 22:30:00,2023-06-11,22:30:00,162.938,162.0,0.0,0.0,0.0,0.0,4.68
2023-06-11 23:00:00,2023-06-11,23:00:00,162.958,162.0,0.0,0.0,0.0,0.0,5.98
2023-06-11 23:30:00,2023-06-11,23:30:00,162.979,162.0,0.0,0.0,0.0,0.0,5.38
2023-06-12 00:00:00,2023-06-12,00:00:00,163.0,163.0,0.0,0.0,0.0,0.0,5.49
2023-06-12 00:30:00,2023-06-12,00:30:00,163.021,163.0,0.0,0.0,0.0,0.0,2.92
2023-06-12 01:00:00,2023-06-12,01:00:00,163.042,163.0,0.0,0.0,0.0,0.0,3.75
2023-06-12 01:30:00,2023-06-12,01:30:00,163.062,163.0,0.0,0.0,0.0,0.0,3.71
2023-06-12 02:00:00,2023-06-12,02:00:00,163.083,163.0,0.0,0.0,0.0,0.0,3.36
2023-06-12 02:30:00,2023-06-12,02:30:00,163.104,163.0,0.36,0.35,0.35,0.36,3.09
2023-06-12 03:00:00,2023-06-12,03:00:00,163.125,163.0,0.0,0.0,0.0,0.0,1.62
2023-06-12 03:30:00,2023-06-12,03:30:00,163.146,163.0,0.0,0.0,0.0,0.0,0.67
2023-06-12 04:00:00,2023-06-12,04:00:00,163.167,163.0,0.0,0.0,0.0,0.0,-0.61
2023-06-12 04:30:00,2023-06-12,04:30:00,163.188,163.0,0.0,0.0,0.0,0.0,-0.92
2023-06-12 05:00:00,2023-06-12,05:00:00,163.208,163.0,0.0,0.0,0.0,0.0,-0.87
2023-06-12 05:30:00,2023-06-12,05:30:00,163.229,163.0,0.0,0.0,0.0,0.0,-0.74
2023-06-12 06:00:00,2023-06-12,06:00:00,163.25,163.0,0.0,0.0,0.0,0.0,3.96
2023-06-12 06:30:00,2023-06-12,06:30:00,163.271,163.0,0.0,0.0,0.0,0.0,7.38
2023-06-12 07:00:00,2023-06-12,07:00:00,163.292,163.0,0.0,0.0,0.0,0.0,10.59
2023-06-12 07:30:00,2023-06-12,07:30:00,163.312,163.0,0.0,0.0,0.0,0.0,14.98
2023-06-12 08:00:00,2023-06-12,08:00:00,163.333,163.0,0.0,0.0,0.0,0.0,12.78
2023-06-12 08:30:00,2023-06-12,08:30:00,163.354,163.0,0.78,0.77,0.78,0.79,3.75
2023-06-12 09:00:00,2023-06-12,09:00:00,163.375,163.0,0.0,0.0,0.0,0.0,10.38
2023-06-12 09:30:00,2023-06-12,09:30:00,163.396,163.0,0.0,0.0,0.0,0.0,13.96
2023-06-12 10:00:00,2023-06-12,10:00:00,163.417,163.0,0.0,0.0,0.0,0.0,17.87
2023-06-12 10:30:00,2023-06-12,10:30:00,163.438,163.0,0.0,0.0,0.0,0.0,13.85
2023-06-12 11:00:00,2023-06-12,11:00:00,163.458,163.0,0.34,0.31,0.31,0.39,11.45
2023-06-12 11:30:00,2023-06-12,11:30:00,163.479,163.0,0.07,0.0,0.22,0.0,8.55
2023-06-12 12:00:00,2023-06-12,12:00:00,163.5,163.0,0.16,0.27,0.0,0.22,10.8
2023-06-12 12:30:00,2023-06-12,12:30:00,163.521,163.0,0.0,0.0,0.0,0.0,14.13
2023-06-12 13:00:00,2023-06-12,13:00:00,163.542,163.0,0.0,0.0,0.0,0.0,15.23
2023-06-12 13:30:00,2023-06-12,13:30:00,163.562,163.0,0.0,0.0,0.0,0.0,15.85
2023-06-12 14:00:00,2023-06-12,14:00:00,163.583,163.0,0.0,0.0,0.0,0.0,16.39
2023-06-12 14:30:00,2023-06-12,14:30:00,163.604,163.0,0.0,0.0,0.0,0.0,16.87
2023-06-12 15:00:00,2023-06-12,15:00:00,163.625,163.0,0.0,0.0,0.0,0.0,16.97
2023-06-12 15:30:00,2023-06-12,15:30:00,163.646,163.0,0.0,0.0,0.0,0.0,17.25
2023-06-12 16:00:00,2023-06-12,16:00:00,163.667,163.0,0.0,0.0,0.0,0.0,14.74
2023-06-12 16:30:00,2023-06-12,16:30:00,163.688,163.0,0.0,0.0,0.0,0.0,14.42
2023-06-12 17:00:00,2023-06-12,17:00:00,163.708,163.0,0.0,0.0,0.0,0.0,14.89
2023-06-12 17:30:00,2023-06-12,17:30:00,163.729,163.0,0.0,0.0,0.0,0.0,12.52
2023-06-12 18:00:00,2023-06-12,18:00:00,163.75,163.0,0.0,0.0,0.0,0.0,8.15
2023-06-12 18:30:00,2023-06-12,18:30:00,163.771,163.0,0.0,0.0,0.0,0.0,5.66
2023-06-12 19:00:00,2023-06-12,19:00:00,163.792,163.0,0.0,0.0,0.0,0.0,4.16
2023-06-12 19:30:00,2023-06-12,19:30:00,163.812,163.0,0.0,0.0,0.0,0.0,4.25
2023-06-12 20:00:00,2023-06-12,20:00:00,163.833,163.0,0.0,0.0,0.0,0.0,2.0
2023-06-12 20:30:00,2023-06-12,20:30:00,163.854,163.0,0.0,0.0,0.0,0.0,1.9
2023-06-12 21:00:00,2023-06-12,21:00:00,163.875,163.0,0.0,0.0,0.0,0.0,1.54
2023-06-12 21:30:00,2023-06-12,21:30:00,163.896,163.0,0.0,0.0,0.0,0.0,0.88
2023-06-12 22:00:00,2023-06-12,22:00:00,163.917,163.0,0.0,0.0,0.0,0.0,0.32
2023-06-12 22:30:00,2023-06-12,22:30:00,163.938,163.0,0.0,0.0,0.0,0.0,-0.12
2023-06-12 23:00:00,2023-06-12,23:00:00,163.958,163.0,0.0,0.0,0.0,0.0,-1.25
2023-06-12 23:30:00,2023-06-12,23:30:00,163.979,163.0,0.0,0.0,0.0,0.0,-1.51
2023-06-13 00:00:00,2023-06-13,00:00:00,164.0,164.0,0.0,0.0,0.0,0.0,-1.5
2023-06-13 00:30:00,2023-06-13,00:30:00,164.021,164.0,0.0,0.0,0.0,0.0,-1.73
2023-06-13 01:00:00,2023-06-13,01:00:00,164.042,164.0,0.0,0.0,0.0,0.0,-0.83
2023-06-13 01:30:00,2023-06-13,01:30:00,164.062,164.0,0.0,0.0,0.0,0.0,-1.93
2023-06-13 02:00:00,2023-06-13,02:00:00,164.083,164.0,0.0,0.0,0.0,0.0,-2.73
2023-06-13 02:30:00,2023-06-13,02:30:00,164.104,164.0,0.0,0.0,0.0,0.0,-3.09
2023-06-13 03:00:00,2023-06-13,03:00:00,164.125,164.0,0.0,0.0,0.0,0.0,-3.29
2023-06-13 03:30:00,2023-06-13,03:30:00,164.146,164.0,0.0,0.0,0.0,0.0,-3.67
2023-06-13 04:00:00,2023-06-13,04:00:00,164.167,164.0,0.0,0.0,0.0,0.0,-3.85
2023-06-13 04:30:00,2023-06-13,04:30:00,164.188,164.0,0.0,0.0,0.0,0.0,-3.44
2023-06-13 05:00:00,2023-06-13,05:00:00,164.208,164.0,0.0,0.0,0.0,0.0,-2.95
2023-06-13 05:30:00,2023-06-13,05:30:00,164.229,164.0,0.0,0.0,0.0,0.0,-2.59
2023-06-13 06:00:00,2023-06-13,06:00:00,164.25,164.0,0.0,0.0,0.0,0.0,2.35
2023-06-13 06:30:00,2023-06-13,06:30:00,164.271,164.0,0.0,0.0,0.0,0.0,8.4
2023-06-13 07:00:00,2023-06-13,07:00:00,164.292,164.0,0.0,0.0,0.0,0.0,11.56
2023-06-13 07:30:00,2023-06-13,07:30:00,164.312,164.0,0.0,0.0,0.0,0.0,14.7
2023-06-13 08:00:00,2023-06-13,08:00:00,164.333,164.0,0.0,0.0,0.0,0.0,12.52
2023-06-13 08:30:00,2023-06-13,08:30:00,164.354,164.0,0.0,0.0,0.0,0.0,17.21
2023-06-13 09:00:00,2023-06-13,09:00:00,164.375,164.0,0.0,0.0,0.0,0.0,19.07
2023-06-13 09:30:00,2023-06-13,09:30:00,164.396,164.0,0.0,0.0,0.0,0.0,19.1
2023-06-13 10:00:00,2023-06-13,10:00:00,164.417,164.0,0.0,0.0,0.0,0.0,15.85
2023-06-13 10:30:00,2023-06-13,10:30:00,164.438,164.0,0.0,0.0,0.0,0.0,17.5
2023-06-13 11:00:00,2023-06-13,11:00:00,164.458,164.0,0.0,0.0,0.0,0.0,17.82
2023-06-13 11:30:00,2023-06-13,11:30:00,164.479,164.0,0.0,0.0,0.0,0.0,14.9
2023-06-13 12:00:00,2023-06-13,12:00:00,164.5,164.0,0.0,0.0,0.0,0.0,13.89
2023-06-13 12:30:00,2023-06-13,12:30:00,164.521,164.0,0.0,0.0,0.0,0.0,14.31
2023-06-13 13:00:00,2023-06-13,13:00:00,164.542,164.0,0.0,0.0,0.0,0.0,13.7
2023-06-13 13:30:00,2023-06-13,13:30:00,164.562,164.0,0.0,0.0,0.0,0.0,16.24
2023-06-13 14:00:00,2023-06-13,14:00:00,164.583,164.0,0.0,0.0,0.0,0.0,16.81
2023-06-13 14:30:00,2023-06-13,14:30:00,164.604,164.0,0.0,0.0,0.0,0.0,17.32
2023-06-13 15:00:00,2023-06-13,15:00:00,164.625,164.0,0.0,0.0,0.0,0.0,14.71
2023-06-13 15:30:00,2023-06-13,15:30:00,164.646,164.0,0.0,0.0,0.0,0.0,17.84
2023-06-13 16:00:00,2023-06-13,16:00:00,164.667,164.0,0.0,0.0,0.0,0.0,10.91
2023-06-13 16:30:00,2023-06-13,16:30:00,164.688,164.0,0.0,0.0,0.0,0.0,7.74
2023-06-13 17:00:00,2023-06-13,17:00:00,164.708,164.0,0.14,0.0,0.21,0.21,6.16
2023-06-13 17:30:00,2023-06-13,17:30:00,164.729,164.0,0.0,0.0,0.0,0.0,7.29
2023-06-13 18:00:00,2023-06-13,18:00:00,164.75,164.0,0.0,0.0,0.0,0.0,6.87
2023-06-13 18:30:00,2023-06-13,18:30:00,164.771,164.0,0.0,0.0,0.0,0.0,6.0
2023-06-13 19:00:00,2023-06-13,19:00:00,164.792,164.0,0.0,0.0,0.0,0.0,4.92
2023-06-13 19:30:00,2023-06-13,19:30:00,164.812,164.0,0.0,0.0,0.0,0.0,4.93
2023-06-13 20:00:00,2023-06-13,20:00:00,164.833,164.0,0.0,0.0,0.0,0.0,5.26
2023-06-13 20:30:00,2023-06-13,20:30:00,164.854,164.0,0.0,0.0,0.0,0.0,5.14
2023-06-13 21:00:00,2023-06-13,21:00:00,164.875,164.0,0.0,0.0,0.0,0.0,4.11
2023-06-13 21:30:00,2023-06-13,21:30:00,164.896,164.0,0.0,0.0,0.0,0.0,3.14
2023-06-13 22:00:00,2023-06-13,22:00:00,164.917,164.0,0.0,0.0,0.0,0.0,3.42
2023-06-13 22:30:00,2023-06-13,22:30:00,164.938,164.0,0.0,0.0,0.0,0.0,3.39
2023-06-13 23:00:00,2023-06-13,23:00:00,164.958,164.0,0.0,0.0,0.0,0.0,1.74
2023-06-13 23:30:00,2023-06-13,23:30:00,164.979,164.0,0.0,0.0,0.0,0.0,1.25
2023-06-14 00:00:00,2023-06-14,00:00:00,165.0,165.0,0.0,0.0,0.0,0.0,1.36
2023-06-14 00:30:00,2023-06-14,00:30:00,165.021,165.0,0.0,0.0,0.0,0.0,1.57
2023-06-14 01:00:00,2023-06-14,01:00:00,165.042,165.0,0.0,0.0,0.0,0.0,2.03
2023-06-14 01:30:00,2023-06-14,01:30:00,165.062,165.0,0.0,0.0,0.0,0.0,2.19
2023-06-14 02:00:00,2023-06-14,02:00:00,165.083,165.0,0.0,0.0,0.0,0.0,0.94
2023-06-14 02:30:00,2023-06-14,02:30:00,165.104,165.0,0.0,0.0,0.0,0.0,-0.51
2023-06-14 03:00:00,2023-06-14,03:00:00,165.125,165.0,0.0,0.0,0.0,0.0,-1.34
2023-06-14 03:30:00,2023-06-14,03:30:00,165.146,165.0,0.0,0.0,0.0,0.0,-1.39
2023-06-14 04:00:00,2023-06-14,04:00:00,165.167,165.0,0.0,0.0,0.0,0.0,-1.57
2023-06-14 04:30:00,2023-06-14,04:30:00,165.188,165.0,0.0,0.0,0.0,0.0,-1.52
2023-06-14 05:00:00,2023-06-14,05:00:00,165.208,165.0,0.0,0.0,0.0,0.0,-0.4
2023-06-14 05:30:00,2023-06-14,05:30:00,165.229,165.0,0.0,0.0,0.0,0.0,0.63
2023-06-14 06:00:00,2023-06-14,06:00:00,165.25,165.0,0.0,0.0,0.0,0.0,6.44
2023-06-14 06:30:00,2023-06-14,06:30:00,165.271,165.0,0.0,0.0,0.0,0.0,7.18
2023-06-14 07:00:00,2023-06-14,07:00:00,165.292,165.0,0.0,0.0,0.0,0.0,8.08
2023-06-14 07:30:00,2023-06-14,07:30:00,165.312,165.0,0.0,0.0,0.0,0.0,9.57
2023-06-14 08:00:00,2023-06-14,08:00:00,165.333,165.0,0.0,0.0,0.0,0.0,12.81
2023-06-14 08:30:00,2023-06-14,08:30:00,165.354,165.0,0.0,0.0,0.0,0.0,12.82
2023-06-14 09:00:00,2023-06-14,09:00:00,165.375,165.0,0.0,0.0,0.0,0.0,11.74
2023-06-14 09:30:00,2023-06-14,09:30:00,165.396,165.0,0.0,0.0,0.0,0.0,12.21
2023-06-14 10:00:00,2023-06-14,10:00:00,165.417,165.0,0.0,0.0,0.0,0.0,18.66
2023-06-14 10:30:00,2023-06-14,10:30:00,165.438,165.0,0.0,0.0,0.0,0.0,17.99
2023-06-14 11:00:00,2023-06-14,11:00:00,165.458,165.0,0.0,0.0,0.0,0.0,18.37
2023-06-14 11:30:00,2023-06-14,11:30:00,165.479,165.0,0.0,0.0,0.0,0.0,18.69
2023-06-14 12:00:00,2023-06-14,12:00:00,165.5,165.0,0.0,0.0,0.0,0.0,19.05
2023-06-14 12:30:00,2023-06-14,12:30:00,165.521,165.0,0.0,0.0,0.0,0.0,21.27
2023-06-14 13:00:00,2023-06-14,13:00:00,165.542,165.0,0.0,0.0,0.0,0.0,21.25
2023-06-14 13:30:00,2023-06-14,13:30:00,165.562,165.0,0.0,0.0,0.0,0.0,23.69
2023-06-14 14:00:00,2023-06-14,14:00:00,165.583,165.0,0.0,0.0,0.0,0.0,19.32
2023-06-14 14:30:00,2023-06-14,14:30:00,165.604,165.0,0.0,0.0,0.0,0.0,19.61
2023-06-14 15:00:00,2023-06-14,15:00:00,165.625,165.0,0.0,0.0,0.0,0.0,19.49
2023-06-14 15:30:00,2023-06-14,15:30:00,165.646,165.0,0.0,0.0,0.0,0.0,19.65
2023-06-14 16:00:00,2023-06-14,16:00:00,165.667,165.0,0.0,0.0,0.0,0.0,18.24
2023-06-14 16:30:00,2023-06-14,16:30:00,165.688,165.0,0.0,0.0,0.0,0.0,18.04
2023-06-14 17:00:00,2023-06-14,17:00:00,165.708,165.0,0.0,0.0,0.0,0.0,15.97
2023-06-14 17:30:00,2023-06-14,17:30:00,165.729,165.0,0.0,0.0,0.0,0.0,14.4
2023-06-14 18:00:00,2023-06-14,18:00:00,165.75,165.0,0.07,0.0,0.0,0.22,9.21
2023-06-14 18:30:00,2023-06-14,18:30:00,165.771,165.0,0.26,0.26,0.27,0.25,5.14
2023-06-14 19:00:00,2023-06-14,19:00:00,165.792,165.0,0.39,0.36,0.37,0.43,5.03
2023-06-14 19:30:00,2023-06-14,19:30:00,165.812,165.0,0.37,0.35,0.36,0.4,4.91
2023-06-14 20:00:00,2023-06-14,20:00:00,165.833,165.0,0.0,0.0,0.0,0.0,4.34
2023-06-14 20:30:00,2023-06-14,20:30:00,165.854,165.0,0.0,0.0,0.0,0.0,3.25
2023-06-14 21:00:00,2023-06-14,21:00:00,165.875,165.0,0.0,0.0,0.0,0.0,3.12
2023-06-14 21:30:00,2023-06-14,21:30:00,165.896,165.0,0.0,0.0,0.0,0.0,3.21
2023-06-14 22:00:00,2023-06-14,22:00:00,165.917,165.0,0.0,0.0,0.0,0.0,2.82
2023-06-14 22:30:00,2023-06-14,22:30:00,165.938,165.0,0.0,0.0,0.0,0.0,1.78
2023-06-14 23:00:00,2023-06-14,23:00:00,165.958,165.0,0.0,0.0,0.0,0.0,2.8
2023-06-14 23:30:00,2023-06-14,23:30:00,165.979,165.0,0.3,0.3,0.29,0.31,3.33
2023-06-15 00:00:00,2023-06-15,00:00:00,166.0,166.0,0.3,0.3,0.3,0.31,3.34
2023-06-15 00:30:00,2023-06-15,00:30:00,166.021,166.0,0.26,0.27,0.27,0.24,3.46
2023-06-15 01:00:00,2023-06-15,01:00:00,166.042,166.0,0.36,0.38,0.36,0.33,3.3
2023-06-15 01:30:00,2023-06-15,01:30:00,166.062,166.0,0.0,0.0,0.0,0.0,3.46
2023-06-15 02:00:00,2023-06-15,02:00:00,166.083,166.0,0.0,0.0,0.0,0.0,3.33
2023-06-15 02:30:00,2023-06-15,02:30:00,166.104,166.0,0.0,0.0,0.0,0.0,2.72
2023-06-15 03:00:00,2023-06-15,03:00:00,166.125,166.0,0.0,0.0,0.0,0.0,2.42
2023-06-15 03:30:00,2023-06-15,03:30:00,166.146,166.0,0.0,0.0,0.0,0.0,1.39
2023-06-15 04:00:00,2023-06-15,04:00:00,166.167,166.0,0.0,0.0,0.0,0.0,0.42
2023-06-15 04:30:00,2023-06-15,04:30:00,166.188,166.0,0.0,0.0,0.0,0.0,1.27
2023-06-15 05:00:00,2023-06-15,05:00:00,166.208,166.0,0.0,0.0,0.0,0.0,1.98
2023-06-15 05:30:00,2023-06-15,05:30:00,166.229,166.0,0.0,0.0,0.0,0.0,2.51
2023-06-15 06:00:00,2023-06-15,06:00:00,166.25,166.0,0.0,0.0,0.0,0.0,4.17
2023-06-15 06:30:00,2023-06-15,06:30:00,166.271,166.0,0.0,0.0,0.0,0.0,5.63
2023-06-15 07:00:00,2023-06-15,07:00:00,166.292,166.0,0.0,0.0,0.0,0.0,9.39
2023-06-15 07:30:00,2023-06-15,07:30:00,166.312,166.0,0.0,0.0,0.0,0.0,14.39
2023-06-15 08:00:00,2023-06-15,08:00:00,166.333,166.0,0.0,0.0,0.0,0.0,17.25
2023-06-15 08:30:00,2023-06-15,08:30:00,166.354,166.0,0.0,0.0,0.0,0.0,16.35
2023-06-15 09:00:00,2023-06-15,09:00:00,166.375,166.0,0.0,0.0,0.0,0.0,14.21
2023-06-15 09:30:00,2023-06-15,09:30:00,166.396,166.0,0.0,0.0,0.0,0.0,13.94
2023-06-15 10:00:00,2023-06-15,10:00:00,166.417,166.0,0.0,0.0,0.0,0.0,16.84
2023-06-15 10:30:00,2023-06-15,10:30:00,166.438,166.0,0.0,0.0,0.0,0.0,18.26
2023-06-15 11:00:00,2023-06-15,11:00:00,166.458,166.0,0.0,0.0,0.0,0.0,16.57
2023-06-15 11:30:00,2023-06-15,11:30:00,166.479,166.0,0.0,0.0,0.0,0.0,17.57
2023-06-15 12:00:00,2023-06-15,12:00:00,166.5,166.0,0.0,0.0,0.0,0.0,18.65
2023-06-15 12:30:00,2023-06-15,12:30:00,166.521,166.0,0.0,0.0,0.0,0.0,16.96
2023-06-15 13:00:00,2023-06-15,13:00:00,166.542,166.0,0.0,0.0,0.0,0.0,17.34
2023-06-15 13:30:00,2023-06-15,13:30:00,166.562,166.0,0.0,0.0,0.0,0.0,15.56
2023-06-15 14:00:00,2023-06-15,14:00:00,166.583,166.0,0.0,0.0,0.0,0.0,12.48
2023-06-15 14:30:00,2023-06-15,14:30:00,166.604,166.0,0.0,0.0,0.0,0.0,13.62
2023-06-15 15:00:00,2023-06-15,15:00:00,166.625,166.0,0.0,0.0,0.0,0.0,14.03
2023-06-15 15:30:00,2023-06-15,15:30:00,166.646,166.0,0.0,0.0,0.0,0.0,9.07
2023-06-15 16:00:00,2023-06-15,16:00:00,166.667,166.0,0.0,0.0,0.0,0.0,11.38
2023-06-15 16:30:00,2023-06-15,16:30:00,166.688,166.0,0.0,0.0,0.0,0.0,12.29
2023-06-15 17:00:00,2023-06-15,17:00:00,166.708,166.0,0.0,0.0,0.0,0.0,8.37
2023-06-15 17:30:00,2023-06-15,17:30:00,166.729,166.0,0.0,0.0,0.0,0.0,7.78
2023-06-15 18:00:00,2023-06-15,18:00:00,166.75,166.0,0.0,0.0,0.0,0.0,7.45
2023-06-15 18:30:00,2023-06-15,18:30:00,166.771,166.0,0.0,0.0,0.0,0.0,6.33
2023-06-15 19:00:00,2023-06-15,19:00:00,166.792,166.0,0.0,0.0,0.0,0.0,6.04
2023-06-15 19:30:00,2023-06-15,19:30:00,166.812,166.0,0.79,0.82,0.83,0.72,5.35
2023-06-15 20:00:00,2023-06-15,20:00:00,166.833,166.0,1.21,1.28,1.23,1.12,4.28
2023-06-15 20:30:00,2023-06-15,20:30:00,166.854,166.0,0.0,0.0,0.0,0.0,3.87
2023-06-15 21:00:00,2023-06-15,21:00:00,166.875,166.0,0.0,0.0,0.0,0.0,3.83
2023-06-15 21:30:00,2023-06-15,21:30:00,166.896,166.0,0.0,0.0,0.0,0.0,4.28
2023-06-15 22:00:00,2023-06-15,22:00:00,166.917,166.0,0.0,0.0,0.0,0.0,4.38
2023-06-15 22:30:00,2023-06-15,22:30:00,166.938,166.0,0.0,0.0,0.0,0.0,4.07
2023-06-15 23:00:00,2023-06-15,23:00:00,166.958,166.0,0.0,0.0,0.0,0.0,3.4
2023-06-15 23:30:00,2023-06-15,23:30:00,166.979,166.0,0.0,0.0,0.0,0.0,2.89
2023-06-16 00:00:00,2023-06-16,00:00:00,167.0,167.0,0.0,0.0,0.0,0.0,2.86
2023-06-16 00:30:00,2023-06-16,00:30:00,167.021,167.0,0.0,0.0,0.0,0.0,2.87
2023-06-16 01:00:00,2023-06-16,01:00:00,167.042,167.0,0.0,0.0,0.0,0.0,2.46
2023-06-16 01:30:00,2023-06-16,01:30:00,167.062,167.0,0.0,0.0,0.0,0.0,2.81
2023-06-16 02:00:00,2023-06-16,02:00:00,167.083,167.0,0.0,0.0,0.0,0.0,2.77
2023-06-16 02:30:00,2023-06-16,02:30:00,167.104,167.0,0.0,0.0,0.0,0.0,2.8
2023-06-16 03:00:00,2023-06-16,03:00:00,167.125,167.0,0.0,0.0,0.0,0.0,3.42
2023-06-16 03:30:00,2023-06-16,03:30:00,167.146,167.0,0.0,0.0,0.0,0.0,3.54
2023-06-16 04:00:00,2023-06-16,04:00:00,167.167,167.0,0.0,0.0,0.0,0.0,3.74
2023-06-16 04:30:00,2023-06-16,04:30:00,167.188,167.0,0.0,0.0,0.0,0.0,3.79
2023-06-16 05:00:00,2023-06-16,05:00:00,167.208,167.0,0.0,0.0,0.0,0.0,3.86
2023-06-16 05:30:00,2023-06-16,05:30:00,167.229,167.0,0.0,0.0,0.0,0.0,3.96
2023-06-16 06:00:00,2023-06-16,06:00:00,167.25,167.0,0.0,0.0,0.0,0.0,4.65
2023-06-16 06:30:00,2023-06-16,06:30:00,167.271,167.0,0.0,0.0,0.0,0.0,5.86
2023-06-16 07:00:00,2023-06-16,07:00:00,167.292,167.0,0.0,0.0,0.0,0.0,9.68
2023-06-16 07:30:00,2023-06-16,07:30:00,167.312,167.0,0.0,0.0,0.0,0.0,14.65
2023-06-16 08:00:00,2023-06-16,08:00:00,167.333,167.0,0.0,0.0,0.0,0.0,16.78
2023-06-16 08:30:00,2023-06-16,08:30:00,167.354,167.0,0.0,0.0,0.0,0.0,14.44
2023-06-16 09:00:00,2023-06-16,09:00:00,167.375,167.0,0.0,0.0,0.0,0.0,16.2
2023-06-16 09:30:00,2023-06-16,09:30:00,167.396,167.0,0.0,0.0,0.0,0.0,16.69
2023-06-16 10:00:00,2023-06-16,10:00:00,167.417,167.0,0.0,0.0,0.0,0.0,17.67
2023-06-16 10:30:00,2023-06-16,10:30:00,167.438,167.0,0.0,0.0,0.0,0.0,15.68
2023-06-16 11:00:00,2023-06-16,11:00:00,167.458,167.0,0.0,0.0,0.0,0.0,15.06
2023-06-16 11:30:00,2023-06-16,11:30:00,167.479,167.0,0.0,0.0,0.0,0.0,14.38
2023-06-16 12:00:00,2023-06-16,12:00:00,167.5,167.0,0.0,0.0,0.0,0.0,17.97
2023-06-16 12:30:00,2023-06-16,12:30:00,167.521,167.0,0.0,0.0,0.0,0.0,18.38
2023-06-16 13:00:00,2023-06-16,13:00:00,167.542,167.0,0.0,0.0,0.0,0.0,15.8
2023-06-16 13:30:00,2023-06-16,13:30:00,167.562,167.0,0.0,0.0,0.0,0.0,11.8
2023-06-16 14:00:00,2023-06-16,14:00:00,167.583,167.0,0.0,0.0,0.0,0.0,10.53
2023-06-16 14:30:00,2023-06-16,14:30:00,167.604,167.0,1.63,1.7,1.64,1.55,4.08
2023-06-16 15:00:00,2023-06-16,15:00:00,167.625,167.0,0.0,0.0,0.0,0.0,5.18
2023-06-16 15:30:00,2023-06-16,15:30:00,167.646,167.0,0.81,0.83,0.84,0.76,4.25
2023-06-16 16:00:00,2023-06-16,16:00:00,167.667,167.0,0.62,0.65,0.63,0.59,4.09
2023-06-16 16:30:00,2023-06-16,16:30:00,167.688,167.0,0.0,0.0,0.0,0.0,3.71
2023-06-16 17:00:00,2023-06-16,17:00:00,167.708,167.0,0.0,0.0,0.0,0.0,3.88
2023-06-16 17:30:00,2023-06-16,17:30:00,167.729,167.0,0.0,0.0,0.0,0.0,4.11
2023-06-16 18:00:00,2023-06-16,18:00:00,167.75,167.0,0.0,0.0,0.0,0.0,4.16
2023-06-16 18:30:00,2023-06-16,18:30:00,167.771,167.0,0.0,0.0,0.0,0.0,4.37
2023-06-16 19:00:00,2023-06-16,19:00:00,167.792,167.0,1.06,1.1,1.07,1.0,3.96
2023-06-16 19:30:00,2023-06-16,19:30:00,167.812,167.0,2.34,2.43,2.38,2.21,2.3
2023-06-16 20:00:00,2023-06-16,20:00:00,167.833,167.0,0.0,0.0,0.0,0.0,2.56
2023-06-16 20:30:00,2023-06-16,20:30:00,167.854,167.0,0.0,0.0,0.0,0.0,2.57
2023-06-16 21:00:00,2023-06-16,21:00:00,167.875,167.0,0.0,0.0,0.0,0.0,1.55
2023-06-16 21:30:00,2023-06-16,21:30:00,167.896,167.0,0.0,0.0,0.0,0.0,0.01
2023-06-16 22:00:00,2023-06-16,22:00:00,167.917,167.0,0.0,0.0,0.0,0.0,0.23
2023-06-16 22:30:00,2023-06-16,22:30:00,167.938,167.0,0.0,0.0,0.0,0.0,-1.18
2023-06-16 23:00:00,2023-06-16,23:00:00,167.958,167.0,0.0,0.0,0.0,0.0,-1.41
2023-06-16 23:30:00,2023-06-16,23:30:00,167.979,167.0,0.0,0.0,0.0,0.0,-0.28
2023-06-17 00:00:00,2023-06-17,00:00:00,168.0,168.0,0.0,0.0,0.0,0.0,-0.26
2023-06-17 00:30:00,2023-06-17,00:30:00,168.021,168.0,0.0,0.0,0.0,0.0,0.55
2023-06-17 01:00:00,2023-06-17,01:00:00,168.042,168.0,0.0,0.0,0.0,0.0,0.68
2023-06-17 01:30:00,2023-06-17,01:30:00,168.062,168.0,0.0,0.0,0.0,0.0,0.13
2023-06-17 02:00:00,2023-06-17,02:00:00,168.083,168.0,0.0,0.0,0.0,0.0,0.33
2023-06-17 02:30:00,2023-06-17,02:30:00,168.104,168.0,0.0,0.0,0.0,0.0,0.27
2023-06-17 03:00:00,2023-06-17,03:00:00,168.125,168.0,0.0,0.0,0.0,0.0,-0.4
2023-06-17 03:30:00,2023-06-17,03:30:00,168.146,168.0,0.0,0.0,0.0,0.0,-0.03
2023-06-17 04:00:00,2023-06-17,04:00:00,168.167,168.0,0.0,0.0,0.0,0.0,0.05
2023-06-17 04:30:00,2023-06-17,04:30:00,168.188,168.0,0.0,0.0,0.0,0.0,0.39
2023-06-17 05:00:00,2023-06-17,05:00:00,168.208,168.0,0.0,0.0,0.0,0.0,0.79
2023-06-17 05:30:00,2023-06-17,05:30:00,168.229,168.0,1.24,1.27,1.23,1.23,0.55
2023-06-17 06:00:00,2023-06-17,06:00:00,168.25,168.0,1.63,1.66,1.62,1.61,-0.67
2023-06-17 06:30:00,2023-06-17,06:30:00,168.271,168.0,1.27,1.3,1.26,1.26,-0.67
2023-06-17 07:00:00,2023-06-17,07:00:00,168.292,168.0,0.99,1.01,0.99,0.98,-0.48
2023-06-17 07:30:00,2023-06-17,07:30:00,168.312,168.0,0.91,0.93,0.92,0.9,-0.28
2023-06-17 08:00:00,2023-06-17,08:00:00,168.333,168.0,1.01,1.02,1.0,0.99,0.21
2023-06-17 08:30:00,2023-06-17,08:30:00,168.354,168.0,0.0,0.0,0.0,0.0,2.08
2023-06-17 09:00:00,2023-06-17,09:00:00,168.375,168.0,0.0,0.0,0.0,0.0,6.3
2023-06-17 09:30:00,2023-06-17,09:30:00,168.396,168.0,0.0,0.0,0.0,0.0,9.5
2023-06-17 10:00:00,2023-06-17,10:00:00,168.417,168.0,0.0,0.0,0.0,0.0,11.2
2023-06-17 10:30:00,2023-06-17,10:30:00,168.438,168.0,0.0,0.0,0.0,0.0,9.51
2023-06-17 11:00:00,2023-06-17,11:00:00,168.458,168.0,0.0,0.0,0.0,0.0,11.91
2023-06-17 11:30:00,2023-06-17,11:30:00,168.479,168.0,0.0,0.0,0.0,0.0,13.43
2023-06-17 12:00:00,2023-06-17,12:00:00,168.5,168.0,0.0,0.0,0.0,0.0,12.9
2023-06-17 12:30:00,2023-06-17,12:30:00,168.521,168.0,0.0,0.0,0.0,0.0,7.45
2023-06-17 13:00:00,2023-06-17,13:00:00,168.542,168.0,0.67,0.7,0.62,0.68,5.37
2023-06-17 13:30:00,2023-06-17,13:30:00,168.562,168.0,1.01,1.01,1.05,0.98,3.12
2023-06-17 14:00:00,2023-06-17,14:00:00,168.583,168.0,1.66,1.69,1.65,1.64,2.46
2023-06-17 14:30:00,2023-06-17,14:30:00,168.604,168.0,0.89,0.87,0.96,0.84,8.95
2023-06-17 15:00:00,2023-06-17,15:00:00,168.625,168.0,0.0,0.0,0.0,0.0,11.3
2023-06-17 15:30:00,2023-06-17,15:30:00,168.646,168.0,0.0,0.0,0.0,0.0,12.93
2023-06-17 16:00:00,2023-06-17,16:00:00,168.667,168.0,0.0,0.0,0.0,0.0,11.54
2023-06-17 16:30:00,2023-06-17,16:30:00,168.688,168.0,0.0,0.0,0.0,0.0,10.15
2023-06-17 17:00:00,2023-06-17,17:00:00,168.708,168.0,0.0,0.0,0.0,0.0,9.18
2023-06-17 17:30:00,2023-06-17,17:30:00,168.729,168.0,0.0,0.0,0.0,0.0,9.88
2023-06-17 18:00:00,2023-06-17,18:00:00,168.75,168.0,0.0,0.0,0.0,0.0,7.0
2023-06-17 18:30:00,2023-06-17,18:30:00,168.771,168.0,0.0,0.0,0.0,0.0,5.94
2023-06-17 19:00:00,2023-06-17,19:00:00,168.792,168.0,0.0,0.0,0.0,0.0,3.47
2023-06-17 19:30:00,2023-06-17,19:30:00,168.812,168.0,0.0,0.0,0.0,0.0,2.05
2023-06-17 20:00:00,2023-06-17,20:00:00,168.833,168.0,0.0,0.0,0.0,0.0,0.65
2023-06-17 20:30:00,2023-06-17,20:30:00,168.854,168.0,0.0,0.0,0.0,0.0,-0.1
2023-06-17 21:00:00,2023-06-17,21:00:00,168.875,168.0,0.0,0.0,0.0,0.0,-0.39
2023-06-17 21:30:00,2023-06-17,21:30:00,168.896,168.0,0.0,0.0,0.0,0.0,-0.71
2023-06-17 22:00:00,2023-06-17,22:00:00,168.917,168.0,0.0,0.0,0.0,0.0,-0.51
2023-06-17 22:30:00,2023-06-17,22:30:00,168.938,168.0,0.0,0.0,0.0,0.0,-0.7
2023-06-17 23:00:00,2023-06-17,23:00:00,168.958,168.0,0.0,0.0,0.0,0.0,-1.45
2023-06-17 23:30:00,2023-06-17,23:30:00,168.979,168.0,0.0,0.0,0.0,0.0,-1.74
2023-06-18 00:00:00,2023-06-18,00:00:00,169.0,169.0,0.0,0.0,0.0,0.0,-1.8
2023-06-18 00:30:00,2023-06-18,00:30:00,169.021,169.0,0.0,0.0,0.0,0.0,-2.1
2023-06-18 01:00:00,2023-06-18,01:00:00,169.042,169.0,0.0,0.0,0.0,0.0,-1.99
2023-06-18 01:30:00,2023-06-18,01:30:00,169.062,169.0,0.0,0.0,0.0,0.0,-2.67
2023-06-18 02:00:00,2023-06-18,02:00:00,169.083,169.0,0.0,0.0,0.0,0.0,-2.89
2023-06-18 02:30:00,2023-06-18,02:30:00,169.104,169.0,0.0,0.0,0.0,0.0,-2.65
2023-06-18 03:00:00,2023-06-18,03:00:00,169.125,169.0,0.0,0.0,0.0,0.0,-2.4
2023-06-18 03:30:00,2023-06-18,03:30:00,169.146,169.0,0.0,0.0,0.0,0.0,-1.44
2023-06-18 04:00:00,2023-06-18,04:00:00,169.167,169.0,0.0,0.0,0.0,0.0,-2.97
2023-06-18 04:30:00,2023-06-18,04:30:00,169.188,169.0,0.0,0.0,0.0,0.0,-3.31
2023-06-18 05:00:00,2023-06-18,05:00:00,169.208,169.0,0.0,0.0,0.0,0.0,-3.17
2023-06-18 05:30:00,2023-06-18,05:30:00,169.229,169.0,0.0,0.0,0.0,0.0,-1.89
2023-06-18 06:00:00,2023-06-18,06:00:00,169.25,169.0,0.0,0.0,0.0,0.0,-0.59
2023-06-18 06:30:00,2023-06-18,06:30:00,169.271,169.0,0.0,0.0,0.0,0.0,1.05
2023-06-18 07:00:00,2023-06-18,07:00:00,169.292,169.0,0.0,0.0,0.0,0.0,2.42
2023-06-18 07:30:00,2023-06-18,07:30:00,169.312,169.0,0.0,0.0,0.0,0.0,6.76
2023-06-18 08:00:00,2023-06-18,08:00:00,169.333,169.0,0.0,0.0,0.0,0.0,7.68
2023-06-18 08:30:00,2023-06-18,08:30:00,169.354,169.0,0.0,0.0,0.0,0.0,15.43
2023-06-18 09:00:00,2023-06-18,09:00:00,169.375,169.0,0.0,0.0,0.0,0.0,18.72
2023-06-18 09:30:00,2023-06-18,09:30:00,169.396,169.0,0.0,0.0,0.0,0.0,17.87
2023-06-18 10:00:00,2023-06-18,10:00:00,169.417,169.0,0.0,0.0,0.0,0.0,17.07
2023-06-18 10:30:00,2023-06-18,10:30:00,169.438,169.0,0.0,0.0,0.0,0.0,16.91
2023-06-18 11:00:00,2023-06-18,11:00:00,169.458,169.0,0.0,0.0,0.0,0.0,17.85
2023-06-18 11:30:00,2023-06-18,11:30:00,169.479,169.0,0.0,0.0,0.0,0.0,18.5
2023-06-18 12:00:00,2023-06-18,12:00:00,169.5,169.0,0.0,0.0,0.0,0.0,19.6
2023-06-18 12:30:00,2023-06-18,12:30:00,169.521,169.0,0.0,0.0,0.0,0.0,20.19
2023-06-18 13:00:00,2023-06-18,13:00:00,169.542,169.0,0.0,0.0,0.0,0.0,20.31
2023-06-18 13:30:00,2023-06-18,13:30:00,169.562,169.0,0.0,0.0,0.0,0.0,19.86
2023-06-18 14:00:00,2023-06-18,14:00:00,169.583,169.0,0.0,0.0,0.0,0.0,20.73
2023-06-18 14:30:00,2023-06-18,14:30:00,169.604,169.0,0.0,0.0,0.0,0.0,19.11
2023-06-18 15:00:00,2023-06-18,15:00:00,169.625,169.0,0.0,0.0,0.0,0.0,19.6
2023-06-18 15:30:00,2023-06-18,15:30:00,169.646,169.0,0.0,0.0,0.0,0.0,14.41
2023-06-18 16:00:00,2023-06-18,16:00:00,169.667,169.0,0.0,0.0,0.0,0.0,15.04
2023-06-18 16:30:00,2023-06-18,16:30:00,169.688,169.0,0.0,0.0,0.0,0.0,14.36
2023-06-18 17:00:00,2023-06-18,17:00:00,169.708,169.0,0.0,0.0,0.0,0.0,14.75
2023-06-18 17:30:00,2023-06-18,17:30:00,169.729,169.0,0.0,0.0,0.0,0.0,15.11
2023-06-18 18:00:00,2023-06-18,18:00:00,169.75,169.0,0.0,0.0,0.0,0.0,11.99
2023-06-18 18:30:00,2023-06-18,18:30:00,169.771,169.0,0.0,0.0,0.0,0.0,10.44
2023-06-18 19:00:00,2023-06-18,19:00:00,169.792,169.0,0.0,0.0,0.0,0.0,10.0
2023-06-18 19:30:00,2023-06-18,19:30:00,169.812,169.0,0.0,0.0,0.0,0.0,9.4
2023-06-18 20:00:00,2023-06-18,20:00:00,169.833,169.0,0.0,0.0,0.0,0.0,7.68
2023-06-18 20:30:00,2023-06-18,20:30:00,169.854,169.0,0.0,0.0,0.0,0.0,6.66
2023-06-18 21:00:00,2023-06-18,21:00:00,169.875,169.0,0.0,0.0,0.0,0.0,5.07
2023-06-18 21:30:00,2023-06-18,21:30:00,169.896,169.0,0.0,0.0,0.0,0.0,4.41
2023-06-18 22:00:00,2023-06-18,22:00:00,169.917,169.0,0.0,0.0,0.0,0.0,4.38
2023-06-18 22:30:00,2023-06-18,22:30:00,169.938,169.0,0.0,0.0,0.0,0.0,4.94
2023-06-18 23:00:00,2023-06-18,23:00:00,169.958,169.0,0.0,0.0,0.0,0.0,4.84
2023-06-18 23:30:00,2023-06-18,23:30:00,169.979,169.0,0.0,0.0,0.0,0.0,5.55
2023-06-19 00:00:00,2023-06-19,00:00:00,170.0,170.0,0.0,0.0,0.0,0.0,5.54
2023-06-19 00:30:00,2023-06-19,00:30:00,170.021,170.0,0.0,0.0,0.0,0.0,3.41
2023-06-19 01:00:00,2023-06-19,01:00:00,170.042,170.0,0.0,0.0,0.0,0.0,2.11
2023-06-19 01:30:00,2023-06-19,01:30:00,170.062,170.0,0.0,0.0,0.0,0.0,2.35
2023-06-19 02:00:00,2023-06-19,02:00:00,170.083,170.0,0.0,0.0,0.0,0.0,2.26
2023-06-19 02:30:00,2023-06-19,02:30:00,170.104,170.0,0.0,0.0,0.0,0.0,1.54
2023-06-19 03:00:00,2023-06-19,03:00:00,170.125,170.0,0.0,0.0,0.0,0.0,0.85
2023-06-19 03:30:00,2023-06-19,03:30:00,170.146,170.0,0.0,0.0,0.0,0.0,0.43
2023-06-19 04:00:00,2023-06-19,04:00:00,170.167,170.0,0.0,0.0,0.0,0.0,-0.24
2023-06-19 04:30:00,2023-06-19,04:30:00,170.188,170.0,0.0,0.0,0.0,0.0,-0.31
2023-06-19 05:00:00,2023-06-19,05:00:00,170.208,170.0,0.0,0.0,0.0,0.0,-0.44
2023-06-19 05:30:00,2023-06-19,05:30:00,170.229,170.0,0.0,0.0,0.0,0.0,-0.12
2023-06-19 06:00:00,2023-06-19,06:00:00,170.25,170.0,0.0,0.0,0.0,0.0,7.17
2023-06-19 06:30:00,2023-06-19,06:30:00,170.271,170.0,0.0,0.0,0.0,0.0,12.82
2023-06-19 07:00:00,2023-06-19,07:00:00,170.292,170.0,0.0,0.0,0.0,0.0,17.4
2023-06-19 07:30:00,2023-06-19,07:30:00,170.312,170.0,0.0,0.0,0.0,0.0,20.35
2023-06-19 08:00:00,2023-06-19,08:00:00,170.333,170.0,0.0,0.0,0.0,0.0,20.54
2023-06-19 08:30:00,2023-06-19,08:30:00,170.354,170.0,0.0,0.0,0.0,0.0,20.92
2023-06-19 09:00:00,2023-06-19,09:00:00,170.375,170.0,0.0,0.0,0.0,0.0,21.71
2023-06-19 09:30:00,2023-06-19,09:30:00,170.396,170.0,0.0,0.0,0.0,0.0,22.35
2023-06-19 10:00:00,2023-06-19,10:00:00,170.417,170.0,0.0,0.0,0.0,0.0,22.95
2023-06-19 10:30:00,2023-06-19,10:30:00,170.438,170.0,0.0,0.0,0.0,0.0,22.03
2023-06-19 11:00:00,2023-06-19,11:00:00,170.458,170.0,0.0,0.0,0.0,0.0,21.47
2023-06-19 11:30:00,2023-06-19,11:30:00,170.479,170.0,0.0,0.0,0.0,0.0,21.26
2023-06-19 12:00:00,2023-06-19,12:00:00,170.5,170.0,0.0,0.0,0.0,0.0,20.7
2023-06-19 12:30:00,2023-06-19,12:30:00,170.521,170.0,0.0,0.0,0.0,0.0,21.54
2023-06-19 13:00:00,2023-06-19,13:00:00,170.542,170.0,0.0,0.0,0.0,0.0,22.09
2023-06-19 13:30:00,2023-06-19,13:30:00,170.562,170.0,0.0,0.0,0.0,0.0,22.64
2023-06-19 14:00:00,2023-06-19,14:00:00,170.583,170.0,0.0,0.0,0.0,0.0,23.34
2023-06-19 14:30:00,2023-06-19,14:30:00,170.604,170.0,0.0,0.0,0.0,0.0,23.29
2023-06-19 15:00:00,2023-06-19,15:00:00,170.625,170.0,0.0,0.0,0.0,0.0,22.91
2023-06-19 15:30:00,2023-06-19,15:30:00,170.646,170.0,0.0,0.0,0.0,0.0,22.78
2023-06-19 16:00:00,2023-06-19,16:00:00,170.667,170.0,0.0,0.0,0.0,0.0,22.15
2023-06-19 16:30:00,2023-06-19,16:30:00,170.688,170.0,0.0,0.0,0.0,0.0,22.28
2023-06-19 17:00:00,2023-06-19,17:00:00,170.708,170.0,0.0,0.0,0.0,0.0,19.16
2023-06-19 17:30:00,2023-06-19,17:30:00,170.729,170.0,0.0,0.0,0.0,0.0,18.35
2023-06-19 18:00:00,2023-06-19,18:00:00,170.75,170.0,0.0,0.0,0.0,0.0,15.1
2023-06-19 18:30:00,2023-06-19,18:30:00,170.771,170.0,0.0,0.0,0.0,0.0,11.86
2023-06-19 19:00:00,2023-06-19,19:00:00,170.792,170.0,0.0,0.0,0.0,0.0,10.82
2023-06-19 19:30:00,2023-06-19,19:30:00,170.812,170.0,0.0,0.0,0.0,0.0,8.17
2023-06-19 20:00:00,2023-06-19,20:00:00,170.833,170.0,0.0,0.0,0.0,0.0,5.57
2023-06-19 20:30:00,2023-06-19,20:30:00,170.854,170.0,0.0,0.0,0.0,0.0,4.4
2023-06-19 21:00:00,2023-06-19,21:00:00,170.875,170.0,0.0,0.0,0.0,0.0,3.38
2023-06-19 21:30:00,2023-06-19,21:30:00,170.896,170.0,0.0,0.0,0.0,0.0,2.7
2023-06-19 22:00:00,2023-06-19,22:00:00,170.917,170.0,0.0,0.0,0.0,0.0,1.75
2023-06-19 22:30:00,2023-06-19,22:30:00,170.938,170.0,0.0,0.0,0.0,0.0,1.93
2023-06-19 23:00:00,2023-06-19,23:00:00,170.958,170.0,0.0,0.0,0.0,0.0,2.48
2023-06-19 23:30:00,2023-06-19,23:30:00,170.979,170.0,0.0,0.0,0.0,0.0,2.0
2023-06-20 00:00:00,2023-06-20,00:00:00,171.0,171.0,0.0,0.0,0.0,0.0,1.81
2023-06-20 00:30:00,2023-06-20,00:30:00,171.021,171.0,0.0,0.0,0.0,0.0,2.15
2023-06-20 01:00:00,2023-06-20,01:00:00,171.042,171.0,0.0,0.0,0.0,0.0,1.95
2023-06-20 01:30:00,2023-06-20,01:30:00,171.062,171.0,0.0,0.0,0.0,0.0,1.86
2023-06-20 02:00:00,2023-06-20,02:00:00,171.083,171.0,0.0,0.0,0.0,0.0,1.65
2023-06-20 02:30:00,2023-06-20,02:30:00,171.104,171.0,0.0,0.0,0.0,0.0,1.23
2023-06-20 03:00:00,2023-06-20,03:00:00,171.125,171.0,0.0,0.0,0.0,0.0,1.23
2023-06-20 03:30:00,2023-06-20,03:30:00,171.146,171.0,0.0,0.0,0.0,0.0,0.7
2023-06-20 04:00:00,2023-06-20,04:00:00,171.167,171.0,0.0,0.0,0.0,0.0,0.66
2023-06-20 04:30:00,2023-06-20,04:30:00,171.188,171.0,0.0,0.0,0.0,0.0,0.27
2023-06-20 05:00:00,2023-06-20,05:00:00,171.208,171.0,0.0,0.0,0.0,0.0,1.47
2023-06-20 05:30:00,2023-06-20,05:30:00,171.229,171.0,0.0,0.0,0.0,0.0,4.04
2023-06-20 06:00:00,2023-06-20,06:00:00,171.25,171.0,0.0,0.0,0.0,0.0,12.02
2023-06-20 06:30:00,2023-06-20,06:30:00,171.271,171.0,0.0,0.0,0.0,0.0,14.65
2023-06-20 07:00:00,2023-06-20,07:00:00,171.292,171.0,0.0,0.0,0.0,0.0,16.58
2023-06-20 07:30:00,2023-06-20,07:30:00,171.312,171.0,0.0,0.0,0.0,0.0,18.23
2023-06-20 08:00:00,2023-06-20,08:00:00,171.333,171.0,0.0,0.0,0.0,0.0,17.57
2023-06-20 08:30:00,2023-06-20,08:30:00,171.354,171.0,0.0,0.0,0.0,0.0,20.12
2023-06-20 09:00:00,2023-06-20,09:00:00,171.375,171.0,0.0,0.0,0.0,0.0,20.21
2023-06-20 09:30:00,2023-06-20,09:30:00,171.396,171.0,0.0,0.0,0.0,0.0,20.87
2023-06-20 10:00:00,2023-06-20,10:00:00,171.417,171.0,0.0,0.0,0.0,0.0,19.99
2023-06-20 10:30:00,2023-06-20,10:30:00,171.438,171.0,0.0,0.0,0.0,0.0,19.99
2023-06-20 11:00:00,2023-06-20,11:00:00,171.458,171.0,0.0,0.0,0.0,0.0,19.59
2023-06-20 11:30:00,2023-06-20,11:30:00,171.479,171.0,0.0,0.0,0.0,0.0,19.63
2023-06-20 12:00:00,2023-06-20,12:00:00,171.5,171.0,0.0,0.0,0.0,0.0,19.66
2023-06-20 12:30:00,2023-06-20,12:30:00,171.521,171.0,0.0,0.0,0.0,0.0,20.34
2023-06-20 13:00:00,2023-06-20,13:00:00,171.542,171.0,0.0,0.0,0.0,0.0,20.49
2023-06-20 13:30:00,2023-06-20,13:30:00,171.562,171.0,0.0,0.0,0.0,0.0,21.17
2023-06-20 14:00:00,2023-06-20,14:00:00,171.583,171.0,0.0,0.0,0.0,0.0,21.77
2023-06-20 14:30:00,2023-06-20,14:30:00,171.604,171.0,0.0,0.0,0.0,0.0,22.08
2023-06-20 15:00:00,2023-06-20,15:00:00,171.625,171.0,0.0,0.0,0.0,0.0,21.23
2023-06-20 15:30:00,2023-06-20,15:30:00,171.646,171.0,0.0,0.0,0.0,0.0,21.08
2023-06-20 16:00:00,2023-06-20,16:00:00,171.667,171.0,0.0,0.0,0.0,0.0,21.62
2023-06-20 16:30:00,2023-06-20,16:30:00,171.688,171.0,0.0,0.0,0.0,0.0,21.28
2023-06-20 17:00:00,2023-06-20,17:00:00,171.708,171.0,0.0,0.0,0.0,0.0,20.27
2023-06-20 17:30:00,2023-06-20,17:30:00,171.729,171.0,0.0,0.0,0.0,0.0,18.77
2023-06-20 18:00:00,2023-06-20,18:00:00,171.75,171.0,0.0,0.0,0.0,0.0,14.24
2023-06-20 18:30:00,2023-06-20,18:30:00,171.771,171.0,0.0,0.0,0.0,0.0,10.13
2023-06-20 19:00:00,2023-06-20,19:00:00,171.792,171.0,0.0,0.0,0.0,0.0,8.38
2023-06-20 19:30:00,2023-06-20,19:30:00,171.812,171.0,0.0,0.0,0.0,0.0,6.27
2023-06-20 20:00:00,2023-06-20,20:00:00,171.833,171.0,0.0,0.0,0.0,0.0,5.59
2023-06-20 20:30:00,2023-06-20,20:30:00,171.854,171.0,0.0,0.0,0.0,0.0,4.66
2023-06-20 21:00:00,2023-06-20,21:00:00,171.875,171.0,0.0,0.0,0.0,0.0,3.77
2023-06-20 21:30:00,2023-06-20,21:30:00,171.896,171.0,0.0,0.0,0.0,0.0,3.24
2023-06-20 22:00:00,2023-06-20,22:00:00,171.917,171.0,0.0,0.0,0.0,0.0,2.07
2023-06-20 22:30:00,2023-06-20,22:30:00,171.938,171.0,0.0,0.0,0.0,0.0,2.16
2023-06-20 23:00:00,2023-06-20,23:00:00,171.958,171.0,0.0,0.0,0.0,0.0,1.2
2023-06-20 23:30:00,2023-06-20,23:30:00,171.979,171.0,0.0,0.0,0.0,0.0,1.23
2023-06-21 00:00:00,2023-06-21,00:00:00,172.0,172.0,0.0,0.0,0.0,0.0,1.09
2023-06-21 00:30:00,2023-06-21,00:30:00,172.021,172.0,0.0,0.0,0.0,0.0,-0.37
2023-06-21 01:00:00,2023-06-21,01:00:00,172.042,172.0,0.0,0.0,0.0,0.0,-0.61
2023-06-21 01:30:00,2023-06-21,01:30:00,172.062,172.0,0.0,0.0,0.0,0.0,-1.18
2023-06-21 02:00:00,2023-06-21,02:00:00,172.083,172.0,0.0,0.0,0.0,0.0,-1.29
2023-06-21 02:30:00,2023-06-21,02:30:00,172.104,172.0,0.0,0.0,0.0,0.0,-1.46
2023-06-21 03:00:00,2023-06-21,03:00:00,172.125,172.0,0.0,0.0,0.0,0.0,-1.38
2023-06-21 03:30:00,2023-06-21,03:30:00,172.146,172.0,0.0,0.0,0.0,0.0,-1.36
2023-06-21 04:00:00,2023-06-21,04:00:00,172.167,172.0,0.0,0.0,0.0,0.0,-1.61
2023-06-21 04:30:00,2023-06-21,04:30:00,172.188,172.0,0.0,0.0,0.0,0.0,-1.74
2023-06-21 05:00:00,2023-06-21,05:00:00,172.208,172.0,0.0,0.0,0.0,0.0,-1.47
2023-06-21 05:30:00,2023-06-21,05:30:00,172.229,172.0,0.0,0.0,0.0,0.0,-0.63
2023-06-21 06:00:00,2023-06-21,06:00:00,172.25,172.0,0.0,0.0,0.0,0.0,6.47
2023-06-21 06:30:00,2023-06-21,06:30:00,172.271,172.0,0.0,0.0,0.0,0.0,11.52
2023-06-21 07:00:00,2023-06-21,07:00:00,172.292,172.0,0.0,0.0,0.0,0.0,14.61
2023-06-21 07:30:00,2023-06-21,07:30:00,172.312,172.0,0.0,0.0,0.0,0.0,17.28
2023-06-21 08:00:00,2023-06-21,08:00:00,172.333,172.0,0.0,0.0,0.0,0.0,19.65
2023-06-21 08:30:00,2023-06-21,08:30:00,172.354,172.0,0.0,0.0,0.0,0.0,20.88
2023-06-21 09:00:00,2023-06-21,09:00:00,172.375,172.0,0.0,0.0,0.0,0.0,21.44
2023-06-21 09:30:00,2023-06-21,09:30:00,172.396,172.0,0.0,0.0,0.0,0.0,21.89
2023-06-21 10:00:00,2023-06-21,10:00:00,172.417,172.0,0.0,0.0,0.0,0.0,22.36
2023-06-21 10:30:00,2023-06-21,10:30:00,172.438,172.0,0.0,0.0,0.0,0.0,22.45
2023-06-21 11:00:00,2023-06-21,11:00:00,172.458,172.0,0.0,0.0,0.0,0.0,21.92
2023-06-21 11:30:00,2023-06-21,11:30:00,172.479,172.0,0.0,0.0,0.0,0.0,22.09
2023-06-21 12:00:00,2023-06-21,12:00:00,172.5,172.0,0.0,0.0,0.0,0.0,21.17
2023-06-21 12:30:00,2023-06-21,12:30:00,172.521,172.0,0.0,0.0,0.0,0.0,21.28
2023-06-21 13:00:00,2023-06-21,13:00:00,172.542,172.0,0.0,0.0,0.0,0.0,20.26
2023-06-21 13:30:00,2023-06-21,13:30:00,172.562,172.0,0.0,0.0,0.0,0.0,19.82
2023-06-21 14:00:00,2023-06-21,14:00:00,172.583,172.0,0.0,0.0,0.0,0.0,18.7
2023-06-21 14:30:00,2023-06-21,14:30:00,172.604,172.0,0.0,0.0,0.0,0.0,20.55
2023-06-21 15:00:00,2023-06-21,15:00:00,172.625,172.0,0.0,0.0,0.0,0.0,26.47
2023-06-21 15:30:00,2023-06-21,15:30:00,172.646,172.0,0.0,0.0,0.0,0.0,25.18
2023-06-21 16:00:00,2023-06-21,16:00:00,172.667,172.0,0.0,0.0,0.0,0.0,23.33
2023-06-21 16:30:00,2023-06-21,16:30:00,172.688,172.0,0.0,0.0,0.0,0.0,22.94
2023-06-21 17:00:00,2023-06-21,17:00:00,172.708,172.0,0.0,0.0,0.0,0.0,21.98
2023-06-21 17:30:00,2023-06-21,17:30:00,172.729,172.0,0.0,0.0,0.0,0.0,19.82
2023-06-21 18:00:00,2023-06-21,18:00:00,172.75,172.0,0.0,0.0,0.0,0.0,15.9
2023-06-21 18:30:00,2023-06-21,18:30:00,172.771,172.0,0.0,0.0,0.0,0.0,12.05
2023-06-21 19:00:00,2023-06-21,19:00:00,172.792,172.0,0.0,0.0,0.0,0.0,10.77
2023-06-21 19:30:00,2023-06-21,19:30:00,172.812,172.0,0.0,0.0,0.0,0.0,8.91
2023-06-21 20:00:00,2023-06-21,20:00:00,172.833,172.0,0.0,0.0,0.0,0.0,7.91
2023-06-21 20:30:00,2023-06-21,20:30:00,172.854,172.0,0.0,0.0,0.0,0.0,6.65
2023-06-21 21:00:00,2023-06-21,21:00:00,172.875,172.0,0.0,0.0,0.0,0.0,5.78
2023-06-21 21:30:00,2023-06-21,21:30:00,172.896,172.0,0.0,0.0,0.0,0.0,4.54
2023-06-21 22:00:00,2023-06-21,22:00:00,172.917,172.0,0.0,0.0,0.0,0.0,4.33
2023-06-21 22:30:00,2023-06-21,22:30:00,172.938,172.0,0.0,0.0,0.0,0.0,4.07
2023-06-21 23:00:00,2023-06-21,23:00:00,172.958,172.0,0.0,0.0,0.0,0.0,3.6
2023-06-21 23:30:00,2023-06-21,23:30:00,172.979,172.0,0.0,0.0,0.0,0.0,3.39
2023-06-22 00:00:00,2023-06-22,00:00:00,173.0,173.0,0.0,0.0,0.0,0.0,3.08
2023-06-22 00:30:00,2023-06-22,00:30:00,173.021,173.0,0.0,0.0,0.0,0.0,1.53
2023-06-22 01:00:00,2023-06-22,01:00:00,173.042,173.0,0.0,0.0,0.0,0.0,1.54
2023-06-22 01:30:00,2023-06-22,01:30:00,173.062,173.0,0.0,0.0,0.0,0.0,1.25
2023-06-22 02:00:00,2023-06-22,02:00:00,173.083,173.0,0.0,0.0,0.0,0.0,0.23
2023-06-22 02:30:00,2023-06-22,02:30:00,173.104,173.0,0.0,0.0,0.0,0.0,0.02
2023-06-22 03:00:00,2023-06-22,03:00:00,173.125,173.0,0.0,0.0,0.0,0.0,-0.52
2023-06-22 03:30:00,2023-06-22,03:30:00,173.146,173.0,0.0,0.0,0.0,0.0,-0.77
2023-06-22 04:00:00,2023-06-22,04:00:00,173.167,173.0,0.0,0.0,0.0,0.0,-1.02
2023-06-22 04:30:00,2023-06-22,04:30:00,173.188,173.0,0.0,0.0,0.0,0.0,-1.21
2023-06-22 05:00:00,2023-06-22,05:00:00,173.208,173.0,0.0,0.0,0.0,0.0,-1.19
2023-06-22 05:30:00,2023-06-22,05:30:00,173.229,173.0,0.0,0.0,0.0,0.0,-0.42
2023-06-22 06:00:00,2023-06-22,06:00:00,173.25,173.0,0.0,0.0,0.0,0.0,6.17
2023-06-22 06:30:00,2023-06-22,06:30:00,173.271,173.0,0.0,0.0,0.0,0.0,11.72
2023-06-22 07:00:00,2023-06-22,07:00:00,173.292,173.0,0.0,0.0,0.0,0.0,15.49
2023-06-22 07:30:00,2023-06-22,07:30:00,173.312,173.0,0.0,0.0,0.0,0.0,18.21
2023-06-22 08:00:00,2023-06-22,08:00:00,173.333,173.0,0.0,0.0,0.0,0.0,20.6
2023-06-22 08:30:00,2023-06-22,08:30:00,173.354,173.0,0.0,0.0,0.0,0.0,22.44
2023-06-22 09:00:00,2023-06-22,09:00:00,173.375,173.0,0.0,0.0,0.0,0.0,23.2
2023-06-22 09:30:00,2023-06-22,09:30:00,173.396,173.0,0.0,0.0,0.0,0.0,24.71
2023-06-22 10:00:00,2023-06-22,10:00:00,173.417,173.0,0.0,0.0,0.0,0.0,25.21
2023-06-22 10:30:00,2023-06-22,10:30:00,173.438,173.0,0.0,0.0,0.0,0.0,23.81
2023-06-22 11:00:00,2023-06-22,11:00:00,173.458,173.0,0.0,0.0,0.0,0.0,22.67
2023-06-22 11:30:00,2023-06-22,11:30:00,173.479,173.0,0.0,0.0,0.0,0.0,20.89
2023-06-22 12:00:00,2023-06-22,12:00:00,173.5,173.0,0.0,0.0,0.0,0.0,19.03
2023-06-22 12:30:00,2023-06-22,12:30:00,173.521,173.0,0.0,0.0,0.0,0.0,22.18
2023-06-22 13:00:00,2023-06-22,13:00:00,173.542,173.0,0.0,0.0,0.0,0.0,21.28
2023-06-22 13:30:00,2023-06-22,13:30:00,173.562,173.0,0.0,0.0,0.0,0.0,25.37
2023-06-22 14:00:00,2023-06-22,14:00:00,173.583,173.0,0.0,0.0,0.0,0.0,23.48
2023-06-22 14:30:00,2023-06-22,14:30:00,173.604,173.0,0.0,0.0,0.0,0.0,21.55
2023-06-22 15:00:00,2023-06-22,15:00:00,173.625,173.0,0.0,0.0,0.0,0.0,24.47
2023-06-22 15:30:00,2023-06-22,15:30:00,173.646,173.0,0.0,0.0,0.0,0.0,23.68
2023-06-22 16:00:00,2023-06-22,16:00:00,173.667,173.0,0.0,0.0,0.0,0.0,22.97
2023-06-22 16:30:00,2023-06-22,16:30:00,173.688,173.0,0.0,0.0,0.0,0.0,22.46
2023-06-22 17:00:00,2023-06-22,17:00:00,173.708,173.0,0.0,0.0,0.0,0.0,20.31
2023-06-22 17:30:00,2023-06-22,17:30:00,173.729,173.0,0.0,0.0,0.0,0.0,18.73
2023-06-22 18:00:00,2023-06-22,18:00:00,173.75,173.0,0.0,0.0,0.0,0.0,15.49
2023-06-22 18:30:00,2023-06-22,18:30:00,173.771,173.0,0.0,0.0,0.0,0.0,12.36
2023-06-22 19:00:00,2023-06-22,19:00:00,173.792,173.0,0.0,0.0,0.0,0.0,12.22
2023-06-22 19:30:00,2023-06-22,19:30:00,173.812,173.0,0.0,0.0,0.0,0.0,9.44
2023-06-22 20:00:00,2023-06-22,20:00:00,173.833,173.0,0.0,0.0,0.0,0.0,8.51
2023-06-22 20:30:00,2023-06-22,20:30:00,173.854,173.0,0.0,0.0,0.0,0.0,6.16
2023-06-22 21:00:00,2023-06-22,21:00:00,173.875,173.0,0.0,0.0,0.0,0.0,5.01
2023-06-22 21:30:00,2023-06-22,21:30:00,173.896,173.0,0.0,0.0,0.0,0.0,4.24
2023-06-22 22:00:00,2023-06-22,22:00:00,173.917,173.0,0.0,0.0,0.0,0.0,3.63
2023-06-22 22:30:00,2023-06-22,22:30:00,173.938,173.0,0.0,0.0,0.0,0.0,2.9
2023-06-22 23:00:00,2023-06-22,23:00:00,173.958,173.0,0.0,0.0,0.0,0.0,2.95
2023-06-22 23:30:00,2023-06-22,23:30:00,173.979,173.0,0.0,0.0,0.0,0.0,2.28
2023-06-23 00:00:00,2023-06-23,00:00:00,174.0,174.0,0.0,0.0,0.0,0.0,2.07
2023-06-23 00:30:00,2023-06-23,00:30:00,174.021,174.0,0.0,0.0,0.0,0.0,0.72
2023-06-23 01:00:00,2023-06-23,01:00:00,174.042,174.0,0.0,0.0,0.0,0.0,0.04
2023-06-23 01:30:00,2023-06-23,01:30:00,174.062,174.0,0.0,0.0,0.0,0.0,-0.14
2023-06-23 02:00:00,2023-06-23,02:00:00,174.083,174.0,0.0,0.0,0.0,0.0,-0.46
2023-06-23 02:30:00,2023-06-23,02:30:00,174.104,174.0,0.0,0.0,0.0,0.0,-0.85
2023-06-23 03:00:00,2023-06-23,03:00:00,174.125,174.0,0.0,0.0,0.0,0.0,-1.17
2023-06-23 03:30:00,2023-06-23,03:30:00,174.146,174.0,0.0,0.0,0.0,0.0,-1.52
2023-06-23 04:00:00,2023-06-23,04:00:00,174.167,174.0,0.0,0.0,0.0,0.0,-1.71
2023-06-23 04:30:00,2023-06-23,04:30:00,174.188,174.0,0.0,0.0,0.0,0.0,-2.05
2023-06-23 05:00:00,2023-06-23,05:00:00,174.208,174.0,0.0,0.0,0.0,0.0,-1.81
2023-06-23 05:30:00,2023-06-23,05:30:00,174.229,174.0,0.0,0.0,0.0,0.0,-1.44
2023-06-23 06:00:00,2023-06-23,06:00:00,174.25,174.0,0.0,0.0,0.0,0.0,5.58
2023-06-23 06:30:00,2023-06-23,06:30:00,174.271,174.0,0.0,0.0,0.0,0.0,10.56
2023-06-23 07:00:00,2023-06-23,07:00:00,174.292,174.0,0.0,0.0,0.0,0.0,14.0
2023-06-23 07:30:00,2023-06-23,07:30:00,174.312,174.0,0.0,0.0,0.0,0.0,16.79
2023-06-23 08:00:00,2023-06-23,08:00:00,174.333,174.0,0.0,0.0,0.0,0.0,18.32
2023-06-23 08:30:00,2023-06-23,08:30:00,174.354,174.0,0.0,0.0,0.0,0.0,20.03
2023-06-23 09:00:00,2023-06-23,09:00:00,174.375,174.0,0.0,0.0,0.0,0.0,21.0
2023-06-23 09:30:00,2023-06-23,09:30:00,174.396,174.0,0.0,0.0,0.0,0.0,20.91
2023-06-23 10:00:00,2023-06-23,10:00:00,174.417,174.0,0.0,0.0,0.0,0.0,20.74
2023-06-23 10:30:00,2023-06-23,10:30:00,174.438,174.0,0.0,0.0,0.0,0.0,20.87
2023-06-23 11:00:00,2023-06-23,11:00:00,174.458,174.0,0.0,0.0,0.0,0.0,19.45
2023-06-23 11:30:00,2023-06-23,11:30:00,174.479,174.0,0.0,0.0,0.0,0.0,19.97
2023-06-23 12:00:00,2023-06-23,12:00:00,174.5,174.0,0.0,0.0,0.0,0.0,20.48
2023-06-23 12:30:00,2023-06-23,12:30:00,174.521,174.0,0.0,0.0,0.0,0.0,20.77
2023-06-23 13:00:00,2023-06-23,13:00:00,174.542,174.0,0.0,0.0,0.0,0.0,20.96
2023-06-23 13:30:00,2023-06-23,13:30:00,174.562,174.0,0.0,0.0,0.0,0.0,21.51
2023-06-23 14:00:00,2023-06-23,14:00:00,174.583,174.0,0.0,0.0,0.0,0.0,22.39
2023-06-23 14:30:00,2023-06-23,14:30:00,174.604,174.0,0.0,0.0,0.0,0.0,22.64
2023-06-23 15:00:00,2023-06-23,15:00:00,174.625,174.0,0.0,0.0,0.0,0.0,21.44
2023-06-23 15:30:00,2023-06-23,15:30:00,174.646,174.0,0.0,0.0,0.0,0.0,21.75
2023-06-23 16:00:00,2023-06-23,16:00:00,174.667,174.0,0.0,0.0,0.0,0.0,21.12
2023-06-23 16:30:00,2023-06-23,16:30:00,174.688,174.0,0.0,0.0,0.0,0.0,19.74
2023-06-23 17:00:00,2023-06-23,17:00:00,174.708,174.0,0.0,0.0,0.0,0.0,18.35
2023-06-23 17:30:00,2023-06-23,17:30:00,174.729,174.0,0.0,0.0,0.0,0.0,16.36
2023-06-23 18:00:00,2023-06-23,18:00:00,174.75,174.0,0.0,0.0,0.0,0.0,13.65
2023-06-23 18:30:00,2023-06-23,18:30:00,174.771,174.0,0.0,0.0,0.0,0.0,11.48
2023-06-23 19:00:00,2023-06-23,19:00:00,174.792,174.0,0.0,0.0,0.0,0.0,9.92
2023-06-23 19:30:00,2023-06-23,19:30:00,174.812,174.0,0.0,0.0,0.0,0.0,9.85
2023-06-23 20:00:00,2023-06-23,20:00:00,174.833,174.0,0.0,0.0,0.0,0.0,8.88
2023-06-23 20:30:00,2023-06-23,20:30:00,174.854,174.0,0.0,0.0,0.0,0.0,7.92
2023-06-23 21:00:00,2023-06-23,21:00:00,174.875,174.0,0.0,0.0,0.0,0.0,6.04
2023-06-23 21:30:00,2023-06-23,21:30:00,174.896,174.0,0.0,0.0,0.0,0.0,4.54
2023-06-23 22:00:00,2023-06-23,22:00:00,174.917,174.0,0.0,0.0,0.0,0.0,3.28
2023-06-23 22:30:00,2023-06-23,22:30:00,174.938,174.0,0.0,0.0,0.0,0.0,2.78
2023-06-23 23:00:00,2023-06-23,23:00:00,174.958,174.0,0.0,0.0,0.0,0.0,1.22
2023-06-23 23:30:00,2023-06-23,23:30:00,174.979,174.0,0.0,0.0,0.0,0.0,0.66
2023-06-24 00:00:00,2023-06-24,00:00:00,175.0,175.0,0.0,0.0,0.0,0.0,0.37
2023-06-24 00:30:00,2023-06-24,00:30:00,175.021,175.0,0.0,0.0,0.0,0.0,-0.75
2023-06-24 01:00:00,2023-06-24,01:00:00,175.042,175.0,0.0,0.0,0.0,0.0,-1.7
2023-06-24 01:30:00,2023-06-24,01:30:00,175.062,175.0,0.0,0.0,0.0,0.0,-2.55
2023-06-24 02:00:00,2023-06-24,02:00:00,175.083,175.0,0.0,0.0,0.0,0.0,-2.05
2023-06-24 02:30:00,2023-06-24,02:30:00,175.104,175.0,0.0,0.0,0.0,0.0,-2.19
2023-06-24 03:00:00,2023-06-24,03:00:00,175.125,175.0,0.0,0.0,0.0,0.0,-2.52
2023-06-24 03:30:00,2023-06-24,03:30:00,175.146,175.0,0.0,0.0,0.0,0.0,-3.83
2023-06-24 04:00:00,2023-06-24,04:00:00,175.167,175.0,0.0,0.0,0.0,0.0,-4.77
2023-06-24 04:30:00,2023-06-24,04:30:00,175.188,175.0,0.0,0.0,0.0,0.0,-5.31
2023-06-24 05:00:00,2023-06-24,05:00:00,175.208,175.0,0.0,0.0,0.0,0.0,-5.04
2023-06-24 05:30:00,2023-06-24,05:30:00,175.229,175.0,0.0,0.0,0.0,0.0,-4.45
2023-06-24 06:00:00,2023-06-24,06:00:00,175.25,175.0,0.0,0.0,0.0,0.0,2.78
2023-06-24 06:30:00,2023-06-24,06:30:00,175.271,175.0,0.0,0.0,0.0,0.0,8.0
2023-06-24 07:00:00,2023-06-24,07:00:00,175.292,175.0,0.0,0.0,0.0,0.0,11.89
2023-06-24 07:30:00,2023-06-24,07:30:00,175.312,175.0,0.0,0.0,0.0,0.0,14.72
2023-06-24 08:00:00,2023-06-24,08:00:00,175.333,175.0,0.0,0.0,0.0,0.0,17.64
2023-06-24 08:30:00,2023-06-24,08:30:00,175.354,175.0,0.0,0.0,0.0,0.0,18.66
2023-06-24 09:00:00,2023-06-24,09:00:00,175.375,175.0,0.0,0.0,0.0,0.0,19.98
2023-06-24 09:30:00,2023-06-24,09:30:00,175.396,175.0,0.0,0.0,0.0,0.0,19.06
2023-06-24 10:00:00,2023-06-24,10:00:00,175.417,175.0,0.0,0.0,0.0,0.0,19.36
2023-06-24 10:30:00,2023-06-24,10:30:00,175.438,175.0,0.0,0.0,0.0,0.0,18.97
2023-06-24 11:00:00,2023-06-24,11:00:00,175.458,175.0,0.0,0.0,0.0,0.0,18.76
2023-06-24 11:30:00,2023-06-24,11:30:00,175.479,175.0,0.0,0.0,0.0,0.0,17.81
2023-06-24 12:00:00,2023-06-24,12:00:00,175.5,175.0,0.0,0.0,0.0,0.0,17.83
2023-06-24 12:30:00,2023-06-24,12:30:00,175.521,175.0,0.0,0.0,0.0,0.0,17.65
2023-06-24 13:00:00,2023-06-24,13:00:00,175.542,175.0,0.0,0.0,0.0,0.0,18.35
2023-06-24 13:30:00,2023-06-24,13:30:00,175.562,175.0,0.0,0.0,0.0,0.0,19.0
2023-06-24 14:00:00,2023-06-24,14:00:00,175.583,175.0,0.0,0.0,0.0,0.0,19.43
2023-06-24 14:30:00,2023-06-24,14:30:00,175.604,175.0,0.0,0.0,0.0,0.0,20.32
2023-06-24 15:00:00,2023-06-24,15:00:00,175.625,175.0,0.0,0.0,0.0,0.0,20.44
2023-06-24 15:30:00,2023-06-24,15:30:00,175.646,175.0,0.0,0.0,0.0,0.0,20.3
2023-06-24 16:00:00,2023-06-24,16:00:00,175.667,175.0,0.0,0.0,0.0,0.0,20.74
2023-06-24 16:30:00,2023-06-24,16:30:00,175.688,175.0,0.0,0.0,0.0,0.0,19.45
2023-06-24 17:00:00,2023-06-24,17:00:00,175.708,175.0,0.0,0.0,0.0,0.0,18.93
2023-06-24 17:30:00,2023-06-24,17:30:00,175.729,175.0,0.0,0.0,0.0,0.0,17.36
2023-06-24 18:00:00,2023-06-24,18:00:00,175.75,175.0,0.0,0.0,0.0,0.0,12.97
2023-06-24 18:30:00,2023-06-24,18:30:00,175.771,175.0,0.0,0.0,0.0,0.0,8.37
2023-06-24 19:00:00,2023-06-24,19:00:00,175.792,175.0,0.0,0.0,0.0,0.0,6.29
2023-06-24 19:30:00,2023-06-24,19:30:00,175.812,175.0,0.0,0.0,0.0,0.0,4.71
2023-06-24 20:00:00,2023-06-24,20:00:00,175.833,175.0,0.0,0.0,0.0,0.0,4.44
2023-06-24 20:30:00,2023-06-24,20:30:00,175.854,175.0,0.0,0.0,0.0,0.0,3.26
2023-06-24 21:00:00,2023-06-24,21:00:00,175.875,175.0,0.0,0.0,0.0,0.0,1.65
2023-06-24 21:30:00,2023-06-24,21:30:00,175.896,175.0,0.0,0.0,0.0,0.0,1.43
2023-06-24 22:00:00,2023-06-24,22:00:00,175.917,175.0,0.0,0.0,0.0,0.0,0.56
2023-06-24 22:30:00,2023-06-24,22:30:00,175.938,175.0,0.0,0.0,0.0,0.0,0.92
2023-06-24 23:00:00,2023-06-24,23:00:00,175.958,175.0,0.0,0.0,0.0,0.0,-0.5
2023-06-24 23:30:00,2023-06-24,23:30:00,175.979,175.0,0.0,0.0,0.0,0.0,-0.71
2023-06-25 00:00:00,2023-06-25,00:00:00,176.0,176.0,0.0,0.0,0.0,0.0,-0.73
2023-06-25 00:30:00,2023-06-25,00:30:00,176.021,176.0,0.0,0.0,0.0,0.0,-1.91
2023-06-25 01:00:00,2023-06-25,01:00:00,176.042,176.0,0.0,0.0,0.0,0.0,-2.09
2023-06-25 01:30:00,2023-06-25,01:30:00,176.062,176.0,0.0,0.0,0.0,0.0,-2.5
2023-06-25 02:00:00,2023-06-25,02:00:00,176.083,176.0,0.0,0.0,0.0,0.0,-2.93
2023-06-25 02:30:00,2023-06-25,02:30:00,176.104,176.0,0.0,0.0,0.0,0.0,-3.16
2023-06-25 03:00:00,2023-06-25,03:00:00,176.125,176.0,0.0,0.0,0.0,0.0,-3.4
2023-06-25 03:30:00,2023-06-25,03:30:00,176.146,176.0,0.0,0.0,0.0,0.0,-3.48
2023-06-25 04:00:00,2023-06-25,04:00:00,176.167,176.0,0.0,0.0,0.0,0.0,-3.85
2023-06-25 04:30:00,2023-06-25,04:30:00,176.188,176.0,0.0,0.0,0.0,0.0,-4.03
2023-06-25 05:00:00,2023-06-25,05:00:00,176.208,176.0,0.0,0.0,0.0,0.0,-3.98
2023-06-25 05:30:00,2023-06-25,05:30:00,176.229,176.0,0.0,0.0,0.0,0.0,-3.64
2023-06-25 06:00:00,2023-06-25,06:00:00,176.25,176.0,0.0,0.0,0.0,0.0,3.88
2023-06-25 06:30:00,2023-06-25,06:30:00,176.271,176.0,0.0,0.0,0.0,0.0,9.17
2023-06-25 07:00:00,2023-06-25,07:00:00,176.292,176.0,0.0,0.0,0.0,0.0,12.79
2023-06-25 07:30:00,2023-06-25,07:30:00,176.312,176.0,0.0,0.0,0.0,0.0,15.91
2023-06-25 08:00:00,2023-06-25,08:00:00,176.333,176.0,0.0,0.0,0.0,0.0,18.54
2023-06-25 08:30:00,2023-06-25,08:30:00,176.354,176.0,0.0,0.0,0.0,0.0,20.27
2023-06-25 09:00:00,2023-06-25,09:00:00,176.375,176.0,0.0,0.0,0.0,0.0,21.05
2023-06-25 09:30:00,2023-06-25,09:30:00,176.396,176.0,0.0,0.0,0.0,0.0,22.14
2023-06-25 10:00:00,2023-06-25,10:00:00,176.417,176.0,0.0,0.0,0.0,0.0,22.74
2023-06-25 10:30:00,2023-06-25,10:30:00,176.438,176.0,0.0,0.0,0.0,0.0,22.4
2023-06-25 11:00:00,2023-06-25,11:00:00,176.458,176.0,0.0,0.0,0.0,0.0,21.35
2023-06-25 11:30:00,2023-06-25,11:30:00,176.479,176.0,0.0,0.0,0.0,0.0,21.35
2023-06-25 12:00:00,2023-06-25,12:00:00,176.5,176.0,0.0,0.0,0.0,0.0,21.83
2023-06-25 12:30:00,2023-06-25,12:30:00,176.521,176.0,0.0,0.0,0.0,0.0,21.53
2023-06-25 13:00:00,2023-06-25,13:00:00,176.542,176.0,0.0,0.0,0.0,0.0,22.39
2023-06-25 13:30:00,2023-06-25,13:30:00,176.562,176.0,0.0,0.0,0.0,0.0,23.76
2023-06-25 14:00:00,2023-06-25,14:00:00,176.583,176.0,0.0,0.0,0.0,0.0,23.57
2023-06-25 14:30:00,2023-06-25,14:30:00,176.604,176.0,0.0,0.0,0.0,0.0,24.1
2023-06-25 15:00:00,2023-06-25,15:00:00,176.625,176.0,0.0,0.0,0.0,0.0,24.08
2023-06-25 15:30:00,2023-06-25,15:30:00,176.646,176.0,0.0,0.0,0.0,0.0,24.09
2023-06-25 16:00:00,2023-06-25,16:00:00,176.667,176.0,0.0,0.0,0.0,0.0,23.01
2023-06-25 16:30:00,2023-06-25,16:30:00,176.688,176.0,0.0,0.0,0.0,0.0,22.67
2023-06-25 17:00:00,2023-06-25,17:00:00,176.708,176.0,0.0,0.0,0.0,0.0,21.98
2023-06-25 17:30:00,2023-06-25,17:30:00,176.729,176.0,0.0,0.0,0.0,0.0,20.01
2023-06-25 18:00:00,2023-06-25,18:00:00,176.75,176.0,0.0,0.0,0.0,0.0,16.17
2023-06-25 18:30:00,2023-06-25,18:30:00,176.771,176.0,0.0,0.0,0.0,0.0,12.93
2023-06-25 19:00:00,2023-06-25,19:00:00,176.792,176.0,0.0,0.0,0.0,0.0,12.35
2023-06-25 19:30:00,2023-06-25,19:30:00,176.812,176.0,0.0,0.0,0.0,0.0,9.19
2023-06-25 20:00:00,2023-06-25,20:00:00,176.833,176.0,0.0,0.0,0.0,0.0,6.47
2023-06-25 20:30:00,2023-06-25,20:30:00,176.854,176.0,0.0,0.0,0.0,0.0,4.28
2023-06-25 21:00:00,2023-06-25,21:00:00,176.875,176.0,0.0,0.0,0.0,0.0,3.29
2023-06-25 21:30:00,2023-06-25,21:30:00,176.896,176.0,0.0,0.0,0.0,0.0,2.04
2023-06-25 22:00:00,2023-06-25,22:00:00,176.917,176.0,0.0,0.0,0.0,0.0,1.42
2023-06-25 22:30:00,2023-06-25,22:30:00,176.938,176.0,0.0,0.0,0.0,0.0,1.03
2023-06-25 23:00:00,2023-06-25,23:00:00,176.958,176.0,0.0,0.0,0.0,0.0,0.45
2023-06-25 23:30:00,2023-06-25,23:30:00,176.979,176.0,0.0,0.0,0.0,0.0,0.44
2023-06-26 00:00:00,2023-06-26,00:00:00,177.0,177.0,0.0,0.0,0.0,0.0,0.42
2023-06-26 00:30:00,2023-06-26,00:30:00,177.021,177.0,0.0,0.0,0.0,0.0,-0.1
2023-06-26 01:00:00,2023-06-26,01:00:00,177.042,177.0,0.0,0.0,0.0,0.0,-0.54
2023-06-26 01:30:00,2023-06-26,01:30:00,177.062,177.0,0.0,0.0,0.0,0.0,-0.74
2023-06-26 02:00:00,2023-06-26,02:00:00,177.083,177.0,0.0,0.0,0.0,0.0,-0.72
2023-06-26 02:30:00,2023-06-26,02:30:00,177.104,177.0,0.0,0.0,0.0,0.0,-0.89
2023-06-26 03:00:00,2023-06-26,03:00:00,177.125,177.0,0.0,0.0,0.0,0.0,-1.07
2023-06-26 03:30:00,2023-06-26,03:30:00,177.146,177.0,0.0,0.0,0.0,0.0,-1.25
2023-06-26 04:00:00,2023-06-26,04:00:00,177.167,177.0,0.0,0.0,0.0,0.0,-1.23
2023-06-26 04:30:00,2023-06-26,04:30:00,177.188,177.0,0.0,0.0,0.0,0.0,-1.96
2023-06-26 05:00:00,2023-06-26,05:00:00,177.208,177.0,0.0,0.0,0.0,0.0,-1.95
2023-06-26 05:30:00,2023-06-26,05:30:00,177.229,177.0,0.0,0.0,0.0,0.0,-1.6
2023-06-26 06:00:00,2023-06-26,06:00:00,177.25,177.0,0.0,0.0,0.0,0.0,5.7
2023-06-26 06:30:00,2023-06-26,06:30:00,177.271,177.0,0.0,0.0,0.0,0.0,11.06
2023-06-26 07:00:00,2023-06-26,07:00:00,177.292,177.0,0.0,0.0,0.0,0.0,14.99
2023-06-26 07:30:00,2023-06-26,07:30:00,177.312,177.0,0.0,0.0,0.0,0.0,18.27
2023-06-26 08:00:00,2023-06-26,08:00:00,177.333,177.0,0.0,0.0,0.0,0.0,20.68
2023-06-26 08:30:00,2023-06-26,08:30:00,177.354,177.0,0.0,0.0,0.0,0.0,22.09
2023-06-26 09:00:00,2023-06-26,09:00:00,177.375,177.0,0.0,0.0,0.0,0.0,22.73
2023-06-26 09:30:00,2023-06-26,09:30:00,177.396,177.0,0.0,0.0,0.0,0.0,22.79
2023-06-26 10:00:00,2023-06-26,10:00:00,177.417,177.0,0.0,0.0,0.0,0.0,22.79
2023-06-26 10:30:00,2023-06-26,10:30:00,177.438,177.0,0.0,0.0,0.0,0.0,22.01
2023-06-26 11:00:00,2023-06-26,11:00:00,177.458,177.0,0.0,0.0,0.0,0.0,21.67
2023-06-26 11:30:00,2023-06-26,11:30:00,177.479,177.0,0.0,0.0,0.0,0.0,21.45
2023-06-26 12:00:00,2023-06-26,12:00:00,177.5,177.0,0.0,0.0,0.0,0.0,22.03
2023-06-26 12:30:00,2023-06-26,12:30:00,177.521,177.0,0.0,0.0,0.0,0.0,22.65
2023-06-26 13:00:00,2023-06-26,13:00:00,177.542,177.0,0.0,0.0,0.0,0.0,23.04
2023-06-26 13:30:00,2023-06-26,13:30:00,177.562,177.0,0.0,0.0,0.0,0.0,24.26
2023-06-26 14:00:00,2023-06-26,14:00:00,177.583,177.0,0.0,0.0,0.0,0.0,24.08
2023-06-26 14:30:00,2023-06-26,14:30:00,177.604,177.0,0.0,0.0,0.0,0.0,24.34
2023-06-26 15:00:00,2023-06-26,15:00:00,177.625,177.0,0.07,0.21,0.0,0.0,24.78
2023-06-26 15:30:00,2023-06-26,15:30:00,177.646,177.0,0.0,0.0,0.0,0.0,24.96
2023-06-26 16:00:00,2023-06-26,16:00:00,177.667,177.0,0.0,0.0,0.0,0.0,23.87
2023-06-26 16:30:00,2023-06-26,16:30:00,177.688,177.0,0.0,0.0,0.0,0.0,19.84
2023-06-26 17:00:00,2023-06-26,17:00:00,177.708,177.0,0.0,0.0,0.0,0.0,21.38
2023-06-26 17:30:00,2023-06-26,17:30:00,177.729,177.0,0.0,0.0,0.0,0.0,17.03
2023-06-26 18:00:00,2023-06-26,18:00:00,177.75,177.0,0.0,0.0,0.0,0.0,15.34
2023-06-26 18:30:00,2023-06-26,18:30:00,177.771,177.0,0.0,0.0,0.0,0.0,15.19
2023-06-26 19:00:00,2023-06-26,19:00:00,177.792,177.0,0.0,0.0,0.0,0.0,15.4
2023-06-26 19:30:00,2023-06-26,19:30:00,177.812,177.0,0.0,0.0,0.0,0.0,14.96
2023-06-26 20:00:00,2023-06-26,20:00:00,177.833,177.0,0.0,0.0,0.0,0.0,12.93
2023-06-26 20:30:00,2023-06-26,20:30:00,177.854,177.0,0.0,0.0,0.0,0.0,15.05
2023-06-26 21:00:00,2023-06-26,21:00:00,177.875,177.0,0.0,0.0,0.0,0.0,14.86
2023-06-26 21:30:00,2023-06-26,21:30:00,177.896,177.0,0.0,0.0,0.0,0.0,15.06
2023-06-26 22:00:00,2023-06-26,22:00:00,177.917,177.0,0.0,0.0,0.0,0.0,14.14
2023-06-26 22:30:00,2023-06-26,22:30:00,177.938,177.0,0.0,0.0,0.0,0.0,12.93
2023-06-26 23:00:00,2023-06-26,23:00:00,177.958,177.0,0.0,0.0,0.0,0.0,12.55
2023-06-26 23:30:00,2023-06-26,23:30:00,177.979,177.0,0.0,0.0,0.0,0.0,11.57
2023-06-27 00:00:00,2023-06-27,00:00:00,178.0,178.0,0.0,0.0,0.0,0.0,11.51
